table,t_s,V,E_kV_cm,D_nm,S_%,P_uC_cm2
1,0.0,5.036846,0.05856797674418605,0.0,0.0,-0.23309
1,0.00025,13.39751,0.15578500000000003,4.9707,0.0005779883720930233,-0.2086955
1,0.0005,22.89774,0.26625279069767444,9.913287,0.0011527077906976744,-0.184178
1,0.00075,31.61341,0.36759779069767445,14.66183,0.001704863953488372,-0.1594982
1,0.001,40.34276,0.4691018604651163,19.5693,0.0022754999999999997,-0.1348099
1,0.00125,48.53878,0.5644044186046513,24.76919,0.002880138372093023,-0.1101821
1,0.0015,57.22761,0.6654373255813953,29.99726,0.0034880534883720933,-0.08547926
1,0.00175,64.86649,0.754261511627907,35.01455,0.004071459302325582,-0.06070749
1,0.002,74.17324,0.8624795348837211,39.98321,0.004649210465116279,-0.03593679
1,0.00225,82.37381,0.9578350000000001,45.12802,0.005247444186046511,-0.01114738
1,0.0025,90.76939,1.055458023255814,50.37465,0.005857517441860465,0.01373669
1,0.00275,99.90748,1.1617148837209303,55.56313,0.006460829069767441,0.03863775
1,0.003,108.0387,1.2562639534883722,60.58882,0.007045211627906977,0.06346772
1,0.00325,116.3816,1.3532744186046515,65.80564,0.007651818604651163,0.08835018
1,0.0035,125.3312,1.457339534883721,71.16636,0.008275158139534883,0.1133507
1,0.00375,134.131,1.5596627906976746,76.31661,0.008874024418604652,0.1383618
1,0.004,142.5078,1.6570674418604654,81.38841,0.009463768604651162,0.1632928
1,0.00425,150.9206,1.7548906976744187,86.60473,0.010070317441860465,0.1881708
1,0.0045,158.9252,1.8479674418604652,91.99789,0.010697429069767441,0.2130816
1,0.00475,167.4985,1.9476569767441863,97.33564,0.011318097674418605,0.2380733
1,0.005,175.811,2.0443139534883725,102.4139,0.011908593023255814,0.2629047
1,0.00525,184.0491,2.1401058139534883,107.5979,0.012511383720930231,0.2875807
1,0.0055,192.235,2.2352906976744187,112.9331,0.013131755813953488,0.3123637
1,0.00575,200.3469,2.3296151162790704,118.2605,0.01375122093023256,0.3371092
1,0.006,208.3322,2.4224674418604653,123.6813,0.014381546511627905,0.3616549
1,0.00625,216.2142,2.5141186046511628,128.8801,0.014986058139534884,0.3860956
1,0.0065,224.0527,2.605263953488372,134.1336,0.01559693023255814,0.4105341
1,0.00675,232.2598,2.7006953488372094,139.3839,0.01620743023255814,0.4349056
1,0.007,239.7361,2.787629069767442,144.6337,0.016817872093023257,0.4590566
1,0.00725,247.804,2.881441860465116,149.7901,0.017417453488372092,0.4830923
1,0.0075,255.3502,2.9691883720930234,154.9295,0.01801505813953488,0.5070973
1,0.00775,263.1051,3.059361627906977,160.1589,0.018623127906976743,0.5309615
1,0.008,270.5692,3.146153488372094,165.3439,0.01922603488372093,0.5546986
1,0.00825,278.1625,3.234447674418605,170.2672,0.019798511627906978,0.5783333
1,0.0085,285.5623,3.3204918604651166,175.272,0.020380465116279067,0.6018926
1,0.00875,292.953,3.4064302325581393,180.3272,0.02096827906976744,0.6253109
1,0.009,300.0079,3.488463953488372,185.2619,0.021542081395348838,0.6484654
1,0.00925,307.3626,3.5739837209302325,190.1617,0.022111825581395347,0.6713951
1,0.0095,314.5107,3.6571011627906977,195.0181,0.022676523255813954,0.694186
1,0.00975,321.1397,3.734182558139535,199.8673,0.023240383720930232,0.7168175
1,0.01,328.4529,3.8192197674418606,204.4558,0.02377393023255814,0.739226
1,0.01025,335.3426,3.8993325581395353,208.9403,0.024295383720930232,0.7614359
1,0.0105,342.5647,3.983310465116279,213.4092,0.024815023255813952,0.7834688
1,0.01075,349.8652,4.068200000000001,218.029,0.025352209302325582,0.8053029
1,0.011,356.2976,4.14299534883721,222.4824,0.02587004651162791,0.826857
1,0.01125,363.0203,4.221166279069768,226.5999,0.02634882558139535,0.8481695
1,0.0115,369.903,4.301197674418605,230.6706,0.026822162790697678,0.8693893
1,0.01175,377.0389,4.384173255813954,234.7736,0.027299255813953486,0.8904276
1,0.012,382.9507,4.45291511627907,238.8823,0.027777011627906974,0.9111055
1,0.01225,389.3142,4.526909302325582,242.8373,0.02823689534883721,0.9315071
1,0.0125,395.2477,4.595903488372094,246.6599,0.028681383720930233,0.9517432
1,0.01275,401.438,4.667883720930233,250.6582,0.029146302325581394,0.9717551
1,0.013,407.7286,4.741030232558139,254.5356,0.029597162790697677,0.9914398
1,0.01325,413.1091,4.803594186046512,258.187,0.030021744186046515,1.010752
1,0.0135,418.6136,4.8676,261.7311,0.030433848837209305,1.029807
1,0.01375,424.109,4.9315,265.4745,0.03086912790697674,1.048626
1,0.014,430.1864,5.002167441860466,269.2462,0.03130769767441861,1.067086
1,0.01425,434.799,5.055802325581395,272.7143,0.03171096511627906,1.085228
1,0.0145,440.7401,5.124884883720931,275.9925,0.0320921511627907,1.103127
1,0.01475,445.2286,5.177076744186047,279.2753,0.03247387209302326,1.120713
1,0.015,450.3634,5.236783720930234,282.8584,0.03289051162790698,1.137929
1,0.01525,455.4851,5.2963383720930235,286.116,0.033269302325581396,1.154811
1,0.0155,460.7358,5.357393023255814,289.0546,0.033610999999999995,1.171418
1,0.01575,465.2689,5.410103488372093,292.1525,0.033971220930232554,1.187697
1,0.016,469.9089,5.464056976744186,295.376,0.034346046511627905,1.203613
1,0.01625,474.2307,5.51431046511628,298.2568,0.03468102325581395,1.219181
1,0.0165,478.9745,5.5694709302325585,301.0129,0.035001500000000005,1.234468
1,0.01675,483.5446,5.622611627906977,303.6923,0.03531305813953488,1.24944
1,0.017,487.9288,5.6735906976744195,306.6291,0.0356545465116279,1.263983
1,0.01725,491.7001,5.717443023255814,309.3269,0.035968244186046515,1.278107
1,0.0175,495.677,5.763686046511629,311.6979,0.03624394186046512,1.29194
1,0.01775,498.9951,5.802268604651163,314.0635,0.036519011627906973,1.3054
1,0.018,503.2045,5.851215116279071,316.6374,0.03681830232558139,1.318417
1,0.01825,506.9586,5.894867441860465,319.0026,0.037093325581395345,1.331093
1,0.0185,510.5653,5.936805813953489,321.285,0.03735872093023256,1.343397
1,0.01875,514.1543,5.978538372093024,323.3841,0.03760280232558139,1.355365
1,0.019,517.3153,6.0152941860465114,325.6158,0.03786230232558139,1.366886
1,0.01925,520.573,6.053174418604652,327.6013,0.03809317441860465,1.37798
1,0.0195,523.3258,6.085183720930233,329.5218,0.03831648837209302,1.38882
1,0.01975,526.4823,6.121887209302327,331.4003,0.038534918604651164,1.399267
1,0.02,529.2619,6.154208139534884,333.4581,0.03877419767441861,1.409247
1,0.02025,531.3684,6.178702325581396,335.3127,0.0389898488372093,1.418835
1,0.0205,533.1841,6.19981511627907,336.9175,0.03917645348837209,1.428098
1,0.02075,535.8108,6.230358139534884,338.5977,0.03937182558139535,1.437016
1,0.021,538.0474,6.256365116279071,340.3353,0.03957387209302326,1.445449
1,0.02125,539.5796,6.274181395348839,341.927,0.0397589534883721,1.453426
1,0.0215,541.368,6.294976744186048,343.3391,0.039923151162790695,1.461074
1,0.02175,542.7092,6.310572093023256,344.8168,0.040094976744186044,1.46832
1,0.022,544.4616,6.330948837209303,346.3812,0.04027688372093023,1.475102
1,0.02225,546.4253,6.353782558139535,347.7013,0.04043038372093023,1.481495
1,0.0225,547.3182,6.364165116279071,348.7567,0.04055310465116279,1.487535
1,0.02275,549.2429,6.38654534883721,349.9012,0.040686186046511634,1.493187
1,0.023,549.8694,6.393830232558141,351.2388,0.04084172093023256,1.498382
1,0.02325,550.8495,6.405226744186048,352.2738,0.04096206976744186,1.503201
1,0.0235,551.9698,6.418253488372093,353.0557,0.04105298837209302,1.507737
1,0.02375,553.112,6.43153488372093,353.922,0.04115372093023256,1.511874
1,0.024,553.3181,6.4339313953488375,354.9421,0.041272337209302325,1.515556
1,0.02425,554.1508,6.443613953488373,355.6503,0.04135468604651163,1.5189
1,0.0245,554.2921,6.4452569767441865,356.1175,0.04140901162790698,1.521902
1,0.02475,554.4952,6.447618604651163,356.635,0.041469186046511626,1.524558
1,0.025,554.8923,6.452236046511628,357.3276,0.04154972093023256,1.526804
1,0.02525,554.5372,6.448106976744187,357.8387,0.041609151162790695,1.52861
1,0.0255,554.1933,6.444108139534885,358.0188,0.041630093023255814,1.530133
1,0.02575,553.8211,6.43978023255814,358.0325,0.041631686046511636,1.531311
1,0.026,553.3708,6.434544186046512,358.1879,0.04164975581395349,1.532065
1,0.02625,552.9322,6.429444186046513,358.5057,0.04168670930232558,1.532458
1,0.0265,551.8483,6.416840697674419,358.4499,0.04168022093023256,1.532589
1,0.02675,551.2228,6.409567441860466,358.2154,0.04165295348837209,1.53241
1,0.027,549.6962,6.391816279069768,357.9443,0.04162143023255814,1.531797
1,0.02725,548.3976,6.376716279069768,357.8138,0.04160625581395349,1.530875
1,0.0275,547.1389,6.3620802325581405,357.5632,0.041577116279069765,1.529773
1,0.02775,545.6038,6.3442302325581394,357.181,0.04153267441860465,1.528363
1,0.028,544.1319,6.32711511627907,356.777,0.041485697674418606,1.52655
1,0.02825,542.4453,6.3075034883720935,356.374,0.04143883720930233,1.524442
1,0.0285,540.043,6.279569767441861,355.8548,0.04137846511627907,1.522144
1,0.02875,538.6385,6.263238372093024,355.2159,0.04130417441860465,1.519594
1,0.029,536.256,6.235534883720931,354.5047,0.041221476744186046,1.516685
1,0.02925,533.7803,6.206747674418605,353.8773,0.04114852325581395,1.51345
1,0.0295,531.0604,6.175120930232558,353.2119,0.0410711511627907,1.510015
1,0.02975,529.0324,6.151539534883722,352.4007,0.04097682558139534,1.506303
1,0.03,525.7225,6.113052325581395,351.4489,0.0408661511627907,1.50226
1,0.03025,523.5046,6.087262790697675,350.4503,0.040750034883720934,1.498016
1,0.0305,520.7665,6.055424418604651,349.5097,0.040640662790697675,1.49356
1,0.03075,517.8046,6.020983720930233,348.5394,0.04052783720930232,1.488818
1,0.031,514.4602,5.98209534883721,347.4161,0.040397220930232555,1.483762
1,0.03125,511.476,5.94739534883721,346.0301,0.04023605813953488,1.478454
1,0.0315,508.6857,5.914950000000001,344.759,0.04008825581395349,1.472996
1,0.03175,504.9397,5.871391860465117,343.4745,0.039938895348837204,1.467302
1,0.032,501.802,5.834906976744187,341.986,0.03976581395348837,1.46129
1,0.03225,497.2421,5.781884883720931,340.3643,0.03957724418604651,1.455049
1,0.0325,493.8901,5.742908139534884,338.7921,0.03939443023255814,1.44855
1,0.03275,489.6949,5.694126744186048,337.3188,0.03922311627906977,1.441776
1,0.033,485.6425,5.647005813953489,335.6872,0.03903339534883721,1.434754
1,0.03325,481.2036,5.59539069767442,333.7131,0.038803848837209304,1.427433
1,0.0335,476.7835,5.543994186046512,331.724,0.038572558139534883,1.419854
1,0.03375,472.2281,5.491024418604651,329.9667,0.03836822093023256,1.412029
1,0.034,467.7016,5.43839069767442,328.2472,0.03816827906976744,1.403933
1,0.03425,462.6762,5.379955813953488,326.144,0.03792372093023256,1.39557
1,0.0345,458.1249,5.327033720930233,323.9751,0.03767152325581395,1.386966
1,0.03475,452.8366,5.265541860465117,321.9153,0.03743201162790698,1.378135
1,0.035,447.2485,5.2005639534883725,319.8768,0.03719497674418605,1.368986
1,0.03525,442.682,5.14746511627907,317.6826,0.03693983720930232,1.359523
1,0.0355,437.0569,5.0820569767441865,315.3472,0.03666827906976744,1.34988
1,0.03575,431.5443,5.017956976744186,313.1301,0.03641047674418605,1.339977
1,0.036,426.6096,4.9605767441860475,311.0335,0.036166686046511624,1.329752
1,0.03625,420.7145,4.892029069767442,308.6726,0.03589216279069767,1.319294
1,0.0365,415.0044,4.825632558139535,306.103,0.035593372093023254,1.308592
1,0.03675,409.3307,4.7596593023255815,303.6582,0.035309093023255814,1.29764
1,0.037,403.311,4.689662790697675,301.3898,0.03504532558139535,1.286388
1,0.03725,397.2757,4.61948488372093,298.9044,0.03475632558139535,1.274778
1,0.0375,391.3432,4.5505023255813954,296.3287,0.03445682558139535,1.262924
1,0.03775,384.9559,4.4762313953488375,293.6821,0.034149081395348835,1.250858
1,0.038,378.6369,4.402754651162792,291.1029,0.033849174418604654,1.238493
1,0.03825,371.7841,4.323070930232559,288.3179,0.03352533720930233,1.225812
1,0.0385,365.8222,4.253746511627908,285.5484,0.0332033023255814,1.212896
1,0.03875,359.8005,4.183726744186047,282.7335,0.032875988372093025,1.199735
1,0.039,352.6995,4.1011569767441864,279.9076,0.03254739534883721,1.186177
1,0.03925,346.1248,4.024706976744186,276.9756,0.032206465116279066,1.172338
1,0.0395,339.3307,3.9457058139534884,273.9959,0.03185998837209302,1.158386
1,0.03975,333.0219,3.872347674418605,270.9058,0.03150067441860465,1.144146
1,0.04,325.8596,3.78906511627907,267.8039,0.031139988372093023,1.129523
1,0.04025,318.2177,3.7002058139534886,264.8543,0.03079701162790698,1.114621
1,0.0405,310.9547,3.6157523255813957,261.8534,0.030448069767441865,1.099534
1,0.04075,304.0639,3.5356267441860467,258.6082,0.030070720930232556,1.084229
1,0.041,296.4534,3.447132558139535,255.1668,0.029670558139534883,1.06857
1,0.04125,288.735,3.357383720930233,251.8762,0.02928793023255814,1.052546
1,0.0415,281.0454,3.26796976744186,248.6705,0.028915174418604653,1.03626
1,0.04175,273.4121,3.1792104651162796,245.4304,0.02853841860465116,1.019752
1,0.042,265.9029,3.0918941860465115,241.9629,0.02813522093023256,1.002897
1,0.04225,257.9733,2.999689534883721,238.4358,0.027725093023255813,0.9857478
1,0.0425,250.143,2.9086395348837213,234.9445,0.027319127906976746,0.9684907
1,0.04275,242.7411,2.822570930232558,231.5319,0.02692231395348837,0.950968
1,0.043,234.8465,2.7307732558139537,227.9865,0.026510058139534887,0.9330839
1,0.04325,227.0562,2.6401883720930233,224.2837,0.026079500000000002,0.9149806
1,0.0435,218.9989,2.5464988372093025,220.7217,0.025665313953488374,0.896719
1,0.04375,211.3423,2.457468604651163,217.1874,0.0252543488372093,0.8782171
1,0.044,203.2572,2.3634558139534887,213.6219,0.02483975581395349,0.8593827
1,0.04425,195.165,2.269360465116279,209.646,0.024377441860465116,0.8402584
1,0.0445,187.2861,2.177745348837209,205.7607,0.023925662790697678,0.8209569
1,0.04475,179.3403,2.0853523255813955,202.0035,0.02348877906976744,0.8014876
1,0.045,170.6884,1.9847488372093025,198.4445,0.023074941860465117,0.7816821
1,0.04525,162.5471,1.890082558139535,194.3973,0.022604337209302328,0.7615784
1,0.0455,154.6119,1.7978127906976744,190.2608,0.0221233488372093,0.7413582
1,0.04575,145.7944,1.6952837209302327,186.4048,0.021674976744186045,0.7209343
1,0.046,138.11,1.6059302325581397,182.4009,0.021209406976744186,0.70019
1,0.04625,128.9288,1.499172093023256,178.2054,0.020721558139534885,0.6792123
1,0.0465,121.0018,1.4069976744186048,173.797,0.02020895348837209,0.6580942
1,0.04675,112.1265,1.3037965116279069,169.6607,0.01972798837209302,0.6367892
1,0.047,103.4519,1.202929069767442,165.6068,0.01925660465116279,0.6151641
1,0.04725,95.31007,1.1082566279069768,161.2004,0.018744232558139534,0.5933202
1,0.0475,86.11171,1.001298953488372,156.5025,0.01819796511627907,0.5714441
1,0.04775,78.01446,0.9071448837209304,151.9321,0.017666523255813953,0.5493903
1,0.048,69.41426,0.807142558139535,147.6996,0.017174372093023256,0.5270213
1,0.04825,60.59577,0.7046019767441861,143.4518,0.016680441860465117,0.504457
1,0.0485,51.7712,0.6019906976744187,138.7864,0.01613795348837209,0.481814
1,0.04875,43.32751,0.5038082558139535,133.9705,0.015577965116279069,0.4590409
1,0.049,34.53535,0.4015738372093024,129.3553,0.015041313953488372,0.436035
1,0.04925,25.76143,0.299551511627907,125.0061,0.014535593023255815,0.4128003
1,0.0495,16.95003,0.1970933720930233,120.3942,0.013999325581395347,0.3894574
1,0.04975,8.170028,0.09500032558139536,115.6173,0.013443872093023255,0.3660048
1,0.05,-0.2650517,-0.003081996511627907,110.7214,0.012874581395348837,0.3423702
1,0.05025,-8.875884,-0.1032079534883721,105.6877,0.012289267441860466,0.318639
1,0.0505,-18.31787,-0.212998488372093,101.1483,0.011761430232558141,0.2948888
1,0.05075,-25.89698,-0.30112767441860466,96.79328,0.011255032558139534,0.2709939
1,0.051,-34.34168,-0.3993218604651163,91.94722,0.010691537209302325,0.2468824
1,0.05125,-43.0295,-0.500343023255814,86.90316,0.010105018604651163,0.2226718
1,0.0515,-51.04875,-0.5935901162790698,82.11682,0.009548467441860466,0.198452
1,0.05175,-59.59374,-0.6929504651162791,77.87893,0.009055689534883721,0.1740732
1,0.052,-68.16051,-0.792564069767442,73.29946,0.008523193023255814,0.1494603
1,0.05225,-76.51151,-0.8896687209302326,68.18753,0.007928782558139535,0.124769
1,0.0525,-84.89594,-0.9871620930232559,63.12382,0.007339979069767442,0.1000987
1,0.05275,-93.77471,-1.090403604651163,58.69322,0.006824793023255814,0.07533836
1,0.053,-102.5562,-1.1925139534883722,54.38212,0.006323502325581395,0.05036671
1,0.05325,-110.9528,-1.2901488372093024,49.56403,0.005763259302325582,0.02530093
1,0.0535,-119.438,-1.388813953488372,44.48264,0.0051724,0.0002376244
1,0.05375,-127.861,-1.4867558139534884,39.97749,0.00464854534883721,-0.02486383
1,0.054,-136.5483,-1.5877709302325584,35.79101,0.00416174534883721,-0.05002688
1,0.05425,-144.6962,-1.6825139534883722,31.07886,0.003613820930232558,-0.07520684
1,0.0545,-153.8773,-1.7892709302325582,26.17802,0.003043955813953488,-0.1003599
1,0.05475,-161.7927,-1.881310465116279,21.49915,0.0024999011627906977,-0.1255615
1,0.055,-170.1792,-1.9788279069767445,17.29043,0.0020105151162790698,-0.150839
1,0.05525,-177.9295,-2.0689476744186046,12.8772,0.0014973488372093024,-0.1761143
1,0.0555,-186.4314,-2.167806976744186,8.028196,0.0009335111627906975,-0.2013475
1,0.05575,-195.5072,-2.2733395348837213,3.492662,0.0004061234883720931,-0.2265765
1,0.056,-202.6356,-2.3562279069767444,-0.8421954,-9.792969767441861e-05,-0.2518463
1,0.05625,-210.4,-2.446511627906977,-5.203741,-0.0006050861627906976,-0.2770886
1,0.0565,-218.3925,-2.539447674418605,-9.78233,-0.0011374802325581394,-0.3022392
1,0.05675,-225.9245,-2.627029069767442,-14.38535,-0.0016727151162790697,-0.3273543
1,0.057,-234.3378,-2.724858139534884,-18.85846,-0.0021928441860465117,-0.352517
1,0.05725,-242.1468,-2.815660465116279,-23.10283,-0.002686375581395349,-0.3776879
1,0.0575,-249.4241,-2.90028023255814,-27.54353,-0.003202736046511628,-0.4026448
1,0.05775,-257.2752,-2.991572093023256,-32.07789,-0.003729987209302325,-0.427477
1,0.058,-264.7439,-3.078417441860465,-36.54154,-0.004249016279069767,-0.452412
1,0.05825,-272.1493,-3.1645267441860465,-40.81285,-0.00474568023255814,-0.4772854
1,0.0585,-279.9983,-3.255794186046512,-45.17675,-0.005253110465116279,-0.5019354
1,0.05875,-286.9119,-3.3361848837209305,-49.64254,-0.005772388372093023,-0.5264377
1,0.059,-294.1871,-3.4207802325581396,-54.23767,-0.006306705813953489,-0.5509208
1,0.05925,-301.7379,-3.50858023255814,-58.51033,-0.006803526744186047,-0.5752913
1,0.0595,-308.7133,-3.5896895348837212,-62.61416,-0.007280716279069767,-0.5994016
1,0.05975,-315.1801,-3.6648848837209305,-66.91349,-0.0077806383720930225,-0.6233733
1,0.06,-322.7106,-3.752448837209303,-71.48903,-0.008312677906976745,-0.6472947
1,0.06025,-329.8769,-3.835777906976744,-76.00982,-0.008838351162790697,-0.6710816
1,0.0605,-337.0883,-3.9196313953488375,-80.19521,-0.00932502441860465,-0.6946354
1,0.06075,-343.4848,-3.9940093023255816,-84.42231,-0.009816547674418604,-0.7179516
1,0.061,-350.4039,-4.074463953488372,-88.80292,-0.010325920930232558,-0.7411748
1,0.06125,-357.3692,-4.1554558139534885,-93.4876,-0.010870651162790698,-0.7642687
1,0.0615,-363.9257,-4.2316941860465125,-97.74805,-0.011366052325581395,-0.7870781
1,0.06175,-370.6939,-4.310394186046512,-101.6986,-0.011825418604651161,-0.8096504
1,0.062,-377.1193,-4.385108139534884,-105.9319,-0.012317662790697676,-0.8319987
1,0.06225,-383.4955,-4.45925,-110.5141,-0.012850476744186046,-0.8540753
1,0.0625,-389.6463,-4.530770930232558,-114.9124,-0.013361906976744187,-0.875879
1,0.06275,-395.9095,-4.603598837209303,-118.7338,-0.013806255813953488,-0.8974653
1,0.063,-401.6496,-4.670344186046512,-122.7512,-0.014273395348837209,-0.9188536
1,0.06325,-406.8948,-4.731334883720931,-127.0554,-0.014773883720930234,-0.9399342
1,0.0635,-412.6809,-4.79861511627907,-131.3463,-0.015272825581395349,-0.9606774
1,0.06375,-418.4488,-4.865683720930233,-135.1339,-0.015713244186046513,-0.981199
1,0.064,-423.6454,-4.926109302325582,-138.8539,-0.016145802325581396,-1.001527
1,0.06425,-429.666,-4.996116279069768,-142.8838,-0.01661439534883721,-1.021575
1,0.0645,-434.6808,-5.054427906976745,-147.0335,-0.01709691860465116,-1.041294
1,0.06475,-439.4854,-5.1102953488372105,-150.8146,-0.017536581395348836,-1.060655
1,0.065,-444.8926,-5.173169767441861,-154.3169,-0.01794382558139535,-1.079773
1,0.06525,-449.9317,-5.231763953488372,-158.1544,-0.01839004651162791,-1.098642
1,0.0655,-454.0875,-5.280087209302326,-162.045,-0.018842441860465117,-1.117081
1,0.06575,-459.2916,-5.3406,-165.6363,-0.01926003488372093,-1.135165
1,0.066,-464.4391,-5.400454651162791,-168.8352,-0.019632,-1.152982
1,0.06625,-468.9418,-5.452811627906978,-172.3241,-0.020037686046511627,-1.170461
1,0.0665,-473.4668,-5.5054279069767444,-175.8831,-0.020451523255813956,-1.187517
1,0.06675,-477.4366,-5.551588372093024,-179.347,-0.020854302325581397,-1.204199
1,0.067,-481.7995,-5.602319767441862,-182.3691,-0.02120570930232558,-1.220532
1,0.06725,-485.93,-5.650348837209302,-185.3683,-0.021554453488372094,-1.236463
1,0.0675,-489.8061,-5.695419767441861,-188.4687,-0.02191496511627907,-1.252021
1,0.06775,-493.6114,-5.739667441860465,-191.6426,-0.022284023255813953,-1.267212
1,0.068,-497.7727,-5.788054651162791,-194.5009,-0.022616383720930232,-1.28202
1,0.06825,-501.151,-5.827337209302327,-197.2389,-0.02293475581395349,-1.296461
1,0.0685,-504.7182,-5.868816279069768,-199.8891,-0.023242918604651164,-1.310474
1,0.06875,-507.3915,-5.899901162790698,-202.5478,-0.023552069767441862,-1.324049
1,0.069,-511.5219,-5.947929069767443,-205.1776,-0.02385786046511628,-1.337266
1,0.06925,-514.1222,-5.9781651162790705,-207.5701,-0.024136058139534882,-1.350122
1,0.0695,-517.384,-6.016093023255815,-209.8923,-0.024406081395348837,-1.362515
1,0.06975,-520.3191,-6.050222093023257,-212.1873,-0.024672941860465116,-1.374459
1,0.07,-523.3216,-6.085134883720931,-214.5508,-0.024947767441860468,-1.386034
1,0.07025,-525.6134,-6.111783720930233,-216.6728,-0.025194511627906976,-1.397176
1,0.0705,-528.0937,-6.140624418604651,-218.4417,-0.025400197674418604,-1.40784
1,0.07075,-530.2574,-6.165783720930232,-220.2564,-0.025611209302325584,-1.418078
1,0.071,-532.2282,-6.188700000000001,-222.2576,-0.025843906976744182,-1.427963
1,0.07125,-533.9715,-6.208970930232558,-224.205,-0.026070348837209302,-1.437394
1,0.0715,-535.9676,-6.232181395348837,-225.7734,-0.02625272093023256,-1.446294
1,0.07175,-537.5838,-6.250974418604652,-227.038,-0.026399767441860466,-1.454802
1,0.072,-538.9002,-6.266281395348838,-228.6094,-0.02658248837209302,-1.463017
1,0.07225,-540.6167,-6.28624069767442,-230.1466,-0.026761232558139537,-1.470793
1,0.0725,-541.772,-6.299674418604653,-231.3222,-0.026897930232558143,-1.477989
1,0.07275,-542.8543,-6.3122593023255815,-232.2164,-0.027001906976744185,-1.484746
1,0.073,-544.4057,-6.330298837209304,-233.2934,-0.02712713953488372,-1.491197
1,0.07325,-545.0211,-6.337454651162791,-234.5352,-0.02727153488372093,-1.497221
1,0.0735,-546.2083,-6.351259302325582,-235.5016,-0.02738390697674419,-1.502755
1,0.07375,-546.8328,-6.358520930232559,-235.9633,-0.027437593023255814,-1.50787
1,0.074,-547.8033,-6.36980581395349,-236.6447,-0.027516825581395347,-1.512542
1,0.07425,-548.2662,-6.375188372093024,-237.4767,-0.02761356976744186,-1.516774
1,0.0745,-548.5154,-6.378086046511628,-238.0977,-0.027685779069767442,-1.520498
1,0.07475,-548.8304,-6.381748837209303,-238.2582,-0.027704441860465116,-1.523796
1,0.075,-549.1338,-6.385276744186046,-238.502,-0.027732790697674422,-1.526804
1,0.07525,-548.8709,-6.382219767441861,-238.9368,-0.027783348837209305,-1.529326
1,0.0755,-548.3832,-6.376548837209302,-239.4077,-0.02783810465116279,-1.531331
1,0.07575,-548.1669,-6.374033720930234,-239.4605,-0.02784424418604651,-1.532984
1,0.076,-547.3302,-6.364304651162791,-239.3827,-0.027835197674418607,-1.534288
1,0.07625,-546.7219,-6.357231395348838,-239.3856,-0.027835534883720932,-1.535168
1,0.0765,-546.0133,-6.348991860465117,-239.4871,-0.02784733720930233,-1.535601
1,0.07675,-544.7066,-6.333797674418605,-239.246,-0.0278193023255814,-1.535669
1,0.077,-544.2436,-6.328413953488372,-238.8815,-0.02777691860465116,-1.535462
1,0.07725,-542.5611,-6.3088500000000005,-238.7737,-0.027764383720930232,-1.534867
1,0.0775,-541.1905,-6.292912790697676,-238.693,-0.027755,-1.533854
1,0.07775,-539.5308,-6.273613953488372,-238.2643,-0.0277051511627907,-1.532485
1,0.078,-538.2058,-6.258206976744186,-237.5251,-0.027619197674418602,-1.530759
1,0.07825,-536.4346,-6.237611627906977,-236.9666,-0.02755425581395349,-1.528689
1,0.0785,-534.5798,-6.216044186046512,-236.637,-0.027515930232558137,-1.526257
1,0.07875,-532.2986,-6.1895186046511625,-236.1821,-0.027463034883720927,-1.5235
1,0.079,-530.4778,-6.168346511627908,-235.3113,-0.02736177906976744,-1.520485
1,0.07925,-527.8643,-6.137956976744186,-234.5164,-0.027269348837209304,-1.517113
1,0.0795,-525.4321,-6.10967558139535,-233.9456,-0.027202976744186046,-1.513341
1,0.07975,-522.8966,-6.0801930232558155,-233.2405,-0.02712098837209302,-1.509326
1,0.08,-520.1332,-6.048060465116279,-232.34,-0.027016279069767446,-1.505072
1,0.08025,-517.4898,-6.017323255813953,-231.2953,-0.026894802325581398,-1.500502
1,0.0805,-514.8404,-5.986516279069769,-230.4531,-0.026796872093023255,-1.495589
1,0.08075,-512.2553,-5.956456976744187,-229.7572,-0.026715953488372097,-1.490342
1,0.081,-508.3821,-5.911419767441861,-228.7382,-0.02659746511627907,-1.484885
1,0.08125,-505.6704,-5.879888372093023,-227.4179,-0.026443941860465114,-1.479159
1,0.0815,-503.0508,-5.849427906976745,-226.3171,-0.026315941860465118,-1.473049
1,0.08175,-499.0242,-5.802606976744187,-225.3488,-0.026203348837209303,-1.466633
1,0.082,-496.1327,-5.768984883720931,-224.3517,-0.026087406976744186,-1.459952
1,0.08225,-491.8098,-5.718718604651164,-223.1573,-0.02594852325581395,-1.453012
1,0.0825,-487.7984,-5.672074418604653,-221.7123,-0.0257805,-1.445685
1,0.08275,-483.7718,-5.625253488372094,-220.4269,-0.025631034883720927,-1.438037
1,0.083,-479.7635,-5.57864534883721,-219.18,-0.02548604651162791,-1.430188
1,0.08325,-475.3702,-5.527560465116279,-217.8592,-0.025332465116279065,-1.422019
1,0.0835,-471.03,-5.477093023255814,-216.3729,-0.025159639534883718,-1.413484
1,0.08375,-466.1743,-5.420631395348838,-214.9499,-0.024994174418604655,-1.404706
1,0.084,-462.1629,-5.373987209302326,-213.5888,-0.024835906976744183,-1.395733
1,0.08425,-456.664,-5.310046511627908,-212.1731,-0.02467129069767442,-1.386452
1,0.0845,-451.8533,-5.254108139534884,-210.4454,-0.02447039534883721,-1.376815
1,0.08475,-447.0467,-5.198217441860465,-208.6588,-0.0242626511627907,-1.366857
1,0.085,-441.6136,-5.135041860465117,-207.1244,-0.024084232558139535,-1.356672
1,0.08525,-436.7402,-5.0783744186046516,-205.6502,-0.023912813953488373,-1.346222
1,0.0855,-431.4869,-5.017289534883721,-203.8888,-0.023708,-1.335397
1,0.08575,-425.8025,-4.951191860465117,-201.7825,-0.023463081395348837,-1.324226
1,0.086,-420.4935,-4.889459302325582,-199.9409,-0.023248941860465118,-1.312818
1,0.08625,-415.7953,-4.834829069767442,-198.1185,-0.02303703488372093,-1.301131
1,0.0865,-409.1441,-4.757489534883721,-196.2118,-0.02281532558139535,-1.289044
1,0.08675,-403.5975,-4.692994186046512,-193.8753,-0.02254363953488372,-1.276644
1,0.087,-397.0815,-4.617226744186047,-191.6956,-0.02229018604651163,-1.264001
1,0.08725,-391.7153,-4.554829069767442,-189.6983,-0.022057941860465113,-1.251015
1,0.0875,-385.4313,-4.481759302325583,-187.5117,-0.021803686046511627,-1.23766
1,0.08775,-379.1184,-4.408353488372093,-184.856,-0.02149488372093023,-1.224047
1,0.088,-372.9063,-4.336119767441861,-182.2461,-0.02119140697674419,-1.210238
1,0.08825,-366.8051,-4.265175581395349,-179.981,-0.020928023255813954,-1.196105
1,0.0885,-359.8439,-4.184231395348838,-177.6946,-0.020662162790697675,-1.181559
1,0.08875,-353.572,-4.111302325581396,-174.8652,-0.020333162790697672,-1.166675
1,0.089,-347.2657,-4.037973255813953,-171.7879,-0.019975337209302328,-1.151628
1,0.08925,-341.0268,-3.9654279069767444,-169.0233,-0.019653872093023255,-1.136365
1,0.0895,-333.7288,-3.880567441860465,-166.3606,-0.01934425581395349,-1.120722
1,0.08975,-326.8745,-3.8008662790697683,-163.519,-0.019013837209302328,-1.104735
1,0.09,-319.6924,-3.7173534883720936,-160.2247,-0.018630779069767445,-1.088512
1,0.09025,-312.4223,-3.6328174418604653,-157.0461,-0.01826117441860465,-1.072025
1,0.0905,-305.145,-3.548197674418605,-153.9884,-0.017905627906976748,-1.055187
1,0.09075,-298.3307,-3.468961627906977,-150.8496,-0.0175406511627907,-1.038049
1,0.091,-290.5921,-3.3789779069767447,-147.3466,-0.01713332558139535,-1.020736
1,0.09125,-283.1168,-3.2920558139534886,-143.7765,-0.016718197674418605,-1.003157
1,0.0915,-275.4242,-3.2026069767441863,-140.5085,-0.016338197674418603,-0.9852054
1,0.09175,-267.5772,-3.111362790697675,-137.1964,-0.015953069767441864,-0.9670479
1,0.092,-260.2538,-3.026206976744186,-133.5817,-0.015532755813953488,-0.9486912
1,0.09225,-252.6388,-2.9376604651162794,-129.7058,-0.015082069767441862,-0.9300498
1,0.0925,-245.1159,-2.8501848837209303,-126.026,-0.014654186046511626,-0.9111794
1,0.09275,-236.6484,-2.751725581395349,-122.3605,-0.014227965116279068,-0.8920848
1,0.093,-228.8322,-2.660839534883721,-118.5597,-0.013786011627906977,-0.8728262
1,0.09325,-221.6492,-2.577316279069768,-114.4721,-0.01331070930232558,-0.8533339
1,0.0935,-213.5048,-2.4826139534883724,-110.5666,-0.012856581395348838,-0.8335046
1,0.09375,-206.0179,-2.395556976744186,-106.4815,-0.01238156976744186,-0.8134258
1,0.094,-197.6942,-2.2987697674418603,-102.3535,-0.01190156976744186,-0.7931515
1,0.09425,-189.6476,-2.205204651162791,-98.08909,-0.011405708139534882,-0.7726138
1,0.0945,-181.5256,-2.1107627906976747,-93.71855,-0.010897505813953488,-0.7517712
1,0.09475,-173.366,-2.015883720930233,-89.41115,-0.01039664534883721,-0.7307279
1,0.095,-165.285,-1.921918604651163,-85.13792,-0.009899758139534883,-0.709565
1,0.09525,-156.7805,-1.8230290697674418,-80.72128,-0.009386195348837207,-0.6881988
1,0.0955,-149.0611,-1.7332686046511632,-76.07081,-0.008845443023255814,-0.6665427
1,0.09575,-140.4943,-1.633654651162791,-71.61885,-0.008327773255813952,-0.6447189
1,0.096,-131.2479,-1.5261383720930233,-67.32944,-0.007829004651162791,-0.6227693
1,0.09625,-123.2874,-1.4335744186046513,-62.99839,-0.007325394186046512,-0.6005937
1,0.0965,-115.2352,-1.3399441860465118,-58.30336,-0.006779460465116279,-0.578202
1,0.09675,-106.2374,-1.2353186046511628,-53.56185,-0.006228122093023256,-0.555658
1,0.097,-97.6063,-1.1349569767441863,-49.12879,-0.0057126500000000005,-0.5330591
1,0.09725,-89.33836,-1.0388181395348839,-44.83128,-0.00521293953488372,-0.5103274
1,0.0975,-80.66321,-0.9379443023255816,-40.22906,-0.004677797674418604,-0.4873147
1,0.09775,-72.36843,-0.8414933720930233,-35.47488,-0.004124986046511628,-0.4641218
1,0.098,-63.52663,-0.7386817441860466,-30.79917,-0.003581298837209303,-0.4408289
1,0.09825,-55.26224,-0.6425841860465117,-26.36506,-0.0030657046511627906,-0.417421
1,0.0985,-46.27407,-0.5380705813953489,-21.736,-0.0025274418604651163,-0.3938184
1,0.09875,-37.36239,-0.4344463953488372,-16.82405,-0.00195628488372093,-0.3700643
1,0.099,-28.51553,-0.33157593023255816,-12.00208,-0.0013955906976744186,-0.3462759
1,0.09925,-20.53426,-0.23877046511627908,-7.418157,-0.0008625763953488372,-0.3223206
1,0.0995,-11.18244,-0.13002837209302326,-2.836226,-0.00032979372093023255,-0.2981536
1,0.09975,-2.575151,-0.02994361627906977,2.178094,0.00025326674418604654,-0.2739341
1,0.1,4.510134,0.05244341860465116,6.662808,0.0007747451162790697,-0.253548
2,0.0,4.959177,0.057664848837209313,0.0,0.0,-0.333739
2,0.00025,14.87342,0.17294674418604652,5.779032,0.0006719804651162791,-0.301997
2,0.0005,26.60929,0.30941034883720936,11.5909,0.0013477790697674417,-0.2700889
2,0.00075,36.94827,0.429631046511628,17.6562,0.002053046511627907,-0.2380698
2,0.001,47.00969,0.5466243023255815,23.71214,0.002757225581395349,-0.2059755
2,0.00125,57.58165,0.669554069767442,29.61655,0.0034437848837209307,-0.1737437
2,0.0015,68.27263,0.7938677906976745,35.42131,0.004118756976744186,-0.1413428
2,0.00175,78.86992,0.9170920930232558,41.59213,0.004836294186046511,-0.1088197
2,0.002,88.84929,1.0331312790697675,47.73986,0.005551146511627907,-0.0762617
2,0.00225,98.60124,1.146526046511628,53.80875,0.006256831395348837,-0.04365785
2,0.0025,109.4118,1.2722302325581398,59.97827,0.006974217441860465,-0.0108495
2,0.00275,119.1586,1.38556511627907,66.20515,0.0076982732558139545,0.02210892
2,0.003,129.6729,1.5078244186046512,72.40563,0.008419259302325581,0.05504199
2,0.00325,139.9931,1.6278267441860466,78.66308,0.00914686976744186,0.08795819
2,0.0035,150.1594,1.7460395348837212,84.86595,0.009868133720930232,0.120964
2,0.00375,160.5343,1.8666779069767445,91.06546,0.010589006976744187,0.1540445
2,0.004,170.2554,1.9797139534883725,97.44276,0.011330553488372093,0.1870546
2,0.00425,180.1902,2.0952348837209307,103.681,0.012055930232558139,0.2200233
2,0.0045,190.2176,2.2118325581395353,109.8407,0.012772174418604652,0.2529601
2,0.00475,200.2046,2.3279604651162793,115.9483,0.013482360465116281,0.2857896
2,0.005,210.3643,2.446096511627907,122.2641,0.014216755813953487,0.3185329
2,0.00525,220.2981,2.5616058139534883,128.5247,0.014944732558139535,0.3512387
2,0.0055,229.5278,2.6689279069767444,134.6413,0.01565596511627907,0.3839279
2,0.00575,239.3289,2.782894186046512,140.7719,0.01636882558139535,0.4165202
2,0.006,248.465,2.889127906976744,147.1138,0.01710625581395349,0.4489604
2,0.00625,258.5497,3.0063918604651163,153.66,0.017867441860465117,0.4813144
2,0.0065,267.7121,3.112931395348838,159.9875,0.018603197674418606,0.513591
2,0.00675,277.9118,3.2315325581395355,166.2737,0.019334151162790695,0.5457697
2,0.007,286.8392,3.335339534883721,172.7106,0.020082627906976742,0.5778059
2,0.00725,296.8509,3.451754651162791,179.1497,0.02083136046511628,0.6097186
2,0.0075,306.2408,3.560939534883721,185.4153,0.021559918604651163,0.6415691
2,0.00775,314.8612,3.6611767441860468,191.5426,0.02227239534883721,0.6732926
2,0.008,324.9034,3.777946511627907,197.8054,0.023000627906976743,0.7048215
2,0.00825,333.7913,3.8812941860465116,204.2045,0.02374470930232558,0.7361873
2,0.0085,342.5606,3.983262790697675,210.3217,0.024456011627906976,0.7674248
2,0.00875,352.0386,4.093472093023256,216.3321,0.025154895348837206,0.7984815
2,0.009,360.8196,4.195576744186046,222.3289,0.025852197674418608,0.8292973
2,0.00925,370.1572,4.304153488372093,228.5651,0.026577337209302325,0.8598828
2,0.0095,377.8751,4.393896511627907,234.6187,0.027281244186046508,0.8903009
2,0.00975,386.4434,4.493527906976745,240.3421,0.027946755813953485,0.9205143
2,0.01,394.5548,4.587846511627908,246.109,0.028617325581395348,0.9503814
2,0.01025,402.6926,4.682472093023256,252.2247,0.029328453488372097,0.9799132
2,0.0105,411.1155,4.7804127906976746,258.1217,0.030014151162790693,1.009217
2,0.01075,419.2401,4.874884883720931,263.4659,0.030635569767441858,1.038254
2,0.011,427.4787,4.9706825581395355,268.6874,0.031242720930232563,1.066971
2,0.01125,434.9955,5.058087209302326,274.2812,0.03189316279069768,1.095371
2,0.0115,443.0528,5.151776744186047,279.9153,0.03254829069767442,1.12344
2,0.01175,450.7879,5.24171976744186,285.0212,0.033142000000000005,1.151135
2,0.012,457.6346,5.3213325581395345,289.718,0.033688139534883726,1.178379
2,0.01225,466.4242,5.423537209302326,294.9177,0.03429275581395349,1.205279
2,0.0125,472.9189,5.499056976744186,300.2596,0.03491390697674418,1.231826
2,0.01275,480.6561,5.589024418604651,305.1346,0.03548076744186046,1.257922
2,0.013,487.6466,5.670309302325581,309.4684,0.0359846976744186,1.283678
2,0.01325,494.9826,5.755611627906977,314.198,0.03653465116279069,1.309107
2,0.0135,501.2074,5.827993023255814,319.2327,0.03712008139534884,1.334153
2,0.01375,508.3104,5.910586046511629,324.0843,0.03768422093023256,1.358751
2,0.014,514.8953,5.9871546511627916,328.2664,0.038170511627906974,1.382902
2,0.01425,521.5688,6.0647534883720935,332.6838,0.038684162790697675,1.406649
2,0.0145,527.3215,6.13164534883721,337.3609,0.03922801162790698,1.430059
2,0.01475,534.1718,6.2113000000000005,341.8361,0.03974838372093023,1.453141
2,0.015,540.4796,6.2846465116279076,345.8069,0.040210104651162794,1.475799
2,0.01525,545.9765,6.348563953488372,349.8726,0.04068286046511628,1.498011
2,0.0155,552.6237,6.425856976744186,354.3691,0.04120570930232558,1.519822
2,0.01575,558.4585,6.493703488372094,358.6373,0.041702011627906974,1.541232
2,0.016,563.9914,6.558039534883721,362.3883,0.04213817441860465,1.56215
2,0.01625,569.2325,6.618982558139535,366.063,0.04256546511627907,1.582588
2,0.0165,574.9093,6.684991860465117,370.085,0.04303313953488372,1.602641
2,0.01675,580.1276,6.745669767441861,374.1281,0.04350326744186047,1.622224
2,0.017,584.6916,6.798739534883722,377.5471,0.043900825581395346,1.641258
2,0.01725,589.72,6.8572093023255825,380.9649,0.04429824418604651,1.659765
2,0.0175,594.3169,6.910661627906977,384.7212,0.04473502325581395,1.6778
2,0.01775,598.9994,6.965109302325582,388.3604,0.04515818604651163,1.695356
2,0.018,602.674,7.007837209302326,391.544,0.04552837209302325,1.712326
2,0.01825,606.618,7.053697674418606,394.5127,0.04587356976744186,1.72877
2,0.0185,610.7971,7.102291860465117,397.7737,0.046252755813953494,1.744763
2,0.01875,614.9326,7.1503790697674425,401.1199,0.0466418488372093,1.760174
2,0.019,618.7829,7.195150000000002,404.11,0.04698953488372093,1.775017
2,0.01925,623.0582,7.244862790697676,406.8675,0.047310174418604654,1.789441
2,0.0195,626.1483,7.280794186046512,409.6539,0.04763417441860465,1.803406
2,0.01975,629.4962,7.319723255813955,412.424,0.04795627906976744,1.816796
2,0.02,633.6838,7.368416279069768,414.9595,0.04825110465116279,1.829639
2,0.02025,636.2695,7.398482558139535,417.4415,0.04853970930232559,1.842027
2,0.0205,639.1337,7.4317872093023265,419.9334,0.04882946511627907,1.853927
2,0.02075,641.8834,7.46376046511628,422.3215,0.0491071511627907,1.865288
2,0.021,644.8135,7.497831395348838,424.6107,0.04937333720930233,1.876123
2,0.02125,647.6949,7.531336046511629,426.5789,0.0496021976744186,1.886497
2,0.0215,649.4423,7.551654651162792,428.7475,0.04985436046511627,1.896438
2,0.02175,651.76,7.578604651162791,430.9515,0.05011063953488372,1.905854
2,0.022,653.9916,7.604553488372093,432.8579,0.050332313953488375,1.914717
2,0.02225,655.3722,7.620606976744186,434.6373,0.05053922093023256,1.923141
2,0.0225,657.0315,7.639901162790698,436.4427,0.050749151162790704,1.931137
2,0.02275,658.6102,7.658258139534884,438.1167,0.05094380232558139,1.938633
2,0.023,660.3014,7.677923255813954,439.6291,0.05111966279069768,1.945591
2,0.02325,661.2399,7.688836046511629,440.8848,0.05126567441860465,1.952019
2,0.0235,661.8609,7.696056976744186,442.2948,0.05142962790697674,1.958007
2,0.02375,662.5168,7.703683720930233,443.5987,0.05158124418604652,1.963514
2,0.024,663.585,7.716104651162792,444.7635,0.051716686046511626,1.968472
2,0.02425,664.4931,7.726663953488373,445.7349,0.051829639534883724,1.972946
2,0.0245,664.4019,7.725603488372093,446.4446,0.05191216279069767,1.976922
2,0.02475,664.4789,7.726498837209302,447.2502,0.052005837209302325,1.980336
2,0.025,664.52,7.726976744186047,448.0357,0.052097174418604654,1.983249
2,0.02525,664.2713,7.724084883720931,448.6426,0.052167744186046514,1.985681
2,0.0255,663.8722,7.719444186046513,449.0872,0.05221944186046512,1.98765
2,0.02575,663.2801,7.712559302325581,449.4582,0.05226258139534883,1.989182
2,0.026,662.4454,7.702853488372093,449.7577,0.05229740697674419,1.990232
2,0.02625,661.7044,7.694237209302326,449.9651,0.052321523255813955,1.990841
2,0.0265,660.7147,7.682729069767443,449.9838,0.0523236976744186,1.99107
2,0.02675,659.7508,7.6715209302325595,449.9979,0.052325337209302325,1.990862
2,0.027,658.7414,7.659783720930234,450.0745,0.05233424418604651,1.990192
2,0.02725,657.0361,7.639954651162792,449.8669,0.052310104651162787,1.989178
2,0.0275,656.1077,7.629159302325582,449.3989,0.05225568604651164,1.987839
2,0.02775,654.9438,7.615625581395349,448.9038,0.05219811627906976,1.986081
2,0.028,652.7476,7.590088372093025,448.6965,0.052174011627906976,1.98396
2,0.02825,650.8366,7.567867441860465,448.3616,0.052135069767441866,1.981523
2,0.0285,649.0097,7.546624418604652,447.624,0.052049302325581394,1.978791
2,0.02875,646.3507,7.515705813953488,446.8701,0.05196163953488372,1.975724
2,0.029,643.9109,7.487336046511628,446.2002,0.05188374418604651,1.972231
2,0.02925,641.0391,7.453943023255814,445.7112,0.05182688372093023,1.968407
2,0.0295,637.8609,7.416987209302326,444.8216,0.05172344186046512,1.964323
2,0.02975,635.255,7.386686046511628,443.5941,0.051580709302325584,1.959884
2,0.03,632.0342,7.349234883720931,442.6697,0.05147322093023255,1.955009
2,0.03025,628.0228,7.302590697674419,442.0352,0.051399441860465106,1.949821
2,0.0305,624.3123,7.25944534883721,440.8256,0.05125879069767442,1.944413
2,0.03075,621.011,7.221058139534883,439.3151,0.05108315116279069,1.938586
2,0.031,617.0993,7.175573255813953,437.85,0.05091279069767442,1.93236
2,0.03125,612.9816,7.127693023255814,436.8934,0.05080155813953489,1.925934
2,0.0315,609.0183,7.081608139534884,435.5112,0.050640837209302327,1.919248
2,0.03175,604.5475,7.0296220930232565,433.7306,0.05043379069767441,1.912153
2,0.032,600.4409,6.981870930232559,431.9396,0.05022553488372093,1.90466
2,0.03225,595.6596,6.926274418604651,430.5338,0.05006206976744186,1.896858
2,0.0325,591.236,6.874837209302326,428.898,0.049871860465116276,1.888728
2,0.03275,586.71,6.822209302325582,426.7885,0.04962656976744186,1.88024
2,0.033,581.213,6.758290697674419,424.774,0.04939232558139535,1.871459
2,0.03325,575.9638,6.697253488372094,423.1287,0.04920101162790698,1.862381
2,0.0335,570.3164,6.63158604651163,421.3707,0.04899659302325582,1.85296
2,0.03375,565.371,6.574081395348838,419.1052,0.04873316279069768,1.84318
2,0.034,560.489,6.517313953488373,416.5608,0.04843730232558139,1.833029
2,0.03425,554.7712,6.450827906976745,414.5838,0.048207418604651164,1.822586
2,0.0345,548.5475,6.378459302325582,412.6356,0.047980883720930234,1.81192
2,0.03475,542.9943,6.313887209302326,410.1822,0.04769560465116279,1.801001
2,0.035,536.7047,6.240752325581396,407.3687,0.04736845348837209,1.789684
2,0.03525,530.8051,6.172152325581396,404.9191,0.04708361627906977,1.778003
2,0.0355,524.5936,6.0999255813953495,402.676,0.04682279069767442,1.76611
2,0.03575,518.5025,6.029098837209303,400.2767,0.0465438023255814,1.753898
2,0.036,511.8047,5.951217441860465,397.2952,0.04619711627906977,1.741238
2,0.03625,504.6465,5.867982558139535,394.4865,0.04587052325581395,1.728232
2,0.0365,497.3059,5.7826267441860475,391.953,0.04557593023255814,1.714928
2,0.03675,490.9799,5.709068604651163,389.3101,0.045268616279069765,1.701268
2,0.037,483.384,5.620744186046513,386.2644,0.04491446511627908,1.687239
2,0.03725,476.5262,5.541002325581395,383.2249,0.04456103488372093,1.672849
2,0.0375,468.5631,5.448408139534884,380.3104,0.04422213953488372,1.658123
2,0.03775,461.1664,5.362400000000001,377.4315,0.043887383720930234,1.643006
2,0.038,453.4576,5.272762790697675,374.1615,0.0435071511627907,1.627523
2,0.03825,445.996,5.186,370.8411,0.04312105813953488,1.611686
2,0.0385,437.7574,5.090202325581395,367.4953,0.04273201162790697,1.595464
2,0.03875,429.5695,4.994994186046513,364.2799,0.04235812790697674,1.578892
2,0.039,421.6586,4.903006976744186,360.9077,0.041966011627906974,1.561975
2,0.03925,414.041,4.8144302325581405,357.3783,0.04155561627906977,1.544751
2,0.0395,405.6617,4.716996511627907,353.6073,0.04111712790697675,1.527188
2,0.03975,397.6627,4.62398488372093,350.0155,0.040699476744186044,1.509233
2,0.04,389.1987,4.525566279069768,346.4952,0.04029013953488372,1.490908
2,0.04025,380.4532,4.423874418604652,342.6353,0.03984131395348837,1.472281
2,0.0405,372.1645,4.327494186046511,338.6962,0.039383279069767435,1.453318
2,0.04075,363.7111,4.229198837209303,334.8167,0.03893217441860465,1.433976
2,0.041,355.0679,4.128696511627907,330.9858,0.03848672093023256,1.41426
2,0.04125,346.3122,4.0268860465116285,326.9683,0.03801956976744186,1.394269
2,0.0415,337.1184,3.9199813953488376,322.7682,0.03753118604651162,1.37404
2,0.04175,328.3414,3.8179232558139544,318.5812,0.03704432558139535,1.353442
2,0.042,319.6653,3.7170383720930236,314.3553,0.036552941860465114,1.332467
2,0.04225,310.1899,3.606859302325582,310.324,0.03608418604651163,1.311188
2,0.0425,300.8436,3.4981813953488374,305.8563,0.035564686046511626,1.289627
2,0.04275,291.3915,3.388273255813954,301.3768,0.03504381395348837,1.267734
2,0.043,281.7023,3.2756081395348837,296.9669,0.03453103488372093,1.245448
2,0.04325,271.8531,3.1610825581395345,292.6457,0.034028569767441855,1.222789
2,0.0435,262.9729,3.0578244186046515,288.2052,0.03351223255813953,1.199881
2,0.04375,253.5405,2.9481453488372096,283.4079,0.032954406976744184,1.176673
2,0.044,243.6072,2.8326418604651167,278.6224,0.0323979534883721,1.153091
2,0.04425,233.8451,2.719129069767442,273.8574,0.03184388372093023,1.129162
2,0.0445,224.1818,2.60676511627907,269.0622,0.0312863023255814,1.104864
2,0.04475,214.2258,2.4909976744186046,264.0416,0.03070251162790698,1.080194
2,0.045,204.7544,2.3808651162790704,258.789,0.030091744186046508,1.055182
2,0.04525,194.2356,2.2585534883720935,253.4948,0.029476139534883723,1.029874
2,0.0455,183.9863,2.139375581395349,248.2225,0.02886308139534884,1.00427
2,0.04575,173.7258,2.020067441860465,242.8292,0.02823595348837209,0.9783521
2,0.046,163.9252,1.906106976744186,237.1659,0.02757743023255814,0.9520704
2,0.04625,153.566,1.7856511627906977,231.3405,0.026900058139534885,0.9254859
2,0.0465,143.8363,1.67251511627907,225.7426,0.026249139534883722,0.8986588
2,0.04675,133.6356,1.5539023255813957,220.1748,0.025601720930232556,0.8715095
2,0.047,123.5757,1.4369267441860465,214.2696,0.024915069767441858,0.8440185
2,0.04725,113.0661,1.3147220930232562,208.1563,0.024204220930232556,0.8162816
2,0.0475,103.2954,1.2011093023255814,202.1032,0.023500372093023254,0.7883422
2,0.04775,93.19953,1.083715465116279,196.3686,0.022833558139534884,0.7601516
2,0.048,82.75875,0.9623110465116281,190.474,0.02214813953488372,0.7316756
2,0.04825,72.96475,0.8484273255813954,184.2321,0.021422337209302325,0.702954
2,0.0485,62.87497,0.7311043023255814,177.7579,0.020669523255813952,0.6740489
2,0.04875,52.60843,0.6117259302325582,171.6742,0.01996211627906977,0.6449399
2,0.049,41.961,0.4879186046511628,165.7358,0.01927160465116279,0.6155387
2,0.04925,31.67065,0.3682633720930233,159.5484,0.01855213953488372,0.5858809
2,0.0495,20.94117,0.24350197674418605,153.0111,0.017791988372093025,0.5560892
2,0.04975,10.14433,0.11795732558139535,146.7812,0.01706758139534884,0.5261142
2,0.05,-0.1394423,-0.001621422093023256,140.8798,0.016381372093023254,0.4957582
2,0.05025,-10.66582,-0.12402116279069769,134.9897,0.015696476744186047,0.4650791
2,0.0505,-20.71103,-0.24082593023255816,129.0297,0.015003453488372093,0.4342405
2,0.05075,-31.3853,-0.36494534883720936,123.0533,0.014308523255813953,0.4032217
2,0.051,-41.94308,-0.48771023255813956,117.1867,0.01362636046511628,0.3719775
2,0.05125,-52.0982,-0.605793023255814,111.2445,0.012935406976744186,0.3405003
2,0.0515,-62.65496,-0.728546046511628,105.2125,0.01223401162790698,0.3088738
2,0.05175,-72.99647,-0.8487961627906977,99.09557,0.011522740697674418,0.2771359
2,0.052,-83.04979,-0.9656952325581396,93.2366,0.01084146511627907,0.2452418
2,0.05225,-93.30165,-1.0849029069767442,87.29033,0.010150038372093023,0.2132371
2,0.0525,-103.6649,-1.2054058139534884,81.17139,0.009438533720930233,0.1811936
2,0.05275,-113.9872,-1.3254325581395352,75.13125,0.008736191860465117,0.1490944
2,0.053,-124.233,-1.4445697674418607,69.16398,0.008042323255813954,0.116856
2,0.05325,-134.7675,-1.5670639534883724,63.20486,0.007349402325581395,0.08452776
2,0.0535,-144.3391,-1.678361627906977,57.22238,0.0066537651162790696,0.05214558
2,0.05375,-154.7566,-1.7994953488372094,51.22679,0.005956603488372093,0.01962119
2,0.054,-164.8838,-1.9172534883720933,45.36015,0.005274436046511627,-0.01301428
2,0.05425,-174.687,-2.031244186046512,39.4811,0.004590825581395348,-0.0457533
2,0.0545,-184.4764,-2.1450744186046515,33.58365,0.0039050755813953486,-0.07861526
2,0.05475,-194.8169,-2.2653127906976747,27.57855,0.003206808139534884,-0.1115615
2,0.055,-204.5622,-2.3786302325581397,21.48059,0.0024977430232558137,-0.1446179
2,0.05525,-213.9146,-2.4873790697674423,15.56763,0.0018101895348837207,-0.177807
2,0.0555,-223.7582,-2.6018395348837213,9.65061,0.001122163953488372,-0.2110297
2,0.05575,-232.7069,-2.7058941860465113,3.670975,0.00042685755813953486,-0.244313
2,0.056,-243.1446,-2.8272627906976746,-2.397963,-0.00027883290697674416,-0.2776898
2,0.05625,-252.6114,-2.9373418604651165,-8.493172,-0.0009875781395348837,-0.3110481
2,0.0565,-262.2291,-3.049175581395349,-14.62866,-0.0017010069767441859,-0.3443268
2,0.05675,-271.8479,-3.1610220930232558,-20.76235,-0.0024142267441860468,-0.3775757
2,0.057,-281.3157,-3.2711127906976745,-26.84316,-0.0031212976744186046,-0.4108439
2,0.05725,-290.4928,-3.3778232558139534,-32.95338,-0.0038317883720930235,-0.4440133
2,0.0575,-300.3425,-3.4923546511627905,-39.24981,-0.004563931395348837,-0.4770655
2,0.05775,-309.6037,-3.600043023255814,-45.35278,-0.005273579069767442,-0.5100857
2,0.058,-318.5088,-3.703590697674419,-51.49586,-0.005987890697674419,-0.5430134
2,0.05825,-328.3939,-3.8185337209302324,-57.72913,-0.006712689534883721,-0.5758206
2,0.0585,-337.3644,-3.9228418604651165,-64.18443,-0.00746330581395349,-0.6084671
2,0.05875,-346.3059,-4.026812790697675,-70.47464,-0.008194725581395348,-0.6409894
2,0.059,-354.9674,-4.127527906976745,-76.57523,-0.008904096511627907,-0.6734702
2,0.05925,-363.7272,-4.229386046511627,-82.83216,-0.009631646511627907,-0.7057687
2,0.0595,-372.2965,-4.329029069767442,-89.39183,-0.010394398837209303,-0.7378593
2,0.05975,-380.2352,-4.421339534883721,-95.63424,-0.011120260465116279,-0.769772
2,0.06,-388.8019,-4.520952325581396,-101.6052,-0.011814558139534883,-0.8014833
2,0.06025,-396.5198,-4.6106953488372096,-107.7738,-0.012531837209302324,-0.8329721
2,0.0605,-405.4032,-4.7139906976744195,-114.0144,-0.013257488372093023,-0.8642292
2,0.06075,-413.6255,-4.809598837209302,-120.1735,-0.013973662790697675,-0.8952615
2,0.061,-420.4971,-4.8895011627906975,-125.9498,-0.01464532558139535,-0.926054
2,0.06125,-429.4564,-4.993679069767443,-131.685,-0.015312209302325581,-0.956604
2,0.0615,-436.8698,-5.0798813953488375,-137.7115,-0.01601296511627907,-0.9868785
2,0.06175,-444.6232,-5.170037209302326,-143.6677,-0.016705546511627905,-1.016971
2,0.062,-452.4753,-5.261340697674419,-149.287,-0.017358953488372093,-1.046805
2,0.06225,-459.8787,-5.347426744186047,-154.729,-0.017991744186046512,-1.076311
2,0.0625,-467.4785,-5.435796511627907,-160.2802,-0.018637232558139538,-1.105598
2,0.06275,-474.5897,-5.51848488372093,-166.0249,-0.01930522093023256,-1.134692
2,0.063,-481.8517,-5.602926744186046,-171.3674,-0.019926441860465115,-1.163526
2,0.06325,-489.0834,-5.687016279069768,-176.3469,-0.020505453488372093,-1.192004
2,0.0635,-495.7609,-5.7646616279069764,-181.6124,-0.021117720930232557,-1.220083
2,0.06375,-502.475,-5.842732558139535,-186.9732,-0.02174106976744186,-1.247858
2,0.064,-509.4589,-5.9239406976744196,-192.0762,-0.022334441860465116,-1.275382
2,0.06425,-515.5895,-5.995226744186048,-196.7988,-0.022883581395348837,-1.302477
2,0.0645,-522.3673,-6.074038372093024,-201.6273,-0.02344503488372093,-1.329112
2,0.06475,-528.8479,-6.1493941860465124,-206.6337,-0.024027174418604653,-1.35532
2,0.065,-534.4117,-6.214089534883721,-211.437,-0.024585697674418604,-1.381104
2,0.06525,-540.7782,-6.288118604651163,-215.8816,-0.025102511627906974,-1.406403
2,0.0655,-547.1712,-6.362455813953489,-220.2208,-0.025607069767441863,-1.431162
2,0.06575,-552.7593,-6.4274337209302335,-224.6304,-0.026119813953488374,-1.455456
2,0.066,-558.3828,-6.492823255813954,-229.087,-0.02663802325581395,-1.47934
2,0.06625,-563.6533,-6.5541081395348835,-233.3472,-0.02713339534883721,-1.502794
2,0.0665,-569.1994,-6.618597674418605,-237.261,-0.02758848837209302,-1.525749
2,0.06675,-573.9913,-6.674317441860466,-241.1874,-0.028045046511627904,-1.548215
2,0.067,-578.8425,-6.730726744186047,-245.2904,-0.028522139534883723,-1.570206
2,0.06725,-583.641,-6.786523255813953,-249.149,-0.02897081395348837,-1.591687
2,0.0675,-588.5139,-6.843184883720931,-252.6099,-0.029373244186046515,-1.612722
2,0.06775,-592.4914,-6.889434883720931,-255.9874,-0.029765976744186046,-1.63332
2,0.068,-597.6206,-6.949076744186047,-259.5503,-0.03018026744186046,-1.653391
2,0.06825,-600.9588,-6.987893023255814,-263.1688,-0.03060102325581395,-1.672923
2,0.0685,-605.5071,-7.040780232558141,-266.3358,-0.03096927906976744,-1.691969
2,0.06875,-609.2004,-7.083725581395349,-269.2346,-0.0313063488372093,-1.710409
2,0.069,-613.029,-7.128244186046512,-271.9889,-0.03162661627906977,-1.728238
2,0.06925,-616.8312,-7.172455813953488,-275.235,-0.03200406976744186,-1.745676
2,0.0695,-620.7641,-7.218187209302326,-278.2236,-0.032351581395348834,-1.762625
2,0.06975,-623.7904,-7.253376744186046,-280.5904,-0.03262679069767442,-1.778981
2,0.07,-627.2133,-7.293177906976744,-282.8998,-0.03289532558139535,-1.794784
2,0.07025,-630.6538,-7.333183720930234,-285.641,-0.033214069767441866,-1.810022
2,0.0705,-633.3043,-7.364003488372093,-288.3132,-0.03352479069767442,-1.824689
2,0.07075,-636.3422,-7.399327906976745,-290.4758,-0.033776255813953486,-1.838803
2,0.071,-639.2333,-7.43294534883721,-292.2947,-0.03398775581395348,-1.852408
2,0.07125,-641.8412,-7.463269767441861,-294.5327,-0.03424798837209302,-1.865438
2,0.0715,-644.1057,-7.489601162790698,-296.9344,-0.03452725581395349,-1.877845
2,0.07175,-646.1555,-7.513436046511628,-298.7439,-0.03473766279069767,-1.889622
2,0.072,-647.5215,-7.52931976744186,-300.1257,-0.03489833720930233,-1.900785
2,0.07225,-649.6128,-7.553637209302327,-301.9202,-0.035107000000000006,-1.911386
2,0.0725,-651.3921,-7.574326744186047,-303.9068,-0.035338,-1.921328
2,0.07275,-653.029,-7.593360465116279,-305.4931,-0.0355224534883721,-1.930574
2,0.073,-654.9339,-7.615510465116279,-306.4443,-0.035633058139534886,-1.939226
2,0.07325,-655.6998,-7.624416279069768,-307.6773,-0.03577643023255814,-1.947259
2,0.0735,-656.4463,-7.633096511627906,-309.2677,-0.03596136046511628,-1.954674
2,0.07375,-656.9422,-7.638862790697674,-310.6221,-0.036118848837209304,-1.961506
2,0.074,-658.0706,-7.651983720930233,-311.2242,-0.03618886046511628,-1.967766
2,0.07425,-658.3477,-7.655205813953489,-311.9349,-0.036271500000000005,-1.973466
2,0.0745,-658.8532,-7.661083720930233,-312.9679,-0.03639161627906976,-1.978611
2,0.07475,-659.1312,-7.6643162790697685,-313.9395,-0.036504593023255816,-1.983249
2,0.075,-659.0725,-7.663633720930233,-314.4404,-0.036562837209302326,-1.987373
2,0.07525,-658.4753,-7.6566895348837205,-314.719,-0.03659523255813953,-1.990925
2,0.0755,-658.372,-7.655488372093023,-315.1944,-0.03665051162790697,-1.993917
2,0.07575,-657.8685,-7.649633720930233,-315.8652,-0.036728511627906975,-1.996453
2,0.076,-657.0232,-7.639804651162791,-316.2116,-0.036768790697674414,-1.998457
2,0.07625,-656.2544,-7.630865116279071,-316.167,-0.03676360465116279,-1.999874
2,0.0765,-655.0322,-7.616653488372093,-316.1739,-0.036764406976744185,-2.000777
2,0.07675,-654.6083,-7.611724418604652,-316.3585,-0.03678587209302325,-2.001191
2,0.077,-653.3056,-7.596576744186047,-316.4904,-0.03680120930232558,-2.001103
2,0.07725,-652.1751,-7.583431395348838,-316.3222,-0.0367816511627907,-2.000465
2,0.0775,-650.101,-7.559313953488373,-316.0414,-0.036749,-1.999312
2,0.07775,-648.8485,-7.54475,-315.6387,-0.03670217441860465,-1.997706
2,0.078,-646.9471,-7.52264069767442,-315.4756,-0.03668320930232558,-1.995685
2,0.07825,-644.6563,-7.496003488372094,-315.2709,-0.036659406976744184,-1.993167
2,0.0785,-642.8688,-7.475218604651164,-314.768,-0.036600930232558136,-1.990141
2,0.07875,-640.3334,-7.445737209302326,-314.0696,-0.036519720930232556,-1.986791
2,0.079,-638.5095,-7.424529069767443,-313.5976,-0.036464837209302325,-1.983088
2,0.07925,-635.1342,-7.385281395348837,-313.2215,-0.03642110465116279,-1.97886
2,0.0795,-632.4392,-7.353944186046512,-312.5902,-0.0363476976744186,-1.974222
2,0.07975,-629.2093,-7.3163872093023254,-311.6349,-0.03623661627906977,-1.969211
2,0.08,-626.1121,-7.280373255813955,-310.8091,-0.03614059302325582,-1.963755
2,0.08025,-622.5915,-7.239436046511629,-310.2474,-0.036075279069767444,-1.957941
2,0.0805,-619.1246,-7.199123255813953,-309.5462,-0.03599374418604651,-1.951733
2,0.08075,-615.2135,-7.153645348837209,-308.3761,-0.03585768604651163,-1.945072
2,0.081,-611.1874,-7.106830232558141,-307.0371,-0.03570198837209302,-1.938007
2,0.08125,-607.5037,-7.0639965116279075,-306.1117,-0.03559438372093023,-1.930672
2,0.0815,-603.0532,-7.012246511627907,-305.2947,-0.035499383720930235,-1.923004
2,0.08175,-599.2327,-6.967822093023257,-303.916,-0.03533906976744186,-1.914933
2,0.082,-594.7782,-6.916025581395349,-302.3308,-0.03515474418604651,-1.906528
2,0.08225,-589.8348,-6.858544186046512,-301.0709,-0.035008244186046505,-1.897773
2,0.0825,-585.3595,-6.806505813953489,-299.9366,-0.0348763488372093,-1.888666
2,0.08275,-580.797,-6.753453488372093,-298.5363,-0.03471352325581395,-1.879217
2,0.083,-575.7868,-6.695195348837209,-296.6418,-0.03449323255813953,-1.869424
2,0.08325,-570.7295,-6.6363895348837225,-294.9237,-0.03429345348837209,-1.859245
2,0.0835,-565.2002,-6.57209534883721,-293.5962,-0.034139093023255816,-1.848654
2,0.08375,-560.1469,-6.513336046511628,-292.1024,-0.033965395348837205,-1.837713
2,0.084,-554.6135,-6.448994186046512,-290.0401,-0.03372559302325581,-1.826412
2,0.08425,-548.8527,-6.382008139534884,-287.8194,-0.03346737209302325,-1.814663
2,0.0845,-542.6082,-6.309397674418606,-286.0036,-0.03325623255813953,-1.802476
2,0.08475,-536.7329,-6.24108023255814,-284.258,-0.03305325581395349,-1.789907
2,0.085,-531.0835,-6.175389534883721,-282.1213,-0.0328048023255814,-1.776929
2,0.08525,-525.0755,-6.105529069767443,-279.6327,-0.03251543023255814,-1.76349
2,0.0855,-518.1994,-6.025574418604651,-277.2501,-0.03223838372093023,-1.749601
2,0.08575,-512.2887,-5.956845348837208,-275.0798,-0.03198602325581395,-1.735339
2,0.086,-506.0006,-5.883727906976745,-272.8195,-0.031723197674418606,-1.720718
2,0.08625,-498.927,-5.801476744186048,-270.0951,-0.03140640697674418,-1.705713
2,0.0865,-492.2054,-5.723318604651163,-267.271,-0.031078023255813957,-1.690326
2,0.08675,-484.8273,-5.637526744186047,-264.8265,-0.030793779069767442,-1.674552
2,0.087,-477.8606,-5.5565186046511625,-262.3944,-0.030510976744186045,-1.658387
2,0.08725,-470.5615,-5.47164534883721,-259.3702,-0.030159325581395353,-1.641845
2,0.0875,-463.262,-5.386767441860465,-256.1135,-0.02978063953488372,-1.624897
2,0.08775,-455.4459,-5.295882558139535,-253.0719,-0.02942696511627907,-1.60757
2,0.088,-447.6069,-5.204731395348837,-250.3649,-0.029112197674418604,-1.589987
2,0.08825,-440.2502,-5.119188372093023,-247.3059,-0.028756499999999997,-1.572037
2,0.0885,-432.0339,-5.023650000000001,-243.6971,-0.028336872093023255,-1.553645
2,0.08875,-424.0445,-4.930750000000001,-240.0403,-0.027911662790697674,-1.534904
2,0.089,-416.3145,-4.840866279069768,-236.778,-0.02753232558139535,-1.515763
2,0.08925,-407.931,-4.7433837209302325,-233.5023,-0.02715143023255814,-1.496241
2,0.0895,-399.9802,-4.6509325581395355,-229.674,-0.02670627906976744,-1.476396
2,0.08975,-391.8611,-4.556524418604652,-225.4751,-0.02621803488372093,-1.456229
2,0.09,-382.7747,-4.450868604651163,-221.7861,-0.025789081395348835,-1.435719
2,0.09025,-374.8112,-4.35826976744186,-218.3328,-0.025387534883720933,-1.414836
2,0.0905,-366.8922,-4.266188372093024,-214.4553,-0.024936662790697672,-1.39357
2,0.09075,-358.1031,-4.16398953488372,-209.8559,-0.024401848837209302,-1.371968
2,0.091,-349.0415,-4.058622093023256,-205.4942,-0.023894674418604652,-1.350045
2,0.09125,-339.9373,-3.952759302325582,-201.751,-0.023459418604651165,-1.327764
2,0.0915,-332.1141,-3.8617918604651167,-197.7031,-0.022988732558139536,-1.305133
2,0.09175,-322.6939,-3.7522546511627906,-192.9825,-0.022439825581395345,-1.282135
2,0.092,-313.2281,-3.6421872093023255,-188.2131,-0.02188524418604651,-1.258778
2,0.09225,-303.7486,-3.5319604651162795,-183.834,-0.02137604651162791,-1.235038
2,0.0925,-294.7225,-3.427005813953489,-179.5847,-0.020881941860465117,-1.210886
2,0.09275,-285.4274,-3.3189232558139534,-174.706,-0.020314651162790697,-1.18636
2,0.093,-276.1303,-3.2108174418604647,-169.4183,-0.019699802325581394,-1.161471
2,0.09325,-266.5515,-3.0994360465116277,-164.3833,-0.019114337209302328,-1.136219
2,0.0935,-256.8046,-2.9861000000000004,-159.7399,-0.018574406976744187,-1.110662
2,0.09375,-246.6703,-2.8682593023255816,-154.7585,-0.01799517441860465,-1.084791
2,0.094,-237.7272,-2.764269767441861,-149.1981,-0.017348616279069768,-1.058634
2,0.09425,-227.8962,-2.6499558139534884,-143.7906,-0.016719837209302327,-1.032211
2,0.0945,-217.8627,-2.5332872093023258,-138.8698,-0.016147651162790697,-1.005509
2,0.09475,-208.0211,-2.41885,-133.7875,-0.015556686046511628,-0.9785199
2,0.095,-198.3502,-2.3063976744186045,-128.1064,-0.014896093023255815,-0.951255
2,0.09525,-188.4067,-2.190775581395349,-122.2678,-0.014217186046511628,-0.9237691
2,0.0955,-178.5231,-2.0758500000000004,-116.8645,-0.013588895348837211,-0.8960669
2,0.09575,-168.2459,-1.9563476744186048,-111.8043,-0.013000499999999998,-0.8681501
2,0.096,-157.796,-1.8348372093023255,-106.1412,-0.012342,-0.8400007
2,0.09625,-147.9038,-1.7198116279069768,-100.0574,-0.011634581395348837,-0.8115105
2,0.0965,-137.7983,-1.6023058139534887,-94.11934,-0.01094410930232558,-0.7826649
2,0.09675,-128.4125,-1.493168604651163,-88.64776,-0.010307879069767443,-0.7536257
2,0.097,-117.761,-1.369313953488372,-83.02013,-0.009653503488372092,-0.724423
2,0.09725,-107.8024,-1.2535162790697676,-76.74263,-0.008923561627906978,-0.6949514
2,0.0975,-97.78307,-1.137012441860465,-70.58001,-0.008206977906976744,-0.665174
2,0.09775,-87.52412,-1.0177223255813954,-64.86728,-0.007542706976744186,-0.6351955
2,0.098,-77.36799,-0.8996277906976745,-59.29691,-0.0068949895348837205,-0.6050616
2,0.09825,-67.00571,-0.7791361627906976,-53.32736,-0.006200855813953488,-0.5746776
2,0.0985,-56.83084,-0.6608237209302327,-46.97153,-0.005461805813953488,-0.5439876
2,0.09875,-46.44881,-0.5401024418604652,-40.87743,-0.004753189534883721,-0.5130929
2,0.099,-36.27039,-0.4217487209302326,-35.47699,-0.004125231395348837,-0.4820898
2,0.09925,-25.7268,-0.29914883720930235,-29.75048,-0.0034593581395348837,-0.450893
2,0.0995,-15.43543,-0.17948174418604654,-23.42594,-0.0027239465116279072,-0.4194002
2,0.09975,-4.66037,-0.054190348837209315,-17.22162,-0.0020025139534883725,-0.3876925
2,0.1,3.683036,0.042826,-11.9721,-0.0013921046511627905,-0.3606909
3,0.0,5.397808,0.0627652093023256,0.0,0.0,-0.4571563
3,0.00025,17.08526,0.1986658139534884,7.52658,0.0008751837209302325,-0.4172614
3,0.0005,30.18916,0.3510367441860466,14.96899,0.0017405802325581397,-0.3770593
3,0.00075,42.36214,0.49258302325581393,22.5242,0.002619093023255814,-0.3366042
3,0.001,54.59235,0.6347947674418606,30.2922,0.003522348837209302,-0.2960971
3,0.00125,66.63971,0.7748803488372094,38.22082,0.0044442813953488374,-0.2554629
3,0.0015,78.26416,0.9100483720930235,46.14961,0.005366233720930233,-0.2145785
3,0.00175,90.49842,1.0523072093023256,53.79383,0.006255096511627907,-0.1735201
3,0.002,103.2918,1.2010674418604652,61.65772,0.0071695023255813955,-0.1323486
3,0.00225,115.2409,1.3400104651162792,69.64561,0.008098326744186047,-0.09104406
3,0.0025,127.1085,1.4780058139534886,77.54393,0.009016736046511629,-0.04953217
3,0.00275,139.2293,1.6189453488372094,85.2516,0.009912976744186047,-0.007820859
3,0.003,150.7089,1.7524290697674418,93.05769,0.010820661627906975,0.03396168
3,0.00325,162.9305,1.8945406976744186,101.0839,0.011753941860465116,0.07579523
3,0.0035,174.5631,2.0298034883720932,108.9346,0.012666813953488372,0.1177738
3,0.00375,186.6302,2.170118604651163,116.625,0.013561046511627909,0.1598844
3,0.004,198.1857,2.30448488372093,124.4009,0.014465220930232559,0.2019906
3,0.00425,210.0092,2.4419674418604655,132.308,0.015384651162790697,0.2440384
3,0.0045,222.0763,2.5822825581395352,140.2796,0.016311581395348836,0.2861371
3,0.00475,233.5666,2.7158906976744186,148.1041,0.017221406976744184,0.3282718
3,0.005,244.8704,2.8473302325581393,155.6639,0.018100453488372095,0.3703301
3,0.00525,256.387,2.9812441860465118,163.4257,0.019002988372093025,0.4122473
3,0.0055,267.826,3.114255813953489,171.2723,0.019915383720930234,0.4541032
3,0.00575,279.5705,3.2508197674418606,179.0976,0.020825302325581396,0.4959822
3,0.006,291.116,3.385069767441861,186.7384,0.021713767441860467,0.537717
3,0.00625,302.321,3.5153604651162795,194.4286,0.022607976744186044,0.5792509
3,0.0065,313.3377,3.643461627906977,202.4509,0.023540802325581395,0.6206532
3,0.00675,324.7084,3.775679069767442,210.2364,0.024446093023255813,0.6619124
3,0.007,335.2429,3.8981732558139544,217.7079,0.02531487209302325,0.7030347
3,0.00725,346.2322,4.025955813953488,225.2949,0.026197081395348838,0.7439754
3,0.0075,357.0473,4.151712790697675,233.1543,0.02711096511627907,0.7847277
3,0.00775,367.5772,4.274153488372093,241.055,0.0280296511627907,0.8253453
3,0.008,377.5869,4.390545348837209,248.6499,0.02891277906976744,0.8657218
3,0.00825,387.6382,4.507420930232558,256.0484,0.029773069767441863,0.9057918
3,0.0085,397.9539,4.627370930232558,263.6468,0.03065660465116279,0.9456502
3,0.00875,408.577,4.75089534883721,271.4971,0.03156943023255814,0.9853433
3,0.009,418.8274,4.870086046511628,279.1526,0.03245960465116279,1.024727
3,0.00925,429.6434,4.995853488372093,286.3919,0.03330138372093023,1.063756
3,0.0095,438.9912,5.104548837209302,294.0163,0.034187941860465115,1.102517
3,0.00975,449.0658,5.22169534883721,301.7674,0.03508923255813953,1.141034
3,0.01,459.0259,5.337510465116279,309.2149,0.03595522093023256,1.179268
3,0.01025,468.747,5.450546511627907,316.392,0.036789767441860466,1.217124
3,0.0105,478.5663,5.564724418604652,323.7053,0.0376401511627907,1.254651
3,0.01075,488.4185,5.67928488372093,331.3033,0.03852363953488372,1.291848
3,0.011,497.7329,5.787591860465116,338.794,0.0393946511627907,1.328664
3,0.01125,507.1683,5.897305813953489,345.7949,0.040208709302325576,1.365024
3,0.0115,515.9113,5.998968604651163,352.6945,0.04101098837209302,1.40095
3,0.01175,525.2024,6.107004651162791,359.7842,0.04183537209302326,1.43659
3,0.012,534.3177,6.212996511627908,366.9147,0.042664499999999994,1.471779
3,0.01225,542.2685,6.3054476744186045,373.6391,0.043446406976744185,1.50634
3,0.0125,550.9579,6.406487209302326,380.2665,0.04421703488372093,1.540354
3,0.01275,559.3408,6.503962790697674,386.9123,0.0449898023255814,1.57386
3,0.013,567.8123,6.602468604651164,393.347,0.045738023255813956,1.606786
3,0.01325,576.2459,6.700533720930233,399.5341,0.046457453488372095,1.639181
3,0.0135,584.5417,6.796996511627907,405.6782,0.04717188372093023,1.671126
3,0.01375,592.8238,6.8933,411.7823,0.04788166279069767,1.702536
3,0.014,599.9025,6.975610465116279,417.6598,0.04856509302325582,1.733261
3,0.01425,606.9498,7.057555813953488,423.3109,0.0492221976744186,1.763467
3,0.0145,614.5066,7.14542558139535,428.8218,0.049863000000000005,1.793266
3,0.01475,622.0214,7.232806976744187,434.2086,0.05048937209302326,1.822513
3,0.015,629.602,7.320953488372093,439.4123,0.05109445348837209,1.851131
3,0.01525,636.2761,7.398559302325582,444.6164,0.05169958139534884,1.879167
3,0.0155,643.1177,7.478112790697676,449.6317,0.052282755813953495,1.906742
3,0.01575,649.5729,7.553173255813954,454.5627,0.052856127906976746,1.9338
3,0.016,655.936,7.6271627906976756,459.3381,0.05341140697674419,1.960227
3,0.01625,662.4839,7.703301162790698,463.9686,0.05394983720930232,1.986029
3,0.0165,668.5015,7.773273255813954,468.5708,0.05448497674418605,2.011352
3,0.01675,674.9136,7.847832558139536,473.0564,0.05500655813953488,2.036139
3,0.017,680.7286,7.915448837209303,477.3175,0.05550203488372093,2.060214
3,0.01725,686.5715,7.983389534883721,481.4153,0.055978523255813956,2.083658
3,0.0175,691.4515,8.040133720930234,485.5262,0.056456534883720925,2.106531
3,0.01775,697.3552,8.108781395348837,489.4764,0.056915860465116284,2.128783
3,0.018,703.0117,8.174554651162792,493.0852,0.05733548837209302,2.150371
3,0.01825,707.917,8.231593023255815,496.6635,0.057751569767441856,2.171333
3,0.0185,713.2093,8.293131395348837,500.369,0.05818244186046512,2.191682
3,0.01875,718.0255,8.349133720930233,504.0594,0.058611558139534885,2.2114
3,0.019,722.82,8.404883720930235,507.1955,0.058976220930232554,2.230449
3,0.01925,726.4383,8.446956976744186,510.0998,0.05931393023255815,2.248803
3,0.0195,731.2925,8.503401162790698,513.2554,0.05968086046511628,2.266583
3,0.01975,734.5842,8.541676744186047,516.4188,0.06004869767441861,2.283693
3,0.02,738.1676,8.583344186046512,519.3691,0.060391755813953486,2.300031
3,0.02025,742.3644,8.632144186046514,521.824,0.06067720930232558,2.315732
3,0.0205,745.7143,8.671096511627908,524.3646,0.06097262790697674,2.330846
3,0.02075,748.3308,8.701520930232558,527.0947,0.06129008139534883,2.345286
3,0.021,751.4371,8.737640697674419,529.5503,0.06157561627906977,2.359003
3,0.02125,754.0289,8.767777906976745,531.6879,0.061824174418604654,2.372085
3,0.0215,756.7295,8.799180232558141,533.7782,0.062067232558139535,2.384587
3,0.02175,759.2452,8.828432558139536,536.0568,0.06233218604651162,2.396482
3,0.022,761.6627,8.856543023255814,538.1069,0.06257056976744187,2.407686
3,0.02225,763.7271,8.880547674418604,539.8149,0.06276917441860465,2.418215
3,0.0225,765.631,8.902686046511628,541.4375,0.0629578488372093,2.428205
3,0.02275,768.0718,8.931067441860467,543.2308,0.06316637209302325,2.437652
3,0.023,769.3821,8.946303488372093,545.0464,0.06337748837209302,2.446454
3,0.02325,770.4731,8.958989534883722,546.472,0.06354325581395348,2.454619
3,0.0235,772.264,8.979813953488373,547.6711,0.06368268604651163,2.462223
3,0.02375,772.6231,8.983989534883722,549.0011,0.06383733720930232,2.469273
3,0.024,773.6249,8.995638372093024,550.3403,0.06399305813953488,2.475657
3,0.02425,774.2479,9.002882558139536,551.4481,0.06412187209302325,2.481377
3,0.0245,774.4424,9.005144186046513,552.3546,0.06422727906976744,2.486552
3,0.02475,774.9788,9.011381395348836,553.0926,0.0643130930232558,2.49118
3,0.025,775.0644,9.012376744186048,553.9996,0.06441855813953487,2.495153
3,0.02525,774.919,9.010686046511628,554.6772,0.0644973488372093,2.498445
3,0.0255,774.4191,9.004873255813955,555.0877,0.06454508139534884,2.501203
3,0.02575,774.134,9.001558139534886,555.3991,0.06458129069767442,2.503426
3,0.026,773.7511,8.997105813953489,555.9614,0.06464667441860465,2.505052
3,0.02625,772.423,8.981662790697676,556.5505,0.06471517441860465,2.506115
3,0.0265,771.9029,8.97561511627907,556.695,0.06473197674418606,2.506627
3,0.02675,770.4442,8.958653488372095,556.5062,0.06471002325581396,2.506607
3,0.027,768.671,8.938034883720931,556.3997,0.06469763953488372,2.506093
3,0.02725,766.9378,8.91788139534884,556.6273,0.0647241046511628,2.505064
3,0.0275,764.3982,8.888351162790697,556.7219,0.06473510465116279,2.503567
3,0.02775,762.6534,8.868062790697675,556.3876,0.06469623255813954,2.501649
3,0.028,760.3888,8.84173023255814,555.9847,0.06464938372093022,2.499242
3,0.02825,757.7298,8.810811627906975,555.7031,0.06461663953488371,2.496349
3,0.0285,754.6691,8.775222093023256,555.4324,0.06458516279069768,2.49308
3,0.02875,751.7816,8.74164651162791,554.8803,0.06452096511627908,2.489435
3,0.029,748.7254,8.706109302325581,554.1847,0.06444008139534885,2.485311
3,0.02925,745.7255,8.671226744186047,553.5263,0.06436352325581396,2.480779
3,0.0295,742.1593,8.629759302325583,552.991,0.06430127906976744,2.475903
3,0.02975,739.016,8.593209302325581,552.1318,0.06420137209302326,2.470655
3,0.03,735.1854,8.548667441860465,551.0296,0.06407320930232557,2.46499
3,0.03025,731.2176,8.50253023255814,549.9992,0.0639533953488372,2.458976
3,0.0305,727.3267,8.457287209302326,549.2709,0.06386870930232558,2.452629
3,0.03075,723.9256,8.417739534883722,548.1889,0.06374289534883722,2.445906
3,0.031,719.3535,8.364575581395352,546.8649,0.06358894186046513,2.43878
3,0.03125,714.6969,8.310429069767443,545.4224,0.06342120930232559,2.431177
3,0.0315,709.5879,8.251022093023257,544.223,0.0632817441860465,2.423222
3,0.03175,705.0427,8.198170930232559,542.9198,0.06313020930232557,2.414921
3,0.032,699.3457,8.131926744186046,541.0939,0.0629178953488372,2.406195
3,0.03225,694.3097,8.073368604651163,539.3862,0.06271932558139535,2.397048
3,0.0325,689.6104,8.01872558139535,537.7248,0.06252613953488372,2.387523
3,0.03275,683.0165,7.942052325581395,535.9441,0.06231908139534884,2.377651
3,0.033,677.3731,7.876431395348838,533.8435,0.06207482558139534,2.367282
3,0.03325,671.6559,7.809952325581396,531.539,0.06180686046511627,2.356453
3,0.0335,665.4924,7.738283720930233,529.3685,0.06155447674418605,2.345308
3,0.03375,659.298,7.666255813953489,527.2786,0.061311465116279065,2.333799
3,0.034,652.3921,7.585954651162791,525.0524,0.06105260465116279,2.321789
3,0.03425,645.7545,7.508773255813955,522.4319,0.06074789534883722,2.309378
3,0.0345,639.0344,7.430632558139536,519.6988,0.06043009302325582,2.29669
3,0.03475,632.2317,7.351531395348839,517.144,0.06013302325581396,2.283587
3,0.035,624.9125,7.266424418604652,514.6209,0.05983963953488372,2.270029
3,0.03525,617.6479,7.181952325581396,511.8907,0.05952217441860465,2.256096
3,0.0355,609.6848,7.089358139534885,508.8435,0.0591678488372093,2.241803
3,0.03575,603.0392,7.012083720930233,505.7861,0.058812337209302325,2.22706
3,0.036,594.8285,6.916610465116279,502.7698,0.05846160465116279,2.211924
3,0.03625,586.5038,6.819811627906977,499.7441,0.05810977906976745,2.196436
3,0.0365,578.5352,6.727153488372094,496.3477,0.057714848837209294,2.180599
3,0.03675,570.8943,6.638305813953489,492.7908,0.05730125581395348,2.164353
3,0.037,562.5337,6.541089534883721,489.426,0.05691,2.14759
3,0.03725,553.8991,6.440687209302326,485.9908,0.056510558139534886,2.130415
3,0.0375,545.5025,6.343052325581397,482.4261,0.05609605813953489,2.112891
3,0.03775,537.5328,6.250381395348837,478.549,0.05564523255813953,2.09493
3,0.038,528.217,6.142058139534884,474.6779,0.05519510465116279,2.076511
3,0.03825,519.6933,6.04294534883721,470.8334,0.054748069767441856,2.0577
3,0.0385,511.514,5.947837209302326,466.9782,0.05429979069767442,2.038489
3,0.03875,502.0634,5.837946511627907,462.8096,0.05381506976744186,2.018842
3,0.039,492.711,5.729197674418605,458.4924,0.05331306976744186,1.998726
3,0.03925,483.0381,5.616722093023256,454.2013,0.052814104651162784,1.978169
3,0.0395,473.6351,5.50738488372093,449.8955,0.05231343023255814,1.957249
3,0.03975,464.4398,5.4004627906976745,445.4553,0.05179712790697675,1.93589
3,0.04,454.2082,5.2814906976744185,440.7029,0.051244523255813954,1.913981
3,0.04025,443.9629,5.162359302325582,435.878,0.05068348837209303,1.891636
3,0.0405,433.9005,5.045354651162791,431.2368,0.050143813953488374,1.868958
3,0.04075,423.6729,4.926429069767442,426.45,0.04958720930232558,1.845842
3,0.041,413.067,4.803104651162791,421.289,0.04898709302325581,1.822205
3,0.04125,403.0578,4.686718604651164,416.063,0.048379418604651156,1.798152
3,0.0415,392.1541,4.559931395348838,411.0911,0.04780129069767442,1.773772
3,0.04175,381.8455,4.440063953488373,406.0392,0.047213860465116275,1.749023
3,0.042,371.1327,4.315496511627908,400.5116,0.04657111627906976,1.723767
3,0.04225,360.621,4.193267441860465,394.8328,0.04591079069767442,1.698072
3,0.0425,350.1747,4.071798837209302,389.3155,0.04526924418604651,1.672082
3,0.04275,339.5496,3.9482511627906978,384.168,0.04467069767441861,1.645705
3,0.043,328.0224,3.8142139534883723,378.6491,0.044028965116279066,1.61889
3,0.04325,317.2594,3.689062790697675,372.6756,0.04333437209302325,1.591653
3,0.0435,305.8634,3.556551162790698,366.6891,0.042638267441860465,1.564052
3,0.04375,295.0762,3.4311186046511626,361.0678,0.04198462790697674,1.536128
3,0.044,283.7592,3.2995255813953497,355.4069,0.04132638372093023,1.507725
3,0.04425,272.1955,3.165063953488372,349.1834,0.04060272093023256,1.478789
3,0.0445,261.1976,3.0371813953488376,342.743,0.03985383720930233,1.449463
3,0.04475,250.1572,2.9088046511627907,336.7363,0.039155383720930234,1.419902
3,0.045,238.286,2.7707674418604653,330.8815,0.038474593023255815,1.389795
3,0.04525,226.5107,2.6338453488372098,324.5863,0.03774259302325581,1.35911
3,0.0455,214.7652,2.4972697674418605,317.8127,0.036954965116279076,1.328168
3,0.04575,203.4036,2.3651581395348837,311.4041,0.036209779069767446,1.296867
3,0.046,191.9564,2.232051162790698,305.4026,0.035511930232558137,1.265068
3,0.04625,180.2747,2.0962174418604653,299.0826,0.03477704651162791,1.232791
3,0.0465,168.5206,1.9595418604651165,292.1533,0.03397131395348837,1.200161
3,0.04675,156.5644,1.8205162790697678,285.4492,0.03319176744186047,1.16715
3,0.047,144.3342,1.6783046511627908,279.1978,0.03246486046511628,1.133746
3,0.04725,132.2914,1.538272093023256,272.7951,0.03172036046511628,1.099938
3,0.0475,120.3372,1.3992697674418606,265.9127,0.030920081395348836,1.065764
3,0.04775,108.0908,1.2568697674418607,258.8844,0.03010283720930233,1.03127
3,0.048,95.26246,1.107703023255814,252.4204,0.02935120930232558,0.9963647
3,0.04825,83.72057,0.973495,245.9701,0.02860117441860465,0.9610393
3,0.0485,71.0173,0.825782558139535,238.9557,0.027785546511627908,0.9254361
3,0.04875,59.19836,0.688353023255814,231.6492,0.02693595348837209,0.889551
3,0.049,46.86483,0.5449398837209302,224.9805,0.026160523255813955,0.8532549
3,0.04925,34.84634,0.40519,218.5237,0.025409732558139535,0.8166084
3,0.0495,22.51129,0.2617591860465116,211.5765,0.024601918604651163,0.7796824
3,0.04975,11.09653,0.12902941860465117,204.263,0.02375151162790698,0.7425415
3,0.05,-0.9822412,-0.011421409302325582,197.1433,0.022923639534883723,0.7050251
3,0.05025,-13.41251,-0.15595941860465118,190.3033,0.02212829069767442,0.6671254
3,0.0505,-25.07646,-0.2915867441860465,182.902,0.021267674418604648,0.6290097
3,0.05075,-36.81842,-0.42812116279069773,174.811,0.020326860465116278,0.5906756
3,0.051,-48.92909,-0.5689429069767442,167.2469,0.019447313953488372,0.5520385
3,0.05125,-61.44395,-0.714464534883721,160.1781,0.01862536046511628,0.5130265
3,0.0515,-73.30695,-0.8524063953488372,152.9925,0.01778982558139535,0.4738076
3,0.05175,-85.08588,-0.9893706976744187,145.0678,0.016868348837209304,0.4344617
3,0.052,-97.12615,-1.1293738372093023,137.1911,0.015952453488372095,0.3948631
3,0.05225,-109.3878,-1.2719511627906976,129.9474,0.015110162790697674,0.3549403
3,0.0525,-121.4523,-1.4122360465116282,122.7899,0.014277895348837208,0.3148549
3,0.05275,-133.2186,-1.5490534883720932,114.8854,0.013358767441860465,0.2746797
3,0.053,-145.4382,-1.6911418604651165,106.5306,0.012387279069767443,0.23429
3,0.05325,-156.3009,-1.8174523255813957,98.51561,0.011455303488372093,0.1937173
3,0.0535,-169.2397,-1.9679034883720932,91.23264,0.010608446511627907,0.1530725
3,0.05375,-181.1371,-2.1062453488372093,83.44004,0.00970233023255814,0.1122697
3,0.054,-193.11,-2.24546511627907,74.97152,0.008717618604651162,0.07124571
3,0.05425,-204.5663,-2.3786779069767445,66.69276,0.007754972093023257,0.03009127
3,0.0545,-216.0813,-2.5125732558139537,59.21334,0.006885272093023255,-0.01113067
3,0.05475,-227.6202,-2.6467465116279074,51.63176,0.006003693023255814,-0.05237386
3,0.055,-238.9423,-2.778398837209302,43.25669,0.005029847674418605,-0.09386583
3,0.05525,-250.5449,-2.913312790697675,34.67481,0.004031954651162791,-0.1356012
3,0.0555,-262.4444,-3.051679069767442,26.93585,0.0031320755813953488,-0.177301
3,0.05575,-273.7467,-3.183101162790698,19.50364,0.00226786511627907,-0.2190472
3,0.056,-284.89,-3.3126744186046513,11.39597,0.0013251127906976743,-0.2609522
3,0.05625,-296.6882,-3.4498627906976744,2.95384,0.0003434697674418605,-0.3030278
3,0.0565,-307.3863,-3.574259302325582,-4.862793,-0.0005654410465116279,-0.3451418
3,0.05675,-318.8724,-3.7078186046511634,-11.97212,-0.0013921069767441861,-0.3871489
3,0.057,-329.3208,-3.829311627906977,-19.35767,-0.0022508918604651163,-0.4291641
3,0.05725,-340.5907,-3.960356976744187,-27.42356,-0.0031887860465116273,-0.4712578
3,0.0575,-351.1677,-4.083345348837209,-35.22781,-0.004096256976744186,-0.5132909
3,0.05775,-361.764,-4.206558139534884,-42.20743,-0.004907840697674419,-0.5552447
3,0.058,-371.678,-4.321837209302326,-49.22849,-0.005724243023255814,-0.5971923
3,0.05825,-382.3113,-4.445480232558141,-56.88185,-0.006614168604651163,-0.6391028
3,0.0585,-392.8052,-4.567502325581396,-64.5373,-0.007504337209302325,-0.6808864
3,0.05875,-402.5739,-4.681091860465116,-71.5052,-0.008314558139534883,-0.7224745
3,0.059,-412.9098,-4.801276744186047,-78.15043,-0.009087259302325582,-0.7640148
3,0.05925,-423.0219,-4.918859302325582,-85.41775,-0.009932296511627907,-0.805537
3,0.0595,-433.2003,-5.037212790697675,-92.8913,-0.010801313953488373,-0.8468297
3,0.05975,-443.3636,-5.155390697674419,-99.84915,-0.011610366279069768,-0.8878468
3,0.06,-452.9443,-5.2667941860465115,-106.1548,-0.012343581395348838,-0.9287288
3,0.06025,-463.5583,-5.3902127906976744,-112.8043,-0.013116779069767442,-0.9695281
3,0.0605,-472.6984,-5.496493023255814,-119.8822,-0.013939790697674417,-1.010016
3,0.06075,-482.0503,-5.605236046511628,-126.8319,-0.01474789534883721,-1.050145
3,0.061,-491.4841,-5.714931395348838,-133.1044,-0.015477255813953487,-1.090132
3,0.06125,-501.1176,-5.826948837209303,-139.2478,-0.016191604651162792,-1.129946
3,0.0615,-510.163,-5.932127906976745,-145.863,-0.016960813953488373,-1.169371
3,0.06175,-519.4373,-6.039968604651164,-152.7031,-0.01775617441860465,-1.208417
3,0.062,-528.349,-6.143593023255815,-158.9938,-0.0184876511627907,-1.247198
3,0.06225,-536.855,-6.242500000000001,-164.851,-0.019168720930232558,-1.285722
3,0.0625,-545.6248,-6.344474418604652,-170.9575,-0.019878779069767444,-1.323899
3,0.06275,-554.0549,-6.442498837209302,-177.4909,-0.02063847674418605,-1.361674
3,0.063,-562.2316,-6.537576744186047,-183.821,-0.02137453488372093,-1.399145
3,0.06325,-570.5847,-6.634705813953489,-189.6466,-0.02205193023255814,-1.436378
3,0.0635,-578.7721,-6.729908139534885,-195.3901,-0.02271977906976744,-1.473199
3,0.06375,-585.7388,-6.810916279069767,-201.6533,-0.023448058139534884,-1.509487
3,0.064,-594.6465,-6.914494186046512,-208.1213,-0.024200151162790697,-1.545333
3,0.06425,-601.3291,-6.992198837209304,-214.1023,-0.02489561627906977,-1.580932
3,0.0645,-609.1285,-7.082889534883722,-219.6397,-0.0255395,-1.616113
3,0.06475,-616.4939,-7.168533720930234,-225.4739,-0.026217895348837207,-1.650624
3,0.065,-623.6268,-7.251474418604652,-231.774,-0.02695046511627907,-1.684626
3,0.06525,-630.1296,-7.327088372093023,-237.8241,-0.02765396511627907,-1.718097
3,0.0655,-637.2291,-7.409640697674419,-243.0438,-0.028260906976744184,-1.750933
3,0.06575,-643.7983,-7.486026744186048,-248.3238,-0.02887486046511628,-1.783168
3,0.066,-650.3107,-7.561752325581396,-254.2585,-0.029564941860465113,-1.814782
3,0.06625,-657.2592,-7.6425488372093024,-260.1324,-0.030247953488372094,-1.845781
3,0.0665,-662.6488,-7.705218604651164,-265.1882,-0.030835837209302323,-1.876164
3,0.06675,-668.3883,-7.771956976744186,-269.8005,-0.0313721511627907,-1.905923
3,0.067,-674.4652,-7.842618604651163,-275.0334,-0.03198062790697674,-1.935097
3,0.06725,-680.6429,-7.914452325581396,-280.7562,-0.03264606976744186,-1.963641
3,0.0675,-686.0871,-7.977756976744186,-285.7303,-0.033224453488372094,-1.991485
3,0.06775,-692.0176,-8.046716279069768,-289.8831,-0.03370733720930233,-2.018646
3,0.068,-697.1833,-8.106782558139535,-294.3277,-0.03422415116279069,-2.045174
3,0.06825,-702.4472,-8.16799069767442,-299.3015,-0.03480249999999999,-2.071067
3,0.0685,-706.9965,-8.220889534883721,-304.0791,-0.035358034883720926,-2.096275
3,0.06875,-711.9657,-8.278670930232558,-307.8424,-0.03579562790697675,-2.12077
3,0.069,-716.9207,-8.336287209302327,-311.385,-0.03620755813953488,-2.144567
3,0.06925,-721.5723,-8.39037558139535,-315.7199,-0.03671161627906976,-2.167693
3,0.0695,-725.1375,-8.431831395348837,-320.085,-0.03721918604651163,-2.190078
3,0.06975,-728.6935,-8.47318023255814,-323.6629,-0.037635220930232555,-2.211634
3,0.07,-732.8954,-8.52203953488372,-326.586,-0.03797511627906977,-2.232527
3,0.07025,-736.5264,-8.56426046511628,-330.0226,-0.03837472093023256,-2.252789
3,0.0705,-739.6423,-8.600491860465118,-333.904,-0.03882604651162791,-2.272301
3,0.07075,-742.387,-8.632406976744187,-337.1827,-0.03920729069767442,-2.291009
3,0.071,-745.6138,-8.669927906976746,-339.6097,-0.0394895,-2.308948
3,0.07125,-748.4325,-8.702703488372093,-342.2063,-0.039791430232558135,-2.326203
3,0.0715,-751.0333,-8.73294534883721,-345.4334,-0.04016667441860465,-2.342692
3,0.07175,-753.8483,-8.765677906976745,-348.4083,-0.04051259302325581,-2.358289
3,0.072,-756.1346,-8.792262790697674,-350.496,-0.0407553488372093,-2.373132
3,0.07225,-758.4528,-8.819218604651164,-352.3271,-0.04096826744186046,-2.387305
3,0.0725,-760.3572,-8.841362790697676,-354.6041,-0.04123303488372093,-2.400638
3,0.07275,-761.857,-8.858802325581395,-357.2414,-0.041539697674418605,-2.413136
3,0.073,-763.3283,-8.875910465116279,-359.0483,-0.04174980232558139,-2.424858
3,0.07325,-765.0823,-8.89630581395349,-360.1539,-0.04187836046511628,-2.435783
3,0.0735,-765.9661,-8.906582558139535,-361.5063,-0.042035616279069765,-2.445861
3,0.07375,-767.1083,-8.919863953488374,-363.5314,-0.04227109302325582,-2.45513
3,0.074,-768.4499,-8.935463953488371,-365.1776,-0.04246251162790697,-2.46368
3,0.07425,-768.5629,-8.936777906976745,-365.7819,-0.04253277906976744,-2.471478
3,0.0745,-768.6682,-8.938002325581396,-366.2161,-0.042583267441860466,-2.478462
3,0.07475,-768.7903,-8.939422093023257,-367.4193,-0.042723174418604654,-2.484649
3,0.075,-769.3773,-8.946247674418606,-368.6817,-0.042869965116279066,-2.490225
3,0.07525,-769.505,-8.947732558139537,-369.1586,-0.04292541860465116,-2.495153
3,0.0755,-769.2472,-8.944734883720932,-369.0643,-0.04291445348837209,-2.499254
3,0.07575,-768.3162,-8.933909302325583,-369.3473,-0.04294736046511628,-2.502626
3,0.076,-767.5276,-8.924739534883722,-370.0561,-0.043029779069767446,-2.505435
3,0.07625,-767.6851,-8.92657093023256,-370.2309,-0.043050104651162796,-2.507676
3,0.0765,-765.999,-8.906965116279071,-369.6617,-0.042983918604651165,-2.509174
3,0.07675,-764.7186,-8.892076744186047,-369.253,-0.042936395348837204,-2.509921
3,0.077,-763.0194,-8.872318604651163,-369.4191,-0.04295570930232558,-2.510068
3,0.07725,-760.965,-8.84843023255814,-369.4653,-0.04296108139534884,-2.509672
3,0.0775,-759.4577,-8.830903488372094,-368.66,-0.04286744186046512,-2.508605
3,0.07775,-757.0094,-8.802434883720931,-367.5524,-0.04273865116279069,-2.506923
3,0.078,-754.6446,-8.774937209302326,-367.1172,-0.04268804651162791,-2.504753
3,0.07825,-752.0052,-8.744246511627907,-366.9422,-0.0426676976744186,-2.502014
3,0.0785,-749.7898,-8.718486046511629,-365.9989,-0.042558011627906976,-2.498638
3,0.07875,-745.8904,-8.673144186046512,-364.5636,-0.04239111627906977,-2.494696
3,0.079,-743.0079,-8.639626744186048,-363.4899,-0.04226626744186047,-2.49032
3,0.07925,-739.9386,-8.603937209302325,-362.897,-0.04219732558139535,-2.48547
3,0.0795,-736.7746,-8.567146511627907,-361.8905,-0.04208029069767442,-2.480066
3,0.07975,-733.4069,-8.527987209302326,-360.1796,-0.0418813488372093,-2.474107
3,0.08,-730.1887,-8.490566279069768,-358.5433,-0.041691081395348835,-2.46764
3,0.08025,-726.0937,-8.442950000000002,-357.4224,-0.041560744186046515,-2.460789
3,0.0805,-721.743,-8.39236046511628,-356.1988,-0.04141846511627907,-2.453437
3,0.08075,-717.6283,-8.34451511627907,-354.4363,-0.041213523255813955,-2.445591
3,0.081,-713.4553,-8.295991860465115,-352.4282,-0.04098002325581396,-2.437396
3,0.08125,-708.9399,-8.243487209302327,-350.6908,-0.040778,-2.428706
3,0.0815,-704.2584,-8.1890511627907,-349.2109,-0.04060591860465116,-2.419417
3,0.08175,-699.5157,-8.133903488372095,-347.5061,-0.040407686046511626,-2.409679
3,0.082,-694.3166,-8.073448837209304,-345.2619,-0.04014673255813954,-2.399607
3,0.08225,-688.734,-8.008534883720932,-343.0808,-0.03989311627906977,-2.389048
3,0.0825,-683.2138,-7.9443465116279075,-341.2213,-0.039676895348837206,-2.377918
3,0.08275,-677.0782,-7.873002325581397,-339.3018,-0.03945369767441861,-2.366288
3,0.083,-671.4582,-7.807653488372094,-336.9,-0.03917441860465116,-2.354398
3,0.08325,-665.3869,-7.737056976744187,-334.2828,-0.038870093023255815,-2.342182
3,0.0835,-659.582,-7.669558139534884,-331.9197,-0.038595313953488364,-2.329353
3,0.08375,-653.8911,-7.603384883720931,-329.8891,-0.0383591976744186,-2.315945
3,0.084,-646.4877,-7.517298837209303,-327.4167,-0.038071709302325576,-2.302119
3,0.08425,-640.0659,-7.4426267441860485,-324.464,-0.03772837209302326,-2.287945
3,0.0845,-633.1088,-7.3617302325581395,-321.5453,-0.03738898837209302,-2.273286
3,0.08475,-626.7579,-7.287882558139535,-319.2046,-0.03711681395348838,-2.258033
3,0.085,-619.2467,-7.200543023255815,-316.6137,-0.036815546511627904,-2.24232
3,0.08525,-611.4857,-7.110298837209302,-313.511,-0.03645476744186047,-2.226169
3,0.0855,-604.6344,-7.030632558139536,-310.1313,-0.036061779069767444,-2.209462
3,0.08575,-596.8016,-6.939553488372094,-307.2664,-0.03572865116279069,-2.192165
3,0.086,-589.0731,-6.849687209302326,-304.5881,-0.03541722093023256,-2.174441
3,0.08625,-581.0675,-6.756598837209302,-301.3495,-0.03504063953488372,-2.156315
3,0.0865,-573.2068,-6.66519534883721,-297.4155,-0.03458319767441861,-2.137625
3,0.08675,-564.5205,-6.564191860465116,-294.0077,-0.034186941860465114,-2.118422
3,0.087,-556.911,-6.475709302325581,-291.0123,-0.03383863953488372,-2.098774
3,0.08725,-548.7717,-6.381066279069768,-287.6543,-0.03344817441860465,-2.078703
3,0.0875,-540.7002,-6.287211627906977,-283.4883,-0.032963755813953485,-2.058133
3,0.08775,-531.823,-6.183988372093024,-279.3245,-0.032479593023255815,-2.037027
3,0.088,-522.8591,-6.079756976744187,-275.7902,-0.03206862790697675,-2.015464
3,0.08825,-514.2108,-5.97919534883721,-272.2519,-0.0316571976744186,-1.993505
3,0.0885,-505.2647,-5.875170930232559,-267.9783,-0.031160267441860463,-1.971087
3,0.08875,-496.0076,-5.767530232558141,-263.393,-0.03062709302325581,-1.948144
3,0.089,-486.9683,-5.662422093023256,-259.2524,-0.03014562790697675,-1.924764
3,0.08925,-477.8094,-5.555923255813954,-255.5582,-0.02971606976744186,-1.900983
3,0.0895,-468.1724,-5.4438651162790705,-251.1373,-0.02920201162790698,-1.876716
3,0.08975,-457.4647,-5.319356976744187,-246.2363,-0.028632127906976744,-1.851952
3,0.09,-448.198,-5.211604651162791,-241.5235,-0.028084127906976744,-1.826761
3,0.09025,-438.44,-5.098139534883721,-237.3067,-0.0275938023255814,-1.801164
3,0.0905,-428.14,-4.978372093023256,-232.7943,-0.027069104651162794,-1.775137
3,0.09075,-417.602,-4.855837209302325,-227.6784,-0.02647423255813954,-1.748598
3,0.091,-407.769,-4.7415,-222.4106,-0.025861697674418604,-1.721588
3,0.09125,-396.8678,-4.6147418604651165,-217.6126,-0.025303790697674414,-1.694223
3,0.0915,-386.933,-4.499220930232558,-212.9583,-0.024762593023255817,-1.666434
3,0.09175,-376.2947,-4.375519767441861,-207.8582,-0.024169558139534884,-1.638076
3,0.092,-365.6072,-4.251246511627907,-202.2989,-0.023523127906976745,-1.609275
3,0.09225,-355.0606,-4.128611627906977,-197.0142,-0.022908627906976745,-1.580165
3,0.0925,-344.3727,-4.004333720930233,-192.0696,-0.022333674418604652,-1.550568
3,0.09275,-333.6093,-3.8791779069767447,-186.9018,-0.021732767441860465,-1.520405
3,0.093,-322.316,-3.747860465116279,-181.1817,-0.021067639534883723,-1.489827
3,0.09325,-311.8044,-3.625632558139535,-175.4745,-0.020404011627906976,-1.45886
3,0.0935,-301.2775,-3.5032267441860463,-170.2397,-0.01979531395348837,-1.427404
3,0.09375,-289.4054,-3.365179069767442,-164.9976,-0.019185767441860464,-1.3955
3,0.094,-278.3654,-3.2368069767441865,-159.0468,-0.01849381395348837,-1.363227
3,0.09425,-266.6817,-3.1009499999999997,-152.7205,-0.017758197674418604,-1.330568
3,0.0945,-255.4989,-2.970917441860465,-146.8474,-0.01707527906976744,-1.297373
3,0.09475,-243.5959,-2.8325104651162794,-141.3047,-0.01643077906976744,-1.263826
3,0.095,-232.4896,-2.703367441860465,-135.1602,-0.015716302325581397,-1.230028
3,0.09525,-221.1088,-2.571032558139535,-128.4949,-0.014941267441860464,-1.195906
3,0.0955,-209.4185,-2.4350988372093023,-122.0485,-0.014191686046511628,-1.161376
3,0.09575,-197.6679,-2.298463953488372,-116.0062,-0.013489093023255815,-1.126412
3,0.096,-186.0065,-2.1628662790697675,-109.8399,-0.012772081395348838,-1.091213
3,0.09625,-174.4763,-2.028794186046512,-103.0004,-0.01197679069767442,-1.055775
3,0.0965,-162.5216,-1.8897860465116283,-96.01507,-0.011164543023255813,-1.019965
3,0.09675,-151.0729,-1.7566616279069769,-89.56216,-0.010414204651162792,-0.9836961
3,0.097,-138.7171,-1.6129895348837209,-83.15559,-0.00966925465116279,-0.9470893
3,0.09725,-127.3773,-1.4811313953488374,-76.10313,-0.008849201162790697,-0.9102518
3,0.0975,-115.0913,-1.3382709302325584,-68.6544,-0.00798306976744186,-0.8730808
3,0.09775,-102.5344,-1.1922604651162791,-61.51133,-0.0071524802325581395,-0.8355814
3,0.098,-89.95172,-1.0459502325581396,-54.72127,-0.006362938372093023,-0.7978445
3,0.09825,-77.9464,-0.9063534883720931,-47.63991,-0.0055395244186046515,-0.7598053
3,0.0985,-65.7167,-0.7641476744186048,-39.89084,-0.00463846976744186,-0.7214076
3,0.09875,-53.47889,-0.621847558139535,-32.23462,-0.0037482116279069764,-0.682671
3,0.099,-41.11092,-0.47803395348837213,-25.0556,-0.0029134418604651164,-0.6437371
3,0.09925,-29.30565,-0.3407633720930233,-17.75941,-0.0020650476744186047,-0.6046509
3,0.0995,-17.0719,-0.19851046511627907,-9.888049,-0.0011497731395348838,-0.565261
3,0.09975,-5.251443,-0.061063290697674424,-1.878825,-0.00021846802325581395,-0.5255418
3,0.1,4.961922,0.057696767441860475,5.478436,0.0006370274418604652,-0.4913175
4,0.0,4.771477,0.05548229069767442,0.0,0.0,-0.6134065
4,0.00025,17.84854,0.20754116279069768,8.847316,0.0010287576744186047,-0.5639328
4,0.0005,33.35979,0.38790453488372095,17.89455,0.002080761627906977,-0.5141152
4,0.00075,47.76486,0.5554053488372093,26.96743,0.0031357476744186047,-0.4639633
4,0.001,61.83616,0.7190251162790698,36.15378,0.004203927906976744,-0.4135618
4,0.00125,75.72918,0.8805718604651163,45.2911,0.005266406976744186,-0.3629529
4,0.0015,89.06151,1.0355989534883723,54.46209,0.006332801162790698,-0.3121079
4,0.00175,103.8804,1.2079116279069768,63.76438,0.007414462790697675,-0.2609908
4,0.002,117.0709,1.361289534883721,73.32128,0.00852573023255814,-0.2096726
4,0.00225,131.3397,1.5272058139534883,82.98162,0.009649025581395349,-0.1582173
4,0.0025,145.4009,1.690708139534884,92.67032,0.010775618604651163,-0.1065263
4,0.00275,158.4354,1.842272093023256,102.3828,0.011904976744186047,-0.05456298
4,0.003,172.3436,2.0039953488372095,112.2594,0.013053418604651163,-0.00260439
4,0.00325,185.5316,2.1573441860465117,121.9919,0.01418510465116279,0.0493318
4,0.0035,199.1617,2.3158337209302324,131.6292,0.01530572093023256,0.1014211
4,0.00375,212.3431,2.4691058139534885,141.5719,0.0164618488372093,0.1537416
4,0.004,225.5863,2.623096511627907,151.7605,0.01764656976744186,0.2061555
4,0.00425,239.1451,2.7807569767441866,161.7344,0.01880632558139535,0.2584995
4,0.0045,252.8537,2.940159302325582,171.5613,0.01994898837209302,0.3108998
4,0.00475,266.024,3.0933023255813956,181.489,0.021103372093023258,0.3633857
4,0.005,278.8012,3.2418744186046515,191.6112,0.022280372093023255,0.4157849
4,0.00525,291.7587,3.3925430232558136,201.415,0.0234203488372093,0.4680708
4,0.0055,304.934,3.5457441860465124,211.0079,0.024535802325581398,0.5203848
4,0.00575,318.2268,3.700311627906977,220.5437,0.025644616279069766,0.5726373
4,0.006,331.194,3.8510930232558143,230.2477,0.026772988372093024,0.6247676
4,0.00625,344.4579,4.005324418604651,239.9068,0.02789613953488372,0.6767745
4,0.0065,356.6512,4.147106976744187,249.2148,0.028978465116279068,0.7286383
4,0.00675,369.513,4.296662790697675,258.4877,0.030056709302325582,0.7803649
4,0.007,382.2264,4.444493023255815,267.9168,0.03115311627906977,0.831857
4,0.00725,394.1816,4.583506976744187,277.3079,0.03224510465116279,0.8830474
4,0.0075,407.1041,4.733768604651163,286.3704,0.033298883720930234,0.9340475
4,0.00775,419.0862,4.87309534883721,295.2071,0.03432640697674419,0.9848988
4,0.008,431.212,5.014093023255814,304.0797,0.03535810465116279,1.035461
4,0.00825,443.2189,5.153708139534884,313.2254,0.03642155813953488,1.085642
4,0.0085,454.7466,5.2877511627906975,322.2963,0.03747631395348837,1.135529
4,0.00875,467.4843,5.435863953488372,331.3393,0.03852782558139535,1.185167
4,0.009,478.7871,5.567291860465117,340.2135,0.03955970930232559,1.234453
4,0.00925,490.6552,5.7052930232558134,349.2608,0.04061172093023256,1.283437
4,0.0095,502.4174,5.842062790697675,358.242,0.04165604651162791,1.332042
4,0.00975,513.6372,5.972525581395349,367.1573,0.042692709302325584,1.380159
4,0.01,525.2571,6.1076406976744195,375.8013,0.04369782558139535,1.42783
4,0.01025,536.1739,6.23458023255814,384.556,0.04471581395348837,1.47501
4,0.0105,547.0427,6.360961627906977,393.4019,0.04574440697674419,1.521732
4,0.01075,557.4156,6.4815767441860475,402.3967,0.04679031395348837,1.568024
4,0.011,568.3249,6.608429069767443,410.9687,0.047787058139534884,1.613704
4,0.01125,578.2511,6.7238500000000005,419.4379,0.0487718488372093,1.658785
4,0.0115,589.5012,6.854665116279071,428.0195,0.049769709302325583,1.703459
4,0.01175,598.5907,6.960356976744186,436.6548,0.05077381395348837,1.747583
4,0.012,608.8228,7.079334883720931,445.0369,0.051748476744186055,1.791027
4,0.01225,618.8553,7.195991860465117,453.0529,0.052680569767441864,1.833816
4,0.0125,628.701,7.310476744186047,461.1181,0.05361838372093024,1.876045
4,0.01275,638.4747,7.424124418604651,469.4171,0.05458338372093023,1.917725
4,0.013,647.9775,7.5346220930232555,477.5356,0.0555273953488372,1.958742
4,0.01325,657.2539,7.642487209302327,485.188,0.056417209302325584,1.999144
4,0.0135,666.6497,7.751740697674419,492.9159,0.0573158023255814,2.03902
4,0.01375,675.8066,7.858216279069769,500.8428,0.05823753488372093,2.078212
4,0.014,684.9745,7.9648197674418615,508.6116,0.05914088372093023,2.116574
4,0.01425,693.8574,8.068109302325581,515.65,0.05995930232558139,2.154252
4,0.0145,701.8548,8.161102325581394,522.5048,0.06075637209302326,2.19132
4,0.01475,710.7361,8.264373255813954,529.8209,0.06160708139534884,2.227708
4,0.015,718.8739,8.358998837209302,537.0267,0.06244496511627907,2.263343
4,0.01525,726.7412,8.450479069767443,543.6163,0.0632111976744186,2.298187
4,0.0155,734.606,8.541930232558139,549.8167,0.06393217441860465,2.332286
4,0.01575,742.4824,8.633516279069768,556.2102,0.06467560465116279,2.365722
4,0.016,750.2241,8.723536046511628,562.8134,0.06544341860465117,2.398382
4,0.01625,756.9315,8.801529069767442,568.9131,0.06615268604651162,2.430235
4,0.0165,763.7028,8.880265116279071,574.4831,0.06680036046511628,2.461436
4,0.01675,771.0591,8.965803488372094,580.1014,0.0674536511627907,2.491922
4,0.017,777.2134,9.03736511627907,586.015,0.06814127906976744,2.521554
4,0.01725,784.3732,9.120618604651163,591.649,0.0687963953488372,2.550381
4,0.0175,790.0266,9.186355813953488,596.764,0.06939116279069767,2.578519
4,0.01775,796.8814,9.266062790697676,601.6946,0.06996448837209303,2.605848
4,0.018,802.6726,9.333402325581396,606.7455,0.07055180232558139,2.632338
4,0.01825,807.9766,9.395076744186046,611.7257,0.07113089534883721,2.658052
4,0.0185,813.0,9.453488372093025,616.3514,0.07166876744186046,2.683035
4,0.01875,818.7831,9.520733720930233,620.6291,0.07216617441860465,2.707235
4,0.019,824.0673,9.582177906976746,625.0345,0.07267843023255814,2.730496
4,0.01925,828.7401,9.636512790697676,629.332,0.07317813953488372,2.752912
4,0.0195,833.6131,9.69317558139535,633.3417,0.07364438372093023,2.77466
4,0.01975,837.1661,9.734489534883721,637.1054,0.07408202325581395,2.795634
4,0.02,842.506,9.796581395348838,640.7922,0.07451072093023256,2.815636
4,0.02025,846.3574,9.84136511627907,644.3285,0.07492191860465117,2.834832
4,0.0205,850.2133,9.886201162790698,647.6892,0.0753126976744186,2.853336
4,0.02075,853.9036,9.929111627906977,650.9961,0.07569722093023255,2.871123
4,0.021,857.9585,9.976261627906977,654.1125,0.07605959302325581,2.888089
4,0.02125,861.9152,10.02226976744186,657.1232,0.07640967441860465,2.904256
4,0.0215,864.7652,10.055409302325582,660.0313,0.07674782558139535,2.919648
4,0.02175,867.8199,10.090929069767443,662.8464,0.07707516279069768,2.934181
4,0.022,870.7454,10.124946511627908,665.2897,0.07735926744186046,2.947944
4,0.02225,872.7941,10.148768604651163,667.5679,0.07762417441860466,2.960958
4,0.0225,875.3549,10.178545348837211,669.793,0.07788290697674419,2.973282
4,0.02275,877.2674,10.200783720930232,672.0825,0.07814912790697674,2.984853
4,0.023,878.5924,10.216190697674419,674.1316,0.07838739534883722,2.9955
4,0.02325,880.1483,10.234282558139535,675.6943,0.07856910465116279,3.005335
4,0.0235,881.3827,10.248636046511628,677.208,0.07874511627906977,3.01451
4,0.02375,882.5496,10.262204651162792,678.9832,0.07895153488372093,3.022952
4,0.024,882.9437,10.266787209302327,680.5426,0.07913286046511628,3.030642
4,0.02425,883.9982,10.279048837209302,681.4523,0.07923863953488373,3.037555
4,0.0245,883.9323,10.278282558139535,682.2197,0.07932787209302325,3.043808
4,0.02475,884.6814,10.286993023255816,683.3459,0.07945882558139535,3.049366
4,0.025,884.5816,10.285832558139536,684.4007,0.07958147674418606,3.054096
4,0.02525,884.4895,10.284761627906978,684.8895,0.07963831395348837,3.058135
4,0.0255,884.1299,10.28058023255814,685.1287,0.07966612790697675,3.061567
4,0.02575,883.7718,10.276416279069768,685.5875,0.07971947674418604,3.064388
4,0.026,883.0829,10.26840581395349,686.0965,0.07977866279069767,3.06648
4,0.02625,882.0117,10.25595,686.2438,0.07979579069767441,3.067872
4,0.0265,880.5581,10.239047674418606,685.8926,0.0797549534883721,3.068703
4,0.02675,878.7165,10.217633720930232,685.7501,0.07973838372093023,3.068946
4,0.027,877.5582,10.204165116279071,685.7436,0.07973762790697675,3.068497
4,0.02725,875.6669,10.182173255813955,685.4445,0.0797028488372093,3.067424
4,0.0275,873.4612,10.15652558139535,684.8091,0.07962896511627907,3.065851
4,0.02775,870.8953,10.126689534883722,684.0665,0.07954261627906978,3.063798
4,0.028,868.5766,10.099727906976744,683.4928,0.07947590697674418,3.061189
4,0.02825,866.4848,10.075404651162792,682.9872,0.07941711627906976,3.058025
4,0.0285,863.0442,10.035397674418606,682.0439,0.07930743023255814,3.054406
4,0.02875,859.4907,9.994077906976745,680.8238,0.07916555813953488,3.050304
4,0.029,856.2147,9.95598488372093,679.847,0.07905197674418604,3.045683
4,0.02925,852.9797,9.918368604651162,678.9968,0.07895311627906977,3.040604
4,0.0295,849.1998,9.874416279069768,678.0536,0.07884344186046512,3.035198
4,0.02975,845.3798,9.829997674418607,676.4806,0.07866053488372092,3.029287
4,0.03,840.8539,9.777370930232559,674.9793,0.07848596511627906,3.022841
4,0.03025,836.5568,9.727404651162791,673.8545,0.07835517441860465,3.015967
4,0.0305,831.7963,9.67205,672.6291,0.07821268604651162,3.008627
4,0.03075,826.8474,9.614504651162791,670.8301,0.0780035,3.000891
4,0.031,821.4832,9.55213023255814,668.7768,0.07776474418604651,2.992689
4,0.03125,815.9452,9.48773488372093,667.0919,0.07756882558139536,2.984032
4,0.0315,810.1651,9.420524418604654,665.6875,0.07740552325581396,2.975
4,0.03175,804.4849,9.35447558139535,663.6944,0.07717376744186046,2.965452
4,0.032,798.4014,9.283737209302325,661.2267,0.07688682558139535,2.955389
4,0.03225,792.4076,9.214041860465116,659.1145,0.07664122093023257,2.944959
4,0.0325,786.3267,9.143333720930233,657.3017,0.07643043023255813,2.934104
4,0.03275,779.875,9.068313953488373,655.2062,0.07618676744186045,2.922778
4,0.033,773.3844,8.992841860465118,652.3832,0.07585851162790698,2.911035
4,0.03325,766.1152,8.908316279069767,649.6291,0.07553826744186046,2.898844
4,0.0335,759.3759,8.829952325581397,647.462,0.07528627906976744,2.886197
4,0.03375,752.6066,8.751239534883721,645.1781,0.07502070930232557,2.873114
4,0.034,745.1025,8.663982558139534,642.2905,0.0746849418604651,2.859521
4,0.03425,737.4352,8.574827906976745,639.112,0.07431534883720929,2.845426
4,0.0345,729.884,8.487023255813954,636.3078,0.07398927906976745,2.830942
4,0.03475,721.772,8.392697674418606,633.6701,0.07368256976744186,2.816048
4,0.035,714.3474,8.30636511627907,630.4995,0.07331389534883721,2.800616
4,0.03525,705.8556,8.207623255813955,626.8695,0.0728918023255814,2.784643
4,0.0355,697.1506,8.106402325581396,623.6844,0.07252144186046511,2.768282
4,0.03575,688.4921,8.005722093023257,620.7505,0.07218029069767441,2.751461
4,0.036,679.7557,7.9041360465116295,617.3656,0.0717866976744186,2.734082
4,0.03625,670.5583,7.797189534883722,613.3742,0.07132258139534883,2.716199
4,0.0365,661.3473,7.690084883720932,609.6174,0.07088574418604651,2.697904
4,0.03675,652.9477,7.592415116279072,606.2836,0.07049809302325581,2.679219
4,0.037,642.6026,7.472123255813955,602.6643,0.07007724418604651,2.659964
4,0.03725,632.9489,7.3598709302325585,598.4038,0.06958183720930233,2.640163
4,0.0375,623.4563,7.249491860465118,594.1179,0.06908347674418605,2.619901
4,0.03775,613.362,7.132116279069767,590.3102,0.06864072093023256,2.599139
4,0.038,603.4935,7.017366279069768,586.2733,0.06817131395348837,2.577821
4,0.03825,593.1682,6.8973046511627905,581.7057,0.0676401976744186,2.556003
4,0.0385,582.8971,6.7778732558139545,576.8974,0.06708109302325581,2.533764
4,0.03875,571.9083,6.6500965116279085,572.4806,0.06656751162790697,2.511036
4,0.039,561.5967,6.530194186046513,568.0551,0.06605291860465118,2.487681
4,0.03925,550.3384,6.3992837209302325,562.9462,0.06545886046511629,2.463741
4,0.0395,539.0022,6.2674674418604654,557.6459,0.06484254651162791,2.439424
4,0.03975,528.762,6.148395348837209,552.5171,0.06424617441860465,2.414658
4,0.04,517.1674,6.0135744186046525,547.6034,0.06367481395348837,2.389259
4,0.04025,505.9628,5.883288372093024,542.1923,0.06304561627906978,2.363314
4,0.0405,495.478,5.761372093023256,536.5446,0.06238890697674418,2.336984
4,0.04075,483.42,5.621162790697674,530.8228,0.061723581395348844,2.310163
4,0.041,471.6532,5.4843395348837225,525.1729,0.06106661627906977,2.282755
4,0.04125,460.5773,5.35555,519.2737,0.06038066279069767,2.254846
4,0.0415,448.4545,5.214587209302326,513.092,0.059661860465116276,2.226491
4,0.04175,436.4451,5.074943023255814,507.0503,0.058959337209302326,2.197616
4,0.042,424.8576,4.940204651162792,500.9205,0.05824656976744186,2.168161
4,0.04225,412.3524,4.7947953488372095,494.4646,0.05749588372093023,2.138221
4,0.0425,400.3455,4.65518023255814,487.7909,0.05671987209302326,2.107878
4,0.04275,387.5025,4.505843023255814,481.1641,0.05594931395348837,2.077025
4,0.043,375.1522,4.36223488372093,474.5395,0.055179011627906976,2.045448
4,0.04325,362.4626,4.214681395348837,467.6599,0.05437905813953488,2.013245
4,0.0435,349.4621,4.063512790697675,460.67,0.05356627906976744,1.980678
4,0.04375,336.6732,3.9148046511627914,453.5501,0.05273838372093023,1.947701
4,0.044,323.8073,3.765201162790698,446.3929,0.051906151162790695,1.914131
4,0.04425,310.5859,3.6114639534883723,439.1607,0.051065197674418604,1.880015
4,0.0445,297.8325,3.4631686046511625,431.7867,0.05020775581395349,1.845449
4,0.04475,284.4359,3.307394186046512,424.5867,0.0493705465116279,1.810353
4,0.045,271.2023,3.15351511627907,417.135,0.04850406976744186,1.774629
4,0.04525,257.9784,2.999748837209303,409.4922,0.04761537209302326,1.738436
4,0.0455,244.6288,2.8445209302325583,401.8496,0.04672669767441861,1.701829
4,0.04575,231.3091,2.689640697674419,394.2567,0.0458438023255814,1.66462
4,0.046,218.261,2.5379186046511633,386.6505,0.04495936046511628,1.626874
4,0.04625,204.9302,2.382909302325582,378.8515,0.0440525,1.588665
4,0.0465,190.8239,2.2188825581395353,371.0933,0.04315038372093023,1.55002
4,0.04675,177.3234,2.0619,363.3943,0.042255151162790695,1.510868
4,0.047,164.1395,1.9085988372093026,355.4272,0.04132874418604651,1.471099
4,0.04725,150.9449,1.7551732558139537,347.1289,0.04036382558139535,1.430819
4,0.0475,136.865,1.5914534883720932,338.8333,0.039399220930232556,1.390174
4,0.04775,122.4149,1.423429069767442,330.8414,0.03846993023255814,1.34912
4,0.048,109.4421,1.272582558139535,322.9303,0.03755003488372093,1.307477
4,0.04825,95.86265,1.1146819767441862,314.7521,0.036599081395348836,1.265321
4,0.0485,82.00357,0.9535298837209303,306.3506,0.03562216279069767,1.222826
4,0.04875,68.17134,0.79269,298.118,0.03466488372093023,1.179883
4,0.049,54.14663,0.6296119767441861,289.9536,0.03371553488372093,1.136411
4,0.04925,40.97841,0.4764931395348837,281.6722,0.03275258139534883,1.092542
4,0.0495,26.96637,0.3135624418604651,273.0044,0.0317446976744186,1.04837
4,0.04975,13.22581,0.15378848837209302,264.3538,0.030738813953488372,1.003839
4,0.05,-0.9143716,-0.010632227906976745,255.9053,0.02975643023255814,0.9587512
4,0.05025,-14.94768,-0.17381023255813954,246.9356,0.028713441860465115,0.9132196
4,0.0505,-28.65583,-0.33320732558139543,237.9263,0.0276658488372093,0.8673563
4,0.05075,-42.51744,-0.4943888372093024,229.2593,0.026658058139534885,0.8211174
4,0.051,-56.52948,-0.657319534883721,220.5037,0.02563996511627907,0.7745205
4,0.05125,-70.27561,-0.8171582558139536,211.2471,0.024563616279069767,0.7274857
4,0.0515,-84.84276,-0.9865437209302327,201.6074,0.02344272093023256,0.6801299
4,0.05175,-97.66202,-1.1356048837209303,192.4734,0.022380627906976744,0.6325261
4,0.052,-112.6252,-1.3095953488372094,183.4225,0.021328197674418604,0.5845337
4,0.05225,-126.4099,-1.469882558139535,173.9734,0.02022946511627907,0.5361209
4,0.0525,-140.001,-1.627918604651163,164.1273,0.01908456976744186,0.4874434
4,0.05275,-153.4934,-1.7848069767441863,154.6014,0.01797690697674419,0.43861
4,0.053,-166.8987,-1.9406825581395348,145.3094,0.016896441860465117,0.3894022
4,0.05325,-180.0988,-2.094172093023256,135.7067,0.015779848837209304,0.3397995
4,0.0535,-194.4375,-2.260901162790698,125.926,0.014642558139534885,0.2899589
4,0.05375,-207.3859,-2.411463953488372,116.3966,0.013534488372093026,0.2398929
4,0.054,-220.5248,-2.5642418604651165,107.1756,0.012462279069767442,0.1895922
4,0.05425,-234.0379,-2.7213709302325584,97.75001,0.01136628023255814,0.1388959
4,0.0545,-247.0542,-2.872723255813954,87.85049,0.010215173255813953,0.08795651
4,0.05475,-260.6038,-3.0302767441860463,78.07605,0.009078610465116278,0.0369557
4,0.055,-274.0293,-3.1863872093023256,68.70195,0.007988598837209301,-0.01428124
4,0.05525,-286.5807,-3.3323337209302326,59.48852,0.006917269767441861,-0.0657669
4,0.0555,-299.7377,-3.4853220930232562,49.98563,0.005812282558139535,-0.1173452
4,0.05575,-313.0665,-3.640308139534884,40.29189,0.004685103488372093,-0.1690142
4,0.056,-326.0048,-3.790753488372093,30.97704,0.003601981395348837,-0.2208841
4,0.05625,-338.9026,-3.9407279069767447,21.85449,0.00254121976744186,-0.2729184
4,0.0565,-351.6094,-4.088481395348837,12.51129,0.0014548011627906977,-0.324967
4,0.05675,-363.796,-4.230186046511628,3.087133,0.0003589689534883721,-0.3770249
4,0.057,-376.7475,-4.3807848837209304,-6.055963,-0.0007041817441860466,-0.4291904
4,0.05725,-389.2943,-4.526677906976745,-15.03728,-0.0017485209302325582,-0.4814213
4,0.0575,-401.5741,-4.669466279069767,-24.15937,-0.0028092290697674417,-0.53357
4,0.05775,-413.3748,-4.806683720930233,-33.3319,-0.0038758023255813954,-0.5856812
4,0.058,-425.7792,-4.9509209302325585,-42.2451,-0.004912220930232558,-0.6379604
4,0.05825,-438.2612,-5.096060465116279,-51.0215,-0.005932732558139535,-0.6902248
4,0.0585,-450.3587,-5.236729069767443,-59.94035,-0.006969808139534885,-0.7423036
4,0.05875,-462.1989,-5.374405813953488,-69.02975,-0.008026715116279072,-0.7943369
4,0.059,-474.0249,-5.511917441860465,-78.15161,-0.009087396511627908,-0.8462902
4,0.05925,-485.5283,-5.645677906976744,-87.03215,-0.010120017441860465,-0.8981584
4,0.0595,-497.1867,-5.781240697674419,-95.99679,-0.011162417441860466,-0.9498682
4,0.05975,-508.6349,-5.914359302325582,-105.0297,-0.01221275581395349,-1.001332
4,0.06,-519.5958,-6.041811627906978,-113.9853,-0.01325410465116279,-1.05269
4,0.06025,-531.1463,-6.176119767441861,-122.7899,-0.014277895348837208,-1.103896
4,0.0605,-541.6894,-6.298713953488373,-131.6402,-0.015307,-1.15474
4,0.06075,-552.5622,-6.425141860465116,-140.6287,-0.01635217441860465,-1.205289
4,0.061,-562.7619,-6.543743023255814,-149.4334,-0.017375976744186047,-1.255644
4,0.06125,-573.3835,-6.667250000000001,-158.0602,-0.018379093023255813,-1.30567
4,0.0615,-583.3355,-6.782970930232559,-166.6223,-0.019374686046511626,-1.355328
4,0.06175,-593.4912,-6.90106046511628,-175.3047,-0.020384267441860466,-1.404647
4,0.062,-603.5622,-7.01816511627907,-183.6969,-0.02136010465116279,-1.453698
4,0.06225,-613.3861,-7.132396511627908,-191.9013,-0.02231410465116279,-1.502421
4,0.0625,-623.3801,-7.248605813953489,-200.1235,-0.023270174418604652,-1.550641
4,0.06275,-633.1843,-7.362608139534885,-208.3336,-0.024224837209302325,-1.598414
4,0.063,-642.6966,-7.473216279069767,-216.372,-0.02515953488372093,-1.645884
4,0.06325,-651.8054,-7.579132558139535,-223.9852,-0.026044790697674416,-1.692923
4,0.0635,-661.18,-7.688139534883721,-231.8009,-0.026953593023255815,-1.73936
4,0.06375,-670.7567,-7.7994965116279085,-239.6489,-0.027866151162790696,-1.785266
4,0.064,-679.7337,-7.90388023255814,-247.0279,-0.02872417441860465,-1.830712
4,0.06425,-688.0796,-8.00092558139535,-254.1619,-0.029553709302325582,-1.875587
4,0.0645,-697.0136,-8.104809302325583,-261.3167,-0.030385662790697675,-1.919785
4,0.06475,-705.2441,-8.200512790697676,-268.5546,-0.031227279069767442,-1.963418
4,0.065,-713.1635,-8.292598837209303,-275.3857,-0.032021593023255815,-2.00651
4,0.06525,-721.5171,-8.389733720930233,-281.9211,-0.03278152325581395,-2.048889
4,0.0655,-728.4535,-8.470389534883722,-288.5281,-0.033549779069767444,-2.090542
4,0.06575,-736.6252,-8.56540930232558,-295.1507,-0.0343198488372093,-2.131643
4,0.066,-744.2048,-8.653544186046513,-301.5773,-0.03506712790697674,-2.172099
4,0.06625,-751.8968,-8.742986046511628,-307.5985,-0.03576726744186046,-2.211751
4,0.0665,-758.6868,-8.82193953488372,-313.4741,-0.03645047674418605,-2.250665
4,0.06675,-765.4186,-8.900216279069767,-319.5136,-0.03715274418604651,-2.288871
4,0.067,-772.4132,-8.981548837209303,-325.4854,-0.03784713953488372,-2.326322
4,0.06725,-779.0913,-9.0592011627907,-330.9017,-0.038476941860465116,-2.362989
4,0.0675,-785.156,-9.129720930232558,-336.1179,-0.03908347674418605,-2.398864
4,0.06775,-791.3397,-9.201624418604652,-341.4378,-0.03970206976744186,-2.433921
4,0.068,-797.0281,-9.267768604651163,-346.7953,-0.04032503488372093,-2.468147
4,0.06825,-802.8887,-9.33591511627907,-351.6853,-0.04089363953488372,-2.501502
4,0.0685,-808.5254,-9.401458139534885,-356.2333,-0.041422476744186046,-2.533998
4,0.06875,-813.4561,-9.458791860465118,-361.0067,-0.041977523255813956,-2.565582
4,0.069,-818.3929,-9.516196511627909,-365.7571,-0.04252989534883721,-2.596274
4,0.06925,-823.4456,-9.574948837209304,-370.2277,-0.04304973255813954,-2.626135
4,0.0695,-827.9594,-9.62743488372093,-374.3988,-0.04353474418604651,-2.655028
4,0.06975,-833.001,-9.686058139534884,-378.469,-0.044008023255813954,-2.682936
4,0.07,-836.7496,-9.729646511627907,-382.7375,-0.04450436046511628,-2.710032
4,0.07025,-841.2421,-9.781884883720931,-386.9249,-0.044991267441860466,-2.736287
4,0.0705,-845.2621,-9.828629069767443,-390.6465,-0.04542401162790698,-2.761502
4,0.07075,-849.2143,-9.87458488372093,-394.1718,-0.04583393023255814,-2.785764
4,0.071,-852.0106,-9.9071,-397.7771,-0.0462531511627907,-2.809127
4,0.07125,-856.0403,-9.953956976744186,-401.2947,-0.046662174418604645,-2.831552
4,0.0715,-859.2899,-9.991743023255815,-404.6542,-0.04705281395348837,-2.852981
4,0.07175,-862.8485,-10.033122093023255,-407.6878,-0.047405558139534884,-2.873364
4,0.072,-865.4584,-10.06346976744186,-410.6537,-0.04775043023255814,-2.892766
4,0.07225,-867.8496,-10.091274418604653,-413.5987,-0.04809287209302326,-2.911224
4,0.0725,-870.0918,-10.117346511627908,-416.281,-0.048404767441860466,-2.928695
4,0.07275,-871.8189,-10.137429069767443,-418.6252,-0.0486773488372093,-2.94513
4,0.073,-873.54,-10.157441860465116,-420.8808,-0.04893962790697674,-2.960584
4,0.07325,-875.6151,-10.18157093023256,-423.2899,-0.04921975581395349,-2.975069
4,0.0735,-876.1707,-10.188031395348839,-425.5829,-0.049486383720930234,-2.988556
4,0.07375,-877.2814,-10.200946511627908,-427.3671,-0.0496938488372093,-3.00103
4,0.074,-877.7646,-10.206565116279071,-428.888,-0.049870697674418596,-3.012562
4,0.07425,-878.5998,-10.216276744186047,-430.4715,-0.050054825581395346,-3.023241
4,0.0745,-879.1853,-10.223084883720931,-432.1273,-0.050247360465116284,-3.032982
4,0.07475,-878.8267,-10.218915116279069,-433.4713,-0.05040363953488372,-3.04164
4,0.075,-879.824,-10.230511627906978,-434.4277,-0.0505148488372093,-3.049366
4,0.07525,-879.3915,-10.225482558139534,-435.4128,-0.05062939534883722,-3.056255
4,0.0755,-878.8171,-10.218803488372094,-436.3002,-0.050732581395348836,-3.062174
4,0.07575,-878.2534,-10.212248837209303,-436.9862,-0.05081234883720931,-3.067172
4,0.076,-878.109,-10.210569767441863,-437.379,-0.050858023255813956,-3.071314
4,0.07625,-876.5678,-10.192648837209303,-437.6826,-0.05089332558139535,-3.074616
4,0.0765,-875.298,-10.177883720930232,-438.0792,-0.05093944186046512,-3.077027
4,0.07675,-873.7026,-10.159332558139536,-438.4007,-0.050976825581395345,-3.078496
4,0.077,-872.291,-10.142918604651165,-438.2513,-0.05095945348837209,-3.079252
4,0.07725,-870.4894,-10.121969767441863,-438.0152,-0.050932,-3.079358
4,0.0775,-868.1241,-10.094466279069767,-437.7587,-0.050902174418604645,-3.07857
4,0.07775,-865.6914,-10.066179069767442,-437.7087,-0.05089636046511628,-3.076944
4,0.078,-863.2253,-10.037503488372092,-437.2628,-0.05084451162790698,-3.074725
4,0.07825,-860.7845,-10.009122093023256,-436.7015,-0.05077924418604652,-3.071885
4,0.0785,-857.1363,-9.966701162790697,-435.9735,-0.05069459302325582,-3.06826
4,0.07875,-854.3607,-9.934426744186046,-435.3125,-0.05061773255813953,-3.06394
4,0.079,-850.9404,-9.894655813953488,-434.3864,-0.0505100465116279,-3.059091
4,0.07925,-847.7222,-9.857234883720931,-433.3348,-0.050387767441860465,-3.053625
4,0.0795,-844.042,-9.814441860465118,-432.3329,-0.05027126744186046,-3.047488
4,0.07975,-839.8032,-9.765153488372093,-431.3435,-0.05015622093023256,-3.040753
4,0.08,-835.6267,-9.716589534883722,-429.9636,-0.04999576744186046,-3.033503
4,0.08025,-830.9812,-9.662572093023256,-428.3947,-0.049813337209302325,-3.025699
4,0.0805,-826.3017,-9.608159302325582,-426.8925,-0.049638662790697674,-3.01724
4,0.08075,-821.837,-9.556244186046511,-425.3421,-0.049458383720930234,-3.008151
4,0.081,-816.0174,-9.488574418604653,-423.6586,-0.04926262790697674,-2.998557
4,0.08125,-810.4,-9.423255813953489,-421.9223,-0.04906073255813954,-2.988428
4,0.0815,-804.6012,-9.355827906976746,-419.9867,-0.048835662790697676,-2.977706
4,0.08175,-799.283,-9.293988372093025,-417.9853,-0.04860294186046512,-2.966461
4,0.082,-793.0866,-9.221937209302327,-415.8208,-0.04835125581395349,-2.95467
4,0.08225,-786.8771,-9.149733720930232,-413.6621,-0.04810024418604651,-2.942314
4,0.0825,-781.0018,-9.081416279069769,-411.5233,-0.04785154651162791,-2.929309
4,0.08275,-774.3085,-9.003587209302326,-409.1256,-0.04757274418604652,-2.915725
4,0.083,-768.0265,-8.93054069767442,-406.3754,-0.04725295348837209,-2.901724
4,0.08325,-761.3738,-8.853183720930232,-403.6466,-0.0469356511627907,-2.887192
4,0.0835,-754.329,-8.771267441860466,-401.0729,-0.046636383720930236,-2.871968
4,0.08375,-746.7443,-8.683073255813953,-398.3749,-0.046322662790697675,-2.856129
4,0.084,-739.6884,-8.601027906976746,-395.3833,-0.0459748023255814,-2.839823
4,0.08425,-732.3929,-8.516196511627909,-392.3919,-0.04562696511627907,-2.82288
4,0.0845,-725.4976,-8.436018604651164,-389.4333,-0.045282941860465116,-2.805306
4,0.08475,-716.8229,-8.335150000000002,-386.375,-0.04492732558139535,-2.787234
4,0.085,-708.7814,-8.24164418604651,-382.9414,-0.044528069767441864,-2.768653
4,0.08525,-700.3428,-8.14352093023256,-379.5352,-0.044132,-2.749482
4,0.0855,-692.0885,-8.04754069767442,-376.2318,-0.043747883720930233,-2.729632
4,0.08575,-682.9423,-7.941189534883723,-372.9003,-0.043360499999999996,-2.709248
4,0.086,-674.5478,-7.843579069767443,-369.286,-0.042940232558139536,-2.688373
4,0.08625,-665.5798,-7.7393,-365.401,-0.04248848837209303,-2.666883
4,0.0865,-656.3779,-7.632301162790698,-361.6298,-0.04204997674418605,-2.644732
4,0.08675,-647.1325,-7.524796511627908,-357.9731,-0.04162477906976744,-2.622053
4,0.087,-637.3912,-7.41152558139535,-353.7604,-0.04113493023255814,-2.598904
4,0.08725,-627.548,-7.297069767441861,-349.4161,-0.04062977906976744,-2.575153
4,0.0875,-618.5361,-7.192280232558141,-345.3198,-0.04015346511627907,-2.550775
4,0.08775,-608.8008,-7.079079069767442,-341.1194,-0.03966504651162791,-2.525837
4,0.088,-598.0278,-6.953811627906976,-336.7363,-0.039155383720930234,-2.500335
4,0.08825,-588.5944,-6.844120930232558,-331.8542,-0.0385876976744186,-2.474259
4,0.0885,-577.2293,-6.7119686046511635,-327.1796,-0.03804413953488372,-2.447579
4,0.08875,-566.7055,-6.589598837209303,-322.6151,-0.03751338372093023,-2.420343
4,0.089,-556.2044,-6.467493023255814,-317.6989,-0.03694173255813953,-2.392561
4,0.08925,-544.8732,-6.335734883720931,-312.5002,-0.03633723255813953,-2.364168
4,0.0895,-534.2871,-6.212640697674419,-307.2326,-0.03572472093023256,-2.335234
4,0.08975,-523.3687,-6.085682558139535,-302.132,-0.03513162790697675,-2.305735
4,0.09,-512.2563,-5.956468604651163,-296.9515,-0.03452924418604651,-2.275699
4,0.09025,-501.2103,-5.8280267441860465,-291.4725,-0.0338921511627907,-2.245162
4,0.0905,-489.7119,-5.694324418604652,-285.635,-0.033213372093023254,-2.214067
4,0.09075,-477.9386,-5.55742558139535,-279.9788,-0.03255567441860465,-2.182334
4,0.091,-466.7705,-5.427563953488373,-274.2628,-0.03189102325581396,-2.150053
4,0.09125,-454.8224,-5.288632558139536,-268.3629,-0.031204988372093026,-2.117338
4,0.0915,-443.3894,-5.1556906976744195,-262.1077,-0.030477639534883725,-2.084011
4,0.09175,-431.184,-5.013767441860465,-255.8051,-0.029744779069767444,-2.050066
4,0.092,-419.4198,-4.876974418604652,-249.6769,-0.029032197674418603,-2.015574
4,0.09225,-407.2478,-4.735439534883722,-243.3907,-0.02830124418604651,-1.98055
4,0.0925,-394.9593,-4.59255,-236.7617,-0.027530430232558138,-1.944993
4,0.09275,-382.5027,-4.447705813953489,-229.908,-0.026733488372093023,-1.908854
4,0.093,-369.9104,-4.301283720930233,-223.1581,-0.025948616279069765,-1.872159
4,0.09325,-357.0709,-4.151987209302326,-216.4316,-0.02516646511627907,-1.834981
4,0.0935,-344.2886,-4.003355813953489,-209.45,-0.024354651162790696,-1.797266
4,0.09375,-331.7575,-3.8576453488372096,-202.2416,-0.02351646511627907,-1.75898
4,0.094,-318.2722,-3.700839534883721,-194.8849,-0.02266103488372093,-1.720213
4,0.09425,-305.3795,-3.5509244186046516,-187.7303,-0.02182910465116279,-1.681021
4,0.0945,-292.3562,-3.399490697674419,-180.3137,-0.02096670930232558,-1.641318
4,0.09475,-279.3946,-3.2487744186046514,-172.5697,-0.020066244186046512,-1.600997
4,0.095,-265.7837,-3.090508139534884,-164.607,-0.019140348837209303,-1.560132
4,0.09525,-252.8996,-2.940693023255814,-156.9177,-0.018246244186046513,-1.518849
4,0.0955,-239.5298,-2.7852302325581393,-149.0727,-0.01733403488372093,-1.477115
4,0.09575,-226.6523,-2.6354918604651165,-140.917,-0.016385697674418605,-1.434815
4,0.096,-212.1125,-2.466424418604652,-132.7219,-0.015432779069767444,-1.392032
4,0.09625,-199.4057,-2.3186709302325585,-124.8047,-0.01451217441860465,-1.348867
4,0.0965,-186.3626,-2.167006976744186,-116.7479,-0.013575337209302327,-1.305208
4,0.09675,-172.5881,-2.006838372093023,-108.4859,-0.012614639534883721,-1.260972
4,0.097,-158.3506,-1.841286046511628,-100.0769,-0.011636848837209302,-1.216303
4,0.09725,-145.4296,-1.6910418604651163,-91.8168,-0.010676372093023256,-1.171291
4,0.0975,-131.4824,-1.52886511627907,-83.44935,-0.009703412790697674,-1.125801
4,0.09775,-118.2073,-1.3745034883720932,-74.99346,-0.00872016976744186,-1.07982
4,0.098,-104.1719,-1.2113011627906975,-66.47965,-0.007730191860465117,-1.033481
4,0.09825,-90.60661,-1.0535652325581397,-58.01021,-0.006745373255813953,-0.9868204
4,0.0985,-76.68524,-0.8916888372093023,-49.70872,-0.005780083720930233,-0.9397282
4,0.09875,-62.86566,-0.730996046511628,-41.29687,-0.004801961627906976,-0.8922067
4,0.099,-49.62197,-0.5769996511627907,-32.52886,-0.0037824255813953492,-0.8443611
4,0.09925,-35.42405,-0.41190755813953495,-23.88728,-0.0027775906976744186,-0.7961792
4,0.0995,-21.81974,-0.2537179069767442,-15.35521,-0.0017854895348837208,-0.7476016
4,0.09975,-7.630932,-0.08873176744186047,-6.689004,-0.0007777911627906976,-0.6986888
4,0.1,4.220928,0.04908055813953489,1.579752,0.00018369209302325582,-0.6561114
5,0.0,4.66991,0.05430127906976744,0.0,0.0,-0.4968612
5,0.00025,16.23335,0.18875988372093028,7.671103,0.0008919887209302324,-0.4565165
5,0.0005,30.15371,0.350624534883721,15.01858,0.001746346511627907,-0.4159632
5,0.00075,42.09876,0.48952046511627906,22.30502,0.002593606976744186,-0.3750549
5,0.001,54.29048,0.6312846511627908,29.88687,0.003475217441860465,-0.3340688
5,0.00125,66.66909,0.7752219767441861,37.4884,0.004359116279069767,-0.2930798
5,0.0015,78.26011,0.9100012790697675,44.85144,0.005215283720930232,-0.2518282
5,0.00175,90.75318,1.055269534883721,52.05289,0.006052661627906976,-0.2102677
5,0.002,102.9895,1.1975523255813956,59.34166,0.006900193023255814,-0.1686049
5,0.00225,114.3126,1.3292162790697675,67.02191,0.00779324534883721,-0.1269415
5,0.0025,125.9345,1.4643546511627907,74.65192,0.00868045581395349,-0.08512583
5,0.00275,137.6399,1.6004639534883724,82.08743,0.00954505,-0.04303858
5,0.003,149.8312,1.7422232558139534,89.52849,0.010410289534883722,-0.0008923274
5,0.00325,161.6526,1.8796813953488374,97.3362,0.011318162790697675,0.04125293
5,0.0035,173.7299,2.0201151162790696,105.2918,0.012243232558139534,0.08361759
5,0.00375,185.6354,2.158551162790698,112.9687,0.013135895348837209,0.1260782
5,0.004,197.7431,2.299338372093023,120.6275,0.014026453488372092,0.1685432
5,0.00425,209.2151,2.4327337209302327,128.4979,0.014941616279069765,0.2110806
5,0.0045,221.2194,2.572318604651163,136.5551,0.0158785,0.2537423
5,0.00475,232.9831,2.7091058139534883,144.4405,0.016795406976744184,0.2964576
5,0.005,245.1074,2.8500860465116284,152.1931,0.017696872093023255,0.339164
5,0.00525,256.6894,2.9847604651162793,160.1578,0.018623,0.381778
5,0.0055,267.8934,3.115039534883721,168.3402,0.019574441860465117,0.4244163
5,0.00575,279.0909,3.245243023255814,176.5175,0.02052529069767442,0.4671652
5,0.006,290.6789,3.379987209302326,184.5923,0.021464220930232557,0.5097404
5,0.00625,301.6317,3.5073453488372097,192.4343,0.02237608139534884,0.5521598
5,0.0065,312.6691,3.635687209302326,200.4601,0.023309313953488373,0.5945538
5,0.00675,323.7526,3.7645651162790696,208.5027,0.024244500000000002,0.6368495
5,0.007,335.0301,3.8956988372093027,216.4858,0.025172767441860467,0.679011
5,0.00725,345.8584,4.021609302325582,224.3828,0.02609102325581395,0.7210418
5,0.0075,356.1244,4.140981395348837,232.2657,0.027007639534883724,0.7629248
5,0.00775,367.3624,4.271655813953489,240.3197,0.027944151162790698,0.8047006
5,0.008,377.7885,4.392889534883722,248.1492,0.028854558139534883,0.8461986
5,0.00825,387.8489,4.509870930232559,255.8396,0.02974879069767442,0.8873219
5,0.0085,398.0061,4.627977906976745,263.4408,0.0306326511627907,0.9282771
5,0.00875,409.2517,4.75874069767442,271.2275,0.03153808139534884,0.9691002
5,0.009,418.7635,4.869343023255815,278.9489,0.032435918604651164,1.00967
5,0.00925,429.3634,4.992597674418605,286.3184,0.033292837209302324,1.049894
5,0.0095,439.1087,5.10591511627907,293.4917,0.03412694186046512,1.089819
5,0.00975,449.6594,5.228597674418605,300.8617,0.03498391860465116,1.12948
5,0.01,459.0345,5.3376104651162795,308.3522,0.035854906976744184,1.168751
5,0.01025,469.0686,5.454286046511628,315.6278,0.036700906976744184,1.207643
5,0.0105,478.6357,5.565531395348837,322.5682,0.03750793023255814,1.2463
5,0.01075,488.2408,5.677218604651164,329.3976,0.038302046511627906,1.28463
5,0.011,496.9321,5.7782802325581395,336.4094,0.03911737209302326,1.322527
5,0.01125,506.6998,5.891858139534884,343.3011,0.03991873255813953,1.360009
5,0.0115,515.6576,5.996018604651163,349.9329,0.04068987209302326,1.397176
5,0.01175,524.5642,6.099583720930234,356.4105,0.041443081395348844,1.434009
5,0.012,533.5068,6.203567441860466,362.9671,0.04220547674418605,1.470311
5,0.01225,542.5927,6.309217441860467,369.5141,0.04296675581395348,1.506126
5,0.0125,551.6345,6.414354651162791,375.8662,0.043705372093023255,1.541544
5,0.01275,560.0843,6.512608139534883,381.8858,0.04440532558139535,1.576597
5,0.013,568.3953,6.609247674418605,387.9955,0.04511575581395349,1.611118
5,0.01325,576.8613,6.7076895348837215,394.2833,0.04584689534883721,1.645015
5,0.0135,584.9221,6.801419767441861,400.3753,0.04655526744186046,1.678481
5,0.01375,592.5412,6.890013953488372,406.1218,0.04722346511627907,1.711475
5,0.014,599.8782,6.975327906976745,411.9014,0.04789551162790698,1.743764
5,0.01425,606.9934,7.058062790697674,417.7641,0.048577220930232555,1.775507
5,0.0145,614.9133,7.150154651162792,423.4941,0.0492435,1.80682
5,0.01475,622.182,7.234674418604651,429.0331,0.04988756976744187,1.837583
5,0.015,628.8469,7.312173255813954,434.5059,0.05052394186046512,1.867699
5,0.01525,635.5979,7.390673255813954,440.0708,0.051171023255813956,1.897149
5,0.0155,642.5895,7.471970930232559,445.4699,0.05179882558139535,1.926036
5,0.01575,649.0903,7.547561627906977,450.5343,0.052387709302325586,1.954375
5,0.016,655.8803,7.626515116279071,455.6083,0.05297770930232558,1.982102
5,0.01625,662.1562,7.6994906976744195,460.7834,0.05357946511627907,2.009177
5,0.0165,668.188,7.769627906976744,465.9547,0.05418077906976744,2.0357
5,0.01675,674.4137,7.842019767441861,470.7158,0.05473439534883721,2.061611
5,0.017,680.445,7.912151162790699,475.3149,0.055269174418604655,2.086746
5,0.01725,686.0584,7.977423255813954,479.8699,0.05579882558139535,2.111188
5,0.0175,691.686,8.04286046511628,484.386,0.056323953488372096,2.135071
5,0.01775,697.4058,8.10936976744186,488.7433,0.05683061627906977,2.158397
5,0.018,703.2213,8.176991860465117,492.9311,0.057317569767441866,2.181034
5,0.01825,707.9808,8.232334883720931,497.0221,0.05779326744186047,2.202932
5,0.0185,712.2885,8.282424418604652,501.0333,0.058259686046511626,2.224203
5,0.01875,717.3296,8.341041860465117,504.9398,0.058713930232558144,2.244844
5,0.019,721.9838,8.39516046511628,508.6339,0.059143476744186047,2.264768
5,0.01925,725.8898,8.440579069767443,512.1971,0.059557802325581395,2.284015
5,0.0195,730.4102,8.493141860465117,515.6597,0.05996043023255815,2.302696
5,0.01975,733.8579,8.533231395348837,519.1251,0.06036338372093023,2.320704
5,0.02,737.417,8.574616279069769,522.4341,0.06074815116279069,2.337956
5,0.02025,740.8637,8.614694186046512,525.5696,0.061112744186046515,2.354474
5,0.0205,744.95,8.662209302325582,528.3855,0.061440174418604644,2.370348
5,0.02075,748.2002,8.700002325581396,531.2029,0.06176777906976744,2.38565
5,0.021,751.0482,8.733118604651162,534.0567,0.062099616279069764,2.400207
5,0.02125,754.2233,8.770038372093024,536.8166,0.06242053488372093,2.413955
5,0.0215,756.3227,8.794450000000001,539.1905,0.06269656976744187,2.42708
5,0.02175,759.0603,8.826282558139535,541.3268,0.06294497674418605,2.43959
5,0.022,761.3061,8.852396511627909,543.6077,0.06321019767441861,2.451316
5,0.02225,763.1092,8.873362790697675,545.732,0.06345720930232558,2.462337
5,0.0225,765.1858,8.897509302325581,547.7132,0.06368758139534884,2.472787
5,0.02275,766.8805,8.91721511627907,549.4968,0.06389497674418605,2.482545
5,0.023,768.2764,8.933446511627908,551.1978,0.06409276744186046,2.491563
5,0.02325,769.9048,8.952381395348839,552.822,0.06428162790697675,2.499942
5,0.0235,770.8636,8.96353023255814,554.1362,0.06443444186046512,2.507763
5,0.02375,772.2448,8.97959069767442,555.1982,0.06455793023255814,2.514944
5,0.024,772.4904,8.982446511627908,556.3793,0.06469526744186047,2.521399
5,0.02425,773.4239,8.993301162790699,557.5864,0.06483562790697675,2.527238
5,0.0245,774.2302,9.002676744186047,558.4272,0.0649333953488372,2.532511
5,0.02475,774.3902,9.004537209302327,559.0922,0.06501072093023257,2.537187
5,0.025,775.0259,9.011929069767442,559.6986,0.06508123255813955,2.541216
5,0.02525,774.7119,9.008277906976746,560.4473,0.06516829069767442,2.544625
5,0.0255,774.4576,9.005320930232557,560.9868,0.06523102325581395,2.547504
5,0.02575,774.2302,9.002676744186047,561.2876,0.065266,2.549832
5,0.026,773.474,8.993883720930235,561.3994,0.065279,2.551534
5,0.02625,771.9054,8.975644186046512,561.5215,0.0652931976744186,2.552625
5,0.0265,771.4967,8.970891860465118,561.6685,0.06531029069767441,2.553254
5,0.02675,770.0466,8.95403023255814,561.5764,0.06529958139534885,2.553433
5,0.027,768.5089,8.936150000000001,561.2491,0.06526152325581396,2.553026
5,0.02725,766.5954,8.913900000000002,560.9655,0.0652285465116279,2.552077
5,0.0275,764.3314,8.887574418604652,560.7556,0.06520413953488371,2.550664
5,0.02775,762.7612,8.869316279069768,560.354,0.06515744186046513,2.548755
5,0.028,760.6588,8.844869767441862,559.5411,0.06506291860465116,2.546405
5,0.02825,757.6675,8.810087209302326,558.7905,0.06497563953488371,2.543577
5,0.0285,755.0408,8.779544186046513,558.2472,0.06491246511627907,2.540317
5,0.02875,752.361,8.748383720930233,557.6314,0.06484086046511628,2.536685
5,0.029,748.8409,8.707452325581396,556.7099,0.06473370930232558,2.532542
5,0.02925,746.5044,8.680283720930234,555.5514,0.06459899999999999,2.527929
5,0.0295,743.2006,8.641867441860466,554.5551,0.0644831511627907,2.523023
5,0.02975,739.6126,8.600146511627909,553.6319,0.06437580232558139,2.517746
5,0.03,736.2779,8.56137093023256,552.4064,0.06423330232558139,2.51193
5,0.03025,731.8497,8.50988023255814,551.1238,0.06408416279069767,2.505789
5,0.0305,727.6681,8.461256976744187,549.8659,0.06393789534883722,2.499318
5,0.03075,723.1203,8.408375581395351,548.6987,0.06380217441860465,2.492405
5,0.031,719.31,8.36406976744186,547.3017,0.06363973255813953,2.485122
5,0.03125,714.5039,8.30818488372093,545.5116,0.06343158139534885,2.477451
5,0.0315,709.6507,8.251752325581396,543.7408,0.06322567441860466,2.469432
5,0.03175,705.4383,8.202770930232559,542.2262,0.06304955813953488,2.461035
5,0.032,699.5589,8.134405813953489,540.6911,0.06287105813953489,2.452147
5,0.03225,694.5021,8.075605813953489,538.646,0.06263325581395349,2.442865
5,0.0325,689.458,8.016953488372094,536.4889,0.062382430232558135,2.4333
5,0.03275,683.6713,7.949666279069767,534.5057,0.06215182558139535,2.423421
5,0.033,678.2286,7.886379069767443,532.7418,0.06194672093023256,2.413096
5,0.03325,672.0975,7.815087209302326,530.6187,0.061699848837209297,2.402235
5,0.0335,666.1802,7.746281395348838,528.1598,0.061413930232558145,2.390984
5,0.03375,659.099,7.663941860465117,525.7414,0.061132720930232566,2.379429
5,0.034,653.3488,7.597079069767442,523.6677,0.06089159302325581,2.367493
5,0.03425,645.7378,7.508579069767442,521.3189,0.060618476744186044,2.355091
5,0.0345,639.3768,7.434613953488372,518.499,0.06029058139534884,2.342279
5,0.03475,632.1629,7.350731395348839,515.6484,0.059959116279069774,2.329114
5,0.035,624.9636,7.267018604651163,513.152,0.059668837209302335,2.315507
5,0.03525,617.4706,7.179890697674419,510.6124,0.05937353488372093,2.301438
5,0.0355,609.9816,7.092809302325581,507.6688,0.059031255813953486,2.286964
5,0.03575,602.1969,7.0022895348837215,504.369,0.058647558139534886,2.272057
5,0.036,594.6573,6.914619767441861,501.3404,0.05829539534883721,2.256826
5,0.03625,586.7758,6.822974418604652,498.5454,0.0579703953488372,2.241201
5,0.0365,578.7105,6.729191860465117,495.3801,0.057602337209302336,2.225125
5,0.03675,571.1232,6.640967441860465,491.8672,0.057193860465116285,2.208698
5,0.037,562.7839,6.543998837209303,488.4866,0.05680076744186047,2.191783
5,0.03725,554.5408,6.4481488372093025,485.2183,0.056420732558139536,2.174391
5,0.0375,545.9912,6.348734883720931,481.6454,0.05600527906976745,2.156664
5,0.03775,537.268,6.247302325581396,477.9281,0.05557303488372093,2.138585
5,0.038,528.7468,6.148218604651164,474.2159,0.05514138372093023,2.119989
5,0.03825,519.6441,6.042373255813954,470.4958,0.05470881395348837,2.100965
5,0.0385,510.3678,5.934509302325582,466.631,0.05425941860465116,2.081651
5,0.03875,501.4789,5.831150000000001,462.6136,0.05379227906976745,2.061926
5,0.039,492.315,5.724593023255814,458.4852,0.05331223255813954,2.041673
5,0.03925,482.4582,5.609979069767442,454.1999,0.05281394186046512,2.020943
5,0.0395,472.9478,5.499393023255814,450.0763,0.05233445348837209,1.999898
5,0.03975,462.9669,5.383336046511628,445.8646,0.05184472093023256,1.978547
5,0.04,453.5933,5.274340697674419,441.4393,0.0513301511627907,1.956687
5,0.04025,443.6367,5.158566279069768,436.8298,0.050794162790697664,1.934299
5,0.0405,433.43,5.0398837209302325,432.2991,0.05026733720930233,1.911577
5,0.04075,423.4926,4.924332558139534,427.9772,0.04976479069767442,1.888457
5,0.041,413.2134,4.804806976744187,423.4185,0.04923470930232558,1.864844
5,0.04125,402.8729,4.684568604651163,418.4157,0.048652988372093024,1.840743
5,0.0415,392.5932,4.565037209302326,413.4954,0.04808086046511628,1.816313
5,0.04175,382.1428,4.443520930232558,408.7897,0.047533686046511626,1.791585
5,0.042,370.9894,4.31383023255814,404.0202,0.046979093023255813,1.766269
5,0.04225,360.7669,4.194963953488372,398.7973,0.046371779069767444,1.740382
5,0.0425,350.0364,4.070190697674419,393.3605,0.04573959302325581,1.71417
5,0.04275,338.726,3.9386744186046516,388.1978,0.04513927906976744,1.687621
5,0.043,327.3381,3.8062569767441863,383.1907,0.04455705813953488,1.660561
5,0.04325,316.5007,3.6802406976744186,377.7269,0.04392173255813953,1.633073
5,0.0435,305.2698,3.5496488372093022,371.8728,0.04324102325581395,1.605298
5,0.04375,294.1721,3.4206058139534883,366.4867,0.04261473255813953,1.577131
5,0.044,282.8364,3.28879534883721,361.2476,0.04200553488372093,1.548408
5,0.04425,271.5315,3.1573430232558137,355.4517,0.04133159302325582,1.519229
5,0.0445,260.7909,3.032452325581396,349.2763,0.04061352325581395,1.489739
5,0.04475,249.5038,2.901206976744186,343.4636,0.03993762790697674,1.460025
5,0.045,237.9806,2.7672162790697676,337.8552,0.03928548837209302,1.429727
5,0.04525,226.657,2.6355465116279073,331.9511,0.03859896511627907,1.398858
5,0.0455,215.5249,2.506103488372093,325.47,0.0378453488372093,1.367815
5,0.04575,203.4183,2.365329069767442,319.1741,0.03711326744186046,1.336406
5,0.046,191.8338,2.230625581395349,313.1594,0.03641388372093023,1.304457
5,0.04625,180.7974,2.1022953488372096,306.8539,0.03568068604651163,1.272052
5,0.0465,167.9068,1.952404651162791,300.0227,0.03488636046511628,1.239378
5,0.04675,156.1719,1.8159523255813954,293.1654,0.034089,1.206327
5,0.047,144.3798,1.6788348837209304,286.6411,0.033330360465116275,1.172826
5,0.04725,131.8665,1.5333313953488372,279.9903,0.03255701162790698,1.138966
5,0.0475,120.2319,1.3980453488372093,273.0911,0.03175477906976744,1.104762
5,0.04775,107.9728,1.2554976744186048,265.8251,0.030909895348837212,1.070185
5,0.048,95.68386,1.112603023255814,258.6452,0.030075023255813953,1.035147
5,0.04825,83.94393,0.9760922093023257,251.7921,0.029278151162790696,0.9996874
5,0.0485,71.36323,0.829805,244.5389,0.028434755813953494,0.9639412
5,0.04875,59.7945,0.6952848837209302,237.1775,0.027578779069767443,0.9278935
5,0.049,47.65749,0.5541568604651164,229.8165,0.026722848837209302,0.891472
5,0.04925,35.26723,0.4100840697674419,222.564,0.025879534883720932,0.8546322
5,0.0495,23.6671,0.2751988372093024,215.0521,0.02500605813953488,0.817415
5,0.04975,11.64911,0.13545476744186047,207.377,0.02411360465116279,0.7799691
5,0.05,-1.017189,-0.011827779069767442,199.8353,0.023236662790697672,0.7422119
5,0.05025,-12.97288,-0.15084744186046511,192.4321,0.022375825581395347,0.704154
5,0.0505,-24.8688,-0.28917209302325586,185.227,0.021538023255813953,0.6659115
5,0.05075,-36.96378,-0.4298113953488373,177.5327,0.020643337209302327,0.6273954
5,0.051,-49.1246,-0.5712162790697676,169.6998,0.019732534883720933,0.588589
5,0.05125,-60.54392,-0.703999069767442,162.1629,0.0188561511627907,0.5494399
5,0.0515,-72.96558,-0.8484369767441862,154.7902,0.017998860465116277,0.5100511
5,0.05175,-85.34976,-0.992439069767442,147.2423,0.017121197674418605,0.4704376
5,0.052,-97.20314,-1.130269069767442,139.3591,0.016204546511627907,0.4304558
5,0.05225,-109.2105,-1.269889534883721,131.6452,0.015307581395348838,0.3901421
5,0.0525,-121.232,-1.4096744186046513,124.2458,0.014447186046511629,0.3496051
5,0.05275,-133.0662,-1.5472813953488374,116.6868,0.013568232558139534,0.3088675
5,0.053,-144.8157,-1.6839034883720931,108.8752,0.012659906976744188,0.2678992
5,0.05325,-156.7537,-1.8227174418604655,101.0798,0.01175346511627907,0.22666
5,0.0535,-168.2728,-1.9566604651162791,93.59054,0.010882620930232558,0.1852337
5,0.05375,-180.5643,-2.0995848837209303,86.11289,0.010013126744186045,0.1436039
5,0.054,-192.1386,-2.234169767441861,78.29432,0.00910399069767442,0.1016914
5,0.05425,-204.6549,-2.3797081395348836,70.39234,0.00818515581395349,0.05962862
5,0.0545,-215.3743,-2.5043523255813955,62.9386,0.007318441860465117,0.01755177
5,0.05475,-227.4971,-2.64531511627907,55.57121,0.006461768604651163,-0.0245933
5,0.055,-239.3348,-2.782962790697675,47.85575,0.005564622093023256,-0.06708456
5,0.05525,-251.2864,-2.9219348837209305,39.959,0.00464639534883721,-0.1097561
5,0.0555,-262.3365,-3.0504244186046514,32.23069,0.003747754651162791,-0.1523818
5,0.05575,-273.7644,-3.183306976744187,24.57148,0.0028571488372093026,-0.1951008
5,0.056,-285.7596,-3.3227860465116277,16.94754,0.0019706441860465117,-0.2379176
5,0.05625,-296.6431,-3.4493383720930235,9.102941,0.001058481511627907,-0.2808439
5,0.0565,-307.9596,-3.5809255813953498,1.323095,0.00015384825581395348,-0.3237775
5,0.05675,-318.2651,-3.7007569767441866,-6.4033,-0.0007445697674418604,-0.3666759
5,0.057,-329.2762,-3.8287930232558147,-14.27763,-0.0016601895348837207,-0.4096882
5,0.05725,-340.2782,-3.956723255813954,-22.19755,-0.002581110465116279,-0.4527611
5,0.0575,-350.682,-4.077697674418605,-30.00797,-0.0034892988372093024,-0.4957495
5,0.05775,-361.3593,-4.201852325581396,-37.66826,-0.0043800302325581394,-0.5386568
5,0.058,-371.8371,-4.323687209302326,-45.36863,-0.005275422093023256,-0.5815907
5,0.05825,-382.2703,-4.445003488372094,-53.29801,-0.006197443023255814,-0.6245102
5,0.0585,-393.0291,-4.5701058139534885,-61.31078,-0.007129160465116279,-0.6673126
5,0.05875,-403.2278,-4.68869534883721,-69.17548,-0.008043660465116278,-0.7100565
5,0.059,-413.8428,-4.81212558139535,-76.90915,-0.00894292441860465,-0.7527587
5,0.05925,-424.0769,-4.931126744186047,-84.5487,-0.009831244186046511,-0.7953526
5,0.0595,-434.149,-5.048244186046512,-92.40374,-0.010744620930232558,-0.8377749
5,0.05975,-444.2919,-5.1661848837209305,-100.0049,-0.011628476744186047,-0.8800279
5,0.06,-454.2348,-5.2818000000000005,-107.7264,-0.012526325581395348,-0.9222202
5,0.06025,-463.5112,-5.38966511627907,-115.4254,-0.013421558139534884,-0.9642515
5,0.0605,-473.0464,-5.500539534883721,-123.0247,-0.014305197674418605,-1.005986
5,0.06075,-482.7669,-5.613568604651164,-130.4782,-0.015171883720930231,-1.047501
5,0.061,-492.1846,-5.723076744186047,-137.6541,-0.016006290697674418,-1.088857
5,0.06125,-501.6023,-5.832584883720931,-144.8875,-0.01684738372093023,-1.129969
5,0.0615,-510.5484,-5.936609302325581,-152.1109,-0.01768731395348837,-1.170662
5,0.06175,-519.5614,-6.041411627906978,-159.2667,-0.018519383720930233,-1.210981
5,0.062,-528.6022,-6.146537209302326,-166.3061,-0.01933791860465116,-1.251103
5,0.06225,-537.0697,-6.244996511627908,-173.0681,-0.020124197674418604,-1.290941
5,0.0625,-545.6613,-6.3448988372093025,-179.5725,-0.02088052325581395,-1.330294
5,0.06275,-554.7553,-6.450643023255815,-186.1289,-0.021642895348837208,-1.369213
5,0.063,-563.1367,-6.548101162790698,-192.7439,-0.022412081395348837,-1.407897
5,0.06325,-570.9605,-6.639075581395349,-199.2919,-0.023173476744186045,-1.446218
5,0.0635,-579.1367,-6.7341476744186055,-205.5175,-0.023897383720930233,-1.483945
5,0.06375,-586.9195,-6.82464534883721,-211.4623,-0.024588639534883723,-1.521176
5,0.064,-594.7933,-6.916201162790698,-217.3536,-0.025273674418604647,-1.557942
5,0.06425,-602.0985,-7.001145348837209,-223.2327,-0.025957290697674416,-1.594395
5,0.0645,-609.6431,-7.088873255813954,-229.0786,-0.026637046511627908,-1.630444
5,0.06475,-616.6671,-7.170547674418605,-234.7033,-0.02729108139534884,-1.66586
5,0.065,-623.7818,-7.253276744186047,-240.3021,-0.02794210465116279,-1.700803
5,0.06525,-630.1605,-7.327447674418605,-245.8295,-0.028584825581395346,-1.735232
5,0.0655,-637.0564,-7.407632558139536,-251.2878,-0.02921951162790698,-1.769107
5,0.06575,-644.093,-7.489453488372093,-256.4744,-0.02982260465116279,-1.80245
5,0.066,-650.5872,-7.564967441860467,-261.5418,-0.03041183720930233,-1.835235
5,0.06625,-656.8951,-7.63831511627907,-266.7041,-0.03101210465116279,-1.867446
5,0.0665,-663.3194,-7.713016279069768,-271.8444,-0.03160981395348837,-1.899017
5,0.06675,-668.6046,-7.774472093023256,-276.7619,-0.03218161627906977,-1.929922
5,0.067,-674.8349,-7.846917441860465,-281.3376,-0.03271367441860465,-1.960245
5,0.06725,-680.4018,-7.911648837209302,-286.1138,-0.03326904651162791,-1.98995
5,0.0675,-686.6275,-7.98404069767442,-290.8594,-0.03382086046511628,-2.018918
5,0.06775,-691.777,-8.043918604651164,-295.267,-0.03433337209302326,-2.047143
5,0.068,-697.3231,-8.108408139534884,-299.4285,-0.034817267441860464,-2.07481
5,0.06825,-702.5815,-8.169552325581396,-303.7954,-0.035325046511627906,-2.101867
5,0.0685,-707.1272,-8.222409302325582,-308.15,-0.035831395348837204,-2.128065
5,0.06875,-711.7459,-8.27611511627907,-312.1239,-0.036293476744186044,-2.153509
5,0.069,-716.1326,-8.327123255813955,-315.7064,-0.0367100465116279,-2.178254
5,0.06925,-720.7006,-8.38023953488372,-319.4637,-0.03714694186046512,-2.20223
5,0.0695,-724.4912,-8.424316279069767,-323.3818,-0.03760253488372093,-2.225359
5,0.06975,-728.2083,-8.467538372093024,-327.077,-0.03803220930232558,-2.247627
5,0.07,-732.6487,-8.519170930232558,-330.2064,-0.03839609302325581,-2.269311
5,0.07025,-736.0361,-8.558559302325582,-333.22,-0.03874651162790698,-2.290311
5,0.0705,-739.5815,-8.59978488372093,-336.613,-0.039141046511627905,-2.310354
5,0.07075,-742.5187,-8.633938372093024,-339.8413,-0.03951643023255814,-2.329542
5,0.071,-745.4705,-8.668261627906977,-342.5708,-0.039833813953488374,-2.347995
5,0.07125,-748.4198,-8.70255581395349,-345.0732,-0.04012479069767442,-2.365674
5,0.0715,-751.2642,-8.73563023255814,-347.7573,-0.04043689534883721,-2.382487
5,0.07175,-753.82,-8.765348837209304,-350.5507,-0.04076170930232558,-2.398575
5,0.072,-756.3231,-8.794454651162791,-352.8693,-0.04103131395348837,-2.413962
5,0.07225,-757.7767,-8.811356976744188,-354.8591,-0.04126268604651163,-2.428507
5,0.0725,-760.0787,-8.838124418604652,-356.9924,-0.041510744186046514,-2.442181
5,0.07275,-760.8607,-8.847217441860465,-359.3351,-0.0417831511627907,-2.455076
5,0.073,-762.8932,-8.870851162790697,-361.2975,-0.04201133720930233,-2.4673
5,0.07325,-764.3925,-8.888284883720932,-362.795,-0.042185465116279075,-2.478732
5,0.0735,-765.4221,-8.900256976744187,-364.2253,-0.04235177906976744,-2.489229
5,0.07375,-766.5101,-8.912908139534885,-366.031,-0.04256174418604652,-2.498949
5,0.074,-767.5747,-8.925287209302327,-367.7235,-0.04275854651162791,-2.507981
5,0.07425,-768.1268,-8.931706976744186,-368.9243,-0.042898174418604655,-2.516218
5,0.0745,-768.9954,-8.941806976744187,-369.9575,-0.04301831395348837,-2.523582
5,0.07475,-769.2669,-8.944963953488372,-371.0427,-0.0431445,-2.530141
5,0.075,-769.4361,-8.946931395348837,-372.1101,-0.04326861627906976,-2.536074
5,0.07525,-769.5424,-8.948167441860466,-372.9198,-0.04336276744186046,-2.541216
5,0.0755,-769.1671,-8.943803488372094,-373.5451,-0.04343547674418605,-2.545489
5,0.07575,-768.8222,-8.939793023255813,-374.1676,-0.04350786046511628,-2.549079
5,0.076,-768.2063,-8.932631395348839,-374.7953,-0.0435808488372093,-2.552054
5,0.07625,-767.3124,-8.922237209302326,-375.1396,-0.04362088372093023,-2.554342
5,0.0765,-766.1226,-8.908402325581397,-375.1813,-0.043625732558139535,-2.555786
5,0.07675,-764.5135,-8.889691860465117,-375.1032,-0.043616651162790704,-2.55657
5,0.077,-763.0351,-8.872501162790698,-375.2646,-0.04363541860465116,-2.556808
5,0.07725,-761.356,-8.852976744186048,-375.3106,-0.04364076744186047,-2.556407
5,0.0775,-759.3888,-8.830102325581397,-375.0302,-0.04360816279069767,-2.55534
5,0.07775,-757.1704,-8.804306976744186,-374.4437,-0.04353996511627907,-2.553645
5,0.078,-754.7301,-8.775931395348838,-373.9488,-0.043482418604651164,-2.551396
5,0.07825,-752.3983,-8.748817441860465,-373.5814,-0.0434396976744186,-2.548525
5,0.0785,-749.7924,-8.71851627906977,-373.0567,-0.04337868604651162,-2.545052
5,0.07875,-746.8461,-8.684256976744187,-372.1183,-0.04326956976744186,-2.541151
5,0.079,-743.4329,-8.644568604651164,-371.0917,-0.043150197674418606,-2.536798
5,0.07925,-740.6249,-8.611917441860465,-370.3609,-0.04306522093023256,-2.531835
5,0.0795,-737.8169,-8.579266279069769,-369.4901,-0.04296396511627907,-2.526341
5,0.07975,-734.117,-8.536244186046511,-368.3202,-0.04282793023255814,-2.520404
5,0.08,-730.0616,-8.489088372093024,-366.9043,-0.04266329069767442,-2.513945
5,0.08025,-726.6762,-8.449723255813955,-365.8286,-0.04253820930232558,-2.507026
5,0.0805,-721.7035,-8.391901162790699,-364.8478,-0.042424162790697675,-2.499678
5,0.08075,-717.8025,-8.34654069767442,-363.3956,-0.04225530232558139,-2.491811
5,0.081,-713.8858,-8.300997674418607,-361.5938,-0.04204579069767442,-2.483481
5,0.08125,-708.8391,-8.242315116279071,-359.9101,-0.041850011627906976,-2.47464
5,0.0815,-704.5704,-8.192679069767442,-358.4245,-0.04167726744186047,-2.465208
5,0.08175,-699.6757,-8.135763953488373,-356.8458,-0.04149369767441861,-2.45535
5,0.082,-694.51,-8.075697674418604,-354.9985,-0.041278895348837205,-2.445132
5,0.08225,-688.7006,-8.008146511627908,-353.0563,-0.04105305813953489,-2.434386
5,0.0825,-683.6919,-7.949905813953489,-351.0482,-0.04081955813953488,-2.423034
5,0.08275,-678.2264,-7.886353488372094,-348.8672,-0.040565953488372095,-2.411208
5,0.083,-672.5552,-7.820409302325582,-346.5638,-0.04029811627906977,-2.399032
5,0.08325,-666.8116,-7.753623255813954,-344.3202,-0.040037232558139534,-2.386412
5,0.0835,-660.7039,-7.682603488372093,-342.1221,-0.03978163953488372,-2.373209
5,0.08375,-653.8769,-7.603219767441861,-339.6201,-0.03949070930232558,-2.359479
5,0.084,-647.4313,-7.5282709302325586,-336.9061,-0.03917512790697674,-2.345303
5,0.08425,-641.2283,-7.456143023255814,-334.1101,-0.03885001162790698,-2.330728
5,0.0845,-634.0306,-7.372448837209304,-331.4342,-0.03853886046511627,-2.315691
5,0.08475,-626.5199,-7.28511511627907,-328.6686,-0.03821727906976744,-2.300193
5,0.085,-618.8395,-7.1958081395348845,-325.7156,-0.037873906976744184,-2.284258
5,0.08525,-612.0935,-7.117366279069767,-322.6954,-0.03752272093023256,-2.267775
5,0.0855,-604.2875,-7.026598837209304,-319.5742,-0.037159790697674416,-2.250785
5,0.08575,-596.6567,-6.937868604651163,-316.2397,-0.03677205813953489,-2.233289
5,0.086,-589.224,-6.851441860465117,-312.9435,-0.03638877906976744,-2.215439
5,0.08625,-581.1951,-6.758082558139535,-309.7253,-0.036014569767441856,-2.197276
5,0.0865,-573.1987,-6.665101162790698,-306.329,-0.0356196511627907,-2.178586
5,0.08675,-565.3359,-6.573673255813954,-302.6618,-0.03519323255813954,-2.159347
5,0.087,-557.0852,-6.47773488372093,-298.9446,-0.034761,-2.139627
5,0.08725,-549.0751,-6.384594186046512,-295.3698,-0.03434532558139535,-2.119431
5,0.0875,-540.3214,-6.282806976744187,-291.7183,-0.03392073255813954,-2.098773
5,0.08775,-531.4528,-6.179683720930233,-287.7616,-0.0334606511627907,-2.077683
5,0.088,-523.0612,-6.082106976744186,-283.8034,-0.03300039534883721,-2.056202
5,0.08825,-514.1262,-5.978211627906978,-280.1298,-0.032573232558139535,-2.034272
5,0.0885,-505.2404,-5.874888372093024,-276.3598,-0.03213486046511628,-2.011728
5,0.08875,-495.9134,-5.7664348837209305,-271.937,-0.03162058139534884,-1.988705
5,0.089,-486.7814,-5.660248837209303,-267.3902,-0.03109188372093023,-1.965308
5,0.08925,-477.4696,-5.551972093023256,-263.3331,-0.030620127906976744,-1.941503
5,0.0895,-467.4304,-5.435237209302326,-259.3865,-0.03016122093023256,-1.917159
5,0.08975,-457.5969,-5.320894186046512,-254.9439,-0.029644639534883725,-1.892263
5,0.09,-448.5465,-5.215656976744186,-249.9751,-0.029066872093023256,-1.867038
5,0.09025,-437.3804,-5.0858186046511635,-245.425,-0.028537790697674422,-1.841419
5,0.0905,-428.1334,-4.97829534883721,-241.0857,-0.02803322093023256,-1.815249
5,0.09075,-418.0289,-4.860801162790698,-236.2312,-0.02746874418604651,-1.788559
5,0.091,-408.4558,-4.749486046511628,-231.052,-0.02686651162790698,-1.761518
5,0.09125,-397.9329,-4.6271267441860475,-226.0638,-0.026286488372093023,-1.734107
5,0.0915,-386.9963,-4.499956976744186,-221.3204,-0.02573493023255814,-1.706181
5,0.09175,-375.9199,-4.371161627906977,-216.2494,-0.02514527906976744,-1.677819
5,0.092,-365.7602,-4.253025581395349,-210.7716,-0.024508325581395353,-1.649132
5,0.09225,-354.8433,-4.126084883720931,-205.4868,-0.02389381395348837,-1.620053
5,0.0925,-344.1554,-4.001806976744186,-200.3084,-0.023291674418604653,-1.590483
5,0.09275,-333.0562,-3.8727465116279074,-194.9414,-0.022667604651162788,-1.560429
5,0.093,-322.1899,-3.746394186046512,-189.2747,-0.022008686046511627,-1.530007
5,0.09325,-311.6165,-3.6234476744186046,-183.4836,-0.021335302325581396,-1.499214
5,0.0935,-300.0695,-3.4891802325581396,-177.9039,-0.020686499999999997,-1.467997
5,0.09375,-288.8381,-3.358582558139535,-172.2273,-0.02002643023255814,-1.436393
5,0.094,-278.0134,-3.232713953488372,-166.2886,-0.01933588372093023,-1.404412
5,0.09425,-266.6787,-3.10091511627907,-160.148,-0.01862186046511628,-1.372002
5,0.0945,-255.5384,-2.971376744186047,-154.079,-0.017916162790697673,-1.339015
5,0.09475,-244.2903,-2.8405848837209304,-147.8554,-0.017192488372093022,-1.305696
5,0.095,-232.5863,-2.7044918604651165,-141.5493,-0.016459220930232558,-1.272137
5,0.09525,-221.671,-2.5775697674418607,-135.0527,-0.015703802325581395,-1.238183
5,0.0955,-209.6271,-2.4375244186046516,-128.5001,-0.014941872093023258,-1.20372
5,0.09575,-198.0954,-2.3034348837209304,-122.0255,-0.014189011627906978,-1.168757
5,0.096,-186.5089,-2.168708139534884,-115.5043,-0.013430732558139535,-1.133534
5,0.09625,-174.5857,-2.030066279069768,-108.8324,-0.01265493023255814,-1.098018
5,0.0965,-162.8037,-1.8930662790697674,-101.9032,-0.01184920930232558,-1.062064
5,0.09675,-150.7315,-1.7526918604651167,-94.80561,-0.011023908139534883,-1.025717
5,0.097,-138.905,-1.6151744186046513,-88.03394,-0.01023650465116279,-0.9890681
5,0.09725,-126.2959,-1.4685569767441862,-81.32643,-0.009456561627906977,-0.9521192
5,0.0975,-114.5433,-1.3318988372093024,-74.26586,-0.008635565116279071,-0.9148072
5,0.09775,-102.7512,-1.1947813953488373,-66.79617,-0.007766996511627907,-0.8770963
5,0.098,-90.54634,-1.0528644186046512,-59.59953,-0.006930177906976745,-0.83916
5,0.09825,-78.39008,-0.9115125581395349,-52.68879,-0.006126603488372093,-0.8009565
5,0.0985,-66.60001,-0.7744187209302326,-45.61637,-0.0053042290697674415,-0.7623539
5,0.09875,-53.98538,-0.6277369767441862,-38.05305,-0.004424773255813953,-0.7234635
5,0.099,-41.8433,-0.48655000000000004,-30.63507,-0.0035622174418604652,-0.6843987
5,0.09925,-30.06387,-0.3495798837209303,-23.65311,-0.002750361627906977,-0.6450833
5,0.0995,-18.16237,-0.2111903488372093,-16.46841,-0.0019149313953488371,-0.6054599
5,0.09975,-5.894685,-0.0685428488372093,-8.687188,-0.0010101381395348837,-0.5656073
5,0.1,4.154071,0.04830315116279071,-1.740421,-0.00020237453488372093,-0.5313222
6,0.0,5.369429,0.062435220930232564,0.0,0.0,-0.8139092
6,0.00025,20.61752,0.2397386046511628,10.81119,0.0012571151162790698,-0.7530115
6,0.0005,37.68319,0.4381766279069768,21.87934,0.0025441093023255814,-0.6915894
6,0.00075,53.94252,0.6272386046511629,33.03015,0.00384071511627907,-0.6296333
6,0.001,69.23547,0.8050636046511629,44.35734,0.00515783023255814,-0.5674422
6,0.00125,84.70215,0.9849087209302326,55.7478,0.006482302325581396,-0.5050483
6,0.0015,99.84315,1.1609668604651162,67.07885,0.007799866279069767,-0.4421982
6,0.00175,115.638,1.3446279069767442,78.54183,0.00913277093023256,-0.3788306
6,0.002,130.9649,1.5228476744186048,90.21508,0.01049012558139535,-0.3152546
6,0.00225,146.6869,1.705661627906977,101.7188,0.011827767441860466,-0.2516915
6,0.0025,163.0531,1.8959662790697676,112.9842,0.013137697674418605,-0.1879034
6,0.00275,177.7195,2.0665058139534884,124.3197,0.014455779069767442,-0.1237793
6,0.003,193.2713,2.2473406976744186,135.8469,0.0157961511627907,-0.05940584
6,0.00325,208.508,2.424511627906977,147.212,0.01711767441860465,0.00519815
6,0.0035,224.4336,2.609693023255814,158.2345,0.01839936046511628,0.06995323
6,0.00375,238.9901,2.778954651162791,169.232,0.01967813953488372,0.1348698
6,0.004,254.2612,2.956525581395349,180.6661,0.021007686046511626,0.1998003
6,0.00425,268.7889,3.1254523255813957,192.0159,0.022327430232558138,0.264685
6,0.0045,283.9532,3.3017813953488373,202.9533,0.02359922093023256,0.3297005
6,0.00475,298.4459,3.470301162790698,213.8754,0.024869232558139536,0.3949146
6,0.005,313.2567,3.642519767441861,225.2268,0.026189162790697672,0.4600641
6,0.00525,327.646,3.809837209302326,236.5134,0.027501558139534883,0.5249554
6,0.0055,342.5333,3.9829453488372097,247.4087,0.028768453488372092,0.589814
6,0.00575,357.2529,4.154103488372093,258.4385,0.030050988372093024,0.6547064
6,0.006,371.6828,4.321893023255814,269.8522,0.031378162790697675,0.7193992
6,0.00625,386.4308,4.493381395348837,281.3512,0.032715255813953494,0.7838606
6,0.0065,400.5522,4.6575837209302335,292.6585,0.034030058139534886,0.8482781
6,0.00675,414.704,4.822139534883721,303.8337,0.03532950000000001,0.9125326
6,0.007,428.7206,4.985123255813954,315.4237,0.03667717441860465,0.9764431
6,0.00725,443.342,5.1551395348837215,327.1292,0.03803827906976744,1.040008
6,0.0075,457.2198,5.316509302325582,338.8759,0.03940417441860465,1.103312
6,0.00775,471.1158,5.4780906976744195,350.4165,0.04074610465116279,1.166407
6,0.008,484.5799,5.634650000000001,362.0487,0.04209868604651163,1.229199
6,0.00825,498.448,5.795906976744186,373.8335,0.04346901162790698,1.291533
6,0.0085,512.7062,5.9616999999999996,385.6193,0.044839453488372094,1.353469
6,0.00875,524.7085,6.101261627906977,397.0384,0.04616725581395349,1.414982
6,0.009,538.2774,6.259039534883721,408.2878,0.04747532558139535,1.475963
6,0.00925,551.4309,6.411987209302326,419.6637,0.04879810465116279,1.536427
6,0.0095,563.8121,6.555954651162791,431.035,0.050120348837209304,1.596386
6,0.00975,576.7706,6.7066348837209295,442.0964,0.05140655813953488,1.655788
6,0.01,589.6734,6.856667441860466,452.6854,0.052637837209302325,1.714523
6,0.01025,602.5307,7.0061709302325585,463.1081,0.05384977906976744,1.772565
6,0.0105,614.5958,7.146462790697676,473.6366,0.05507402325581395,1.829989
6,0.01075,626.7115,7.287343023255815,484.2382,0.05630676744186046,1.886811
6,0.011,638.6024,7.425609302325582,494.3294,0.057480162790697675,1.942952
6,0.01125,650.4568,7.563451162790699,504.046,0.058609999999999995,1.998381
6,0.0115,662.0458,7.698206976744186,513.9337,0.059759732558139544,2.053106
6,0.01175,673.4879,7.831254651162791,523.8192,0.06090920930232559,2.107128
6,0.012,685.1078,7.9663697674418605,533.4019,0.06202347674418604,2.160453
6,0.01225,695.8924,8.091772093023256,542.3698,0.06306625581395349,2.213039
6,0.0125,707.1765,8.222982558139536,551.4845,0.0641261046511628,2.264873
6,0.01275,718.0853,8.349829069767441,560.9819,0.06523045348837209,2.31592
6,0.013,728.4881,8.470791860465116,570.1499,0.0662965,2.366114
6,0.01325,739.0322,8.593397674418606,578.5989,0.06727894186046511,2.415445
6,0.0135,749.6112,8.716409302325582,587.2206,0.06828146511627907,2.464015
6,0.01375,760.1832,8.839339534883722,596.2626,0.06933286046511627,2.511861
6,0.014,770.3084,8.957074418604652,605.2698,0.0703802093023256,2.558792
6,0.01425,779.8512,9.068037209302325,613.517,0.07133918604651163,2.604748
6,0.0145,789.2577,9.177415116279072,621.501,0.07226755813953488,2.649854
6,0.01475,798.8704,9.28919069767442,629.8642,0.07324002325581395,2.694163
6,0.015,808.3443,9.399352325581397,638.3926,0.0742316976744186,2.737504
6,0.01525,817.6121,9.507117441860466,646.2712,0.07514781395348838,2.77987
6,0.0155,826.8109,9.61408023255814,653.9432,0.0760399069767442,2.821406
6,0.01575,835.479,9.714872093023258,661.7983,0.07695329069767443,2.862086
6,0.016,843.7024,9.810493023255814,669.908,0.07789627906976744,2.90175
6,0.01625,851.7682,9.90428139534884,677.3028,0.07875613953488374,2.940344
6,0.0165,859.5859,9.995184883720931,684.1636,0.0795539069767442,2.978002
6,0.01675,867.6147,10.088543023255813,691.1546,0.08036681395348837,3.014874
6,0.017,875.3686,10.178704651162793,698.4715,0.08121761627906976,3.050759
6,0.01725,882.0755,10.256691860465118,705.2451,0.08200524418604652,3.085565
6,0.0175,889.2728,10.340381395348837,711.5001,0.08273256976744187,3.119461
6,0.01775,895.807,10.41636046511628,717.6341,0.08344582558139535,3.15235
6,0.018,902.3772,10.492758139534883,723.8923,0.08417352325581395,3.184185
6,0.01825,908.8263,10.567747674418603,729.8095,0.08486156976744186,3.215067
6,0.0185,914.8105,10.637331395348838,735.346,0.0855053488372093,3.245046
6,0.01875,921.0074,10.709388372093024,740.6307,0.0861198488372093,3.274078
6,0.019,926.7348,10.77598604651163,746.0113,0.0867455,3.302089
6,0.01925,932.5396,10.843483720930234,751.254,0.08735511627906976,3.329106
6,0.0195,938.1161,10.908326744186047,755.9656,0.08790297674418604,3.355228
6,0.01975,943.3208,10.968846511627907,760.4003,0.08841863953488373,3.380441
6,0.02,948.0149,11.023429069767442,764.871,0.08893848837209302,3.404656
6,0.02025,952.6437,11.077252325581396,769.0989,0.08943010465116279,3.427858
6,0.0205,957.0745,11.128773255813954,773.0583,0.08989050000000001,3.450159
6,0.02075,961.9074,11.184969767441862,777.0287,0.09035217441860464,3.471541
6,0.021,965.3394,11.224876744186048,780.6499,0.09077324418604651,3.491877
6,0.02125,968.74,11.264418604651164,783.9551,0.09115756976744187,3.511285
6,0.0215,972.3052,11.30587441860465,787.233,0.09153872093023255,3.529854
6,0.02175,975.5943,11.344119767441862,790.499,0.09191848837209303,3.547496
6,0.022,978.6348,11.379474418604651,793.5227,0.09227008139534883,3.564113
6,0.02225,981.3587,11.411147674418606,796.116,0.09257162790697675,3.579666
6,0.0225,984.2386,11.444634883720932,798.5142,0.09285048837209302,3.594325
6,0.02275,986.2139,11.467603488372093,801.048,0.09314511627906977,3.608144
6,0.023,988.1745,11.490401162790699,803.4574,0.09342527906976744,3.621046
6,0.02325,990.6512,11.519200000000001,805.514,0.09366441860465116,3.632996
6,0.0235,991.6505,11.53081976744186,807.2728,0.09386893023255814,3.643995
6,0.02375,992.8919,11.545254651162791,809.102,0.09408162790697674,3.654112
6,0.024,994.4595,11.563482558139537,810.7883,0.09427770930232558,3.663345
6,0.02425,994.4697,11.563601162790698,812.0796,0.09442786046511628,3.671642
6,0.0245,994.3577,11.562298837209305,813.0767,0.09454380232558139,3.679128
6,0.02475,994.693,11.566197674418605,814.2522,0.09468048837209303,3.685853
6,0.025,995.0795,11.570691860465118,815.4584,0.09482074418604651,3.691652
6,0.02525,994.3314,11.561993023255814,816.2465,0.09491238372093022,3.696536
6,0.0255,993.3488,11.550567441860467,816.5725,0.09495029069767442,3.700635
6,0.02575,993.2181,11.549047674418606,817.0136,0.09500158139534884,3.703949
6,0.026,992.113,11.536197674418606,817.6859,0.09507975581395348,3.706496
6,0.02625,991.6647,11.530984883720931,818.0101,0.0951174534883721,3.708319
6,0.0265,989.4331,11.505036046511629,817.8705,0.09510122093023256,3.709438
6,0.02675,988.2257,11.490996511627907,817.7455,0.09508668604651162,3.709811
6,0.027,985.7378,11.462067441860468,817.7826,0.095091,3.709412
6,0.02725,984.3773,11.446247674418606,817.6139,0.09507138372093023,3.708354
6,0.0275,981.5957,11.413903488372094,816.9798,0.0949976511627907,3.706735
6,0.02775,979.6437,11.391205813953489,816.3173,0.09492061627906978,3.704533
6,0.028,976.9198,11.359532558139536,815.9071,0.09487291860465116,3.701681
6,0.02825,973.4691,11.319408139534886,815.4911,0.0948245465116279,3.698194
6,0.0285,970.2731,11.28224534883721,814.7179,0.09473463953488372,3.694181
6,0.02875,966.713,11.240848837209303,813.5206,0.09459541860465116,3.689609
6,0.029,962.9847,11.197496511627907,812.4178,0.09446718604651164,3.684493
6,0.02925,957.8418,11.13769534883721,811.7561,0.09439024418604651,3.678867
6,0.0295,954.3344,11.096911627906977,810.8753,0.09428782558139535,3.672669
6,0.02975,949.7314,11.043388372093025,809.4101,0.0941174534883721,3.665958
6,0.03,945.4328,10.993404651162791,807.9025,0.0939421511627907,3.658676
6,0.03025,939.8412,10.928386046511628,806.6172,0.0937926976744186,3.650871
6,0.0305,934.9875,10.871947674418605,805.4787,0.09366031395348837,3.642631
6,0.03075,929.3153,10.805991860465117,803.6565,0.09344843023255814,3.633903
6,0.031,923.5413,10.738852325581396,801.7198,0.09322323255813954,3.624589
6,0.03125,917.8079,10.67218488372093,799.8988,0.09301148837209303,3.614715
6,0.0315,911.5158,10.599020930232559,798.4208,0.09283962790697675,3.604392
6,0.03175,905.1365,10.524843023255816,796.3474,0.09259853488372093,3.593617
6,0.032,898.2229,10.444452325581397,793.6793,0.09228829069767443,3.582337
6,0.03225,891.9779,10.37183604651163,791.2683,0.09200794186046511,3.570537
6,0.0325,884.2681,10.282187209302327,789.2259,0.0917704534883721,3.558243
6,0.03275,877.2614,10.200713953488373,786.9056,0.0915006511627907,3.54541
6,0.033,869.4614,10.110016279069768,783.9153,0.09115294186046512,3.53205
6,0.03325,861.5354,10.017853488372094,780.9513,0.0908082906976744,3.518171
6,0.0335,853.8924,9.928981395348837,778.259,0.09049523255813954,3.503847
6,0.03375,845.86,9.835581395348838,775.5295,0.09017784883720929,3.48903
6,0.034,837.391,9.737104651162792,772.1735,0.08978761627906977,3.473622
6,0.03425,829.6133,9.646666279069768,768.5535,0.08936668604651163,3.457676
6,0.0345,820.4378,9.539974418604652,765.3667,0.08899612790697675,3.441193
6,0.03475,811.9966,9.441820930232558,762.09,0.08861511627906977,3.424217
6,0.035,802.9877,9.337066279069768,758.3566,0.088181,3.406704
6,0.03525,793.6055,9.227970930232559,754.0315,0.08767808139534884,3.388613
6,0.0355,784.5023,9.122119767441863,750.0994,0.08722086046511628,3.369994
6,0.03575,774.6075,9.007063953488371,746.3912,0.08678967441860465,3.350848
6,0.036,764.7872,8.892874418604652,742.4122,0.086327,3.331104
6,0.03625,754.6888,8.775451162790699,737.6533,0.0857736395348837,3.31075
6,0.0365,744.5529,8.657591860465118,732.876,0.08521813953488372,3.289862
6,0.03675,733.6923,8.53130581395349,728.4875,0.0847078488372093,3.268446
6,0.037,723.1629,8.408870930232558,724.0745,0.08419470930232557,3.246474
6,0.03725,712.1037,8.28027558139535,718.9868,0.08360311627906977,3.223869
6,0.0375,701.3954,8.15576046511628,713.7582,0.08299513953488372,3.200662
6,0.03775,689.9265,8.022401162790699,708.6248,0.08239823255813954,3.176936
6,0.038,678.9706,7.895006976744186,703.4719,0.08179905813953489,3.152543
6,0.03825,666.6801,7.752094186046513,697.9753,0.08115991860465116,3.127536
6,0.0385,655.5693,7.622898837209303,692.1708,0.08048497674418605,3.10203
6,0.03875,643.6931,7.484803488372093,686.3609,0.07980940697674418,3.075924
6,0.039,631.0962,7.338327906976744,680.5853,0.07913782558139534,3.049157
6,0.03925,619.6895,7.205691860465117,674.5525,0.07843633720930232,3.021814
6,0.0395,607.4001,7.062791860465116,668.1797,0.07769531395348837,2.993954
6,0.03975,594.9404,6.917911627906976,661.7523,0.07694794186046512,2.965551
6,0.04,582.535,6.773662790697674,655.2147,0.0761877558139535,2.936491
6,0.04025,569.9259,6.62704534883721,648.8529,0.07544801162790699,2.906722
6,0.0405,556.6807,6.473031395348838,642.3531,0.07469222093023256,2.876457
6,0.04075,543.7328,6.322474418604652,635.4531,0.0738898953488372,2.845675
6,0.041,531.1369,6.1760104651162795,628.6671,0.07310082558139534,2.814236
6,0.04125,517.135,6.013197674418605,621.8155,0.07230412790697675,2.782135
6,0.0415,503.7333,5.857363953488372,614.8541,0.07149466279069767,2.749452
6,0.04175,490.6496,5.705227906976744,607.7575,0.07066947674418605,2.716157
6,0.042,477.2535,5.549459302325581,600.5892,0.0698359534883721,2.682145
6,0.04225,463.0778,5.384625581395349,593.4492,0.06900572093023256,2.64748
6,0.0425,449.2755,5.224133720930233,586.3001,0.06817443023255815,2.612246
6,0.04275,435.8216,5.067693023255814,578.7592,0.06729758139534883,2.576461
6,0.043,421.6723,4.903166279069768,570.9314,0.06638737209302327,2.540044
6,0.04325,407.5904,4.7394232558139535,563.3521,0.06550605813953488,2.502914
6,0.0435,393.1174,4.571132558139535,555.9734,0.06464806976744186,2.465118
6,0.04375,378.804,4.404697674418605,548.4109,0.06376870930232559,2.426754
6,0.044,364.0236,4.232832558139535,540.2946,0.06282495348837208,2.387754
6,0.04425,349.4757,4.063670930232559,532.3033,0.061895732558139537,2.348056
6,0.0445,334.1205,3.885122093023256,524.3498,0.06097090697674418,2.307735
6,0.04475,319.8086,3.718704651162791,516.3225,0.0600375,2.266873
6,0.045,305.2561,3.549489534883721,507.9388,0.05906265116279069,2.22532
6,0.04525,289.5676,3.3670651162790706,499.4637,0.05807717441860465,2.183018
6,0.0455,274.4337,3.191089534883721,490.9656,0.057089023255813956,2.140136
6,0.04575,259.9243,3.0223755813953495,482.4436,0.056098093023255816,2.09671
6,0.046,244.6486,2.844751162790698,473.5368,0.055062418604651164,2.052565
6,0.04625,229.6519,2.6703709302325582,464.5355,0.05401575581395349,2.007726
6,0.0465,214.1938,2.490625581395349,455.4759,0.052962313953488376,1.962413
6,0.04675,199.4702,2.3194209302325586,446.3493,0.05190108139534884,1.916471
6,0.047,183.5325,2.1340988372093026,437.1488,0.05083125581395348,1.869802
6,0.04725,168.5961,1.9604197674418609,427.604,0.049721395348837204,1.822564
6,0.0475,153.1183,1.7804453488372094,417.84,0.04858604651162791,1.774743
6,0.04775,138.2533,1.6075965116279072,407.9736,0.04743879069767441,1.726377
6,0.048,122.543,1.4249186046511628,398.3174,0.04631597674418605,1.677403
6,0.04825,107.441,1.2493139534883722,388.3421,0.04515605813953488,1.627723
6,0.0485,92.09943,1.0709236046511628,378.1555,0.04397156976744186,1.577543
6,0.04875,76.06093,0.8844294186046512,367.9561,0.04278559302325581,1.526881
6,0.049,60.19615,0.6999552325581396,357.7989,0.04160452325581396,1.47556
6,0.04925,44.99639,0.5232138372093024,347.4853,0.04040526744186047,1.423559
6,0.0495,29.15339,0.3389929069767442,337.0835,0.03919575581395349,1.370993
6,0.04975,13.67608,0.15902418604651167,326.695,0.03798779069767442,1.31793
6,0.05,-2.059545,-0.023948197674418605,316.0398,0.03674881395348837,1.264382
6,0.05025,-17.34541,-0.2016908139534884,305.7474,0.035552023255813955,1.210321
6,0.0505,-33.118,-0.385093023255814,295.1037,0.034314383720930236,1.155773
6,0.05075,-48.34005,-0.5620936046511628,284.2858,0.033056488372093025,1.100861
6,0.051,-64.53202,-0.7503723255813954,273.7161,0.03182745348837209,1.045479
6,0.05125,-80.03871,-0.9306826744186046,263.4761,0.030636755813953486,0.9895458
6,0.0515,-95.44916,-1.1098739534883724,252.885,0.029405232558139534,0.9332053
6,0.05175,-110.5329,-1.2852662790697675,241.9378,0.0281323023255814,0.8764316
6,0.052,-126.497,-1.4708953488372094,231.2145,0.026885406976744183,0.8191097
6,0.05225,-142.6449,-1.658661627906977,220.8621,0.02568163953488372,0.7613087
6,0.0525,-157.1492,-1.8273162790697677,210.2766,0.024450767441860467,0.7030048
6,0.05275,-172.5916,-2.006879069767442,199.1619,0.023158360465116278,0.6442637
6,0.053,-188.0714,-2.186876744186047,188.1264,0.021875162790697674,0.5851785
6,0.05325,-203.4601,-2.36581511627907,177.4656,0.02063553488372093,0.5254923
6,0.0535,-219.1649,-2.548429069767442,166.6708,0.01938032558139535,0.4654163
6,0.05375,-233.8455,-2.7191337209302326,155.3252,0.018061069767441863,0.4051517
6,0.054,-248.8289,-2.8933593023255817,143.9274,0.016735744186046512,0.3444028
6,0.05425,-263.193,-3.0603837209302327,132.9441,0.015458616279069765,0.2832182
6,0.0545,-278.9261,-3.243326744186047,122.0287,0.014189383720930232,0.2217611
6,0.05475,-293.2213,-3.4095500000000003,110.4154,0.012839000000000001,0.1600414
6,0.055,-307.481,-3.575360465116279,98.59983,0.011465096511627908,0.09792801
6,0.05525,-322.3545,-3.7483081395348834,87.18442,0.010137723255813953,0.0354589
6,0.0555,-337.1182,-3.919979069767442,75.8519,0.008819988372093022,-0.02717739
6,0.05575,-351.498,-4.087186046511628,64.13314,0.007457341860465117,-0.08996553
6,0.056,-365.8053,-4.253550000000001,52.30009,0.006081405813953488,-0.1530438
6,0.05625,-381.0881,-4.431256976744186,40.73898,0.0047370906976744185,-0.2164552
6,0.0565,-395.1386,-4.59463488372093,29.4101,0.0034197790697674422,-0.2799871
6,0.05675,-409.4657,-4.761229069767443,17.95158,0.002087393023255814,-0.343641
6,0.057,-423.5532,-4.925037209302326,6.380888,0.0007419637209302325,-0.4074349
6,0.05725,-438.1411,-5.094663953488372,-4.928088,-0.000573033488372093,-0.4712151
6,0.0575,-451.5226,-5.250262790697675,-15.90882,-0.0018498627906976743,-0.5350589
6,0.05775,-465.5022,-5.412816279069768,-26.85849,-0.0031230802325581397,-0.599003
6,0.058,-479.4565,-5.57507558139535,-37.86476,-0.004402879069767441,-0.6629683
6,0.05825,-492.8775,-5.731133720930233,-48.58284,-0.005649167441860465,-0.7270037
6,0.0585,-506.5517,-5.890136046511628,-59.10354,-0.006872504651162791,-0.7910212
6,0.05875,-519.7336,-6.043413953488373,-69.64682,-0.008098467441860466,-0.8549037
6,0.059,-533.1966,-6.199960465116279,-80.28176,-0.009335088372093023,-0.9186758
6,0.05925,-545.7616,-6.346065116279071,-90.6889,-0.010545220930232559,-0.9823446
6,0.0595,-558.906,-6.498906976744186,-100.917,-0.011734534883720931,-1.045871
6,0.05975,-571.1854,-6.641690697674418,-111.2071,-0.012931058139534882,-1.109345
6,0.06,-584.1246,-6.792146511627908,-121.5348,-0.014131953488372094,-1.172764
6,0.06025,-596.3452,-6.934246511627907,-131.6198,-0.015304627906976743,-1.236027
6,0.0605,-609.1929,-7.0836383720930245,-141.7043,-0.01647724418604651,-1.299094
6,0.06075,-621.0412,-7.221409302325582,-151.8915,-0.017661802325581396,-1.361874
6,0.061,-633.3808,-7.364893023255815,-162.0531,-0.01884338372093023,-1.424415
6,0.06125,-645.5993,-7.5069686046511634,-172.0576,-0.020006697674418608,-1.486794
6,0.0615,-656.8753,-7.638084883720931,-181.7666,-0.0211356511627907,-1.548811
6,0.06175,-668.1174,-7.7688069767441865,-191.5944,-0.022278418604651164,-1.610346
6,0.062,-679.9637,-7.906554651162792,-201.474,-0.023427209302325582,-1.671596
6,0.06225,-690.9778,-8.03462558139535,-211.1047,-0.024547058139534884,-1.732533
6,0.0625,-701.6814,-8.159086046511629,-220.6484,-0.025656790697674424,-1.792938
6,0.06275,-712.7153,-8.287387209302326,-230.3864,-0.026789116279069766,-1.85276
6,0.063,-723.3612,-8.411176744186049,-240.2216,-0.02793274418604651,-1.912036
6,0.06325,-733.5503,-8.529654651162792,-249.7407,-0.02903961627906977,-1.970843
6,0.0635,-743.8497,-8.64941511627907,-258.8158,-0.030094860465116283,-2.029112
6,0.06375,-754.4815,-8.77304069767442,-268.0959,-0.031173941860465113,-2.086673
6,0.064,-764.7743,-8.892724418604653,-277.5247,-0.03227031395348837,-2.143618
6,0.06425,-774.3946,-9.004588372093023,-286.6002,-0.033325604651162785,-2.200035
6,0.0645,-783.9764,-9.116004651162791,-295.1968,-0.034325209302325584,-2.255699
6,0.06475,-793.6129,-9.228056976744186,-303.7359,-0.03531812790697675,-2.310561
6,0.065,-802.5646,-9.332146511627908,-312.3317,-0.03631763953488372,-2.364767
6,0.06525,-812.4568,-9.447172093023257,-320.9146,-0.0373156511627907,-2.418266
6,0.0655,-821.134,-9.548069767441861,-328.8977,-0.038243918604651164,-2.470966
6,0.06575,-829.836,-9.649255813953488,-336.5709,-0.0391361511627907,-2.522809
6,0.066,-838.4088,-9.748939534883723,-344.3251,-0.0400378023255814,-2.57379
6,0.06625,-846.538,-9.84346511627907,-352.1159,-0.04094370930232558,-2.623997
6,0.0665,-854.1571,-9.932059302325582,-359.4315,-0.04179436046511628,-2.673264
6,0.06675,-862.4392,-10.028362790697676,-366.3011,-0.0425931511627907,-2.721585
6,0.067,-869.4845,-10.110284883720931,-373.095,-0.04338313953488372,-2.769045
6,0.06725,-877.208,-10.200093023255814,-380.0723,-0.044194453488372094,-2.815597
6,0.0675,-883.7528,-10.27619534883721,-386.9411,-0.0449931511627907,-2.86117
6,0.06775,-890.4101,-10.353605813953491,-393.2015,-0.04572110465116279,-2.90575
6,0.068,-897.111,-10.431523255813953,-399.1917,-0.046417639534883724,-2.949386
6,0.06825,-903.4269,-10.504963953488373,-405.3978,-0.04713927906976744,-2.992039
6,0.0685,-910.0939,-10.582487209302325,-411.5924,-0.047859581395348835,-3.033642
6,0.06875,-915.8222,-10.649095348837209,-417.2905,-0.0485221511627907,-3.074113
6,0.069,-921.2295,-10.711970930232559,-422.7973,-0.04916247674418604,-3.113602
6,0.06925,-927.6118,-10.786183720930234,-428.2736,-0.04979925581395349,-3.152139
6,0.0695,-933.0697,-10.849647674418605,-433.9687,-0.05046147674418605,-3.189437
6,0.06975,-937.7983,-10.904631395348838,-439.0958,-0.05105765116279069,-3.22547
6,0.07,-942.9078,-10.964044186046513,-443.8046,-0.051605186046511625,-3.260354
6,0.07025,-947.1522,-11.013397674418606,-448.5696,-0.05215925581395349,-3.294039
6,0.0705,-951.8281,-11.067768604651162,-453.6083,-0.0527451511627907,-3.326558
6,0.07075,-955.7362,-11.113211627906978,-458.2923,-0.0532898023255814,-3.357837
6,0.071,-959.8418,-11.160951162790699,-462.1489,-0.053738244186046516,-3.387755
6,0.07125,-963.3158,-11.201346511627907,-465.9533,-0.054180616279069775,-3.416598
6,0.0715,-966.9038,-11.243067441860466,-470.2183,-0.05467654651162791,-3.444276
6,0.07175,-970.4239,-11.283998837209303,-474.2077,-0.05514043023255814,-3.470557
6,0.072,-973.7145,-11.322261627906979,-477.5005,-0.05552331395348837,-3.495677
6,0.07225,-976.1315,-11.350366279069767,-480.3878,-0.055859046511627916,-3.519658
6,0.0725,-978.7647,-11.38098488372093,-483.8563,-0.056262360465116276,-3.542357
6,0.07275,-980.4483,-11.400561627906978,-487.1866,-0.05664960465116279,-3.563833
6,0.073,-983.3799,-11.434650000000001,-489.788,-0.05695209302325582,-3.584093
6,0.07325,-985.0442,-11.454002325581397,-491.9584,-0.057204465116279066,-3.60311
6,0.0735,-986.3925,-11.469680232558142,-494.2883,-0.05747538372093023,-3.620912
6,0.07375,-987.2783,-11.479980232558141,-496.8979,-0.05777882558139534,-3.637429
6,0.074,-988.622,-11.495604651162791,-499.0018,-0.058023465116279066,-3.652745
6,0.07425,-989.1898,-11.502206976744187,-500.434,-0.05819,-3.666943
6,0.0745,-989.5666,-11.506588372093024,-501.8947,-0.05835984883720931,-3.679937
6,0.07475,-989.7946,-11.509239534883722,-503.5852,-0.05855641860465116,-3.691652
6,0.075,-989.7779,-11.509045348837212,-504.9557,-0.05871577906976744,-3.70225
6,0.07525,-989.359,-11.504174418604652,-505.8174,-0.05881597674418605,-3.711663
6,0.0755,-988.305,-11.491918604651163,-506.5967,-0.058906593023255814,-3.719864
6,0.07575,-987.9565,-11.487866279069769,-507.4192,-0.059002232558139536,-3.726937
6,0.076,-986.9157,-11.475763953488373,-508.0666,-0.05907751162790698,-3.732902
6,0.07625,-985.8445,-11.463308139534885,-508.1827,-0.059091011627906975,-3.737869
6,0.0765,-984.2627,-11.444915116279072,-508.2313,-0.05909666279069767,-3.741784
6,0.07675,-983.0841,-11.431210465116282,-508.3241,-0.05910745348837209,-3.744558
6,0.077,-981.2617,-11.410019767441861,-508.3067,-0.05910543023255814,-3.746295
6,0.07725,-979.3599,-11.38790581395349,-507.9957,-0.05906926744186046,-3.747064
6,0.0775,-976.7671,-11.357756976744188,-507.5059,-0.059012313953488375,-3.746818
6,0.07775,-974.0179,-11.325789534883723,-506.8357,-0.05893438372093023,-3.745703
6,0.078,-970.6462,-11.286583720930233,-506.1044,-0.058849348837209305,-3.743706
6,0.07825,-968.402,-11.260488372093025,-505.2456,-0.058749488372093026,-3.740807
6,0.0785,-964.8165,-11.21879651162791,-504.3486,-0.05864518604651162,-3.737104
6,0.07875,-961.9123,-11.185026744186047,-503.2584,-0.058518418604651165,-3.732501
6,0.079,-957.7576,-11.13671627906977,-501.9349,-0.058364523255813955,-3.727072
6,0.07925,-953.3076,-11.084972093023255,-500.5655,-0.05820529069767441,-3.720995
6,0.0795,-949.1077,-11.03613604651163,-499.1037,-0.05803531395348837,-3.714168
6,0.07975,-944.1325,-10.978284883720931,-497.5602,-0.057855837209302326,-3.70662
6,0.08,-939.6399,-10.92604534883721,-495.7223,-0.057642127906976745,-3.698491
6,0.08025,-934.7326,-10.868983720930233,-493.8452,-0.05742386046511627,-3.689694
6,0.0805,-929.5658,-10.808904651162791,-492.0935,-0.05722017441860465,-3.680124
6,0.08075,-923.9382,-10.743467441860467,-490.2145,-0.057001686046511624,-3.66984
6,0.081,-917.6583,-10.67044534883721,-487.7807,-0.056718686046511625,-3.658954
6,0.08125,-912.1436,-10.60632093023256,-485.3094,-0.056431325581395346,-3.647467
6,0.0815,-906.1453,-10.536573255813956,-483.0682,-0.05617072093023255,-3.635308
6,0.08175,-899.6754,-10.461341860465115,-480.9926,-0.05592937209302325,-3.622364
6,0.082,-893.1421,-10.385373255813954,-478.2748,-0.05561334883720931,-3.608735
6,0.08225,-886.1354,-10.303900000000002,-475.2805,-0.05526517441860466,-3.594579
6,0.0825,-879.2324,-10.223632558139537,-472.5282,-0.054945139534883725,-3.579683
6,0.08275,-872.3771,-10.143919767441862,-469.8807,-0.054637290697674416,-3.563931
6,0.083,-864.0904,-10.047562790697675,-466.8817,-0.05428856976744187,-3.547624
6,0.08325,-856.5042,-9.959351162790698,-463.4415,-0.0538885465116279,-3.530733
6,0.0835,-848.8815,-9.87071511627907,-460.1177,-0.05350205813953488,-3.513078
6,0.08375,-840.4388,-9.772544186046513,-457.0523,-0.053145616279069774,-3.494748
6,0.084,-832.7291,-9.68289651162791,-453.8417,-0.05277229069767442,-3.475714
6,0.08425,-824.1841,-9.583536046511629,-450.0238,-0.0523283488372093,-3.45604
6,0.0845,-815.3165,-9.480424418604652,-446.1165,-0.051874011627906974,-3.435675
6,0.08475,-806.7583,-9.38091046511628,-442.5424,-0.05145841860465116,-3.414543
6,0.085,-798.2422,-9.281886046511628,-439.0398,-0.05105113953488373,-3.392838
6,0.08525,-788.6143,-9.169933720930231,-435.1063,-0.050593755813953485,-3.370574
6,0.0855,-779.6788,-9.066032558139536,-430.7573,-0.05008805813953488,-3.347503
6,0.08575,-769.4341,-8.946908139534884,-426.6074,-0.049605511627906974,-3.323673
6,0.086,-759.7834,-8.83469069767442,-422.6475,-0.04914505813953488,-3.299222
6,0.08625,-749.5518,-8.715718604651164,-418.468,-0.048659069767441866,-3.274089
6,0.0865,-739.0371,-8.593454651162793,-413.8789,-0.04812545348837209,-3.248245
6,0.08675,-728.3714,-8.46943488372093,-409.2685,-0.04758936046511628,-3.221659
6,0.087,-718.2776,-8.352065116279071,-404.8669,-0.047077546511627905,-3.194454
6,0.08725,-707.0527,-8.221543023255814,-400.3843,-0.046556313953488374,-3.16672
6,0.0875,-695.8315,-8.091063953488373,-395.3678,-0.045973,-3.138252
6,0.08775,-685.0002,-7.965118604651163,-390.1062,-0.045361186046511626,-3.108984
6,0.088,-672.8925,-7.824331395348839,-385.107,-0.04477988372093024,-3.079142
6,0.08825,-661.9063,-7.696584883720931,-380.2401,-0.044213965116279064,-3.048678
6,0.0885,-650.4768,-7.563683720930234,-374.953,-0.043599186046511626,-3.01743
6,0.08875,-638.4224,-7.423516279069768,-369.0878,-0.04291718604651163,-2.985469
6,0.089,-626.3193,-7.282782558139536,-363.4094,-0.04225690697674418,-2.952961
6,0.08925,-614.2608,-7.142567441860466,-358.0157,-0.04162973255813953,-2.919899
6,0.0895,-602.0493,-7.000573255813954,-352.3469,-0.040970569767441865,-2.886018
6,0.08975,-589.6631,-6.856547674418605,-346.0917,-0.040243220930232554,-2.851231
6,0.09,-576.5957,-6.7046011627906985,-339.6671,-0.03949617441860465,-2.815834
6,0.09025,-564.6633,-6.565852325581396,-333.6454,-0.03879597674418604,-2.779888
6,0.0905,-551.6911,-6.415012790697675,-327.7251,-0.03810756976744186,-2.743156
6,0.09075,-538.3785,-6.2602151162790705,-320.973,-0.03732244186046512,-2.705652
6,0.091,-525.1449,-6.106336046511628,-313.8793,-0.036497593023255816,-2.667463
6,0.09125,-512.5794,-5.960225581395349,-307.1057,-0.03570996511627907,-2.628585
6,0.0915,-499.0131,-5.802477906976745,-300.524,-0.0349446511627907,-2.589
6,0.09175,-485.3131,-5.64317558139535,-293.3281,-0.03410791860465116,-2.548712
6,0.092,-471.4585,-5.482075581395349,-285.4584,-0.03319283720930232,-2.507781
6,0.09225,-458.1617,-5.327461627906977,-277.8769,-0.03231126744186046,-2.466273
6,0.0925,-444.3203,-5.1665151162790695,-270.7129,-0.03147824418604651,-2.424074
6,0.09275,-430.7611,-5.008850000000001,-263.2208,-0.03060706976744186,-2.38116
6,0.093,-416.6138,-4.844346511627908,-255.1034,-0.029663186046511626,-2.337616
6,0.09325,-401.9428,-4.673753488372093,-246.8243,-0.0287005,-2.29344
6,0.0935,-388.0027,-4.511659302325582,-238.9713,-0.02778736046511628,-2.248558
6,0.09375,-373.0025,-4.337238372093024,-231.161,-0.026879186046511627,-2.202902
6,0.094,-359.3182,-4.178118604651163,-222.6615,-0.02589087209302325,-2.156609
6,0.09425,-343.8753,-3.9985500000000003,-213.8256,-0.02486344186046512,-2.10974
6,0.0945,-329.3588,-3.829753488372093,-205.3527,-0.023878220930232556,-2.062212
6,0.09475,-314.31,-3.6547674418604656,-197.0726,-0.022915418604651162,-2.013973
6,0.095,-298.9902,-3.47663023255814,-188.4067,-0.02190775581395349,-1.965112
6,0.09525,-284.1814,-3.3044348837209303,-179.3392,-0.02085339534883721,-1.915654
6,0.0955,-269.1083,-3.1291662790697674,-170.4537,-0.019820197674418605,-1.865456
6,0.09575,-254.1172,-2.954851162790698,-161.8213,-0.018816430232558138,-1.814531
6,0.096,-238.9053,-2.7779686046511634,-152.837,-0.01777174418604651,-1.763103
6,0.09625,-224.0697,-2.605461627906977,-143.5411,-0.01669082558139535,-1.711147
6,0.0965,-208.8092,-2.4280139534883722,-134.159,-0.01559988372093023,-1.658592
6,0.09675,-193.5177,-2.2502058139534884,-124.8733,-0.014520151162790698,-1.605323
6,0.097,-178.7779,-2.078812790697674,-115.5852,-0.013440139534883723,-1.551278
6,0.09725,-163.7832,-1.9044558139534884,-106.1197,-0.0123395,-1.496678
6,0.0975,-147.9149,-1.7199406976744185,-96.45243,-0.011215398837209303,-1.441525
6,0.09775,-132.2573,-1.5378755813953486,-86.66366,-0.010077169767441859,-1.385748
6,0.098,-117.2221,-1.3630476744186046,-77.12356,-0.008967855813953488,-1.329419
6,0.09825,-102.0016,-1.1860651162790699,-67.40191,-0.007837431395348838,-1.272531
6,0.0985,-86.29537,-1.003434534883721,-57.24435,-0.00665631976744186,-1.215025
6,0.09875,-70.92189,-0.8246731395348839,-46.85208,-0.005447916279069768,-1.156973
6,0.099,-55.03027,-0.6398868604651163,-36.73111,-0.004271059302325582,-1.098412
6,0.09925,-40.43425,-0.4701656976744186,-26.54251,-0.003086338372093023,-1.039326
6,0.0995,-24.45956,-0.28441348837209307,-15.82775,-0.0018404360465116279,-0.9797455
6,0.09975,-8.234161,-0.09574605813953489,-4.83817,-0.0005625779069767442,-0.9197527
6,0.1,5.29266,0.06154255813953488,5.305603,0.0006169305813953489,-0.86695
7,0.0,5.18372,0.06027581395348838,0.0,0.0,-1.044213
7,0.00025,21.53883,0.250451511627907,11.67673,0.0013577593023255813,-0.9699457
7,0.0005,41.28331,0.48003848837209306,23.64087,0.0027489383720930233,-0.8951311
7,0.00075,58.72935,0.6828994186046512,36.35873,0.0042277593023255814,-0.8196443
7,0.001,76.11765,0.8850889534883721,49.53685,0.005760098837209302,-0.7435196
7,0.00125,93.47556,1.0869251162790698,62.3563,0.007250732558139534,-0.667014
7,0.0015,110.8249,1.288661627906977,75.05352,0.008727153488372092,-0.5901285
7,0.00175,127.8156,1.4862279069767443,88.12833,0.010247480232558141,-0.5126313
7,0.002,145.2738,1.6892302325581394,101.7139,0.011827197674418604,-0.4346401
7,0.00225,162.4387,1.888822093023256,115.0627,0.013379383720930234,-0.3564035
7,0.0025,179.7551,2.090175581395349,128.6013,0.014953639534883722,-0.2778182
7,0.00275,197.2953,2.2941313953488374,142.7775,0.016602034883720928,-0.1987644
7,0.003,213.5754,2.4834348837209306,157.3388,0.01829520930232558,-0.1194449
7,0.00325,230.6092,2.6815023255813952,171.4755,0.01993901162790698,-0.03997867
7,0.0035,247.5756,2.878786046511628,185.2327,0.021538686046511626,0.03973946
7,0.00375,265.0297,3.0817406976744186,199.3393,0.023178988372093024,0.1197167
7,0.004,281.3549,3.2715686046511627,213.9933,0.024882941860465115,0.1997757
7,0.00425,298.183,3.467244186046512,228.5652,0.0265773488372093,0.2798766
7,0.0045,314.7275,3.6596220930232564,242.4308,0.028189627906976746,0.3601149
7,0.00475,331.1687,3.850798837209303,256.0329,0.029771267441860462,0.4404636
7,0.005,347.976,4.046232558139535,269.6135,0.03135040697674418,0.5207887
7,0.00525,364.6562,4.240188372093024,283.0352,0.03291106976744186,0.6009678
7,0.0055,380.6512,4.426176744186048,296.4978,0.03447648837209302,0.6810743
7,0.00575,396.908,4.6152093023255825,309.9375,0.03603924418604651,0.7612132
7,0.006,413.2681,4.8054430232558145,323.3743,0.037601662790697675,0.8412275
7,0.00625,428.2825,4.9800290697674425,336.6214,0.03914202325581395,0.920892
7,0.0065,444.3874,5.167295348837209,349.5719,0.04064789534883721,1.000281
7,0.00675,460.1503,5.350584883720931,362.6613,0.04216991860465116,1.079493
7,0.007,475.8576,5.5332279069767445,376.2873,0.04375433720930232,1.158308
7,0.00725,491.7447,5.717961627906978,389.9119,0.04533859302325581,1.236647
7,0.0075,506.9348,5.894590697674419,403.4391,0.04691152325581395,1.314537
7,0.00775,522.5944,6.076679069767441,416.6118,0.04844323255813954,1.391923
7,0.008,537.5374,6.2504348837209305,429.955,0.04999476744186047,1.468894
7,0.00825,553.5855,6.43704069767442,443.3925,0.05155726744186047,1.545346
7,0.0085,568.0833,6.605619767441861,457.0926,0.05315030232558139,1.621181
7,0.00875,583.198,6.781372093023256,470.7983,0.05474398837209302,1.696507
7,0.009,598.5877,6.960322093023256,484.3639,0.056321383720930235,1.771289
7,0.00925,612.6215,7.123505813953488,497.6984,0.05787190697674418,1.845363
7,0.0095,627.453,7.29596511627907,510.9227,0.05940961627906977,1.918684
7,0.00975,640.7013,7.4500151162790695,524.1638,0.060949279069767444,1.991269
7,0.01,655.3079,7.619859302325582,537.2638,0.062472534883720926,2.063049
7,0.01025,669.1589,7.780917441860466,549.9943,0.06395282558139534,2.133985
7,0.0105,682.6574,7.937876744186048,562.436,0.06539953488372094,2.204156
7,0.01075,696.0317,8.093391860465116,574.7221,0.06682815116279069,2.273589
7,0.011,709.5135,8.250156976744186,586.7055,0.06822156976744187,2.34202
7,0.01125,722.5394,8.401620930232559,598.1495,0.06955226744186047,2.409343
7,0.0115,735.583,8.55329069767442,609.3997,0.07086043023255816,2.475791
7,0.01175,748.1277,8.699159302325583,620.7918,0.0721850930232558,2.541405
7,0.012,761.5143,8.854817441860467,632.061,0.07349546511627907,2.606007
7,0.01225,773.2633,8.991433720930232,642.8346,0.07474820930232558,2.66959
7,0.0125,785.5234,9.133993023255815,653.122,0.07594441860465116,2.732157
7,0.01275,797.5439,9.273766279069768,663.5209,0.07715359302325582,2.79371
7,0.013,809.4925,9.412703488372093,674.0901,0.07838256976744186,2.854241
7,0.01325,821.4978,9.5523,684.5687,0.07960101162790698,2.913575
7,0.0135,833.0407,9.686519767441862,694.834,0.08079465116279069,2.97182
7,0.01375,844.0392,9.814409302325583,705.0034,0.08197713953488373,3.029118
7,0.014,855.7593,9.950689534883722,715.1309,0.08315475581395348,3.085358
7,0.01425,865.9302,10.068955813953488,724.9829,0.08430033720930233,3.14045
7,0.0145,876.8369,10.195777906976746,734.3565,0.08539029069767441,3.194459
7,0.01475,887.4747,10.319473255813955,743.757,0.08648337209302324,3.247391
7,0.015,897.3411,10.434198837209303,753.4348,0.0876086976744186,3.299156
7,0.01525,907.5398,10.552788372093024,763.125,0.08873546511627907,3.349733
7,0.0155,917.5632,10.669339534883722,772.2536,0.08979693023255814,3.399129
7,0.01575,927.0706,10.77989069767442,780.9234,0.09080504651162791,3.44736
7,0.016,936.0592,10.884409302325583,789.5952,0.0918133953488372,3.494415
7,0.01625,945.4774,10.993923255813954,798.3897,0.09283601162790697,3.540292
7,0.0165,954.695,11.101104651162792,806.7756,0.09381111627906977,3.585073
7,0.01675,963.6457,11.205182558139537,814.806,0.09474488372093023,3.628709
7,0.017,972.095,11.30343023255814,822.7856,0.09567274418604652,3.671089
7,0.01725,979.5019,11.389556976744187,830.8898,0.09661509302325583,3.712329
7,0.0175,987.4593,11.48208488372093,838.6427,0.09751659302325581,3.752537
7,0.01775,995.3656,11.574018604651162,845.8784,0.09835795348837209,3.791588
7,0.018,1002.97,11.662441860465119,852.9422,0.09917932558139535,3.829404
7,0.01825,1010.031,11.744546511627906,860.0667,0.10000775581395349,3.866004
7,0.0185,1016.302,11.81746511627907,866.8757,0.1007995,3.901464
7,0.01875,1023.143,11.897011627906979,873.1053,0.10152387209302326,3.935825
7,0.019,1029.596,11.972046511627909,878.8804,0.10219539534883722,3.968929
7,0.01925,1035.342,12.038860465116281,884.7598,0.10287904651162792,4.000749
7,0.0195,1041.136,12.106232558139537,890.6145,0.10355982558139536,4.031477
7,0.01975,1046.542,12.169093023255815,896.1186,0.10419983720930232,4.061101
7,0.02,1052.176,12.23460465116279,901.051,0.10477337209302326,4.089484
7,0.02025,1057.361,12.294895348837212,905.8246,0.10532844186046512,4.116728
7,0.0205,1062.074,12.349697674418607,910.5222,0.10587467441860465,4.142898
7,0.02075,1066.745,12.404011627906977,915.0901,0.10640582558139534,4.167991
7,0.021,1071.773,12.462476744186047,919.2078,0.10688462790697675,4.19193
7,0.02125,1075.522,12.506069767441861,923.1845,0.10734703488372094,4.21468
7,0.0215,1080.122,12.559558139534886,927.1443,0.10780747674418606,4.236359
7,0.02175,1083.284,12.596325581395352,930.7854,0.10823086046511628,4.257006
7,0.022,1086.931,12.638732558139536,934.0583,0.10861143023255815,4.276523
7,0.02225,1089.416,12.667627906976744,936.9615,0.10894901162790697,4.294886
7,0.0225,1092.437,12.70275581395349,939.8852,0.10928897674418606,4.312197
7,0.02275,1094.725,12.72936046511628,942.794,0.10962720930232558,4.32843
7,0.023,1097.141,12.757453488372095,945.4883,0.1099405,4.343528
7,0.02325,1099.014,12.779232558139535,947.6868,0.1101961395348837,4.357566
7,0.0235,1100.233,12.793406976744187,949.6187,0.11042077906976745,4.370596
7,0.02375,1102.066,12.814720930232559,951.6186,0.11065332558139536,4.382578
7,0.024,1102.873,12.824104651162791,953.4934,0.11087132558139534,4.393456
7,0.02425,1103.68,12.833488372093024,955.0591,0.11105338372093022,4.403289
7,0.0245,1104.532,12.843395348837209,956.3784,0.11120679069767442,4.412172
7,0.02475,1104.396,12.841813953488373,957.6583,0.11135561627906977,4.420116
7,0.025,1104.719,12.845569767441862,958.8698,0.11149648837209304,4.427033
7,0.02525,1104.672,12.845023255813954,959.5931,0.11158059302325582,4.432942
7,0.0255,1103.841,12.83536046511628,960.1283,0.11164282558139534,4.438047
7,0.02575,1102.96,12.82511627906977,960.7305,0.1117128488372093,4.442293
7,0.026,1102.544,12.820279069767444,961.3879,0.1117892906976744,4.445554
7,0.02625,1100.901,12.801174418604653,961.7999,0.11183719767441859,4.447824
7,0.0265,1098.549,12.77382558139535,961.7052,0.11182618604651162,4.449287
7,0.02675,1097.873,12.765965116279071,961.4145,0.11179238372093024,4.450105
7,0.027,1094.961,12.732104651162793,961.2415,0.11177226744186046,4.450021
7,0.02725,1092.963,12.708872093023256,961.1055,0.1117564534883721,4.449022
7,0.0275,1089.928,12.67358139534884,960.6446,0.11170286046511628,4.447385
7,0.02775,1087.763,12.648406976744187,959.9128,0.11161776744186046,4.445095
7,0.028,1084.06,12.605348837209304,959.0969,0.1115228953488372,4.442046
7,0.02825,1080.627,12.565430232558139,958.1755,0.1114157558139535,4.438295
7,0.0285,1077.328,12.52706976744186,957.323,0.11131662790697673,4.43396
7,0.02875,1073.619,12.483941860465116,956.0663,0.11117049999999999,4.42901
7,0.029,1069.544,12.436558139534885,954.7273,0.11101480232558139,4.423391
7,0.02925,1065.058,12.38439534883721,953.5417,0.11087694186046511,4.417152
7,0.0295,1061.043,12.337709302325582,952.1438,0.11071439534883722,4.410411
7,0.02975,1055.507,12.273337209302328,950.4839,0.11052138372093022,4.403141
7,0.03,1050.166,12.211232558139534,948.6093,0.11030340697674418,4.39522
7,0.03025,1044.108,12.14079069767442,946.8447,0.11009822093023255,4.386682
7,0.0305,1038.531,12.075941860465116,945.2062,0.1099076976744186,4.377626
7,0.03075,1032.238,12.002767441860467,943.2621,0.10968163953488372,4.368023
7,0.031,1025.748,11.927302325581397,940.8278,0.10939858139534883,4.35777
7,0.03125,1019.003,11.848872093023257,938.3733,0.10911317441860466,4.346907
7,0.0315,1012.548,11.773813953488373,936.0722,0.10884560465116279,4.335566
7,0.03175,1005.142,11.687697674418606,933.7202,0.10857211627906976,4.323717
7,0.032,997.5856,11.599832558139537,930.9707,0.1082524069767442,4.31121
7,0.03225,990.3565,11.515773255813954,928.2183,0.10793236046511628,4.29806
7,0.0325,982.2597,11.421624418604651,925.5503,0.10762212790697673,4.284384
7,0.03275,974.3271,11.329384883720932,922.7458,0.10729602325581396,4.270189
7,0.033,966.2242,11.235165116279072,919.3654,0.10690295348837209,4.255408
7,0.03325,957.9259,11.138673255813954,915.7712,0.10648502325581397,4.239981
7,0.0335,949.1181,11.036256976744188,912.5976,0.106116,4.223996
7,0.03375,940.0484,10.93079534883721,909.618,0.10576953488372093,4.207547
7,0.034,930.6074,10.821016279069768,906.0584,0.10535562790697675,4.190484
7,0.03425,921.2242,10.711909302325584,901.9886,0.10488239534883721,4.172705
7,0.0345,911.6409,10.600475581395349,898.0424,0.10442353488372093,4.154342
7,0.03475,902.1062,10.489606976744186,894.3792,0.10399758139534884,4.135466
7,0.035,891.3722,10.364793023255816,890.3412,0.1035280465116279,4.115921
7,0.03525,881.213,10.246662790697675,885.7486,0.10299402325581397,4.09569
7,0.0355,870.603,10.123290697674419,881.23,0.1024686046511628,4.074863
7,0.03575,859.7414,9.996993023255815,876.8613,0.10196061627906977,4.053419
7,0.036,849.1081,9.87335,872.1591,0.10141384883720929,4.031331
7,0.03625,837.5394,9.73883023255814,866.9999,0.10081394186046513,4.008574
7,0.0365,826.3475,9.608691860465116,861.7913,0.10020829069767442,3.985154
7,0.03675,815.3227,9.480496511627909,856.7442,0.09962141860465115,3.961198
7,0.037,803.6203,9.344422093023256,851.6007,0.09902333720930231,3.936573
7,0.03725,791.7107,9.205938372093023,845.7733,0.09834573255813953,3.911195
7,0.0375,779.2257,9.060763953488372,839.6677,0.09763577906976743,3.885289
7,0.03775,766.6875,8.91497093023256,833.7002,0.09694188372093022,3.858762
7,0.038,754.2487,8.770333720930234,827.868,0.09626372093023255,3.831472
7,0.03825,741.2172,8.618804651162792,821.8375,0.0955625,3.80341
7,0.0385,727.8231,8.463059302325583,815.3442,0.09480746511627908,3.774731
7,0.03875,714.8802,8.31256046511628,808.7325,0.09403866279069767,3.745496
7,0.039,701.2805,8.154424418604652,802.3291,0.09329408139534884,3.71547
7,0.03925,687.0481,7.988931395348837,795.622,0.09251418604651163,3.684598
7,0.0395,674.2177,7.8397406976744195,788.5895,0.0916964534883721,3.653061
7,0.03975,659.6886,7.670797674418605,781.4459,0.0908658023255814,3.620953
7,0.04,646.1258,7.513090697674419,774.5712,0.09006641860465116,3.588115
7,0.04025,631.9724,7.348516279069767,767.5184,0.08924632558139535,3.554471
7,0.0405,617.6352,7.181804651162792,760.0945,0.08838308139534884,3.520186
7,0.04075,603.5447,7.017961627906978,752.3797,0.08748601162790696,3.485319
7,0.041,588.9091,6.84778023255814,744.9105,0.0866175,3.449702
7,0.04125,574.2285,6.67707558139535,737.5795,0.08576505813953489,3.413257
7,0.0415,559.2152,6.502502325581395,730.0156,0.08488553488372093,3.376108
7,0.04175,545.0725,6.338052325581396,722.0184,0.08395562790697675,3.338329
7,0.042,529.3713,6.155480232558141,714.0229,0.08302591860465117,3.299871
7,0.04225,514.2455,5.979598837209302,706.2178,0.08211834883720931,3.260573
7,0.0425,498.8031,5.800036046511628,698.2866,0.08119611627906978,3.220532
7,0.04275,483.223,5.618872093023256,689.9792,0.08023013953488371,3.1798
7,0.043,467.697,5.438337209302326,681.4826,0.07924216279069768,3.138252
7,0.04325,451.4818,5.249788372093024,673.0818,0.07826532558139536,3.095927
7,0.0435,435.7041,5.066326744186047,664.7329,0.07729452325581396,3.052867
7,0.04375,419.775,4.881104651162791,656.0502,0.07628490697674419,3.009052
7,0.044,403.3825,4.690494186046513,647.1333,0.07524805813953488,2.964441
7,0.04425,387.2913,4.503387209302326,638.3565,0.0742275,2.919058
7,0.0445,371.3171,4.317640697674419,629.6487,0.07321496511627906,2.872958
7,0.04475,354.4049,4.120987209302326,620.6919,0.07217347674418605,2.826173
7,0.045,338.3755,3.9345988372093026,611.1672,0.0710659534883721,2.778548
7,0.04525,322.2727,3.7473569767441863,601.3807,0.06992798837209303,2.730068
7,0.0455,304.5552,3.541339534883721,591.7636,0.06880972093023256,2.680894
7,0.04575,288.6159,3.3559988372093024,582.2137,0.06769926744186047,2.631029
7,0.046,271.4819,3.156766279069768,572.2404,0.06653958139534884,2.580334
7,0.04625,254.8513,2.963387209302326,561.8409,0.06533033720930233,2.528775
7,0.0465,237.4199,2.7606965116279074,551.32,0.06410697674418606,2.476507
7,0.04675,220.6045,2.5651686046511633,540.7399,0.06287673255813954,2.42359
7,0.047,203.8711,2.3705941860465116,529.7867,0.061603104651162796,2.369877
7,0.04725,186.6373,2.1702011627906983,518.498,0.06029046511627907,2.315258
7,0.0475,169.8952,1.9755255813953487,507.1945,0.05897610465116279,2.259813
7,0.04775,153.0438,1.779579069767442,496.0578,0.05768113953488372,2.203668
7,0.048,135.6418,1.5772302325581395,484.6784,0.05635795348837209,2.146777
7,0.04825,118.0423,1.3725848837209302,472.8824,0.05498632558139535,2.089116
7,0.0485,101.0091,1.1745244186046513,460.9475,0.053598546511627904,2.030781
7,0.04875,84.35622,0.9808862790697674,449.1995,0.0522325,1.971785
7,0.049,67.38729,0.7835731395348837,437.6796,0.050892976744186046,1.912108
7,0.04925,50.29022,0.58477,426.1164,0.049548418604651166,1.851649
7,0.0495,32.86343,0.38213290697674424,414.1576,0.048157860465116276,1.790469
7,0.04975,15.92236,0.18514372093023257,402.3142,0.04678072093023256,1.728654
7,0.05,-2.027636,-0.023577162790697676,390.8636,0.04544925581395349,1.666152
7,0.05025,-19.22853,-0.2235875581395349,379.448,0.04412186046511628,1.602896
7,0.0505,-36.60772,-0.4256711627906977,367.4441,0.04272605813953488,1.538992
7,0.05075,-53.40646,-0.6210053488372094,355.2844,0.041312139534883725,1.474511
7,0.051,-70.99179,-0.8254859302325582,343.5565,0.03994843023255814,1.409339
7,0.05125,-88.50316,-1.029106511627907,332.0393,0.038609220930232564,1.343548
7,0.0515,-105.742,-1.2295581395348838,320.2289,0.03723591860465116,1.277201
7,0.05175,-123.0174,-1.4304348837209302,308.1314,0.03582923255813954,1.210251
7,0.052,-140.543,-1.6342209302325583,296.1257,0.03443322093023256,1.142639
7,0.05225,-157.7575,-1.834389534883721,284.1342,0.03303886046511628,1.074421
7,0.0525,-174.5689,-2.0298709302325584,271.6426,0.0315863488372093,1.005685
7,0.05275,-191.8012,-2.2302465116279073,258.6869,0.030079872093023253,0.9364957
7,0.053,-208.7783,-2.4276546511627908,245.9939,0.028603941860465113,0.8667515
7,0.05325,-225.5927,-2.6231709302325585,233.4175,0.02714156976744186,0.7963729
7,0.0535,-242.7885,-2.8231220930232563,220.5684,0.025647488372093023,0.7254981
7,0.05375,-259.5604,-3.018144186046512,207.1062,0.024082116279069768,0.6541786
7,0.054,-276.5582,-3.2157930232558143,193.6006,0.0225116976744186,0.5822751
7,0.05425,-293.4882,-3.412653488372093,180.2632,0.020960837209302325,0.5098175
7,0.0545,-309.438,-3.598116279069768,167.2317,0.019445546511627904,0.4369637
7,0.05475,-325.3945,-3.783656976744186,154.0476,0.017912511627906975,0.3637383
7,0.055,-342.6526,-3.9843325581395352,140.59,0.01634767441860465,0.2900144
7,0.05525,-359.2923,-4.177817441860466,127.3518,0.0148083488372093,0.2157761
7,0.0555,-374.9419,-4.359789534883721,114.3212,0.013293162790697675,0.1412092
7,0.05575,-391.3476,-4.550553488372093,101.2575,0.011774127906976744,0.06630415
7,0.056,-407.2017,-4.734903488372093,88.21395,0.010257436046511628,-0.008970026
7,0.05625,-422.8041,-4.916326744186047,75.2495,0.008749941860465116,-0.08457202
7,0.0565,-439.1881,-5.106838372093025,62.8186,0.007304488372093024,-0.1604051
7,0.05675,-455.0072,-5.290781395348837,50.4683,0.005868406976744186,-0.2363671
7,0.057,-470.8067,-5.474496511627907,37.76759,0.004391580232558139,-0.3125688
7,0.05725,-486.1407,-5.6527988372093025,25.09959,0.0029185569767441856,-0.3891359
7,0.0575,-501.5293,-5.831736046511628,12.91635,0.0015019011627906975,-0.465897
7,0.05775,-517.3612,-6.015827906976745,0.9092349,0.00010572498837209301,-0.5426618
7,0.058,-532.6369,-6.193452325581395,-11.37162,-0.0013222813953488372,-0.6195467
7,0.05825,-547.6133,-6.367596511627908,-24.01399,-0.002792324418604651,-0.6966507
7,0.0585,-562.5522,-6.541304651162791,-36.45354,-0.0042387837209302325,-0.7738099
7,0.05875,-577.4324,-6.714330232558141,-48.63142,-0.005654816279069767,-0.8509935
7,0.059,-592.4944,-6.889469767441861,-60.9612,-0.007088511627906977,-0.9283312
7,0.05925,-607.0605,-7.058843023255815,-73.69656,-0.008569367441860466,-1.005704
7,0.0595,-621.6854,-7.2289,-86.24638,-0.010028648837209303,-1.082874
7,0.05975,-635.7927,-7.392938372093024,-98.52183,-0.011456026744186045,-1.159873
7,0.06,-650.136,-7.559720930232558,-110.9313,-0.012898988372093023,-1.23681
7,0.06025,-663.759,-7.718127906976745,-123.7904,-0.014394232558139534,-1.31362
7,0.0605,-677.22,-7.874651162790698,-136.4788,-0.015869627906976744,-1.390208
7,0.06075,-691.0193,-8.035108139534884,-148.6215,-0.01728156976744186,-1.466505
7,0.061,-704.305,-8.189593023255814,-160.5678,-0.018670674418604653,-1.542599
7,0.06125,-716.8321,-8.335256976744185,-172.8239,-0.020095802325581398,-1.618503
7,0.0615,-729.9739,-8.488068604651163,-185.0665,-0.021519360465116277,-1.694008
7,0.06175,-742.9006,-8.638379069767444,-196.979,-0.022904534883720934,-1.768996
7,0.062,-755.2903,-8.782445348837209,-208.3754,-0.024229697674418606,-1.843676
7,0.06225,-767.7631,-8.927477906976744,-219.7637,-0.025553918604651164,-1.918142
7,0.0625,-780.1433,-9.071433720930232,-230.9256,-0.026851813953488374,-1.992192
7,0.06275,-792.4702,-9.214769767441862,-241.6973,-0.028104337209302326,-2.065738
7,0.063,-804.1939,-9.351091860465116,-252.3273,-0.029340383720930233,-2.138873
7,0.06325,-816.1668,-9.490311627906976,-263.0526,-0.030587511627906974,-2.211524
7,0.0635,-827.5299,-9.622440697674419,-273.6751,-0.03182268604651163,-2.283531
7,0.06375,-838.6514,-9.75176046511628,-283.8845,-0.03300982558139535,-2.354968
7,0.064,-850.0201,-9.88395465116279,-293.6199,-0.0341418488372093,-2.425752
7,0.06425,-860.8767,-10.010194186046512,-303.3409,-0.0352721976744186,-2.495824
7,0.0645,-871.7622,-10.136769767441862,-313.0004,-0.03639539534883721,-2.565161
7,0.06475,-882.675,-10.263662790697676,-322.6694,-0.0375196976744186,-2.63363
7,0.065,-892.1656,-10.374018604651164,-332.193,-0.03862709302325581,-2.701249
7,0.06525,-902.3562,-10.492513953488373,-341.5649,-0.0397168488372093,-2.768057
7,0.0655,-912.0388,-10.605102325581397,-350.823,-0.04079337209302325,-2.834009
7,0.06575,-921.5972,-10.71624651162791,-359.8926,-0.04184797674418605,-2.898994
7,0.066,-931.0301,-10.825931395348839,-368.7028,-0.042872418604651165,-2.963039
7,0.06625,-940.3987,-10.934868604651163,-377.6028,-0.0439073023255814,-3.026115
7,0.0665,-949.3645,-11.039122093023257,-386.3764,-0.04492748837209302,-3.088105
7,0.06675,-958.139,-11.141151162790699,-395.0038,-0.045930674418604656,-3.149111
7,0.067,-966.5745,-11.239238372093023,-403.5637,-0.04692601162790697,-3.209186
7,0.06725,-974.3704,-11.329888372093025,-412.0075,-0.0479078488372093,-3.268156
7,0.0675,-981.669,-11.414755813953489,-420.1848,-0.048858697674418604,-3.325931
7,0.06775,-990.0883,-11.51265465116279,-428.2318,-0.04979439534883721,-3.38251
7,0.068,-997.4081,-11.597768604651165,-436.3074,-0.05073341860465116,-3.4379
7,0.06825,-1004.221,-11.676988372093025,-444.4019,-0.05167463953488372,-3.492097
7,0.0685,-1011.456,-11.76111627906977,-452.0256,-0.052561116279069765,-3.544942
7,0.06875,-1017.648,-11.833116279069769,-459.0533,-0.05337829069767441,-3.59634
7,0.069,-1024.168,-11.90893023255814,-465.9762,-0.05418327906976744,-3.646474
7,0.06925,-1029.837,-11.974848837209304,-473.0192,-0.05500223255813953,-3.695386
7,0.0695,-1035.878,-12.045093023255815,-479.8647,-0.05579822093023256,-3.742939
7,0.06975,-1041.283,-12.107941860465116,-486.33,-0.05655,-3.789017
7,0.07,-1047.206,-12.176813953488372,-492.3825,-0.057253779069767446,-3.83367
7,0.07025,-1051.903,-12.231430232558141,-498.4299,-0.05795696511627906,-3.877071
7,0.0705,-1057.045,-12.291220930232559,-504.3286,-0.05864286046511628,-3.919068
7,0.07075,-1061.743,-12.345848837209303,-509.7459,-0.059272779069767446,-3.959507
7,0.071,-1066.166,-12.397279069767443,-514.8658,-0.059868116279069766,-3.998548
7,0.07125,-1070.245,-12.444709302325583,-520.0506,-0.060471000000000004,-4.036213
7,0.0715,-1074.158,-12.490209302325582,-525.0931,-0.06105733720930233,-4.072268
7,0.07175,-1077.844,-12.533069767441862,-529.5218,-0.06157230232558139,-4.106758
7,0.072,-1080.907,-12.568686046511628,-533.5736,-0.06204344186046513,-4.139778
7,0.07225,-1084.121,-12.606058139534886,-537.6152,-0.06251339534883721,-4.171252
7,0.0725,-1087.207,-12.641941860465119,-541.7443,-0.06299352325581395,-4.20111
7,0.07275,-1090.15,-12.676162790697678,-545.6163,-0.06344375581395349,-4.229349
7,0.073,-1092.175,-12.699709302325582,-548.9645,-0.06383308139534884,-4.256039
7,0.07325,-1093.603,-12.716313953488374,-552.0149,-0.06418777906976744,-4.281209
7,0.0735,-1095.528,-12.738697674418606,-554.894,-0.06452255813953489,-4.304787
7,0.07375,-1096.634,-12.751558139534886,-557.7077,-0.06484973255813954,-4.326762
7,0.074,-1097.806,-12.76518604651163,-560.1289,-0.06513126744186047,-4.347243
7,0.07425,-1098.539,-12.773709302325582,-562.4352,-0.06539944186046512,-4.366247
7,0.0745,-1099.349,-12.783127906976745,-564.6463,-0.0656565465116279,-4.383676
7,0.07475,-1099.395,-12.783662790697676,-566.7692,-0.06590339534883721,-4.39955
7,0.075,-1099.522,-12.785139534883722,-568.3659,-0.06608905813953489,-4.41402
7,0.07525,-1099.928,-12.789860465116282,-569.5787,-0.06623008139534883,-4.427033
7,0.0755,-1098.587,-12.774267441860466,-570.8242,-0.06637490697674418,-4.438481
7,0.07575,-1097.51,-12.761744186046514,-572.1958,-0.0665343953488372,-4.448465
7,0.076,-1097.29,-12.759186046511628,-573.1995,-0.06665110465116278,-4.4572
7,0.07625,-1095.784,-12.741674418604653,-573.816,-0.06672279069767442,-4.464606
7,0.0765,-1093.672,-12.717116279069769,-574.0948,-0.06675520930232558,-4.470505
7,0.07675,-1091.74,-12.694651162790699,-574.4156,-0.06679251162790698,-4.474945
7,0.077,-1089.695,-12.670872093023256,-574.761,-0.06683267441860465,-4.478211
7,0.07725,-1087.449,-12.644755813953491,-574.6635,-0.06682133720930232,-4.480396
7,0.0775,-1084.975,-12.615988372093023,-574.3524,-0.06678516279069767,-4.48129
7,0.07775,-1082.002,-12.581418604651164,-574.0902,-0.06675467441860465,-4.48094
7,0.078,-1078.899,-12.545337209302325,-573.6285,-0.06670098837209303,-4.479522
7,0.07825,-1076.208,-12.514046511627908,-572.8905,-0.06661517441860465,-4.477142
7,0.0785,-1072.038,-12.465558139534885,-571.8668,-0.06649613953488373,-4.473755
7,0.07875,-1068.352,-12.422697674418608,-571.0099,-0.0663965,-4.469329
7,0.079,-1064.155,-12.37389534883721,-570.236,-0.06630651162790697,-4.464016
7,0.07925,-1059.959,-12.325104651162793,-569.2612,-0.06619316279069767,-4.457794
7,0.0795,-1055.472,-12.27293023255814,-567.616,-0.06600186046511627,-4.450532
7,0.07975,-1050.302,-12.212813953488372,-566.0125,-0.06581540697674419,-4.442416
7,0.08,-1044.953,-12.15061627906977,-564.5209,-0.06564196511627907,-4.433539
7,0.08025,-1038.953,-12.080848837209304,-563.057,-0.06547174418604652,-4.423857
7,0.0805,-1033.322,-12.015372093023256,-561.3468,-0.06527288372093024,-4.413274
7,0.08075,-1027.051,-11.942453488372093,-559.4603,-0.06505352325581394,-4.401783
7,0.081,-1020.365,-11.864709302325583,-557.5427,-0.0648305465116279,-4.389624
7,0.08125,-1014.125,-11.792151162790699,-555.3822,-0.06457932558139536,-4.376769
7,0.0815,-1007.248,-11.71218604651163,-552.8913,-0.06428968604651163,-4.363005
7,0.08175,-1000.037,-11.628337209302327,-550.3539,-0.06399463953488371,-4.348306
7,0.082,-992.3528,-11.53898604651163,-547.9981,-0.06372070930232558,-4.332983
7,0.08225,-984.7737,-11.450856976744186,-545.5577,-0.06343694186046511,-4.317063
7,0.0825,-977.0381,-11.360908139534883,-542.6924,-0.06310376744186047,-4.300262
7,0.08275,-969.0852,-11.268432558139535,-539.6711,-0.06275245348837209,-4.282566
7,0.083,-961.0766,-11.175309302325582,-536.7091,-0.06240803488372094,-4.264207
7,0.08325,-952.4977,-11.075554651162792,-533.7307,-0.062061709302325574,-4.245235
7,0.0835,-943.5125,-10.97107558139535,-530.4408,-0.06167916279069768,-4.22533
7,0.08375,-934.8556,-10.870413953488372,-526.9243,-0.06127026744186046,-4.204546
7,0.084,-925.4932,-10.761548837209304,-523.4085,-0.06086145348837209,-4.183104
7,0.08425,-915.6262,-10.646816279069768,-519.7644,-0.06043772093023256,-4.160999
7,0.0845,-906.4887,-10.540566279069768,-515.8041,-0.05997722093023255,-4.138053
7,0.08475,-896.2059,-10.420998837209304,-511.6917,-0.059499034883720936,-4.114124
7,0.085,-885.91,-10.301279069767443,-507.6802,-0.059032581395348845,-4.089397
7,0.08525,-875.4494,-10.179644186046513,-503.5922,-0.05855723255813953,-4.064015
7,0.0855,-865.463,-10.063523255813955,-499.0882,-0.05803351162790698,-4.037834
7,0.08575,-854.3774,-9.934620930232558,-494.2351,-0.05746919767441861,-4.010774
7,0.086,-843.921,-9.813034883720931,-489.39,-0.05690581395348838,-3.982954
7,0.08625,-832.764,-9.683302325581398,-484.5801,-0.05634652325581396,-3.954395
7,0.0865,-821.3599,-9.550696511627908,-479.5253,-0.055758755813953495,-3.924915
7,0.08675,-809.4781,-9.412536046511628,-474.4032,-0.055163162790697676,-3.894638
7,0.087,-798.2062,-9.281467441860466,-469.1104,-0.054547720930232566,-3.86374
7,0.08725,-785.6762,-9.135769767441861,-463.6428,-0.0539119534883721,-3.832042
7,0.0875,-774.1834,-9.002132558139536,-457.7282,-0.05322420930232558,-3.799397
7,0.08775,-761.5055,-8.85471511627907,-451.7428,-0.052528232558139536,-3.765874
7,0.088,-748.0192,-8.697897674418606,-445.9037,-0.05184926744186047,-3.731625
7,0.08825,-735.5271,-8.55264069767442,-440.0648,-0.051170325581395344,-3.696646
7,0.0885,-722.8603,-8.405352325581395,-433.8475,-0.05044738372093024,-3.660736
7,0.08875,-709.2676,-8.247297674418606,-427.1677,-0.04967066279069768,-3.623835
7,0.089,-695.9257,-8.092159302325582,-420.5347,-0.04889938372093023,-3.586203
7,0.08925,-682.29,-7.933604651162791,-414.0322,-0.04814327906976744,-3.547894
7,0.0895,-668.3554,-7.7715744186046525,-407.3185,-0.047362616279069764,-3.50874
7,0.08975,-654.978,-7.616023255813953,-400.4031,-0.046558499999999996,-3.468637
7,0.09,-640.3334,-7.445737209302326,-393.3847,-0.045742406976744185,-3.427737
7,0.09025,-626.6019,-7.286068604651164,-386.3062,-0.04491932558139535,-3.386174
7,0.0905,-612.3062,-7.119839534883721,-379.0997,-0.04408136046511628,-3.343797
7,0.09075,-598.2334,-6.956202325581396,-371.6302,-0.043212813953488374,-3.300448
7,0.091,-583.5508,-6.785474418604652,-364.1584,-0.042344,-3.256279
7,0.09125,-569.7201,-6.624652325581397,-356.895,-0.04149941860465116,-3.211371
7,0.0915,-554.0847,-6.44284534883721,-349.4304,-0.04063144186046512,-3.165554
7,0.09175,-539.7805,-6.276517441860465,-341.5562,-0.03971583720930232,-3.118793
7,0.092,-524.1775,-6.095087209302326,-333.5232,-0.03878176744186046,-3.071162
7,0.09225,-508.7656,-5.915879069767442,-325.4861,-0.03784722093023256,-3.022708
7,0.0925,-493.6813,-5.7404802325581405,-317.43,-0.03691046511627907,-2.973418
7,0.09275,-477.7061,-5.554722093023256,-309.1851,-0.03595175581395349,-2.923244
7,0.093,-462.171,-5.3740813953488376,-300.7347,-0.034969151162790695,-2.87218
7,0.09325,-446.3655,-5.190296511627907,-292.1948,-0.03397613953488372,-2.820285
7,0.0935,-430.7226,-5.008402325581395,-283.3787,-0.03295101162790697,-2.767485
7,0.09375,-414.5929,-4.820847674418604,-274.1169,-0.03187405813953488,-2.713797
7,0.094,-398.3756,-4.632274418604652,-264.8666,-0.03079844186046512,-2.659283
7,0.09425,-382.0864,-4.44286511627907,-255.7717,-0.029740895348837212,-2.603909
7,0.0945,-366.3123,-4.259445348837209,-246.4581,-0.02865791860465116,-2.547592
7,0.09475,-349.9896,-4.069646511627908,-236.7533,-0.02752945348837209,-2.490399
7,0.095,-333.2891,-3.875454651162791,-226.575,-0.026345930232558136,-2.432492
7,0.09525,-316.7426,-3.683053488372093,-216.3441,-0.02515629069767442,-2.373838
7,0.0955,-299.9297,-3.4875546511627915,-206.0847,-0.023963337209302327,-2.314233
7,0.09575,-283.0525,-3.291308139534884,-195.5951,-0.022743616279069765,-2.253629
7,0.096,-266.235,-3.095755813953489,-184.6882,-0.021475372093023255,-2.19221
7,0.09625,-249.4904,-2.9010511627906976,-173.6331,-0.020189895348837212,-2.130046
7,0.0965,-232.0196,-2.697902325581395,-162.5049,-0.018895918604651164,-2.066988
7,0.09675,-215.818,-2.509511627906977,-151.0139,-0.017559755813953488,-2.00297
7,0.097,-198.2671,-2.3054313953488372,-139.2273,-0.01618922093023256,-1.93814
7,0.09725,-181.4648,-2.1100558139534886,-127.3773,-0.014811313953488375,-1.872567
7,0.0975,-164.1297,-1.9084848837209305,-115.8011,-0.013465244186046513,-1.806182
7,0.09775,-147.4677,-1.7147406976744188,-104.0612,-0.01210013953488372,-1.738927
7,0.098,-130.7586,-1.5204488372093024,-91.69823,-0.010662584883720929,-1.670894
7,0.09825,-113.4159,-1.318789534883721,-79.26238,-0.009216555813953487,-1.602156
7,0.0985,-96.2094,-1.1187139534883723,-67.21664,-0.007815888372093023,-1.532665
7,0.09875,-79.20452,-0.9209827906976745,-55.43209,-0.006445591860465116,-1.462471
7,0.099,-61.82078,-0.7188462790697674,-43.48111,-0.005055943023255814,-1.391634
7,0.09925,-44.98708,-0.5231055813953488,-31.11668,-0.0036182186046511623,-1.320141
7,0.0995,-27.15915,-0.3158040697674419,-18.86841,-0.0021940011627906977,-1.247854
7,0.09975,-10.68658,-0.12426255813953489,-6.769535,-0.0007871552325581395,-1.174836
7,0.1,4.517731,0.052531755813953494,4.787964,0.0005567399999999999,-1.109689
8,0.0,6.694782,0.0778463023255814,0.0,0.0,-1.389585
8,0.00025,24.22727,0.2817124418604652,15.17434,0.0017644581395348839,-1.298564
8,0.0005,45.44565,0.5284377906976745,30.5319,0.003550220930232558,-1.206656
8,0.00075,65.0701,0.7566290697674419,46.23184,0.005375795348837209,-1.113794
8,0.001,84.45853,0.9820759302325582,62.09842,0.007220746511627907,-1.020186
8,0.00125,102.9596,1.1972046511627907,78.04739,0.009075277906976743,-0.9259644
8,0.0015,121.7797,1.416043023255814,94.09228,0.010940962790697674,-0.8310019
8,0.00175,140.9899,1.6394174418604652,110.2436,0.012819023255813952,-0.7352564
8,0.002,159.7594,1.8576674418604653,126.3837,0.014695779069767443,-0.6388848
8,0.00225,178.8844,2.0800511627906975,142.3513,0.016552476744186046,-0.5419707
8,0.0025,197.4959,2.2964639534883724,158.1215,0.018386220930232556,-0.4444616
8,0.00275,216.0891,2.5126639534883726,173.7591,0.020204546511627904,-0.3463976
8,0.003,234.6626,2.72863488372093,189.4724,0.02203167441860465,-0.247934
8,0.00325,253.5091,2.9477802325581397,205.1271,0.023851988372093024,-0.1491611
8,0.0035,271.9924,3.162702325581395,220.7447,0.02566798837209302,-0.05001672
8,0.00375,290.2387,3.374868604651163,236.459,0.027495232558139536,0.0494422
8,0.004,308.6993,3.589526744186047,252.1353,0.029318058139534885,0.1490376
8,0.00425,327.2712,3.8054790697674425,268.1959,0.03118556976744186,0.2486752
8,0.0045,345.2298,4.0143,284.4312,0.03307339534883721,0.3483926
8,0.00475,363.1677,4.22288023255814,300.8524,0.03498283720930232,0.4482356
8,0.005,382.0861,4.442861627906977,317.3306,0.03689890697674419,0.5480439
8,0.00525,400.3557,4.655298837209303,333.8257,0.038816941860465116,0.6477086
8,0.0055,417.8863,4.859143023255814,350.4421,0.040749081395348836,0.7473323
8,0.00575,436.2612,5.072804651162791,367.2237,0.04270043023255814,0.8468999
8,0.006,453.843,5.277244186046512,384.2077,0.044675313953488366,0.9462305
8,0.00625,471.4177,5.481601162790699,401.1832,0.04664920930232558,1.045209
8,0.0065,489.3839,5.6905104651162794,417.8983,0.048592825581395355,1.143901
8,0.00675,506.8284,5.893353488372093,434.3298,0.05050346511627907,1.242276
8,0.007,523.9802,6.092793023255814,450.4667,0.0523798488372093,1.340117
8,0.00725,541.1857,6.292856976744186,466.5269,0.05424731395348838,1.437395
8,0.0075,558.3921,6.492931395348839,482.4318,0.05609672093023256,1.534216
8,0.00775,574.9807,6.685822093023256,497.806,0.05788441860465116,1.63054
8,0.008,591.8554,6.882039534883722,512.8394,0.059632488372093014,1.726103
8,0.00825,608.5017,7.075601162790698,527.8353,0.0613761976744186,1.820774
8,0.0085,624.8208,7.265358139534884,542.742,0.06310953488372092,1.914641
8,0.00875,641.227,7.456127906976744,557.4956,0.06482506976744185,2.007704
8,0.009,657.0735,7.640389534883721,572.1316,0.06652693023255815,2.099842
8,0.00925,673.6915,7.833622093023257,586.9116,0.06824553488372093,2.190991
8,0.0095,688.8006,8.009309302325583,601.8091,0.06997780232558139,2.281212
8,0.00975,704.2835,8.189343023255814,616.4921,0.07168512790697676,2.370528
8,0.01,719.8869,8.370777906976745,630.931,0.07336406976744186,2.458624
8,0.01025,735.1727,8.548519767441862,645.4321,0.07505024418604651,2.545459
8,0.0105,750.2018,8.723276744186046,660.2385,0.07677191860465117,2.631246
8,0.01075,765.1179,8.89671976744186,674.8716,0.0784734418604651,2.715883
8,0.011,779.5651,9.064710465116281,688.9714,0.0801129534883721,2.799275
8,0.01125,794.2674,9.235667441860466,703.0531,0.08175036046511627,2.881432
8,0.0115,808.3965,9.399959302325582,717.2646,0.08340286046511627,2.962339
8,0.01175,822.405,9.562848837209303,731.0238,0.08500276744186047,3.041934
8,0.012,836.106,9.722162790697675,744.2335,0.08653877906976745,3.120136
8,0.01225,850.3551,9.88785,757.3074,0.088059,3.196936
8,0.0125,863.814,10.044348837209304,770.4768,0.08959032558139536,3.272402
8,0.01275,877.1464,10.199376744186047,783.2007,0.0910698488372093,3.34658
8,0.013,890.1394,10.350458139534885,794.9666,0.09243797674418604,3.419415
8,0.01325,903.2134,10.502481395348838,806.2578,0.09375090697674418,3.490826
8,0.0135,916.5082,10.657072093023256,817.7697,0.0950895,3.56086
8,0.01375,928.783,10.799802325581396,829.2526,0.09642472093023256,3.629555
8,0.014,941.3186,10.945565116279068,840.1534,0.0976922558139535,3.696884
8,0.01425,952.9699,11.081045348837211,850.5299,0.09889882558139534,3.762816
8,0.0145,965.5385,11.227191860465116,860.8992,0.10010455813953488,3.827395
8,0.01475,976.3925,11.353401162790698,871.5157,0.10133903488372094,3.890601
8,0.015,987.3682,11.48102558139535,881.6587,0.10251845348837207,3.952344
8,0.01525,998.3727,11.608984883720932,891.473,0.1036596511627907,4.01262
8,0.0155,1008.806,11.730302325581397,901.2791,0.10479989534883721,4.071431
8,0.01575,1019.639,11.856267441860465,911.2094,0.10595458139534883,4.12881
8,0.016,1029.463,11.9705,920.8081,0.10707070930232557,4.184715
8,0.01625,1039.629,12.088709302325581,929.8932,0.10812711627906976,4.239142
8,0.0165,1049.299,12.201151162790698,938.92,0.1091767441860465,4.29216
8,0.01675,1059.028,12.314279069767442,948.0663,0.11024026744186047,4.343768
8,0.017,1068.115,12.419941860465118,956.9612,0.11127455813953488,4.393927
8,0.01725,1076.607,12.518686046511627,965.4349,0.11225987209302324,4.442591
8,0.0175,1085.03,12.616627906976744,973.4975,0.11319738372093022,4.489792
8,0.01775,1094.058,12.721604651162792,981.5091,0.11412896511627908,4.53555
8,0.018,1102.512,12.819906976744187,989.61,0.11507093023255814,4.579882
8,0.01825,1110.799,12.916267441860466,997.3868,0.11597520930232558,4.622842
8,0.0185,1117.638,12.995790697674417,1004.937,0.11685313953488372,4.664455
8,0.01875,1125.599,13.08836046511628,1012.162,0.11769325581395348,4.704684
8,0.019,1132.511,13.168732558139537,1019.32,0.11852558139534884,4.743477
8,0.01925,1139.173,13.246197674418605,1026.194,0.11932488372093024,4.780841
8,0.0195,1145.642,13.321418604651164,1032.607,0.12007058139534885,4.816872
8,0.01975,1151.791,13.392918604651165,1038.827,0.12079383720930233,4.851549
8,0.02,1158.128,13.46660465116279,1044.901,0.12150011627906976,4.884832
8,0.02025,1163.364,13.527488372093025,1050.769,0.12218244186046512,4.916785
8,0.0205,1169.009,13.593127906976745,1056.41,0.12283837209302326,4.947483
8,0.02075,1174.037,13.651593023255815,1061.531,0.12343383720930233,4.976954
8,0.021,1179.027,13.709616279069769,1066.39,0.12399883720930233,5.005012
8,0.02125,1183.427,13.760779069767443,1071.393,0.12458058139534883,5.031629
8,0.0215,1187.739,13.810918604651164,1076.218,0.12514162790697675,5.056912
8,0.02175,1191.768,13.857767441860467,1080.574,0.12564813953488374,5.080906
8,0.022,1195.124,13.89679069767442,1084.452,0.12609906976744187,5.103761
8,0.02225,1198.676,13.938093023255815,1088.158,0.12652999999999998,5.125379
8,0.0225,1201.585,13.971918604651163,1091.99,0.12697558139534884,5.145697
8,0.02275,1204.54,14.006279069767443,1095.591,0.12739430232558138,5.164735
8,0.023,1206.211,14.025709302325582,1098.562,0.12773976744186044,5.182393
8,0.02325,1208.735,14.055058139534884,1101.49,0.12808023255813952,5.198811
8,0.0235,1209.936,14.069023255813955,1104.434,0.12842255813953488,5.214111
8,0.02375,1211.23,14.084069767441862,1106.943,0.1287143023255814,5.228189
8,0.024,1212.592,14.099906976744188,1108.799,0.12893011627906978,5.240939
8,0.02425,1213.815,14.114127906976746,1110.65,0.12914534883720932,5.252479
8,0.0245,1214.516,14.122279069767444,1112.635,0.12937616279069766,5.262917
8,0.02475,1214.945,14.127267441860466,1114.458,0.1295881395348837,5.27219
8,0.025,1214.99,14.12779069767442,1115.617,0.12972290697674418,5.280273
8,0.02525,1214.687,14.124267441860466,1116.477,0.1298229069767442,5.287257
8,0.0255,1214.025,14.116569767441863,1117.481,0.1299396511627907,5.293271
8,0.02575,1213.541,14.110941860465116,1118.42,0.13004883720930233,5.298225
8,0.026,1212.455,14.098313953488372,1118.937,0.13010895348837206,5.302064
8,0.02625,1211.069,14.082197674418605,1119.143,0.1301329069767442,5.30497
8,0.0265,1209.505,14.064011627906979,1119.431,0.13016639534883723,5.306988
8,0.02675,1208.037,14.046941860465118,1119.609,0.1301870930232558,5.308023
8,0.027,1205.686,14.01960465116279,1119.456,0.13016930232558138,5.30807
8,0.02725,1202.362,13.980953488372096,1118.861,0.13010011627906978,5.307261
8,0.0275,1200.027,13.953802325581396,1118.259,0.13003011627906977,5.305741
8,0.02775,1196.403,13.911662790697676,1117.886,0.1299867441860465,5.303418
8,0.028,1192.605,13.867500000000001,1117.26,0.1299139534883721,5.300179
8,0.02825,1188.943,13.824918604651163,1116.173,0.12978755813953488,5.296201
8,0.0285,1184.743,13.776081395348838,1114.906,0.12964023255813953,5.291631
8,0.02875,1180.461,13.72629069767442,1113.607,0.12948918604651163,5.286328
8,0.029,1174.957,13.662290697674422,1112.381,0.12934662790697676,5.280208
8,0.02925,1170.683,13.612593023255815,1110.992,0.12918511627906976,5.273398
8,0.0295,1165.718,13.554860465116281,1109.278,0.12898581395348838,5.26605
8,0.02975,1160.206,13.490767441860466,1107.494,0.12877837209302323,5.258087
8,0.03,1154.327,13.422406976744186,1105.634,0.12856209302325583,5.249374
8,0.03025,1147.642,13.344674418604653,1103.541,0.12831872093023255,5.239965
8,0.0305,1141.582,13.274209302325584,1101.299,0.12805802325581395,5.229995
8,0.03075,1134.424,13.190976744186047,1098.965,0.12778662790697673,5.219416
8,0.031,1127.383,13.109104651162792,1096.609,0.12751267441860464,5.2081
8,0.03125,1120.045,13.023779069767444,1094.146,0.12722627906976744,5.19617
8,0.0315,1113.021,12.942104651162792,1091.361,0.12690244186046512,5.183753
8,0.03175,1104.927,12.847988372093022,1088.314,0.12654813953488372,5.170663
8,0.032,1096.699,12.752313953488374,1085.063,0.1261701162790698,5.15676
8,0.03225,1088.322,12.654906976744185,1081.944,0.1258074418604651,5.142202
8,0.0325,1079.961,12.55768604651163,1078.868,0.12544976744186045,5.127136
8,0.03275,1071.153,12.455267441860466,1075.263,0.12503058139534884,5.111518
8,0.033,1062.045,12.34936046511628,1071.47,0.12458953488372092,5.095173
8,0.03325,1053.093,12.245267441860467,1067.649,0.12414523255813953,5.07815
8,0.0335,1044.11,12.140813953488372,1063.934,0.12371325581395348,5.060555
8,0.03375,1034.05,12.023837209302327,1059.866,0.12324023255813953,5.042285
8,0.034,1024.086,11.907976744186048,1055.515,0.1227343023255814,5.023324
8,0.03425,1013.995,11.790639534883722,1051.171,0.12222918604651165,5.003726
8,0.0345,1003.064,11.663534883720931,1046.818,0.12172302325581395,4.98353
8,0.03475,992.2791,11.538129069767443,1042.198,0.12118581395348837,4.962727
8,0.035,981.0902,11.40802558139535,1037.182,0.12060255813953488,4.941168
8,0.03525,969.4541,11.272722093023258,1032.004,0.12000046511627906,4.918793
8,0.0355,957.7785,11.136959302325582,1027.067,0.11942639534883721,4.895761
8,0.03575,945.448,10.993581395348837,1022.174,0.11885744186046511,4.872071
8,0.036,933.4209,10.853731395348838,1016.648,0.11821488372093024,4.847594
8,0.03625,921.4202,10.714188372093023,1010.717,0.11752523255813953,4.82238
8,0.0365,908.7908,10.56733488372093,1004.941,0.11685360465116279,4.796499
8,0.03675,895.9118,10.417579069767442,999.3795,0.11620691860465117,4.769969
8,0.037,882.7699,10.264766279069768,993.4712,0.11551990697674418,4.742618
8,0.03725,869.4857,10.110298837209303,987.1608,0.11478613953488373,4.714359
8,0.0375,855.8556,9.951809302325582,980.8427,0.11405147674418606,4.685401
8,0.03775,842.8839,9.80097558139535,974.6772,0.11333455813953487,4.655806
8,0.038,828.8262,9.637513953488373,968.2339,0.11258533720930233,4.62539
8,0.03825,814.6861,9.473094186046511,961.3873,0.11178922093023255,4.594117
8,0.0385,800.5915,9.309203488372093,954.4848,0.11098660465116278,4.562139
8,0.03875,786.1631,9.141431395348839,947.8553,0.11021573255813955,4.529457
8,0.039,771.5352,8.971339534883722,941.1588,0.10943706976744186,4.495902
8,0.03925,756.7158,8.799020930232558,933.9173,0.10859503488372091,4.461478
8,0.0395,741.4097,8.621043023255815,926.2905,0.10770819767441861,4.426344
8,0.03975,725.5115,8.43618023255814,918.9584,0.10685562790697672,4.390506
8,0.04,710.9058,8.266346511627908,911.7191,0.1060138488372093,4.353782
8,0.04025,696.1857,8.095182558139536,904.2125,0.10514098837209303,4.31615
8,0.0405,680.0261,7.907280232558141,896.3109,0.1042221976744186,4.277841
8,0.04075,664.367,7.725197674418605,888.3564,0.10329725581395349,4.238743
8,0.041,648.0894,7.5359232558139535,880.491,0.10238267441860466,4.198723
8,0.04125,631.4619,7.34258023255814,872.6455,0.10147040697674417,4.157864
8,0.0415,615.6356,7.158553488372093,864.4806,0.10052099999999999,4.11623
8,0.04175,599.392,6.969674418604653,855.9698,0.09953137209302325,4.073782
8,0.042,582.7006,6.775588372093024,847.6068,0.09855893023255816,4.030471
8,0.04225,565.7788,6.578823255813955,839.2769,0.09759033720930232,3.98628
8,0.0425,548.4872,6.377758139534884,830.4894,0.09656853488372093,3.941263
8,0.04275,531.69,6.182441860465118,821.1355,0.09548087209302325,3.895406
8,0.043,514.1887,5.978938372093024,811.7898,0.09439416279069768,3.848569
8,0.04325,496.5436,5.773762790697675,802.7477,0.09334275581395349,3.800743
8,0.0435,478.93,5.5689534883720935,793.434,0.09225976744186047,3.752079
8,0.04375,461.1577,5.362298837209302,783.431,0.09109662790697674,3.702566
8,0.044,443.4772,5.156711627906977,773.0574,0.08989039534883721,3.652065
8,0.04425,425.3965,4.946470930232558,762.9255,0.08871226744186046,3.600616
8,0.0445,407.4166,4.737402325581396,752.6245,0.08751447674418605,3.548225
8,0.04475,389.4038,4.527951162790698,741.6667,0.08624031395348837,3.494934
8,0.045,372.1594,4.327434883720931,730.1237,0.08489810465116278,3.440616
8,0.04525,353.5342,4.1108627906976745,718.8882,0.0835916511627907,3.385323
8,0.0455,335.4814,3.9009465116279074,707.917,0.08231593023255813,3.329289
8,0.04575,317.7958,3.6953,696.3111,0.08096640697674419,3.272427
8,0.046,298.9265,3.475889534883721,683.9533,0.07952945348837209,3.214575
8,0.04625,280.1662,3.257746511627907,671.9284,0.07813120930232557,3.155724
8,0.0465,261.6312,3.0422232558139535,660.2366,0.07677169767441859,3.095976
8,0.04675,243.2983,2.82905,648.1483,0.07536608139534884,3.035331
8,0.047,224.6068,2.6117069767441863,635.3122,0.07387351162790698,2.973667
8,0.04725,205.8135,2.39318023255814,622.6918,0.07240602325581394,2.911064
8,0.0475,186.6342,2.17016511627907,610.8082,0.07102420930232559,2.847665
8,0.04775,168.3981,1.9581174418604652,598.7,0.06961627906976744,2.783504
8,0.048,149.1894,1.7347604651162791,585.8871,0.0681264069767442,2.7183
8,0.04825,130.2391,1.514408139534884,572.8734,0.06661318604651162,2.651997
8,0.0485,110.9241,1.2898151162790699,560.4623,0.06517003488372093,2.58489
8,0.04875,91.92267,1.0688682558139535,548.1539,0.06373882558139535,2.516942
8,0.049,73.12481,0.850288488372093,535.3779,0.062253244186046504,2.44809
8,0.04925,54.03014,0.6282574418604652,522.2052,0.06072153488372092,2.378252
8,0.0495,35.16239,0.4088650000000001,509.3664,0.0592286511627907,2.307557
8,0.04975,16.5418,0.19234651162790697,496.6332,0.057748046511627904,2.236074
8,0.05,-2.841565,-0.0330414534883721,483.4515,0.05621529069767441,2.163626
8,0.05025,-22.07805,-0.256721511627907,470.0856,0.05466111627906977,2.090361
8,0.0505,-41.25679,-0.4797301162790698,456.4319,0.05307347674418604,2.016441
8,0.05075,-60.40514,-0.7023853488372095,442.5482,0.05145909302325582,1.941701
8,0.051,-79.55146,-0.9250169767441861,428.3017,0.049802523255813955,1.866052
8,0.05125,-98.37617,-1.1439089534883722,414.0272,0.0481426976744186,1.789655
8,0.0515,-117.4364,-1.3655395348837212,399.5354,0.04645760465116279,1.712657
8,0.05175,-136.3583,-1.585561627906977,384.8548,0.044750558139534886,1.634931
8,0.052,-155.2828,-1.8056139534883724,369.9413,0.04301643023255814,1.556403
8,0.05225,-173.8305,-2.0212848837209303,355.1406,0.04129541860465116,1.477179
8,0.0525,-192.8046,-2.241913953488372,340.4296,0.03958483720930232,1.397245
8,0.05275,-211.3062,-2.4570488372093022,325.7492,0.03787781395348837,1.316541
8,0.053,-230.687,-2.6824069767441867,311.037,0.03616709302325581,1.235072
8,0.05325,-248.3118,-2.887346511627907,296.4714,0.03447341860465117,1.152871
8,0.0535,-266.9623,-3.104212790697675,282.1321,0.03280605813953488,1.070014
8,0.05375,-285.3555,-3.318087209302326,267.732,0.031131627906976746,0.9864416
8,0.054,-303.5967,-3.530194186046512,253.2158,0.029443697674418606,0.9020089
8,0.05425,-322.4736,-3.749693023255814,238.8289,0.027770802325581392,0.8167775
8,0.0545,-340.1465,-3.9551918604651166,224.6896,0.026126697674418605,0.7309924
8,0.05475,-358.2748,-4.1659860465116285,210.6131,0.02448989534883721,0.6445762
8,0.055,-376.8356,-4.381809302325581,196.336,0.02282976744186047,0.5573715
8,0.05525,-395.0308,-4.593381395348838,181.8596,0.02114646511627907,0.469589
8,0.0555,-412.9428,-4.801660465116279,167.4874,0.019475279069767443,0.3813358
8,0.05575,-430.2602,-5.003025581395349,153.021,0.01779313953488372,0.2925933
8,0.056,-448.5171,-5.215315116279071,138.2335,0.016073662790697673,0.2033467
8,0.05625,-466.538,-5.4248604651162795,123.0795,0.01431156976744186,0.1136584
8,0.0565,-484.1056,-5.629134883720931,107.8347,0.012538918604651162,0.02366971
8,0.05675,-501.5496,-5.831972093023256,92.6499,0.010773244186046511,-0.06673858
8,0.057,-518.48,-6.028837209302326,77.20729,0.008977591860465116,-0.1576027
8,0.05725,-535.5568,-6.22740465116279,61.49177,0.007150205813953489,-0.2487661
8,0.0575,-552.6691,-6.426384883720931,45.92869,0.00534054534883721,-0.3401595
8,0.05775,-569.599,-6.623244186046512,30.86562,0.0035890255813953486,-0.4317743
8,0.058,-585.6897,-6.81034534883721,15.86734,0.001845039534883721,-0.5236553
8,0.05825,-602.7093,-7.008247674418605,0.7314624,8.505376744186045e-05,-0.6158478
8,0.0585,-618.9144,-7.196679069767442,-14.31607,-0.0016646593023255812,-0.7082331
8,0.05875,-635.3677,-7.387996511627908,-28.80536,-0.003349460465116279,-0.8007263
8,0.059,-651.3991,-7.574408139534884,-43.08659,-0.005010068604651163,-0.8935215
8,0.05925,-667.5921,-7.762698837209303,-57.59026,-0.006696541860465117,-0.9864756
8,0.0595,-682.8081,-7.9396290697674425,-71.83187,-0.008352543023255813,-1.079333
8,0.05975,-699.0178,-8.128113953488372,-85.45995,-0.009937203488372093,-1.172308
8,0.06,-714.6283,-8.309631395348838,-99.22014,-0.01153722558139535,-1.265332
8,0.06025,-729.5642,-8.483304651162792,-113.1511,-0.013157104651162791,-1.35827
8,0.0605,-744.5624,-8.657702325581397,-127.0956,-0.014778558139534884,-1.451103
8,0.06075,-759.1483,-8.827305813953489,-140.3568,-0.016320558139534883,-1.54383
8,0.061,-774.2503,-9.00291046511628,-153.4524,-0.017843302325581397,-1.636572
8,0.06125,-788.4229,-9.167708139534884,-166.9511,-0.019412918604651164,-1.729186
8,0.0615,-802.8543,-9.335515116279069,-181.0338,-0.02105044186046512,-1.821509
8,0.06175,-817.0096,-9.500111627906977,-195.0562,-0.02268095348837209,-1.913625
8,0.062,-831.1372,-9.664386046511629,-208.703,-0.02426779069767442,-2.005577
8,0.06225,-844.668,-9.821720930232559,-222.395,-0.025859883720930232,-2.097255
8,0.0625,-858.129,-9.978244186046513,-236.374,-0.0274853488372093,-2.188478
8,0.06275,-871.7885,-10.137075581395349,-250.1769,-0.029090337209302323,-2.279294
8,0.063,-884.8732,-10.289223255813955,-263.72,-0.03066511627906977,-2.369741
8,0.06325,-898.1675,-10.443808139534886,-277.0734,-0.032217837209302325,-2.459604
8,0.0635,-910.808,-10.59079069767442,-290.414,-0.03376906976744186,-2.548801
8,0.06375,-923.1309,-10.73408023255814,-303.3744,-0.03527609302325581,-2.637324
8,0.064,-936.1376,-10.88532093023256,-315.674,-0.03670627906976744,-2.725186
8,0.06425,-948.0016,-11.023274418604654,-327.8554,-0.038122720930232556,-2.812238
8,0.0645,-959.1702,-11.153141860465118,-340.2319,-0.0395618488372093,-2.898385
8,0.06475,-970.9111,-11.289663953488372,-352.2526,-0.04095960465116279,-2.983628
8,0.065,-982.1415,-11.42025,-363.5508,-0.0422733488372093,-3.067934
8,0.06525,-993.1455,-11.548203488372094,-374.4717,-0.04354322093023256,-3.151354
8,0.0655,-1003.86,-11.67279069767442,-385.4662,-0.0448216511627907,-3.233777
8,0.06575,-1013.854,-11.789000000000001,-396.1877,-0.046068337209302326,-3.315107
8,0.066,-1023.968,-11.906604651162793,-406.5804,-0.04727679069767442,-3.395534
8,0.06625,-1034.795,-12.032500000000002,-416.7241,-0.048456290697674424,-3.474984
8,0.0665,-1044.015,-12.139709302325583,-426.9039,-0.04963998837209302,-3.553265
8,0.06675,-1053.156,-12.246,-436.8397,-0.05079531395348837,-3.630385
8,0.067,-1062.359,-12.353011627906977,-446.2929,-0.051894523255813944,-3.706403
8,0.06725,-1071.746,-12.462162790697677,-455.3683,-0.05294980232558139,-3.781233
8,0.0675,-1080.329,-12.56196511627907,-464.5871,-0.054021755813953486,-3.854762
8,0.06775,-1088.773,-12.660151162790699,-473.7058,-0.05508206976744186,-3.926959
8,0.068,-1097.525,-12.761918604651164,-482.5844,-0.05611446511627907,-3.997814
8,0.06825,-1105.175,-12.850872093023256,-491.2496,-0.0571220465116279,-4.067304
8,0.0685,-1112.925,-12.940988372093022,-500.0312,-0.05814316279069767,-4.135233
8,0.06875,-1119.648,-13.019162790697674,-508.5759,-0.05913673255813954,-4.201622
8,0.069,-1127.063,-13.105383720930234,-516.6325,-0.06007354651162792,-4.266485
8,0.06925,-1133.875,-13.184593023255815,-524.4918,-0.06098741860465117,-4.329651
8,0.0695,-1140.644,-13.263302325581396,-532.4431,-0.061911988372093024,-4.39114
8,0.06975,-1146.534,-13.331790697674421,-540.1136,-0.06280390697674419,-4.450998
8,0.07,-1152.884,-13.405627906976745,-547.3132,-0.06364106976744187,-4.50929
8,0.07025,-1158.576,-13.471813953488374,-554.0972,-0.0644299069767442,-4.565902
8,0.0705,-1163.722,-13.531651162790698,-560.9934,-0.06523179069767442,-4.620585
8,0.07075,-1168.994,-13.592953488372093,-567.8157,-0.06602508139534884,-4.673408
8,0.071,-1173.941,-13.650476744186047,-574.1229,-0.06675847674418604,-4.724508
8,0.07125,-1178.363,-13.701895348837212,-579.8745,-0.06742726744186046,-4.773792
8,0.0715,-1182.488,-13.74986046511628,-585.6224,-0.06809562790697675,-4.821134
8,0.07175,-1186.239,-13.793476744186048,-591.2522,-0.06875025581395348,-4.86651
8,0.072,-1190.255,-13.840174418604654,-596.3449,-0.06934243023255815,-4.910017
8,0.07225,-1193.665,-13.87982558139535,-600.8016,-0.0698606511627907,-4.951603
8,0.0725,-1196.087,-13.907988372093024,-605.36,-0.0703906976744186,-4.991106
8,0.07275,-1199.181,-13.94396511627907,-609.879,-0.07091616279069768,-5.028656
8,0.073,-1201.705,-13.973313953488372,-613.8048,-0.07137265116279069,-5.064328
8,0.07325,-1203.658,-13.996023255813954,-617.0067,-0.07174496511627906,-5.098035
8,0.0735,-1204.792,-14.009209302325582,-620.2417,-0.07212112790697674,-5.129728
8,0.07375,-1205.92,-14.022325581395352,-623.6047,-0.07251217441860465,-5.159462
8,0.074,-1207.354,-14.039000000000001,-626.6464,-0.07286586046511628,-5.187401
8,0.07425,-1208.627,-14.053802325581396,-629.0869,-0.07314963953488372,-5.213479
8,0.0745,-1208.98,-14.057906976744187,-631.2278,-0.07339858139534884,-5.237538
8,0.07475,-1209.151,-14.059895348837212,-633.3579,-0.07364626744186047,-5.259761
8,0.075,-1209.704,-14.066325581395349,-635.4713,-0.07389201162790698,-5.280273
8,0.07525,-1209.372,-14.062465116279073,-637.0401,-0.07407443023255815,-5.298825
8,0.0755,-1209.38,-14.062558139534886,-638.1333,-0.0742015465116279,-5.315388
8,0.07575,-1208.13,-14.048023255813956,-639.3638,-0.07434462790697674,-5.330132
8,0.076,-1207.124,-14.036325581395351,-640.5323,-0.07448049999999999,-5.343121
8,0.07625,-1206.417,-14.02810465116279,-641.2562,-0.07456467441860465,-5.354377
8,0.0765,-1204.302,-14.003511627906978,-641.367,-0.07457755813953489,-5.363794
8,0.07675,-1202.618,-13.983930232558139,-641.4557,-0.07458787209302326,-5.371536
8,0.077,-1200.156,-13.955302325581394,-641.8466,-0.07463332558139535,-5.377721
8,0.07725,-1197.447,-13.923802325581395,-641.9554,-0.07464597674418605,-5.382192
8,0.0775,-1194.458,-13.889046511627908,-641.5878,-0.07460323255813954,-5.385062
8,0.07775,-1190.417,-13.842058139534883,-640.7333,-0.07450387209302325,-5.386527
8,0.078,-1187.7,-13.81046511627907,-640.0463,-0.07442398837209302,-5.386647
8,0.07825,-1183.589,-13.762662790697675,-639.4777,-0.07435787209302326,-5.385431
8,0.0785,-1179.217,-13.71182558139535,-638.5951,-0.07425524418604651,-5.382871
8,0.07875,-1175.009,-13.66289534883721,-637.2644,-0.07410051162790698,-5.379088
8,0.079,-1170.556,-13.611116279069769,-635.9652,-0.0739494418604651,-5.374185
8,0.07925,-1165.92,-13.557209302325584,-634.8112,-0.07381525581395348,-5.368067
8,0.0795,-1160.008,-13.488465116279071,-633.4617,-0.07365833720930233,-5.360843
8,0.07975,-1154.51,-13.42453488372093,-631.5308,-0.07343381395348837,-5.352624
8,0.08,-1149.16,-13.362325581395352,-629.5447,-0.07320287209302326,-5.343385
8,0.08025,-1142.253,-13.282011627906977,-627.9576,-0.07301832558139534,-5.333118
8,0.0805,-1136.368,-13.213581395348838,-626.322,-0.07282813953488372,-5.321837
8,0.08075,-1129.467,-13.133337209302328,-624.011,-0.07255941860465116,-5.309618
8,0.081,-1122.248,-13.049395348837212,-621.5002,-0.07226746511627906,-5.296544
8,0.08125,-1114.784,-12.962604651162794,-619.2344,-0.072004,-5.282604
8,0.0815,-1107.67,-12.879883720930234,-617.0527,-0.07175031395348837,-5.267726
8,0.08175,-1099.618,-12.786255813953488,-614.4308,-0.07144544186046511,-5.2519
8,0.082,-1091.84,-12.695813953488372,-611.459,-0.07109988372093022,-5.235248
8,0.08225,-1083.698,-12.601139534883723,-608.5782,-0.07076490697674419,-5.217781
8,0.0825,-1075.14,-12.501627906976745,-605.8624,-0.07044911627906976,-5.199344
8,0.08275,-1065.963,-12.394918604651163,-602.7889,-0.07009173255813954,-5.180048
8,0.083,-1056.581,-12.285825581395349,-599.3594,-0.0696929534883721,-5.159924
8,0.08325,-1048.102,-12.187232558139536,-595.799,-0.0692789534883721,-5.13886
8,0.0835,-1038.546,-12.076116279069769,-592.4196,-0.06888599999999999,-5.116802
8,0.08375,-1028.872,-11.963627906976747,-588.8706,-0.06847332558139535,-5.093784
8,0.084,-1019.012,-11.848976744186048,-584.7798,-0.0679976511627907,-5.069942
8,0.08425,-1008.435,-11.725988372093022,-580.4209,-0.0674908023255814,-5.045178
8,0.0845,-997.9845,-11.604470930232559,-576.3019,-0.06701184883720931,-5.019361
8,0.08475,-986.6067,-11.47217093023256,-572.0671,-0.06651943023255814,-4.992585
8,0.085,-975.7238,-11.34562558139535,-567.524,-0.06599116279069768,-4.96495
8,0.08525,-964.343,-11.21329069767442,-562.6397,-0.06542322093023255,-4.936458
8,0.0855,-952.5524,-11.07619069767442,-557.7732,-0.0648573488372093,-4.906983
8,0.08575,-940.4853,-10.93587558139535,-552.6656,-0.06426344186046512,-4.876536
8,0.086,-928.4865,-10.796354651162792,-547.5453,-0.06366805813953488,-4.845293
8,0.08625,-915.607,-10.646593023255814,-542.2218,-0.0630490465116279,-4.813234
8,0.0865,-903.5495,-10.506389534883722,-536.7806,-0.062416348837209305,-4.780144
8,0.08675,-890.2116,-10.351297674418605,-531.1673,-0.061763639534883716,-4.746033
8,0.087,-877.3473,-10.201712790697675,-525.3397,-0.06108601162790698,-4.711116
8,0.08725,-864.296,-10.049953488372095,-519.4385,-0.060399825581395346,-4.675296
8,0.0875,-850.8999,-9.89418488372093,-513.4583,-0.05970445348837209,-4.6385
8,0.08775,-837.0312,-9.73292093023256,-507.2971,-0.05898803488372093,-4.600812
8,0.088,-823.5125,-9.575726744186047,-501.113,-0.05826895348837209,-4.562172
8,0.08825,-809.3221,-9.410722093023256,-494.7021,-0.0575235,-4.52255
8,0.0885,-796.0947,-9.25691511627907,-488.1124,-0.05675725581395348,-4.481909
8,0.08875,-780.7202,-9.078141860465117,-481.2536,-0.055959720930232555,-4.440168
8,0.089,-766.152,-8.908744186046514,-474.4726,-0.055171232558139535,-4.397526
8,0.08925,-751.4516,-8.737809302325582,-467.7741,-0.054392337209302324,-4.354002
8,0.0895,-736.3588,-8.562311627906976,-460.9301,-0.05359652325581395,-4.309363
8,0.08975,-720.8936,-8.382483720930233,-453.6075,-0.05274505813953488,-4.263679
8,0.09,-706.3249,-8.21308023255814,-446.1796,-0.0518813488372093,-4.217137
8,0.09025,-690.1512,-8.025013953488372,-438.7775,-0.05102063953488371,-4.169648
8,0.0905,-674.6404,-7.844655813953489,-431.3302,-0.050154674418604654,-4.121015
8,0.09075,-659.27,-7.66593023255814,-423.4557,-0.04923903488372093,-4.071334
8,0.091,-642.845,-7.474941860465117,-415.2659,-0.04828673255813953,-4.020686
8,0.09125,-626.5548,-7.2855209302325585,-407.0895,-0.04733598837209302,-3.968964
8,0.0915,-611.0137,-7.104810465116279,-398.7617,-0.04636763953488372,-3.916115
8,0.09175,-593.9607,-6.906519767441861,-390.0619,-0.045356034883720926,-3.862177
8,0.092,-577.555,-6.715755813953488,-380.8756,-0.044287860465116284,-3.80716
8,0.09225,-560.1302,-6.513141860465116,-371.6353,-0.04321340697674418,-3.751004
8,0.0925,-543.3603,-6.318143023255815,-362.4641,-0.04214698837209302,-3.693717
8,0.09275,-526.2921,-6.11967558139535,-352.9069,-0.04103568604651163,-3.635394
8,0.093,-509.1216,-5.920018604651164,-342.9456,-0.03987739534883721,-3.575979
8,0.09325,-491.3403,-5.713259302325582,-332.58,-0.03867209302325581,-3.515422
8,0.0935,-473.7205,-5.508377906976746,-322.2696,-0.03747320930232558,-3.453785
8,0.09375,-455.961,-5.301872093023257,-311.7727,-0.03625263953488372,-3.391067
8,0.094,-438.1143,-5.094352325581396,-301.0903,-0.0350105,-3.327347
8,0.09425,-420.6293,-4.891038372093024,-290.0363,-0.0337251511627907,-3.262628
8,0.0945,-401.9089,-4.673359302325582,-278.6161,-0.03239722093023256,-3.196745
8,0.09475,-384.1357,-4.466694186046512,-266.9995,-0.031046453488372094,-3.129747
8,0.095,-366.6992,-4.263944186046512,-255.2584,-0.02968120930232558,-3.061744
8,0.09525,-348.5816,-4.053274418604651,-243.0657,-0.02826345348837209,-2.992559
8,0.0955,-330.1287,-3.838705813953488,-230.8705,-0.02684540697674418,-2.92221
8,0.09575,-311.8692,-3.626386046511628,-218.7555,-0.025436686046511628,-2.850766
8,0.096,-293.4208,-3.4118697674418605,-206.4948,-0.024011023255813953,-2.778126
8,0.09625,-275.4293,-3.202666279069768,-193.8048,-0.022535441860465116,-2.704221
8,0.0965,-256.4557,-2.9820430232558137,-180.9626,-0.021042162790697677,-2.629036
8,0.09675,-238.3036,-2.770972093023256,-168.292,-0.019568837209302328,-2.552718
8,0.097,-219.6708,-2.5543116279069773,-156.0678,-0.018147418604651164,-2.475346
8,0.09725,-200.2535,-2.328529069767442,-143.7698,-0.016717418604651164,-2.396783
8,0.0975,-181.1822,-2.1067697674418606,-131.1177,-0.015246244186046512,-2.316958
8,0.09775,-162.631,-1.8910581395348838,-118.3964,-0.013767023255813953,-2.236056
8,0.098,-144.0783,-1.6753290697674421,-105.6222,-0.012281651162790699,-2.154132
8,0.09825,-124.8225,-1.4514244186046512,-92.63553,-0.010771573255813953,-2.071093
8,0.0985,-106.2055,-1.2349476744186048,-79.22135,-0.00921178488372093,-1.986894
8,0.09875,-87.281,-1.0148953488372094,-65.5145,-0.00761796511627907,-1.901691
8,0.099,-68.0896,-0.7917395348837211,-51.95133,-0.006040852325581395,-1.815611
8,0.09925,-48.74625,-0.5668168604651164,-38.12378,-0.0044329976744186044,-1.728493
8,0.0995,-29.92712,-0.34798976744186044,-23.72366,-0.0027585651162790694,-1.6403
8,0.09975,-11.29944,-0.13138883720930236,-8.925881,-0.0010378931395348839,-1.551193
8,0.1,5.309881,0.0617428023255814,4.945487,0.0005750566279069767,-1.470664
9,0.0,6.486669,0.07542638372093023,0.0,0.0,-1.930604
9,0.00025,25.67026,0.29849139534883723,16.40597,0.0019076709302325583,-1.818229
9,0.0005,48.63501,0.5655233720930234,33.35734,0.003878760465116279,-1.704526
9,0.00075,69.92835,0.8131203488372093,50.05668,0.005820544186046512,-1.589471
9,0.001,90.71064,1.0547748837209303,66.6568,0.007750790697674419,-1.473227
9,0.00125,110.4936,1.2848093023255815,84.07831,0.009776547674418604,-1.355936
9,0.0015,131.3119,1.526882558139535,102.475,0.011915697674418604,-1.237549
9,0.00175,151.4464,1.7610046511627908,120.8069,0.01404731395348837,-1.118026
9,0.002,172.7296,2.008483720930233,138.7671,0.016135709302325583,-0.9974958
9,0.00225,193.2667,2.2472872093023257,156.9885,0.018254476744186045,-0.8760858
9,0.0025,214.7054,2.4965744186046512,176.095,0.020476162790697673,-0.7538542
9,0.00275,234.5178,2.7269511627906975,195.3638,0.022716720930232557,-0.6307227
9,0.003,255.0818,2.9660674418604653,214.1385,0.024899825581395345,-0.5067408
9,0.00325,275.4892,3.2033627906976743,232.6781,0.027055593023255817,-0.3820194
9,0.0035,296.3673,3.4461313953488375,251.4077,0.029233453488372092,-0.2566098
9,0.00375,317.0948,3.687148837209303,270.1542,0.031413279069767444,-0.1306134
9,0.004,337.3544,3.9227255813953494,288.3983,0.03353468604651163,-0.004092284
9,0.00425,357.733,4.159686046511628,306.3274,0.03561946511627907,0.1229745
9,0.0045,377.8761,4.393908139534884,324.7786,0.03776495348837209,0.2504855
9,0.00475,398.0836,4.628879069767442,343.5608,0.03994893023255813,0.378282
9,0.005,417.396,4.853441860465116,362.0099,0.042094174418604656,0.5061865
9,0.00525,436.4056,5.074483720930234,380.3269,0.04422405813953489,0.6341442
9,0.0055,456.9772,5.313688372093024,399.2009,0.04641870930232558,0.7621438
9,0.00575,475.9361,5.534140697674419,418.6509,0.04868033720930232,0.8900068
9,0.006,495.1944,5.758074418604651,438.2641,0.05096094186046511,1.017565
9,0.00625,513.9325,5.975959302325582,457.7712,0.05322920930232558,1.144757
9,0.0065,533.6035,6.204691860465117,477.3324,0.055503767441860474,1.271544
9,0.00675,552.3659,6.422859302325581,497.1599,0.05780929069767441,1.397772
9,0.007,571.0209,6.639777906976745,516.6931,0.060080593023255816,1.523229
9,0.00725,590.0113,6.860596511627907,535.8387,0.06230682558139535,1.64782
9,0.0075,608.4475,7.074970930232558,554.7674,0.06450783720930231,1.771631
9,0.00775,626.6315,7.286412790697675,573.6798,0.06670695348837209,1.894515
9,0.008,645.3579,7.504161627906977,592.0855,0.06884715116279069,2.016275
9,0.00825,663.6128,7.716427906976745,609.8593,0.07091387209302324,2.136919
9,0.0085,681.7148,7.926916279069768,627.3131,0.07294338372093022,2.256439
9,0.00875,699.1639,8.129812790697676,644.8947,0.07498775581395348,2.374686
9,0.009,716.7446,8.334239534883721,662.6038,0.0770469534883721,2.491503
9,0.00925,734.1309,8.536405813953488,680.0344,0.07907376744186047,2.606908
9,0.0095,751.4635,8.737947674418605,697.3313,0.08108503488372093,2.720928
9,0.00975,768.4952,8.935990697674418,714.7413,0.08310945348837209,2.833437
9,0.01,785.3654,9.13215581395349,732.2071,0.08514036046511628,2.944312
9,0.01025,802.1666,9.327518604651164,749.5441,0.08715629069767442,3.053534
9,0.0105,818.2902,9.515002325581396,766.952,0.08918046511627907,3.161157
9,0.01075,834.855,9.70761627906977,784.275,0.09119476744186046,3.267118
9,0.011,850.9705,9.895005813953489,801.6699,0.09321743023255814,3.371239
9,0.01125,867.1194,10.082783720930234,818.5826,0.09518402325581395,3.473586
9,0.0115,882.3891,10.260338372093024,835.158,0.09711139534883721,3.574247
9,0.01175,897.7342,10.438769767441862,851.1903,0.09897561627906977,3.673047
9,0.012,913.5787,10.623008139534884,867.0719,0.10082231395348838,3.769907
9,0.01225,927.8404,10.788841860465118,882.7425,0.10264447674418603,3.864917
9,0.0125,942.8923,10.963863953488373,898.0319,0.10442231395348836,3.958148
9,0.01275,957.0568,11.128567441860465,912.684,0.10612604651162791,4.0495
9,0.013,971.2851,11.294012790697677,926.8708,0.10777567441860465,4.13869
9,0.01325,984.977,11.45322093023256,940.7236,0.10938646511627907,4.225846
9,0.0135,998.3392,11.608595348837211,954.3048,0.11096567441860464,4.311281
9,0.01375,1011.78,11.764883720930232,967.9715,0.11255482558139535,4.394842
9,0.014,1024.981,11.918383720930233,981.3758,0.11411346511627908,4.476336
9,0.01425,1038.051,12.070360465116279,994.3462,0.1156216511627907,4.555763
9,0.0145,1050.674,12.21713953488372,1006.878,0.11707883720930233,4.633294
9,0.01475,1063.227,12.363104651162791,1019.172,0.11850837209302326,4.70904
9,0.015,1075.82,12.509534883720931,1031.5,0.11994186046511628,4.782825
9,0.01525,1088.251,12.654081395348838,1043.895,0.12138313953488372,4.854604
9,0.0155,1099.624,12.786325581395351,1056.07,0.12279883720930232,4.924564
9,0.01575,1111.195,12.920872093023256,1067.888,0.12417302325581396,4.992703
9,0.016,1122.654,13.054116279069769,1079.129,0.12548011627906977,5.058957
9,0.01625,1133.87,13.184534883720929,1090.163,0.12676313953488372,5.123369
9,0.0165,1144.4,13.30697674418605,1101.101,0.128035,5.186021
9,0.01675,1154.94,13.429534883720931,1111.947,0.12929616279069767,5.246971
9,0.017,1164.5,13.540697674418604,1122.522,0.13052581395348836,5.306118
9,0.01725,1174.543,13.657476744186045,1132.736,0.13171348837209304,5.3634
9,0.0175,1183.761,13.764662790697676,1142.516,0.13285069767441862,5.419031
9,0.01775,1193.588,13.87893023255814,1151.936,0.1339460465116279,5.473075
9,0.018,1202.203,13.979104651162793,1160.904,0.13498883720930233,5.525296
9,0.01825,1210.592,14.0766511627907,1169.785,0.136021511627907,5.575715
9,0.0185,1218.582,14.169558139534885,1178.526,0.1370379069767442,5.624579
9,0.01875,1226.645,14.263313953488373,1186.737,0.13799267441860466,5.67184
9,0.019,1234.732,14.357348837209303,1194.529,0.13889872093023256,5.717345
9,0.01925,1241.71,14.438488372093024,1201.98,0.1397651162790698,5.761159
9,0.0195,1248.895,14.52203488372093,1209.275,0.14061337209302327,5.803359
9,0.01975,1255.889,14.603360465116278,1216.331,0.1414338372093023,5.843987
9,0.02,1261.66,14.670465116279072,1222.94,0.14220232558139534,5.882966
9,0.02025,1268.381,14.748616279069768,1229.194,0.14292953488372093,5.920261
9,0.0205,1274.012,14.814093023255815,1235.037,0.1436089534883721,5.955991
9,0.02075,1279.206,14.874488372093023,1240.663,0.14426313953488373,5.990202
9,0.021,1284.805,14.939593023255817,1245.998,0.14488348837209303,6.02276
9,0.02125,1289.47,14.993837209302326,1251.009,0.14546616279069768,6.053652
9,0.0215,1294.225,15.049127906976745,1255.833,0.1460270930232558,6.083016
9,0.02175,1298.206,15.095418604651162,1260.394,0.14655744186046513,6.110931
9,0.022,1302.467,15.144965116279073,1264.629,0.14704988372093022,6.137338
9,0.02225,1306.307,15.189616279069769,1268.472,0.1474967441860465,6.162115
9,0.0225,1309.507,15.226825581395351,1272.166,0.14792627906976744,6.185401
9,0.02275,1312.505,15.26168604651163,1275.639,0.14833011627906975,6.207302
9,0.023,1315.017,15.290895348837212,1278.865,0.14870523255813953,6.227754
9,0.02325,1317.811,15.323383720930233,1281.751,0.14904081395348837,6.24676
9,0.0235,1320.169,15.350802325581396,1284.493,0.1493596511627907,6.264373
9,0.02375,1322.478,15.3776511627907,1286.866,0.14963558139534883,6.28057
9,0.024,1323.502,15.389558139534884,1288.862,0.14986767441860466,6.295453
9,0.02425,1324.556,15.401813953488373,1290.644,0.15007488372093025,6.309037
9,0.0245,1325.309,15.41056976744186,1292.524,0.150293488372093,6.321303
9,0.02475,1325.994,15.41853488372093,1294.16,0.15048372093023257,6.332318
9,0.025,1325.741,15.415593023255814,1295.399,0.1506277906976744,6.342003
9,0.02525,1325.404,15.411674418604653,1296.182,0.15071883720930232,6.350427
9,0.0255,1324.886,15.405651162790699,1297.006,0.15081465116279072,6.357695
9,0.02575,1323.409,15.388476744186049,1297.781,0.15090476744186046,6.363759
9,0.026,1322.776,15.381116279069769,1298.33,0.15096860465116277,6.368607
9,0.02625,1320.635,15.35622093023256,1298.615,0.1510017441860465,6.372353
9,0.0265,1318.741,15.334197674418604,1298.654,0.15100627906976744,6.375046
9,0.02675,1316.564,15.308883720930234,1298.56,0.1509953488372093,6.376631
9,0.027,1313.923,15.278174418604653,1298.154,0.15094813953488373,6.377129
9,0.02725,1310.837,15.24229069767442,1297.506,0.15087279069767442,6.376636
9,0.0275,1307.335,15.201569767441862,1296.847,0.15079616279069769,6.375205
9,0.02775,1304.613,15.169918604651164,1296.232,0.1507246511627907,6.372822
9,0.028,1300.971,15.127569767441862,1295.384,0.15062604651162792,6.369532
9,0.02825,1296.492,15.075488372093025,1294.02,0.1504674418604651,6.365438
9,0.0285,1292.477,15.028802325581397,1292.672,0.15031069767441863,6.360535
9,0.02875,1287.392,14.969674418604653,1291.384,0.15016093023255814,6.354735
9,0.029,1282.23,14.909651162790698,1289.949,0.14999406976744187,6.348142
9,0.02925,1276.82,14.84674418604651,1288.239,0.14979523255813953,6.340889
9,0.0295,1271.215,14.78156976744186,1286.487,0.149591511627907,6.332902
9,0.02975,1264.737,14.706244186046513,1284.725,0.1493866279069767,6.324158
9,0.03,1258.687,14.63589534883721,1282.761,0.14915825581395348,6.314645
9,0.03025,1252.289,14.561500000000002,1280.501,0.14889546511627905,6.304426
9,0.0305,1244.966,14.4763488372093,1277.975,0.1486017441860465,6.293631
9,0.03075,1238.169,14.397313953488373,1275.732,0.14834093023255815,6.282065
9,0.031,1230.632,14.309674418604653,1273.521,0.14808383720930232,6.269729
9,0.03125,1222.455,14.214593023255814,1270.88,0.14777674418604653,6.256877
9,0.0315,1214.359,14.120453488372094,1267.947,0.1474356976744186,6.243423
9,0.03175,1206.261,14.026290697674419,1264.871,0.14707802325581398,6.22911
9,0.032,1197.361,13.922802325581397,1261.931,0.14673616279069768,6.214046
9,0.03225,1188.126,13.815418604651164,1258.893,0.1463829069767442,6.198384
9,0.0325,1178.763,13.706546511627906,1255.547,0.14599383720930234,6.182088
9,0.03275,1168.664,13.589116279069769,1252.078,0.14559046511627907,6.165045
9,0.033,1159.679,13.484639534883723,1248.553,0.14518058139534884,6.147159
9,0.03325,1148.1,13.35,1244.84,0.14474883720930232,6.128571
9,0.0335,1137.554,13.227372093023257,1240.851,0.144285,6.109385
9,0.03375,1126.838,13.102767441860466,1236.728,0.14380558139534885,6.089444
9,0.034,1115.522,12.971186046511628,1232.697,0.14333686046511626,6.068611
9,0.03425,1104.198,12.83951162790698,1228.411,0.14283848837209304,6.046982
9,0.0345,1092.045,12.698197674418607,1223.669,0.14228709302325582,6.024647
9,0.03475,1080.733,12.566662790697675,1218.642,0.1417025581395349,6.001598
9,0.035,1068.578,12.425325581395349,1213.765,0.14113546511627909,5.977722
9,0.03525,1055.942,12.27839534883721,1208.808,0.14055906976744187,5.953008
9,0.0355,1043.809,12.137313953488372,1203.532,0.13994558139534882,5.927591
9,0.03575,1030.696,11.984837209302325,1197.86,0.1392860465116279,5.901389
9,0.036,1017.416,11.830418604651165,1192.047,0.13861011627906977,5.874274
9,0.03625,1004.281,11.677686046511628,1186.276,0.13793906976744189,5.846425
9,0.0365,990.5398,11.517904651162791,1180.18,0.13723023255813954,5.817886
9,0.03675,976.9254,11.359597674418605,1173.736,0.13648093023255814,5.788477
9,0.037,962.7315,11.194552325581396,1167.082,0.1357072093023256,5.758175
9,0.03725,948.296,11.026697674418607,1160.684,0.1349632558139535,5.727048
9,0.0375,933.9999,10.860463953488374,1154.195,0.13420872093023256,5.695165
9,0.03775,918.7302,10.682909302325582,1146.91,0.13336162790697675,5.662476
9,0.038,903.7482,10.508700000000001,1139.202,0.1324653488372093,5.628794
9,0.03825,888.197,10.327872093023258,1131.652,0.13158744186046512,5.594247
9,0.0385,872.4629,10.144917441860466,1124.233,0.13072476744186046,5.558964
9,0.03875,856.7419,9.96211511627907,1116.411,0.12981523255813954,5.522821
9,0.039,841.6364,9.78646976744186,1108.169,0.1288568604651163,5.485684
9,0.03925,825.3649,9.59726627906977,1099.774,0.1278806976744186,5.447578
9,0.0395,808.4861,9.401001162790699,1091.45,0.12691279069767442,5.408699
9,0.03975,791.4103,9.20244534883721,1082.766,0.12590302325581396,5.368942
9,0.04,775.0203,9.011863953488373,1073.862,0.12486767441860465,5.328119
9,0.04025,757.9967,8.813915116279071,1064.91,0.12382674418604653,5.286317
9,0.0405,741.0166,8.616472093023257,1055.96,0.12278604651162792,5.243714
9,0.04075,723.6638,8.414695348837212,1046.664,0.12170511627906976,5.200229
9,0.041,705.9807,8.209077906976745,1036.984,0.12057953488372093,5.155604
9,0.04125,687.9279,7.999161627906978,1027.261,0.11944895348837209,5.109927
9,0.0415,670.339,7.794639534883722,1017.661,0.11833267441860465,5.063373
9,0.04175,652.1809,7.583498837209302,1007.974,0.11720627906976744,5.015888
9,0.042,633.8981,7.370908139534884,997.9227,0.11603752325581396,4.967364
9,0.04225,615.8073,7.1605500000000015,987.7393,0.11485340697674418,4.917732
9,0.0425,597.5017,6.947694186046512,977.4199,0.11365347674418605,4.867091
9,0.04275,579.0959,6.7336732558139545,966.9322,0.11243397674418605,4.815611
9,0.043,559.631,6.507337209302325,956.2115,0.11118738372093023,4.763043
9,0.04325,541.6359,6.298091860465117,945.4742,0.10993886046511629,4.709307
9,0.0435,522.7094,6.078016279069768,934.5744,0.10867144186046511,4.654668
9,0.04375,503.8528,5.858753488372094,923.3268,0.10736358139534885,4.599004
9,0.044,484.7364,5.636469767441861,911.6419,0.10600487209302324,4.542214
9,0.04425,465.0197,5.407205813953488,899.7281,0.1046195465116279,4.48443
9,0.0445,445.4814,5.1800162790697675,887.9135,0.10324575581395348,4.425634
9,0.04475,426.0256,4.953786046511628,875.6686,0.10182193023255813,4.365844
9,0.045,406.0491,4.721501162790698,862.9609,0.10034429069767442,4.304895
9,0.04525,386.6987,4.496496511627908,850.2905,0.09887098837209302,4.242751
9,0.0455,366.2304,4.258493023255814,837.4094,0.09737318604651163,4.179675
9,0.04575,346.6662,4.031002325581396,824.1118,0.0958269534883721,4.115568
9,0.046,325.7943,3.788305813953489,810.3257,0.09422391860465117,4.050222
9,0.04625,305.3969,3.551126744186047,796.6353,0.09263201162790698,3.983735
9,0.0465,285.3577,3.318112790697675,783.0163,0.09104840697674418,3.916205
9,0.04675,265.0525,3.0820058139534887,769.1732,0.08943874418604651,3.847581
9,0.047,244.2054,2.839597674418605,754.8792,0.0877766511627907,3.777778
9,0.04725,224.2026,2.607006976744186,740.4868,0.08610311627906976,3.706697
9,0.0475,203.7632,2.369339534883721,726.4637,0.08447252325581396,3.634539
9,0.04775,183.0235,2.12818023255814,712.5424,0.08285376744186047,3.56136
9,0.048,163.516,1.9013488372093024,698.1648,0.0811819534883721,3.486991
9,0.04825,142.1472,1.6528744186046513,683.8022,0.07951188372093022,3.41144
9,0.0485,120.901,1.405825581395349,669.6329,0.07786429069767441,3.334787
9,0.04875,100.6753,1.1706430232558138,655.5701,0.07622908139534884,3.257048
9,0.049,79.618,0.9257906976744187,640.7843,0.0745098023255814,3.178185
9,0.04925,59.01907,0.6862682558139535,625.8902,0.07277793023255814,3.098174
9,0.0495,38.24387,0.44469616279069774,611.3932,0.07109223255813953,3.017092
9,0.04975,17.55528,0.20413116279069768,596.858,0.0694020930232558,2.935041
9,0.05,-3.13381,-0.0364396511627907,581.5906,0.06762681395348837,2.851972
9,0.05025,-23.60967,-0.27453104651162796,566.1773,0.06583456976744186,2.767886
9,0.0505,-44.64318,-0.5191067441860465,550.6384,0.06402772093023257,2.682845
9,0.05075,-65.35405,-0.7599308139534885,534.6934,0.062173651162790694,2.596892
9,0.051,-85.4698,-0.9938348837209304,518.4875,0.0602892441860465,2.50993
9,0.05125,-105.6681,-1.2286988372093024,501.9791,0.05836966279069767,2.421921
9,0.0515,-127.0561,-1.477396511627907,485.4186,0.056444023255813956,2.332929
9,0.05175,-147.5989,-1.7162662790697676,468.8716,0.054519953488372096,2.242933
9,0.052,-168.5442,-1.9598162790697675,452.0424,0.05256306976744186,2.151851
9,0.05225,-188.9629,-2.197243023255814,435.173,0.05060151162790698,2.059694
9,0.0525,-209.8586,-2.4402162790697677,418.417,0.04865313953488372,1.966683
9,0.05275,-230.3395,-2.6783662790697678,401.8869,0.046731034883720934,1.872785
9,0.053,-250.705,-2.9151744186046518,385.4149,0.04481568604651163,1.777801
9,0.05325,-271.5248,-3.15726511627907,368.9971,0.04290663953488372,1.681783
9,0.0535,-291.756,-3.3925116279069765,352.6835,0.04100970930232558,1.584879
9,0.05375,-311.9821,-3.627698837209303,336.5016,0.03912809302325581,1.487174
9,0.054,-332.768,-3.8693953488372093,320.2109,0.03723382558139535,1.388661
9,0.05425,-352.3944,-4.097609302325582,304.004,0.035349302325581394,1.289275
9,0.0545,-372.4054,-4.330295348837209,287.6292,0.033445255813953495,1.189119
9,0.05475,-392.318,-4.561837209302325,271.0898,0.03152206976744186,1.088326
9,0.055,-411.8867,-4.78938023255814,254.3579,0.029576500000000002,0.9867594
9,0.05525,-431.6221,-5.018861627906977,237.0935,0.02756901162790698,0.884317
9,0.0555,-451.0404,-5.2446558139534885,219.8507,0.02556403488372093,0.7811387
9,0.05575,-470.3858,-5.469602325581397,202.6452,0.02356339534883721,0.6772264
9,0.056,-489.7205,-5.694424418604652,185.3553,0.021552941860465115,0.5725757
9,0.05625,-509.2234,-5.921202325581397,167.6504,0.019494232558139535,0.4672028
9,0.0565,-528.0314,-6.1399,149.9162,0.01743211627906977,0.3610934
9,0.05675,-546.4925,-6.354563953488372,132.4531,0.015401523255813954,0.254403
9,0.057,-565.6768,-6.577637209302326,115.3491,0.01341268604651163,0.1469648
9,0.05725,-584.3961,-6.7953034883720935,98.12863,0.011410305813953489,0.03877406
9,0.0575,-603.0203,-7.0118639534883735,81.00295,0.009418947674418605,-0.06981479
9,0.05775,-621.4752,-7.226455813953488,64.31711,0.007478733720930233,-0.178954
9,0.058,-639.252,-7.433162790697675,48.10978,0.005594160465116279,-0.2887384
9,0.05825,-657.7009,-7.647684883720932,31.93595,0.0037134825581395347,-0.3990105
9,0.0585,-675.7669,-7.85775465116279,15.53288,0.0018061488372093021,-0.5096848
9,0.05875,-693.3699,-8.06244069767442,-0.685385,-7.969593023255814e-05,-0.620646
9,0.059,-711.0824,-8.268400000000002,-16.35156,-0.0019013441860465117,-0.7319888
9,0.05925,-728.4849,-8.47075465116279,-32.03235,-0.0037246918604651163,-0.8437738
9,0.0595,-745.8245,-8.672377906976743,-48.15183,-0.0055990499999999995,-0.9558424
9,0.05975,-762.5843,-8.867259302325582,-64.73269,-0.007527056976744186,-1.068127
9,0.06,-779.5122,-9.06409534883721,-81.03598,-0.009422788372093023,-1.180749
9,0.06025,-796.7187,-9.26417093023256,-97.00661,-0.011279838372093022,-1.293659
9,0.0605,-812.783,-9.45096511627907,-113.0816,-0.013149023255813953,-1.406607
9,0.06075,-829.72,-9.647906976744187,-129.5923,-0.015068872093023256,-1.51956
9,0.061,-845.3011,-9.829082558139536,-145.9566,-0.016971697674418605,-1.632677
9,0.06125,-861.8411,-10.021408139534884,-161.7458,-0.018807651162790696,-1.745982
9,0.0615,-877.0611,-10.198384883720932,-177.4278,-0.02063113953488372,-1.85926
9,0.06175,-892.6032,-10.379106976744188,-193.1866,-0.02246355813953488,-1.972284
9,0.062,-907.4049,-10.551219767441863,-208.6986,-0.02426727906976744,-2.085143
9,0.06225,-922.7343,-10.729468604651164,-223.5706,-0.02599658139534884,-2.197863
9,0.0625,-937.2255,-10.897970930232558,-238.1684,-0.027694,-2.31023
9,0.06275,-951.6843,-11.066096511627908,-252.6074,-0.029372953488372093,-2.422177
9,0.063,-965.7247,-11.229356976744185,-267.0038,-0.031046953488372095,-2.53382
9,0.06325,-979.292,-11.387116279069769,-280.8017,-0.032651360465116276,-2.645162
9,0.0635,-993.5694,-11.553132558139536,-294.0972,-0.034197348837209304,-2.756035
9,0.06375,-1006.312,-11.701302325581397,-307.216,-0.03572279069767442,-2.866382
9,0.064,-1019.65,-11.85639534883721,-320.4344,-0.03725981395348837,-2.976253
9,0.06425,-1032.63,-12.007325581395351,-333.528,-0.03878232558139535,-3.085632
9,0.0645,-1045.591,-12.15803488372093,-346.4709,-0.04028731395348837,-3.194373
9,0.06475,-1058.019,-12.302546511627908,-359.1449,-0.04176103488372093,-3.302477
9,0.065,-1070.321,-12.445593023255816,-372.0633,-0.04326317441860465,-3.410056
9,0.06525,-1082.34,-12.5853488372093,-384.7957,-0.04474368604651163,-3.51686
9,0.0655,-1094.264,-12.724,-397.3235,-0.04620040697674419,-3.622612
9,0.06575,-1105.179,-12.850918604651165,-409.6279,-0.047631151162790694,-3.727333
9,0.066,-1117.465,-12.993779069767443,-421.978,-0.04906720930232558,-3.831047
9,0.06625,-1128.555,-13.122732558139536,-434.3102,-0.050501186046511624,-3.93375
9,0.0665,-1139.128,-13.24567441860465,-446.3901,-0.05190582558139535,-4.035214
9,0.06675,-1149.333,-13.364337209302327,-457.9143,-0.05324584883720931,-4.135198
9,0.067,-1159.675,-13.484593023255815,-469.1757,-0.05455531395348837,-4.233875
9,0.06725,-1169.315,-13.59668604651163,-480.5347,-0.05587612790697675,-4.331228
9,0.0675,-1178.56,-13.704186046511628,-491.6941,-0.057173732558139526,-4.42702
9,0.06775,-1187.775,-13.811337209302328,-502.3275,-0.05841017441860465,-4.521188
9,0.068,-1196.689,-13.914988372093024,-512.5538,-0.05959927906976745,-4.613827
9,0.06825,-1205.216,-14.014139534883721,-522.4599,-0.060751151162790694,-4.704911
9,0.0685,-1214.099,-14.117430232558139,-532.3334,-0.06189923255813953,-4.794261
9,0.06875,-1220.56,-14.192558139534883,-541.9944,-0.0630226046511628,-4.881787
9,0.069,-1229.564,-14.297255813953491,-550.9839,-0.0640678953488372,-4.967528
9,0.06925,-1236.713,-14.380383720930233,-559.8222,-0.06509560465116278,-5.051501
9,0.0695,-1243.466,-14.458906976744185,-568.4821,-0.06610256976744186,-5.133493
9,0.06975,-1250.61,-14.541976744186046,-576.8955,-0.06708087209302326,-5.213506
9,0.07,-1257.19,-14.618488372093024,-584.7095,-0.06798947674418605,-5.291524
9,0.07025,-1262.961,-14.685593023255814,-592.0845,-0.06884703488372095,-5.367378
9,0.0705,-1269.07,-14.756627906976744,-599.4889,-0.06970801162790696,-5.441051
9,0.07075,-1274.523,-14.82003488372093,-606.8247,-0.07056101162790698,-5.512506
9,0.071,-1279.868,-14.882186046511627,-613.6395,-0.07135343023255813,-5.581739
9,0.07125,-1284.46,-14.935581395348839,-619.9535,-0.07208761627906976,-5.648763
9,0.0715,-1289.012,-14.988511627906977,-626.0132,-0.07279223255813953,-5.713436
9,0.07175,-1292.657,-15.030895348837209,-632.1097,-0.07350112790697674,-5.775756
9,0.072,-1297.695,-15.089476744186047,-637.8888,-0.07417311627906976,-5.835818
9,0.07225,-1301.002,-15.127930232558139,-643.3079,-0.07480324418604652,-5.89348
9,0.0725,-1304.416,-15.167627906976744,-648.4024,-0.07539562790697674,-5.948615
9,0.07275,-1307.37,-15.201976744186046,-653.377,-0.07597406976744185,-6.001318
9,0.073,-1310.366,-15.236813953488374,-658.0829,-0.07652126744186047,-6.051683
9,0.07325,-1312.894,-15.266209302325581,-662.4045,-0.07702377906976744,-6.099583
9,0.0735,-1315.609,-15.297779069767442,-666.3812,-0.07748618604651163,-6.144857
9,0.07375,-1317.091,-15.315011627906976,-670.5077,-0.07796601162790698,-6.187485
9,0.074,-1318.579,-15.332313953488372,-674.3384,-0.07841144186046511,-6.227592
9,0.07425,-1319.869,-15.347313953488372,-677.7245,-0.07880517441860466,-6.265167
9,0.0745,-1320.127,-15.350313953488373,-680.6219,-0.07914208139534883,-6.300041
9,0.07475,-1320.986,-15.360302325581399,-683.2676,-0.07944972093023256,-6.332318
9,0.075,-1320.781,-15.357918604651164,-685.8447,-0.07974938372093024,-6.362062
9,0.07525,-1320.249,-15.351732558139537,-688.2385,-0.08002773255813954,-6.389255
9,0.0755,-1320.127,-15.350313953488373,-690.3882,-0.0802776976744186,-6.413927
9,0.07575,-1318.68,-15.333488372093024,-692.1008,-0.08047683720930233,-6.436165
9,0.076,-1317.043,-15.314453488372093,-693.6011,-0.08065129069767442,-6.456074
9,0.07625,-1315.791,-15.29989534883721,-694.8533,-0.0807968953488372,-6.473677
9,0.0765,-1313.523,-15.273523255813954,-695.837,-0.08091127906976744,-6.488983
9,0.07675,-1311.526,-15.250302325581396,-696.4827,-0.08098636046511627,-6.502061
9,0.077,-1308.9,-15.219767441860467,-697.0153,-0.08104829069767443,-6.513063
9,0.07725,-1306.294,-15.189465116279072,-697.5574,-0.08111132558139535,-6.52201
9,0.0775,-1303.281,-15.15443023255814,-697.7245,-0.0811307558139535,-6.528888
9,0.07775,-1299.209,-15.107081395348839,-697.4373,-0.08109736046511629,-6.533864
9,0.078,-1295.821,-15.067686046511628,-696.9828,-0.08104451162790698,-6.53708
9,0.07825,-1291.565,-15.018197674418607,-696.646,-0.0810053488372093,-6.538477
9,0.0785,-1286.405,-14.958197674418605,-696.1086,-0.08094286046511628,-6.538081
9,0.07875,-1282.504,-14.912837209302326,-695.1866,-0.0808356511627907,-6.536063
9,0.079,-1277.016,-14.849023255813956,-694.0118,-0.0806990465116279,-6.5326
9,0.07925,-1271.964,-14.790279069767443,-692.7935,-0.08055738372093023,-6.527735
9,0.0795,-1266.339,-14.724872093023256,-691.5654,-0.08041458139534884,-6.521433
9,0.07975,-1259.442,-14.644674418604653,-690.1449,-0.0802494069767442,-6.513756
9,0.08,-1253.286,-14.573093023255817,-688.4125,-0.08004796511627907,-6.504852
9,0.08025,-1247.052,-14.50060465116279,-686.605,-0.07983779069767442,-6.494746
9,0.0805,-1239.966,-14.418209302325582,-684.7448,-0.07962148837209303,-6.483379
9,0.08075,-1232.897,-14.336011627906977,-682.7576,-0.07939041860465117,-6.47085
9,0.081,-1225.576,-14.250883720930235,-680.4441,-0.07912140697674419,-6.457332
9,0.08125,-1217.547,-14.157523255813954,-678.1184,-0.07885097674418605,-6.442772
9,0.0815,-1209.255,-14.061104651162793,-675.7881,-0.07858001162790697,-6.427043
9,0.08175,-1201.372,-13.969441860465118,-673.3197,-0.07829298837209302,-6.410187
9,0.082,-1191.883,-13.859104651162792,-670.5277,-0.07796833720930232,-6.392272
9,0.08225,-1182.971,-13.755476744186048,-667.4506,-0.07761053488372094,-6.373354
9,0.0825,-1173.493,-13.645267441860465,-664.3478,-0.0772497441860465,-6.353354
9,0.08275,-1163.589,-13.530104651162793,-661.1797,-0.07688136046511629,-6.3323
9,0.083,-1153.202,-13.409325581395349,-657.8552,-0.07649479069767441,-6.310299
9,0.08325,-1143.309,-13.29429069767442,-654.3052,-0.07608200000000001,-6.287297
9,0.0835,-1132.206,-13.165186046511629,-650.6995,-0.07566273255813952,-6.263251
9,0.08375,-1121.218,-13.037418604651164,-646.9636,-0.07522832558139535,-6.238199
9,0.084,-1110.525,-12.91308139534884,-642.9471,-0.07476129069767441,-6.212194
9,0.08425,-1099.089,-12.780104651162793,-638.8097,-0.07428019767441861,-6.185194
9,0.0845,-1087.083,-12.640500000000001,-634.6684,-0.07379865116279069,-6.157189
9,0.08475,-1074.88,-12.498604651162793,-630.3933,-0.0733015465116279,-6.128196
9,0.085,-1063.243,-12.363290697674419,-625.9617,-0.0727862441860465,-6.098265
9,0.08525,-1051.164,-12.222837209302327,-621.2956,-0.07224367441860466,-6.067345
9,0.0855,-1038.426,-12.074720930232559,-616.4551,-0.07168082558139535,-6.035241
9,0.08575,-1025.372,-11.92293023255814,-611.589,-0.071115,-6.002041
9,0.086,-1012.434,-11.772488372093024,-606.5244,-0.07052609302325581,-5.967892
9,0.08625,-999.1707,-11.618263953488373,-601.4007,-0.06993031395348837,-5.932725
9,0.0865,-985.2463,-11.456352325581395,-595.8958,-0.06929020930232557,-5.896446
9,0.08675,-971.7706,-11.299658139534884,-590.1445,-0.06862145348837209,-5.858953
9,0.087,-957.1756,-11.129948837209303,-584.3363,-0.06794608139534884,-5.820392
9,0.08725,-943.0942,-10.966211627906977,-578.2739,-0.0672411511627907,-5.780822
9,0.0875,-928.4576,-10.796018604651163,-572.0639,-0.06651905813953488,-5.740079
9,0.08775,-913.5142,-10.622258139534884,-565.6758,-0.0657762558139535,-5.698162
9,0.088,-898.243,-10.44468604651163,-559.106,-0.06501232558139536,-5.655155
9,0.08825,-883.296,-10.270883720930234,-552.3784,-0.0642300465116279,-5.61111
9,0.0885,-867.1648,-10.083311627906978,-545.4774,-0.06342760465116279,-5.565904
9,0.08875,-851.7923,-9.904561627906975,-538.1853,-0.06257968604651162,-5.519489
9,0.089,-835.5502,-9.7157,-530.6156,-0.06169948837209303,-5.47198
9,0.08925,-819.4681,-9.528698837209303,-523.108,-0.06082651162790697,-5.423386
9,0.0895,-803.3471,-9.34124534883721,-515.4314,-0.05993388372093024,-5.373562
9,0.08975,-786.5853,-9.14634069767442,-507.4265,-0.059003081395348836,-5.322447
9,0.09,-769.6969,-8.949963953488373,-499.0174,-0.05802527906976744,-5.270176
9,0.09025,-753.0608,-8.756520930232558,-490.4755,-0.05703203488372094,-5.216732
9,0.0905,-735.0419,-8.546998837209303,-481.8895,-0.05603366279069768,-5.162014
9,0.09075,-717.839,-8.34696511627907,-473.0276,-0.055003209302325586,-5.105989
9,0.091,-700.3235,-8.143296511627907,-463.8053,-0.053930848837209305,-5.048708
9,0.09125,-683.154,-7.943651162790698,-454.532,-0.052852558139534885,-4.990261
9,0.0915,-664.7573,-7.729736046511628,-445.1705,-0.05176401162790698,-4.930489
9,0.09175,-646.7015,-7.519784883720932,-435.3965,-0.050627500000000006,-4.869323
9,0.092,-628.674,-7.3101627906976745,-425.3837,-0.04946322093023255,-4.806932
9,0.09225,-610.7949,-7.1022662790697675,-415.375,-0.048299418604651166,-4.743337
9,0.0925,-592.2989,-6.887196511627908,-405.3089,-0.047128941860465116,-4.678346
9,0.09275,-573.2452,-6.665641860465116,-395.1092,-0.04594293023255814,-4.611867
9,0.093,-554.7341,-6.450396511627908,-384.6662,-0.044728627906976744,-4.544122
9,0.09325,-536.6737,-6.240391860465117,-374.1418,-0.04350486046511628,-4.475066
9,0.0935,-517.621,-6.018848837209302,-363.6268,-0.04228218604651163,-4.404479
9,0.09375,-497.7879,-5.788231395348838,-352.9512,-0.04104083720930232,-4.332348
9,0.094,-478.7049,-5.566336046511628,-342.1334,-0.03978295348837209,-4.258681
9,0.09425,-460.331,-5.352686046511629,-331.1903,-0.038510499999999996,-4.183541
9,0.0945,-440.397,-5.12089534883721,-320.0196,-0.03721158139534884,-4.106839
9,0.09475,-420.5832,-4.890502325581396,-308.61,-0.03588488372093024,-4.028428
9,0.095,-400.9182,-4.661839534883721,-296.9734,-0.034531790697674425,-3.94848
9,0.09525,-381.3935,-4.434808139534884,-284.9916,-0.03313855813953489,-3.867047
9,0.0955,-361.1309,-4.199196511627907,-272.668,-0.03170558139534884,-3.783992
9,0.09575,-340.5988,-3.9604511627906978,-260.1339,-0.03024812790697674,-3.699331
9,0.096,-320.5803,-3.7276779069767447,-247.0693,-0.028728988372093024,-3.613147
9,0.09625,-299.9221,-3.4874662790697677,-233.8433,-0.027191081395348836,-3.525484
9,0.0965,-280.2526,-3.2587511627906975,-220.2123,-0.02560608139534884,-3.436219
9,0.09675,-259.6992,-3.0197581395348845,-206.0208,-0.023955906976744188,-3.345322
9,0.097,-238.7903,-2.7766313953488373,-191.6706,-0.022287279069767442,-3.252934
9,0.09725,-219.2327,-2.5492174418604656,-176.9412,-0.020574558139534883,-3.159002
9,0.0975,-198.4332,-2.3073627906976744,-161.9226,-0.01882820930232558,-3.063412
9,0.09775,-177.8794,-2.06836511627907,-146.4187,-0.01702543023255814,-2.966218
9,0.098,-157.5585,-1.832075581395349,-130.7361,-0.015201872093023256,-2.867473
9,0.09825,-136.9373,-1.5922941860465116,-114.8387,-0.013353337209302325,-2.767165
9,0.0985,-116.2694,-1.3519697674418605,-98.88352,-0.011498083720930233,-2.665196
9,0.09875,-95.57882,-1.1113816279069768,-82.73708,-0.009620590697674418,-2.561544
9,0.099,-74.74336,-0.8691088372093023,-66.55824,-0.007739330232558139,-2.456452
9,0.09925,-53.9327,-0.6271244186046512,-50.52578,-0.005875090697674418,-2.350023
9,0.0995,-33.24513,-0.3865712790697675,-34.41009,-0.004001173255813953,-2.242046
9,0.09975,-12.81283,-0.14898639534883723,-18.19477,-0.002115670930232558,-2.132541
9,0.1,5.484113,0.06376875581395348,-2.790665,-0.00032449593023255814,-2.031954
10,0.0,7.311156,0.08501344186046512,0.0,0.0,-2.961155
10,0.00025,28.03911,0.3260361627906977,18.7738,0.0021830000000000005,-2.821234
10,0.0005,52.76594,0.6135574418604651,38.24431,0.004447012790697674,-2.67895
10,0.00075,75.52455,0.8781924418604652,58.16371,0.006763222093023256,-2.534215
10,0.001,98.23302,1.1422444186046512,78.17108,0.009089660465116278,-2.38731
10,0.00125,120.1093,1.3966197674418606,98.49057,0.011452391860465117,-2.238358
10,0.0015,142.2227,1.6537523255813955,119.5735,0.01390389534883721,-2.087261
10,0.00175,164.2443,1.9098174418604654,141.027,0.016398488372093022,-1.933859
10,0.002,186.1829,2.164917441860465,162.2342,0.018864441860465115,-1.77826
10,0.00225,208.5156,2.4246000000000003,182.9715,0.02127575581395349,-1.620748
10,0.0025,230.8072,2.6838046511627907,203.7969,0.023697313953488373,-1.461234
10,0.00275,253.0082,2.9419558139534883,224.7723,0.026136313953488373,-1.299693
10,0.003,275.8873,3.2079918604651163,245.2568,0.028518232558139532,-1.136305
10,0.00325,297.7409,3.4621034883720934,265.3936,0.030859720930232554,-0.9712005
10,0.0035,320.191,3.7231511627906975,286.3225,0.03329331395348837,-0.8044475
10,0.00375,342.2507,3.9796593023255817,308.4221,0.03586303488372093,-0.6361711
10,0.004,364.1523,4.234329069767443,330.7421,0.03845838372093023,-0.4665778
10,0.00425,386.6197,4.495577906976745,352.8723,0.04103166279069767,-0.2958784
10,0.0045,408.4955,4.749947674418605,375.3001,0.04363954651162791,-0.1241629
10,0.00475,430.0704,5.000818604651164,398.7708,0.046368697674418605,0.04850094
10,0.005,451.7927,5.2534034883720935,422.6437,0.04914461627906977,0.2218084
10,0.00525,473.1656,5.501925581395349,446.1468,0.05187753488372093,0.395511
10,0.0055,494.1404,5.745818604651164,469.4237,0.054584151162790695,0.5696383
10,0.00575,515.0994,5.989527906976744,492.8985,0.05731377906976745,0.7441292
10,0.006,536.2104,6.235004651162791,516.1518,0.060017651162790696,0.918706
10,0.00625,556.7379,6.4736965116279075,538.4549,0.06261103488372093,1.093082
10,0.0065,577.9193,6.719991860465117,559.8102,0.06509420930232558,1.267124
10,0.00675,598.0553,6.9541313953488375,581.4831,0.06761431395348838,1.440775
10,0.007,618.6168,7.193218604651164,603.9299,0.07022440697674417,1.613815
10,0.00725,638.7133,7.426898837209302,626.3095,0.07282668604651163,1.785928
10,0.0075,658.945,7.662151162790699,648.4677,0.07540322093023256,1.957036
10,0.00775,679.0577,7.89601976744186,670.989,0.07802197674418604,2.127012
10,0.008,698.8286,8.125913953488373,694.3666,0.08074030232558138,2.295546
10,0.00825,718.1846,8.350983720930234,717.4628,0.0834259069767442,2.462385
10,0.0085,737.6074,8.576830232558141,740.0746,0.08605518604651163,2.62744
10,0.00875,756.7462,8.799374418604652,762.593,0.08867360465116278,2.790615
10,0.009,775.5805,9.018377906976745,785.4255,0.09132854651162792,2.951698
10,0.00925,794.2568,9.235544186046512,807.7862,0.09392862790697674,3.110451
10,0.0095,812.9731,9.45317558139535,829.021,0.09639779069767442,3.26671
10,0.00975,831.3212,9.66652558139535,849.4653,0.09877503488372093,3.42052
10,0.01,850.2832,9.887013953488372,869.5955,0.10111575581395349,3.571772
10,0.01025,868.062,10.093744186046512,889.3658,0.10341462790697674,3.720253
10,0.0105,885.8793,10.300922093023257,908.7607,0.1056698488372093,3.865919
10,0.01075,903.9098,10.510579069767443,927.9583,0.10790212790697674,4.008745
10,0.011,921.4916,10.715018604651162,947.2749,0.1101482441860465,4.148577
10,0.01125,938.4757,10.912508139534884,966.6845,0.11240517441860463,4.285331
10,0.0115,955.7581,11.113466279069769,985.9637,0.11464694186046512,4.419055
10,0.01175,973.1074,11.315202325581396,1004.976,0.11685767441860465,4.549695
10,0.012,989.4032,11.504688372093023,1023.855,0.11905290697674419,4.677154
10,0.01225,1005.23,11.68872093023256,1042.482,0.12121883720930232,4.801431
10,0.0125,1021.046,11.872627906976746,1060.889,0.12335918604651161,4.922572
10,0.01275,1037.38,12.062558139534886,1078.762,0.1254374418604651,5.040613
10,0.013,1052.137,12.234151162790699,1096.391,0.12748732558139536,5.155364
10,0.01325,1067.688,12.414976744186049,1113.533,0.12948058139534882,5.266939
10,0.0135,1082.559,12.58789534883721,1130.08,0.13140465116279068,5.375652
10,0.01375,1096.919,12.754872093023257,1146.082,0.13326534883720934,5.481467
10,0.014,1111.001,12.918616279069768,1161.575,0.1350668604651163,5.584405
10,0.01425,1124.777,13.078802325581396,1176.464,0.1367981395348837,5.684532
10,0.0145,1139.083,13.2451511627907,1190.909,0.13847779069767444,5.781949
10,0.01475,1152.487,13.401011627906978,1204.938,0.14010906976744186,5.876829
10,0.015,1165.515,13.552500000000002,1218.856,0.14172744186046513,5.969019
10,0.01525,1178.648,13.705209302325581,1232.558,0.1433206976744186,6.058461
10,0.0155,1191.38,13.85325581395349,1245.894,0.14487139534883722,6.145433
10,0.01575,1204.113,14.001313953488374,1259.049,0.1464010465116279,6.229933
10,0.016,1216.234,14.142255813953488,1272.21,0.1479313953488372,6.311852
10,0.01625,1227.82,14.276976744186047,1284.964,0.14941441860465116,6.39125
10,0.0165,1239.642,14.414441860465118,1297.339,0.15085337209302324,6.468249
10,0.01675,1251.003,14.546546511627907,1309.566,0.15227511627906978,6.542919
10,0.017,1261.819,14.672313953488372,1321.626,0.1536774418604651,6.615173
10,0.01725,1272.22,14.79325581395349,1333.364,0.15504232558139536,6.684953
10,0.0175,1282.559,14.913476744186047,1344.723,0.15636313953488373,6.752417
10,0.01775,1292.501,15.029081395348838,1355.696,0.15763906976744185,6.817671
10,0.018,1302.252,15.142465116279071,1366.541,0.15890011627906978,6.880659
10,0.01825,1311.542,15.250488372093024,1377.154,0.16013418604651164,6.941343
10,0.0185,1320.303,15.352360465116282,1387.185,0.16130058139534884,6.999865
10,0.01875,1329.534,15.459697674418607,1396.683,0.162405,7.056333
10,0.019,1338.056,15.55879069767442,1406.096,0.16349953488372093,7.11061
10,0.01925,1346.128,15.652651162790699,1415.28,0.16456744186046512,7.162711
10,0.0195,1354.27,15.74732558139535,1424.07,0.1655895348837209,7.21285
10,0.01975,1360.976,15.825302325581399,1432.23,0.16653837209302325,7.261022
10,0.02,1368.018,15.90718604651163,1439.975,0.16743895348837207,7.30704
10,0.02025,1374.978,15.98811627906977,1447.465,0.16830988372093023,7.350967
10,0.0205,1381.256,16.06111627906977,1454.838,0.16916720930232557,7.393032
10,0.02075,1386.448,16.121488372093026,1461.666,0.16996116279069767,7.433227
10,0.021,1392.39,16.19058139534884,1467.97,0.17069418604651163,7.471446
10,0.02125,1397.837,16.253918604651165,1473.922,0.17138627906976744,7.507725
10,0.0215,1402.053,16.30294186046512,1479.757,0.17206476744186047,7.542201
10,0.02175,1406.755,16.35761627906977,1485.349,0.172715,7.574961
10,0.022,1410.616,16.40251162790698,1490.51,0.17331511627906976,7.605961
10,0.02225,1414.46,16.447209302325582,1495.352,0.17387813953488374,7.635131
10,0.0225,1418.132,16.489906976744187,1500.016,0.1744204651162791,7.662614
10,0.02275,1421.375,16.52761627906977,1504.255,0.17491337209302327,7.688535
10,0.023,1424.515,16.564127906976747,1508.222,0.1753746511627907,7.712763
10,0.02325,1427.424,16.597953488372095,1511.74,0.17578372093023256,7.73528
10,0.0235,1429.206,16.618674418604652,1515.236,0.17619023255813954,7.756172
10,0.02375,1431.332,16.643395348837213,1518.386,0.17655651162790698,7.775434
10,0.024,1433.489,16.668476744186048,1521.118,0.17687418604651162,7.793104
10,0.02425,1434.047,16.674965116279072,1523.505,0.17715174418604654,7.809182
10,0.0245,1435.253,16.68898837209302,1525.728,0.17741023255813954,7.823702
10,0.02475,1435.651,16.693616279069772,1527.829,0.1776545348837209,7.836727
10,0.025,1435.5,16.691860465116278,1529.564,0.17785627906976745,7.848156
10,0.02525,1435.138,16.687651162790697,1530.687,0.17798686046511628,7.858039
10,0.0255,1434.857,16.68438372093023,1531.85,0.17812209302325582,7.866575
10,0.02575,1433.802,16.672116279069765,1532.886,0.17824255813953488,7.87373
10,0.026,1432.771,16.660127906976744,1533.619,0.1783277906976744,7.879502
10,0.02625,1430.142,16.629558139534886,1533.817,0.17835081395348837,7.883978
10,0.0265,1428.966,16.61588372093023,1533.978,0.17836953488372095,7.887212
10,0.02675,1425.862,16.57979069767442,1534.239,0.17839988372093024,7.889274
10,0.027,1423.51,16.55244186046512,1534.095,0.17838313953488372,7.890127
10,0.02725,1420.316,16.5153023255814,1533.642,0.17833046511627906,7.889786
10,0.0275,1416.652,16.472697674418608,1533.034,0.17825976744186048,7.888444
10,0.02775,1413.256,16.433209302325583,1532.334,0.17817837209302329,7.886083
10,0.028,1408.77,16.381046511627908,1531.315,0.17805988372093023,7.88266
10,0.02825,1403.939,16.324872093023256,1530.272,0.1779386046511628,7.878302
10,0.0285,1398.889,16.2661511627907,1529.075,0.17779941860465118,7.873036
10,0.02875,1394.137,16.21089534883721,1527.752,0.17764558139534883,7.866855
10,0.029,1388.413,16.144337209302325,1526.16,0.17746046511627908,7.859804
10,0.02925,1382.221,16.072337209302326,1524.333,0.17724802325581399,7.851907
10,0.0295,1376.799,16.00929069767442,1522.382,0.17702116279069768,7.843225
10,0.02975,1369.704,15.92679069767442,1520.579,0.17681151162790698,7.833811
10,0.03,1362.595,15.844127906976746,1518.522,0.17657232558139535,7.823559
10,0.03025,1355.283,15.75910465116279,1516.039,0.1762836046511628,7.812493
10,0.0305,1348.204,15.67679069767442,1513.372,0.17597348837209303,7.800709
10,0.03075,1340.55,15.58779069767442,1510.891,0.175685,7.788132
10,0.031,1332.476,15.493906976744189,1508.255,0.17537848837209305,7.774785
10,0.03125,1323.951,15.394779069767443,1505.166,0.17501930232558138,7.76069
10,0.0315,1315.471,15.296174418604652,1501.961,0.17464662790697674,7.745838
10,0.03175,1306.55,15.192441860465117,1498.774,0.1742760465116279,7.730204
10,0.032,1297.079,15.082313953488372,1495.442,0.1738886046511628,7.713678
10,0.03225,1286.996,14.965069767441863,1491.718,0.17345558139534883,7.696344
10,0.0325,1276.302,14.840720930232559,1487.816,0.1730018604651163,7.678297
10,0.03275,1266.69,14.728953488372095,1483.867,0.17254267441860466,7.659442
10,0.033,1255.374,14.597372093023257,1479.984,0.17209116279069767,7.639662
10,0.03325,1244.43,14.470116279069769,1475.739,0.1715975581395349,7.619104
10,0.0335,1232.521,14.331639534883722,1471.127,0.17106127906976745,7.597882
10,0.03375,1220.775,14.195058139534886,1466.535,0.17052732558139536,7.57585
10,0.034,1209.142,14.05979069767442,1461.945,0.16999360465116278,7.552927
10,0.03425,1196.863,13.917011627906978,1456.976,0.1694158139534884,7.529112
10,0.0345,1183.663,13.763523255813954,1451.754,0.16880860465116276,7.504543
10,0.03475,1170.867,13.614732558139536,1446.543,0.16820267441860465,7.479349
10,0.035,1157.835,13.463197674418607,1441.346,0.16759837209302325,7.453218
10,0.03525,1144.404,13.307023255813954,1435.74,0.16694651162790697,7.426154
10,0.0355,1130.931,13.15036046511628,1429.662,0.16623976744186048,7.398365
10,0.03575,1117.105,12.989593023255814,1423.434,0.16551558139534883,7.369739
10,0.036,1102.522,12.820023255813954,1417.267,0.16479848837209304,7.340119
10,0.03625,1087.954,12.650627906976744,1411.112,0.16408279069767442,7.309547
10,0.0365,1072.962,12.476302325581397,1404.364,0.1632981395348837,7.278168
10,0.03675,1057.937,12.301593023255814,1397.224,0.16246790697674418,7.245852
10,0.037,1042.852,12.126186046511629,1389.961,0.16162337209302324,7.21261
10,0.03725,1027.399,11.9465,1382.684,0.16077720930232556,7.178415
10,0.0375,1011.374,11.760162790697676,1375.093,0.15989453488372093,7.143214
10,0.03775,995.4391,11.574873255813955,1367.148,0.1589706976744186,7.107114
10,0.038,979.201,11.386058139534885,1358.962,0.15801883720930232,7.070045
10,0.03825,962.7325,11.194563953488371,1350.652,0.1570525581395349,7.031976
10,0.0385,945.4192,10.993246511627909,1342.313,0.1560829069767442,6.992969
10,0.03875,928.3535,10.794808139534885,1333.706,0.1550820930232558,6.952977
10,0.039,911.3537,10.597136046511629,1324.654,0.15402953488372093,6.911933
10,0.03925,893.9218,10.39443953488372,1315.542,0.15297,6.869824
10,0.0395,876.9539,10.197138372093024,1306.573,0.15192709302325583,6.82676
10,0.03975,858.31,9.980348837209304,1297.255,0.1508436046511628,6.782697
10,0.04,840.1108,9.76873023255814,1287.404,0.14969813953488373,6.737466
10,0.04025,821.6452,9.554013953488372,1277.475,0.14854360465116279,6.691069
10,0.0405,803.0363,9.337631395348836,1267.781,0.1474163953488372,6.643676
10,0.04075,784.3402,9.12023488372093,1258.006,0.14627976744186047,6.5953
10,0.041,764.8505,8.89361046511628,1247.774,0.14509,6.545721
10,0.04125,745.7052,8.67099069767442,1237.261,0.1438675581395349,6.494927
10,0.0415,726.1506,8.443611627906977,1226.73,0.14264302325581396,6.443076
10,0.04175,706.4593,8.214643023255814,1216.141,0.14141174418604652,6.390321
10,0.042,686.5892,7.98359534883721,1205.206,0.14014023255813954,6.336468
10,0.04225,666.2532,7.74713023255814,1193.943,0.13883058139534885,6.281286
10,0.0425,646.6829,7.519568604651163,1182.851,0.13754081395348838,6.224973
10,0.04275,626.7753,7.2880848837209316,1171.621,0.136235,6.167706
10,0.043,606.3567,7.050659302325583,1159.979,0.13488127906976743,6.109233
10,0.04325,586.2293,6.8166197674418605,1147.728,0.13345674418604653,6.049457
10,0.0435,565.4789,6.5753360465116275,1135.245,0.1320052325581395,5.988562
10,0.04375,544.7974,6.334853488372094,1122.565,0.13053081395348837,5.926515
10,0.044,523.3856,6.085879069767442,1109.543,0.1290166279069767,5.863117
10,0.04425,503.0151,5.8490127906976745,1096.088,0.12745209302325583,5.798311
10,0.0445,482.6866,5.612634883720931,1082.244,0.12584232558139535,5.732242
10,0.04475,461.4814,5.366062790697675,1068.161,0.12420476744186047,5.664933
10,0.045,439.2546,5.1076116279069765,1053.631,0.12251523255813954,5.596269
10,0.04525,417.9228,4.859567441860466,1038.945,0.12080755813953488,5.5262
10,0.0455,396.2288,4.607311627906977,1024.274,0.11910162790697673,5.45487
10,0.04575,374.4062,4.35356046511628,1009.408,0.11737302325581396,5.382328
10,0.046,352.7269,4.1014755813953485,994.2349,0.11560870930232559,5.308389
10,0.04625,330.7052,3.8454093023255815,979.0328,0.11384102325581395,5.232996
10,0.0465,308.9971,3.592989534883721,963.7203,0.1120605,5.156335
10,0.04675,286.6583,3.333236046511628,948.4492,0.11028479069767443,5.078484
10,0.047,264.7628,3.078637209302326,933.141,0.10850476744186045,4.999278
10,0.04725,242.5674,2.8205511627906974,917.7752,0.1067180465116279,4.918625
10,0.0475,220.4505,2.5633779069767444,902.4598,0.10493718604651162,4.836708
10,0.04775,197.6509,2.2982662790697677,886.7178,0.10310672093023256,4.753547
10,0.048,175.3582,2.0390488372093025,870.7062,0.10124490697674417,4.668971
10,0.04825,153.3477,1.7831127906976747,854.8467,0.09940077906976745,4.582931
10,0.0485,130.4301,1.516629069767442,838.9716,0.09755483720930232,4.495614
10,0.04875,108.5588,1.2623116279069768,822.4708,0.09563613953488373,4.407049
10,0.049,85.44973,0.993601511627907,805.222,0.09363046511627907,4.317081
10,0.04925,63.17127,0.7345496511627907,787.6775,0.09159040697674418,4.225718
10,0.0495,40.79506,0.47436116279069773,770.3995,0.08958133720930232,4.133005
10,0.04975,18.04202,0.20979093023255818,752.7843,0.08753305813953488,4.039117
10,0.05,-4.392943,-0.05108073255813954,734.9718,0.08546183720930232,3.94398
10,0.05025,-26.74585,-0.3109982558139535,716.8528,0.08335497674418604,3.847566
10,0.0505,-49.17879,-0.5718463953488373,698.579,0.08123011627906977,3.749956
10,0.05075,-71.18881,-0.8277768604651164,680.4611,0.07912338372093024,3.651163
10,0.051,-93.51994,-1.0874411627906977,662.8095,0.07707087209302325,3.551082
10,0.05125,-115.9843,-1.348654651162791,645.3305,0.07503843023255814,3.449632
10,0.0515,-138.1422,-1.6063046511627908,627.3654,0.07294946511627907,3.34697
10,0.05175,-160.4764,-1.8660046511627908,609.3802,0.07085816279069766,3.243194
10,0.052,-182.5522,-2.1227000000000005,591.8863,0.06882398837209303,3.138202
10,0.05225,-204.6939,-2.3801616279069773,574.6872,0.0668240930232558,3.031884
10,0.0525,-227.3654,-2.643783720930233,557.2173,0.06479270930232559,2.924511
10,0.05275,-249.2792,-2.8985953488372096,539.5058,0.06273323255813953,2.816098
10,0.053,-271.9193,-3.1618523255813957,521.8794,0.0606836511627907,2.706442
10,0.05325,-294.1785,-3.42068023255814,503.8868,0.05859148837209302,2.595468
10,0.0535,-315.9738,-3.6741139534883724,485.2576,0.0564253023255814,2.483278
10,0.05375,-338.0937,-3.9313220930232564,465.8472,0.054168279069767435,2.369968
10,0.054,-359.9199,-4.1851151162790705,446.136,0.05187627906976744,2.25539
10,0.05425,-381.6068,-4.437288372093024,426.43,0.049584883720930235,2.13949
10,0.0545,-403.1371,-4.687640697674419,406.7571,0.04729733720930232,2.022412
10,0.05475,-424.4963,-4.936003488372093,386.8489,0.04498243023255814,1.904234
10,0.055,-446.3285,-5.1898662790697685,366.8958,0.042662302325581394,1.784794
10,0.05525,-467.635,-5.437616279069768,347.3612,0.040390837209302324,1.664007
10,0.0555,-488.4872,-5.680083720930233,328.2491,0.0381685,1.542035
10,0.05575,-509.5233,-5.924689534883721,309.1766,0.035950767441860466,1.41896
10,0.056,-530.5426,-6.1691,290.1111,0.033733848837209306,1.294815
10,0.05625,-551.685,-6.414941860465117,271.2291,0.03153826744186047,1.169528
10,0.0565,-572.252,-6.654093023255814,252.7288,0.029387069767441862,1.043164
10,0.05675,-592.2599,-6.886743023255814,234.4411,0.027260593023255814,0.9159052
10,0.057,-612.7383,-7.124863953488372,215.7693,0.02508945348837209,0.7876421
10,0.05725,-632.8905,-7.359191860465116,196.8436,0.022888790697674417,0.6582615
10,0.0575,-653.5067,-7.598915116279071,177.964,0.020693488372093023,0.5279591
10,0.05775,-673.7713,-7.83455,158.61,0.018443023255813953,0.3968039
10,0.058,-692.7464,-8.05519069767442,138.7038,0.016128348837209303,0.2647102
10,0.05825,-712.6885,-8.28707558139535,118.3963,0.013767011627906976,0.1317699
10,0.0585,-731.7036,-8.508181395348839,98.37679,0.011439161627906976,-0.001986285
10,0.05875,-750.8525,-8.730843023255815,78.80028,0.009162823255813954,-0.1365428
10,0.059,-769.82,-8.95139534883721,59.28559,0.006893673255813954,-0.2719103
10,0.05925,-788.4021,-9.167466279069767,39.75919,0.004623161627906977,-0.4081369
10,0.0595,-807.4552,-9.389013953488373,20.60768,0.002396241860465116,-0.5451296
10,0.05975,-826.1893,-9.606852325581396,2.107418,0.0002450486046511628,-0.6827126
10,0.06,-843.5973,-9.80927093023256,-16.05398,-0.0018667418604651161,-0.8209492
10,0.06025,-861.9074,-10.022179069767445,-34.15889,-0.003971963953488372,-0.9598213
10,0.0605,-880.1922,-10.234793023255813,-52.0008,-0.00604660465116279,-1.099267
10,0.06075,-897.7664,-10.439144186046512,-69.13606,-0.008039076744186047,-1.239281
10,0.061,-915.3396,-10.643483720930233,-86.13297,-0.010015461627906978,-1.379777
10,0.06125,-932.818,-10.846720930232559,-103.3601,-0.012018616279069767,-1.520893
10,0.0615,-949.9865,-11.046354651162792,-120.7128,-0.014036372093023258,-1.662539
10,0.06175,-966.687,-11.240546511627908,-138.1699,-0.016066267441860467,-1.804418
10,0.062,-983.4356,-11.435297674418605,-155.618,-0.018095116279069765,-1.946699
10,0.06225,-999.2695,-11.619412790697675,-173.2462,-0.020144906976744186,-2.089517
10,0.0625,-1015.541,-11.808616279069769,-191.1964,-0.022232139534883722,-2.232699
10,0.06275,-1031.632,-11.99572093023256,-209.0209,-0.02430475581395349,-2.376131
10,0.063,-1047.445,-12.179593023255816,-226.6006,-0.026348906976744184,-2.519744
10,0.06325,-1061.793,-12.34643023255814,-243.7392,-0.02834176744186047,-2.663572
10,0.0635,-1076.984,-12.52306976744186,-260.6494,-0.030308069767441864,-2.80744
10,0.06375,-1091.285,-12.68936046511628,-277.2519,-0.03223859302325581,-2.951253
10,0.064,-1105.535,-12.855058139534885,-293.5233,-0.03413061627906977,-3.094924
10,0.06425,-1119.779,-13.02068604651163,-309.1817,-0.035951360465116274,-3.238336
10,0.0645,-1133.151,-13.176174418604653,-324.4334,-0.03772481395348837,-3.38132
10,0.06475,-1146.831,-13.335244186046511,-339.3048,-0.039454046511627906,-3.523532
10,0.065,-1159.928,-13.487534883720933,-353.8531,-0.041145709302325584,-3.665272
10,0.06525,-1173.717,-13.647872093023258,-368.1504,-0.042808186046511626,-3.806557
10,0.0655,-1185.92,-13.789767441860468,-381.8575,-0.04440203488372093,-3.946948
10,0.06575,-1198.741,-13.938848837209303,-395.1147,-0.045943569767441864,-4.086381
10,0.066,-1210.49,-14.075465116279071,-408.1636,-0.04746088372093023,-4.224945
10,0.06625,-1222.779,-14.21836046511628,-421.2348,-0.04898079069767442,-4.362601
10,0.0665,-1233.881,-14.347453488372095,-433.9638,-0.050460906976744185,-4.49908
10,0.06675,-1245.699,-14.484872093023258,-446.4452,-0.05191223255813954,-4.634262
10,0.067,-1256.422,-14.609558139534885,-458.9949,-0.053371499999999995,-4.768242
10,0.06725,-1266.978,-14.732302325581397,-471.5474,-0.054831093023255804,-4.90097
10,0.0675,-1277.816,-14.85832558139535,-483.8581,-0.05626256976744185,-5.032212
10,0.06775,-1287.208,-14.967534883720933,-495.9556,-0.05766925581395349,-5.161932
10,0.068,-1296.931,-15.080593023255815,-507.8908,-0.05905706976744186,-5.290122
10,0.06825,-1306.418,-15.190906976744186,-519.9544,-0.060459813953488366,-5.416522
10,0.0685,-1315.09,-15.291744186046511,-531.4721,-0.06179908139534883,-5.541102
10,0.06875,-1324.012,-15.395488372093025,-542.3178,-0.06306020930232559,-5.663682
10,0.069,-1332.764,-15.497255813953489,-552.904,-0.06429116279069767,-5.784166
10,0.06925,-1340.601,-15.588383720930235,-563.5373,-0.06552759302325581,-5.902735
10,0.0695,-1348.043,-15.674918604651163,-573.8243,-0.0667237558139535,-6.01904
10,0.06975,-1355.9,-15.766279069767444,-583.2082,-0.0678149069767442,-6.132887
10,0.07,-1362.443,-15.84236046511628,-592.3425,-0.06887703488372092,-6.244436
10,0.07025,-1369.081,-15.919546511627907,-601.4784,-0.0699393488372093,-6.35353
10,0.0705,-1375.801,-15.997686046511628,-610.338,-0.07096953488372092,-6.459946
10,0.07075,-1381.53,-16.064302325581398,-618.526,-0.07192162790697673,-6.563661
10,0.071,-1386.845,-16.12610465116279,-626.032,-0.07279441860465116,-6.664657
10,0.07125,-1392.124,-16.187488372093025,-633.409,-0.07365220930232559,-6.762748
10,0.0715,-1396.906,-16.243093023255813,-640.8313,-0.07451526744186047,-6.85779
10,0.07175,-1401.87,-16.300813953488372,-647.6952,-0.0753133953488372,-6.949703
10,0.072,-1405.445,-16.342383720930233,-653.9774,-0.07604388372093024,-7.038459
10,0.07225,-1409.028,-16.384046511627908,-659.9516,-0.07673855813953488,-7.124086
10,0.0725,-1413.306,-16.43379069767442,-665.9278,-0.07743346511627908,-7.206227
10,0.07275,-1416.539,-16.471383720930234,-671.4606,-0.07807681395348837,-7.284821
10,0.073,-1419.531,-16.50617441860465,-676.3525,-0.07864563953488371,-7.360062
10,0.07325,-1422.15,-16.536627906976747,-681.0135,-0.07918761627906977,-7.431891
10,0.0735,-1424.483,-16.563755813953488,-685.6086,-0.07972193023255814,-7.500205
10,0.07375,-1426.006,-16.581465116279073,-689.899,-0.08022081395348837,-7.564949
10,0.074,-1428.152,-16.606418604651164,-693.675,-0.08065988372093022,-7.62626
10,0.07425,-1429.407,-16.621011627906977,-697.0732,-0.08105502325581396,-7.684132
10,0.0745,-1429.985,-16.627732558139535,-700.3919,-0.08144091860465116,-7.738452
10,0.07475,-1430.44,-16.633023255813953,-703.5027,-0.08180263953488372,-7.789256
10,0.075,-1431.321,-16.643267441860466,-706.1421,-0.08210954651162791,-7.836727
10,0.07525,-1430.19,-16.63011627906977,-708.3958,-0.08237160465116279,-7.880875
10,0.0755,-1429.712,-16.624558139534887,-710.5936,-0.08262716279069768,-7.921577
10,0.07575,-1428.297,-16.608104651162794,-712.6148,-0.08286218604651162,-7.958871
10,0.076,-1426.84,-16.591162790697677,-714.3358,-0.08306230232558139,-7.992884
10,0.07625,-1425.54,-16.576046511627908,-715.7001,-0.08322094186046511,-8.023721
10,0.0765,-1423.587,-16.553337209302327,-716.8246,-0.0833516976744186,-8.051385
10,0.07675,-1421.046,-16.52379069767442,-717.9038,-0.08347718604651164,-8.075852
10,0.077,-1418.089,-16.48940697674419,-718.6993,-0.08356968604651163,-8.09733
10,0.07725,-1414.894,-16.45225581395349,-719.1514,-0.0836222558139535,-8.115919
10,0.0775,-1411.485,-16.412616279069766,-719.2622,-0.08363513953488373,-8.131606
10,0.07775,-1408.033,-16.372476744186045,-719.3859,-0.08364952325581396,-8.144519
10,0.078,-1404.02,-16.325813953488375,-719.6036,-0.08367483720930233,-8.154785
10,0.07825,-1398.767,-16.264732558139535,-719.4299,-0.08365463953488372,-8.162575
10,0.0785,-1393.786,-16.206813953488375,-718.8065,-0.08358215116279069,-8.167928
10,0.07875,-1389.105,-16.152383720930235,-718.0467,-0.0834938023255814,-8.170946
10,0.079,-1383.467,-16.086825581395352,-717.2487,-0.08340101162790697,-8.17184
10,0.07925,-1376.966,-16.011232558139536,-716.4818,-0.08331183720930233,-8.170734
10,0.0795,-1371.164,-15.943767441860466,-715.2478,-0.0831683488372093,-8.167685
10,0.07975,-1365.046,-15.872627906976746,-713.834,-0.08300395348837208,-8.162727
10,0.08,-1357.726,-15.787511627906978,-712.564,-0.08285627906976743,-8.156055
10,0.08025,-1350.664,-15.70539534883721,-711.1957,-0.08269717441860465,-8.147845
10,0.0805,-1342.527,-15.610779069767444,-709.3207,-0.0824791511627907,-8.138077
10,0.08075,-1335.227,-15.525895348837212,-707.2862,-0.08224258139534883,-8.126747
10,0.081,-1327.198,-15.432534883720933,-705.1176,-0.08199041860465116,-8.113983
10,0.08125,-1319.148,-15.33893023255814,-703.1656,-0.08176344186046512,-8.099993
10,0.0815,-1310.217,-15.235081395348839,-700.9559,-0.0815065,-8.0847
10,0.08175,-1301.11,-15.129186046511627,-698.2988,-0.08119753488372093,-8.068071
10,0.082,-1291.828,-15.021255813953488,-695.7894,-0.08090574418604651,-8.050316
10,0.08225,-1282.004,-14.907023255813954,-693.2208,-0.08060706976744186,-8.031403
10,0.0825,-1271.519,-14.785104651162792,-690.3044,-0.0802679534883721,-8.011283
10,0.08275,-1261.504,-14.668651162790699,-687.1165,-0.07989726744186046,-7.989999
10,0.083,-1250.583,-14.541662790697677,-683.9752,-0.07953199999999999,-7.967592
10,0.08325,-1239.087,-14.407988372093024,-680.6691,-0.07914756976744186,-7.944058
10,0.0835,-1227.327,-14.271244186046513,-677.2182,-0.0787463023255814,-7.919405
10,0.08375,-1215.745,-14.136569767441861,-673.4691,-0.07831036046511629,-7.893567
10,0.084,-1203.996,-13.999953488372096,-669.6608,-0.07786753488372093,-7.86656
10,0.08425,-1191.651,-13.85640697674419,-665.8866,-0.07742867441860465,-7.838458
10,0.0845,-1179.041,-13.709779069767443,-661.7869,-0.07695196511627907,-7.809141
10,0.08475,-1165.845,-13.556337209302326,-657.3853,-0.0764401511627907,-7.778568
10,0.085,-1152.314,-13.399000000000003,-652.7977,-0.07590670930232557,-7.746918
10,0.08525,-1139.078,-13.245093023255816,-648.1916,-0.07537111627906977,-7.714185
10,0.0855,-1125.367,-13.085662790697675,-643.4159,-0.0748158023255814,-7.680199
10,0.08575,-1111.603,-12.92561627906977,-638.4159,-0.07423440697674419,-7.64496
10,0.086,-1097.63,-12.763139534883724,-633.1155,-0.07361808139534884,-7.608574
10,0.08625,-1082.879,-12.591616279069767,-627.7829,-0.07299801162790698,-7.57105
10,0.0865,-1067.739,-12.415569767441863,-622.123,-0.07233988372093024,-7.532257
10,0.08675,-1052.449,-12.237779069767445,-616.1611,-0.07164663953488372,-7.492181
10,0.087,-1037.551,-12.064546511627906,-609.9818,-0.07092811627906977,-7.451017
10,0.08725,-1022.025,-11.884011627906977,-603.8492,-0.07021502325581395,-7.40874
10,0.0875,-1006.018,-11.697883720930234,-597.4483,-0.06947073255813954,-7.36511
10,0.08775,-989.9339,-11.510859302325581,-590.6975,-0.06868575581395349,-7.320215
10,0.088,-973.5464,-11.320306976744186,-583.6939,-0.06787138372093023,-7.274096
10,0.08825,-957.2151,-11.130408139534884,-576.5821,-0.06704443023255813,-7.226714
10,0.0885,-940.5349,-10.936452325581396,-569.3269,-0.0662008023255814,-7.178064
10,0.08875,-923.6688,-10.740334883720932,-561.7455,-0.06531924418604651,-7.128019
10,0.089,-906.1144,-10.536213953488373,-553.9636,-0.06441437209302327,-7.076718
10,0.08925,-888.9763,-10.336933720930235,-546.0536,-0.06349460465116279,-7.024213
10,0.0895,-871.7414,-10.136527906976745,-537.7694,-0.06253132558139535,-6.97021
10,0.08975,-853.6962,-9.9267,-529.1626,-0.06153053488372093,-6.914775
10,0.09,-834.8639,-9.70771976744186,-520.3734,-0.060508534883720926,-6.858074
10,0.09025,-816.0149,-9.48854534883721,-511.5222,-0.05947932558139535,-6.799958
10,0.0905,-797.4131,-9.27224534883721,-502.6321,-0.05844559302325581,-6.7403
10,0.09075,-779.1364,-9.059725581395348,-493.4016,-0.05737227906976743,-6.679129
10,0.091,-760.2154,-8.839713953488374,-483.9202,-0.05626979069767442,-6.616503
10,0.09125,-740.4243,-8.609584883720931,-474.3964,-0.055162372093023264,-6.55233
10,0.0915,-720.923,-8.38282558139535,-464.8612,-0.05405362790697674,-6.486515
10,0.09175,-701.1521,-8.152931395348839,-455.1458,-0.05292393023255814,-6.419021
10,0.092,-681.2344,-7.921330232558141,-445.2885,-0.051777732558139535,-6.349937
10,0.09225,-661.7391,-7.694640697674419,-435.5289,-0.05064289534883721,-6.279227
10,0.0925,-641.6249,-7.460754651162792,-425.7315,-0.04950366279069768,-6.206632
10,0.09275,-621.418,-7.225790697674419,-415.587,-0.04832406976744186,-6.132123
10,0.093,-601.2359,-6.991115116279071,-405.1031,-0.04710501162790697,-6.055961
10,0.09325,-581.149,-6.757546511627908,-394.7643,-0.04590282558139534,-5.978138
10,0.0935,-560.3759,-6.515998837209303,-384.3264,-0.04468911627906976,-5.898422
10,0.09375,-539.703,-6.2756162790697685,-373.3349,-0.04341103488372093,-5.816688
10,0.094,-519.0078,-6.034974418604651,-361.8218,-0.042072302325581394,-5.733129
10,0.09425,-497.6851,-5.787036046511628,-349.9755,-0.040694825581395346,-5.647823
10,0.0945,-476.765,-5.543779069767441,-338.0148,-0.0393040465116279,-5.560447
10,0.09475,-455.6723,-5.29851511627907,-325.7541,-0.037878383720930234,-5.470995
10,0.095,-434.0512,-5.047106976744187,-312.9701,-0.03639187209302326,-5.379648
10,0.09525,-412.763,-4.79956976744186,-299.7712,-0.03485711627906977,-5.286346
10,0.0955,-391.2944,-4.549934883720931,-286.2966,-0.033290302325581396,-5.190902
10,0.09575,-369.4257,-4.295647674418605,-272.4056,-0.03167506976744186,-5.093241
10,0.096,-347.5063,-4.040770930232559,-257.9451,-0.029993616279069768,-4.993454
10,0.09625,-325.8782,-3.7892813953488376,-243.0735,-0.02826436046511628,-4.891597
10,0.0965,-304.0611,-3.5355941860465117,-228.0592,-0.026518511627906978,-4.787459
10,0.09675,-282.0015,-3.2790872093023262,-212.9296,-0.02475925581395349,-4.680902
10,0.097,-259.9808,-3.023032558139535,-197.0064,-0.02290772093023256,-4.571991
10,0.09725,-237.9521,-2.7668848837209303,-180.6156,-0.021001813953488373,-4.460834
10,0.0975,-215.1975,-2.502296511627907,-164.2793,-0.019102244186046512,-4.347321
10,0.09775,-193.1936,-2.246437209302326,-148.0305,-0.0172128488372093,-4.231341
10,0.098,-170.7961,-1.986001162790698,-131.7249,-0.015316848837209301,-4.112951
10,0.09825,-148.2953,-1.7243639534883721,-115.449,-0.013424302325581394,-3.992212
10,0.0985,-125.5134,-1.459458139534884,-99.33493,-0.011550573255813953,-3.869008
10,0.09875,-103.4785,-1.2032383720930233,-83.24556,-0.009679716279069767,-3.743235
10,0.099,-80.75843,-0.9390515116279071,-66.89592,-0.007778595348837209,-3.615029
10,0.09925,-58.2095,-0.6768546511627908,-49.68705,-0.005777563953488372,-3.484416
10,0.0995,-35.64083,-0.41442825581395354,-32.04051,-0.003725640697674419,-3.351355
10,0.09975,-12.77434,-0.14853883720930233,-14.31361,-0.0016643732558139536,-3.215825
10,0.1,6.366418,0.07402811627906977,3.01331,0.0003503848837209302,-3.088986
11,0.0,7.213074,0.08387295348837209,0.0,0.0,-5.556438
11,0.00025,29.93643,0.34809802325581396,19.37961,0.002253443023255814,-5.386756
11,0.0005,56.73986,0.6597658139534884,39.2083,0.004559104651162791,-5.212685
11,0.00075,81.33095,0.9457087209302326,58.75706,0.006832216279069767,-5.034083
11,0.001,105.2606,1.2239604651162792,77.72669,0.009037987209302326,-4.851024
11,0.00125,129.1238,1.5014395348837208,96.83149,0.01125947558139535,-4.66354
11,0.0015,153.2388,1.7818465116279072,116.4364,0.013539116279069768,-4.471434
11,0.00175,177.0074,2.058225581395349,136.5077,0.015872988372093024,-4.274728
11,0.002,200.8266,2.3351930232558145,156.4733,0.01819456976744186,-4.073586
11,0.00225,224.1155,2.605994186046512,177.3543,0.020622593023255812,-3.867941
11,0.0025,247.884,2.882372093023256,199.7576,0.023227627906976744,-3.657731
11,0.00275,272.0436,3.1632976744186054,222.7178,0.02589741860465116,-3.442906
11,0.003,296.1961,3.4441406976744187,245.7983,0.028581197674418603,-3.223562
11,0.00325,320.4027,3.7256127906976744,269.7176,0.03136251162790697,-2.99983
11,0.0035,344.231,4.002686046511628,295.3078,0.03433811627906977,-2.771532
11,0.00375,368.0092,4.2791767441860475,321.4001,0.037372104651162794,-2.538614
11,0.004,391.9282,4.557304651162791,346.9291,0.040340593023255815,-2.301199
11,0.00425,415.4871,4.831245348837209,372.1119,0.04326882558139535,-2.059352
11,0.0045,438.6341,5.100396511627907,397.3406,0.04620239534883721,-1.813094
11,0.00475,462.0806,5.37303023255814,422.4789,0.0491254534883721,-1.562439
11,0.005,485.564,5.646093023255815,447.4521,0.052029313953488365,-1.307514
11,0.00525,508.2208,5.909544186046512,472.533,0.05494569767441861,-1.048572
11,0.0055,531.4692,6.179874418604651,498.8116,0.058001348837209296,-0.7857403
11,0.00575,553.6423,6.437701162790698,526.4364,0.06121353488372093,-0.5191905
11,0.006,576.3355,6.701575581395349,554.7245,0.0645028488372093,-0.249272
11,0.00625,598.2367,6.95624069767442,583.1882,0.06781258139534883,0.02365264
11,0.0065,620.8722,7.219444186046513,612.9973,0.07127875581395349,0.2992949
11,0.00675,643.3294,7.480574418604651,643.6974,0.07484853488372094,0.5772539
11,0.007,665.7862,7.741700000000001,673.9108,0.07836172093023255,0.8569622
11,0.00725,687.5941,7.995280232558141,702.7271,0.08171245348837208,1.137875
11,0.0075,709.3499,8.248254651162792,730.3835,0.08492831395348838,1.419558
11,0.00775,730.901,8.498848837209302,758.1936,0.0881620465116279,1.701589
11,0.008,752.5388,8.7504511627907,786.4087,0.09144287209302325,1.983314
11,0.00825,773.826,8.997976744186047,814.5708,0.09471753488372094,2.264089
11,0.0085,794.8641,9.242605813953489,843.1303,0.0980384069767442,2.543368
11,0.00875,816.401,9.49303488372093,872.5607,0.1014605465116279,2.820605
11,0.009,836.0944,9.722027906976743,902.5775,0.10495087209302326,3.095128
11,0.00925,856.6118,9.960602325581396,932.5973,0.1084415465116279,3.366263
11,0.0095,876.26,10.189069767441861,962.3205,0.11189773255813953,3.633472
11,0.00975,896.8868,10.42891627906977,991.277,0.11526476744186047,3.896225
11,0.01,916.1456,10.652855813953488,1019.526,0.11854953488372093,4.153982
11,0.01025,935.4585,10.877424418604651,1046.019,0.12163011627906978,4.4062
11,0.0105,954.6211,11.10024534883721,1070.835,0.1245156976744186,4.652492
11,0.01075,973.7517,11.322694186046512,1095.299,0.12736034883720931,4.892515
11,0.011,992.2837,11.538182558139535,1120.215,0.13025755813953488,5.12579
11,0.01125,1010.828,11.753813953488372,1144.921,0.1331303488372093,5.352178
11,0.0115,1029.006,11.96518604651163,1169.707,0.13601244186046513,5.571717
11,0.01175,1046.863,12.172825581395351,1194.203,0.13886081395348837,5.784234
11,0.012,1064.919,12.382779069767444,1218.407,0.14167523255813952,5.989646
11,0.01225,1082.331,12.585244186046511,1242.589,0.1444870930232558,6.187924
11,0.0125,1098.952,12.778511627906978,1266.622,0.14728162790697677,6.379207
11,0.01275,1116.184,12.978883720930233,1289.628,0.1499567441860465,6.563766
11,0.013,1132.773,13.171779069767442,1311.564,0.15250744186046514,6.741644
11,0.01325,1149.309,13.364058139534883,1332.887,0.15498686046511628,6.91293
11,0.0135,1164.613,13.542011627906978,1353.055,0.15733197674418606,7.077951
11,0.01375,1180.369,13.72522093023256,1371.686,0.15949837209302326,7.2368
11,0.014,1195.78,13.904418604651164,1389.343,0.16155151162790699,7.389568
11,0.01425,1211.391,14.085941860465118,1407.0,0.16360465116279072,7.536456
11,0.0145,1226.153,14.257593023255815,1424.9,0.16568604651162794,7.677689
11,0.01475,1241.449,14.435453488372096,1442.242,0.16770255813953486,7.813483
11,0.015,1255.334,14.596906976744188,1458.868,0.16963581395348837,7.943942
11,0.01525,1269.703,14.763988372093024,1475.22,0.1715372093023256,8.069247
11,0.0155,1283.052,14.919209302325582,1491.884,0.17347488372093023,8.189764
11,0.01575,1297.051,15.081988372093022,1508.288,0.17538232558139535,8.305582
11,0.016,1310.421,15.237453488372095,1523.918,0.17719976744186045,8.416734
11,0.01625,1322.876,15.382279069767442,1539.141,0.17896988372093026,8.523525
11,0.0165,1335.604,15.530279069767444,1554.381,0.18074197674418604,8.626157
11,0.01675,1347.541,15.669081395348838,1569.33,0.18248023255813953,8.724774
11,0.017,1359.059,15.803011627906978,1583.482,0.18412581395348837,8.819506
11,0.01725,1370.657,15.937872093023255,1596.951,0.18569197674418605,8.910505
11,0.0175,1381.094,16.059232558139538,1610.385,0.18725406976744186,8.997985
11,0.01775,1391.895,16.184825581395348,1623.439,0.18877197674418605,9.081974
11,0.018,1402.502,16.308162790697676,1635.533,0.19017825581395348,9.162447
11,0.01825,1412.189,16.4208023255814,1646.69,0.19147558139534884,9.239656
11,0.0185,1421.878,16.533465116279068,1657.48,0.19273023255813954,9.313783
11,0.01875,1430.904,16.638418604651164,1667.98,0.19395116279069768,9.384818
11,0.019,1440.011,16.744313953488373,1677.899,0.1951045348837209,9.45274
11,0.01925,1448.153,16.838988372093027,1687.097,0.19617406976744187,9.517702
11,0.0195,1457.025,16.942151162790697,1695.84,0.19719069767441857,9.579929
11,0.01975,1465.181,17.036988372093028,1704.422,0.19818860465116278,9.639476
11,0.02,1472.598,17.123232558139534,1712.631,0.19914313953488372,9.696226
11,0.02025,1480.402,17.21397674418605,1720.405,0.2000470930232558,9.750249
11,0.0205,1486.139,17.28068604651163,1727.898,0.20091837209302324,9.801834
11,0.02075,1493.333,17.364337209302327,1735.287,0.20177755813953488,9.851069
11,0.021,1499.251,17.433151162790697,1742.299,0.2025929069767442,9.897826
11,0.02125,1504.817,17.497872093023254,1748.879,0.20335802325581395,9.942153
11,0.0215,1510.71,17.56639534883721,1754.962,0.2040653488372093,9.984206
11,0.02175,1514.977,17.616011627906982,1760.841,0.20474895348837208,10.02403
11,0.022,1520.319,17.678127906976744,1766.626,0.20542162790697674,10.06152
11,0.02225,1524.088,17.721953488372094,1772.256,0.20607627906976747,10.0967
11,0.0225,1528.425,17.772383720930232,1777.443,0.20667941860465117,10.12983
11,0.02275,1531.724,17.810744186046513,1781.984,0.2072074418604651,10.16089
11,0.023,1534.947,17.848220930232557,1786.219,0.20769988372093023,10.18972
11,0.02325,1537.594,17.879000000000005,1790.461,0.20819313953488375,10.21643
11,0.0235,1540.204,17.9093488372093,1794.423,0.20865383720930233,10.24117
11,0.02375,1542.424,17.935162790697674,1797.887,0.2090566279069767,10.26397
11,0.024,1543.739,17.950453488372094,1800.908,0.2094079069767442,10.28483
11,0.02425,1544.776,17.96251162790698,1803.953,0.20976197674418604,10.30381
11,0.0245,1545.904,17.975627906976744,1806.675,0.21007848837209303,10.321
11,0.02475,1546.68,17.984651162790698,1808.768,0.2103218604651163,10.3365
11,0.025,1546.132,17.978279069767442,1810.563,0.21053058139534883,10.35022
11,0.02525,1545.584,17.971906976744187,1812.451,0.21075011627906975,10.36214
11,0.0255,1544.509,17.959406976744187,1814.14,0.21094651162790698,10.37247
11,0.02575,1543.173,17.943872093023256,1815.327,0.21108453488372092,10.38127
11,0.026,1542.115,17.93156976744186,1816.026,0.21116581395348838,10.38852
11,0.02625,1539.534,17.901558139534885,1816.657,0.21123918604651162,10.39428
11,0.0265,1537.694,17.880162790697675,1817.344,0.21131906976744186,10.39858
11,0.02675,1535.048,17.84939534883721,1817.682,0.21135837209302327,10.40145
11,0.027,1532.096,17.815069767441862,1817.518,0.21133930232558137,10.40292
11,0.02725,1528.824,17.777023255813955,1817.191,0.21130127906976745,10.40302
11,0.0275,1524.864,17.730976744186048,1816.767,0.21125197674418608,10.40191
11,0.02775,1521.542,17.692348837209302,1816.131,0.21117802325581395,10.39967
11,0.028,1516.607,17.634965116279073,1815.188,0.21106837209302326,10.39629
11,0.02825,1512.215,17.58389534883721,1814.137,0.2109461627906977,10.39177
11,0.0285,1506.832,17.521302325581395,1813.104,0.2108260465116279,10.38614
11,0.02875,1501.196,17.455767441860466,1811.842,0.2106793023255814,10.37949
11,0.029,1495.744,17.392372093023255,1810.238,0.2104927906976744,10.37187
11,0.02925,1489.196,17.316232558139536,1808.264,0.21026325581395347,10.36334
11,0.0295,1482.296,17.236000000000004,1806.275,0.21003197674418608,10.35387
11,0.02975,1475.388,17.155674418604654,1804.328,0.20980558139534886,10.34346
11,0.03,1468.383,17.07422093023256,1802.421,0.20958383720930232,10.33214
11,0.03025,1459.71,16.973372093023258,1800.138,0.20931837209302323,10.31996
11,0.0305,1452.236,16.886465116279073,1797.242,0.20898162790697672,10.30691
11,0.03075,1443.887,16.789383720930232,1794.331,0.20864313953488373,10.2929
11,0.031,1434.662,16.68211627906977,1791.422,0.20830488372093026,10.27799
11,0.03125,1425.27,16.572906976744186,1788.608,0.20797767441860462,10.26233
11,0.0315,1415.519,16.459523255813956,1785.195,0.20758081395348837,10.24586
11,0.03175,1406.235,16.35156976744186,1781.648,0.20716837209302325,10.22847
11,0.032,1395.739,16.229523255813955,1778.081,0.2067536046511628,10.21023
11,0.03225,1385.175,16.106686046511626,1774.425,0.206328488372093,10.19119
11,0.0325,1374.717,15.985081395348839,1770.253,0.20584337209302322,10.17131
11,0.03275,1362.562,15.84374418604651,1765.819,0.20532779069767443,10.15061
11,0.033,1351.265,15.712383720930235,1761.808,0.20486139534883718,10.12903
11,0.03325,1339.02,15.570000000000002,1757.621,0.20437453488372095,10.1066
11,0.0335,1326.445,15.423779069767443,1752.931,0.20382918604651165,10.08339
11,0.03375,1314.171,15.281058139534885,1747.747,0.20322639534883724,10.05918
11,0.034,1301.252,15.130837209302326,1742.704,0.20264,10.03399
11,0.03425,1288.015,14.976918604651166,1737.844,0.20207488372093024,10.00803
11,0.0345,1274.301,14.817453488372093,1732.642,0.20146999999999998,9.981235
11,0.03475,1260.761,14.660011627906977,1726.964,0.20080976744186047,9.953428
11,0.035,1246.685,14.496337209302327,1721.065,0.20012383720930232,9.924562
11,0.03525,1232.22,14.328139534883723,1715.319,0.19945569767441862,9.894757
11,0.0355,1217.801,14.160476744186047,1709.341,0.19876058139534883,9.864056
11,0.03575,1203.262,13.991418604651164,1702.748,0.19799395348837212,9.832343
11,0.036,1187.633,13.80968604651163,1696.194,0.19723186046511626,9.799562
11,0.03625,1172.024,13.628186046511628,1689.674,0.19647372093023258,9.765832
11,0.0365,1156.188,13.444046511627908,1682.883,0.19568406976744188,9.731159
11,0.03675,1139.526,13.250302325581396,1675.41,0.19481511627906978,9.695443
11,0.037,1123.281,13.061406976744188,1667.589,0.1939056976744186,9.658625
11,0.03725,1106.31,12.86406976744186,1659.91,0.19301279069767444,9.620779
11,0.0375,1088.867,12.661244186046511,1652.159,0.192111511627907,9.581991
11,0.03775,1071.679,12.461383720930234,1643.707,0.19112872093023256,9.542135
11,0.038,1053.651,12.25175581395349,1634.744,0.190086511627907,9.501069
11,0.03825,1036.36,12.050697674418604,1625.459,0.18900686046511628,9.458926
11,0.0385,1017.766,11.834488372093023,1616.085,0.18791686046511627,9.4158
11,0.03875,999.2499,11.619184883720932,1606.346,0.18678441860465114,9.371507
11,0.039,980.7286,11.403820930232559,1596.21,0.18560581395348838,9.325932
11,0.03925,961.3493,11.17848023255814,1585.792,0.18439441860465114,9.279204
11,0.0395,942.7388,10.962079069767443,1575.365,0.18318197674418604,9.231498
11,0.03975,923.7688,10.741497674418605,1564.54,0.1819232558139535,9.182643
11,0.04,903.928,10.51079069767442,1553.171,0.18060127906976745,9.132396
11,0.04025,884.3517,10.283159302325583,1541.389,0.17923127906976744,9.080866
11,0.0405,864.2395,10.049296511627908,1529.837,0.17788802325581393,9.028321
11,0.04075,844.3486,9.818006976744188,1518.543,0.17657476744186046,8.974674
11,0.041,823.7943,9.579003488372095,1506.918,0.17522302325581393,8.919696
11,0.04125,803.1518,9.338974418604652,1494.792,0.17381302325581394,8.863385
11,0.0415,782.2641,9.096094186046512,1482.355,0.17236686046511626,8.80586
11,0.04175,761.1967,8.851124418604652,1470.195,0.17095290697674417,8.747032
11,0.042,739.9955,8.604598837209304,1457.906,0.1695239534883721,8.686742
11,0.04225,718.1015,8.350017441860466,1445.387,0.1680682558139535,8.625053
11,0.0425,697.1956,8.10692558139535,1432.697,0.16659267441860465,8.562149
11,0.04275,675.3436,7.852832558139536,1420.091,0.16512686046511627,8.497987
11,0.043,653.6051,7.600059302325581,1407.314,0.16364116279069768,8.432186
11,0.04325,631.7516,7.345948837209304,1394.039,0.16209755813953486,8.364819
11,0.0435,609.6367,7.088798837209303,1380.498,0.16052302325581397,8.296115
11,0.04375,587.9509,6.836638372093025,1367.076,0.15896232558139534,8.226047
11,0.044,564.7572,6.566944186046512,1353.679,0.15740453488372094,8.154487
11,0.04425,542.2645,6.305401162790698,1339.519,0.15575802325581395,8.081409
11,0.0445,519.2552,6.037851162790697,1324.456,0.15400651162790696,8.006929
11,0.04475,496.5269,5.773568604651164,1308.837,0.1521903488372093,7.931048
11,0.045,472.9448,5.499358139534884,1293.174,0.15036906976744185,7.853533
11,0.04525,449.9446,5.231913953488372,1277.15,0.14850581395348839,7.774365
11,0.0455,426.3077,4.9570662790697675,1260.445,0.14656337209302325,7.69378
11,0.04575,402.5974,4.68136511627907,1243.263,0.14456546511627905,7.611798
11,0.046,378.9494,4.406388372093024,1226.206,0.1425820930232558,7.528215
11,0.04625,355.7334,4.136434883720931,1209.183,0.14060267441860463,7.44302
11,0.0465,331.9973,3.860433720930233,1192.047,0.13861011627906977,7.356283
11,0.04675,308.0935,3.582482558139535,1174.696,0.1365925581395349,7.267982
11,0.047,284.0302,3.3026767441860465,1157.554,0.13459930232558143,7.178024
11,0.04725,260.4617,3.0286244186046516,1140.526,0.1326193023255814,7.086262
11,0.0475,236.8927,2.7545662790697674,1123.408,0.13062883720930232,6.992924
11,0.04775,212.8319,2.4747895348837208,1106.176,0.12862511627906975,6.898135
11,0.048,188.9555,2.197156976744186,1088.704,0.12659348837209303,6.801709
11,0.04825,165.2968,1.9220558139534885,1071.532,0.1245967441860465,6.703554
11,0.0485,141.1378,1.6411372093023258,1054.456,0.12261116279069767,6.603706
11,0.04875,116.689,1.3568488372093022,1037.051,0.12058732558139534,6.502273
11,0.049,93.0962,1.082513953488372,1018.774,0.11846209302325582,6.399246
11,0.04925,68.36178,0.7949044186046511,999.7464,0.11624958139534883,6.294536
11,0.0495,44.19968,0.5139497674418606,980.2164,0.1139786511627907,6.188205
11,0.04975,20.48735,0.23822500000000002,960.4347,0.11167845348837209,6.080227
11,0.05,-4.281009,-0.04977917441860465,939.7391,0.10927198837209302,5.970825
11,0.05025,-28.15086,-0.32733558139534885,919.2135,0.10688529069767441,5.86012
11,0.0505,-53.07927,-0.6172008139534885,898.5141,0.10447838372093024,5.74796
11,0.05075,-76.72373,-0.8921363953488374,877.5853,0.10204480232558139,5.634247
11,0.051,-101.3113,-1.1780383720930234,856.6205,0.09960703488372093,5.518798
11,0.05125,-125.714,-1.4617906976744186,836.2871,0.09724268604651162,5.401662
11,0.0515,-149.6674,-1.7403186046511627,816.207,0.09490779069767441,5.282999
11,0.05175,-173.2941,-2.0150476744186046,795.9771,0.09255547674418604,5.162796
11,0.052,-198.0589,-2.3030104651162793,775.7242,0.09020048837209302,5.040765
11,0.05225,-222.1688,-2.5833581395348837,755.8775,0.08789273255813955,4.916953
11,0.0525,-245.8417,-2.8586244186046517,736.5328,0.0856433488372093,4.791544
11,0.05275,-269.5743,-3.1345848837209305,716.6157,0.08332740697674418,4.664423
11,0.053,-293.9364,-3.41786511627907,695.9374,0.0809229534883721,4.535487
11,0.05325,-317.7394,-3.694644186046512,674.6387,0.07844636046511629,4.404907
11,0.0535,-341.1484,-3.9668418604651166,653.1938,0.07595276744186047,4.272705
11,0.05375,-364.652,-4.240139534883721,630.9926,0.07337123255813954,4.138789
11,0.054,-388.1769,-4.513684883720931,608.1446,0.07071448837209303,4.003131
11,0.05425,-411.441,-4.784197674418605,585.1862,0.06804490697674419,3.865729
11,0.0545,-434.6393,-5.0539453488372095,562.8282,0.06544513953488372,3.726775
11,0.05475,-457.8426,-5.323751162790698,540.7854,0.06288202325581395,3.586259
11,0.055,-481.1396,-5.594646511627907,518.747,0.060319418604651155,3.443906
11,0.05525,-503.2327,-5.8515430232558145,496.7768,0.05776474418604651,3.299825
11,0.0555,-526.1878,-6.118462790697675,475.3288,0.05527079069767442,3.154258
11,0.05575,-548.8223,-6.381654651162792,454.4743,0.05284584883720931,3.00709
11,0.056,-570.9509,-6.638963953488374,433.7778,0.050439279069767445,2.858159
11,0.05625,-593.7545,-6.904122093023257,412.8083,0.04800096511627907,2.707348
11,0.0565,-615.7104,-7.159423255813954,391.7967,0.045557755813953486,2.554877
11,0.05675,-637.924,-7.417720930232559,370.6336,0.04309693023255814,2.4008
11,0.057,-659.4984,-7.668586046511628,348.7815,0.04055598837209302,2.244951
11,0.05725,-681.8321,-7.92828023255814,325.9653,0.03790294186046512,2.0873
11,0.0575,-703.2439,-8.17725465116279,302.9825,0.03523052325581395,1.928036
11,0.05775,-725.2585,-8.433238372093024,280.1555,0.03257622093023256,1.767148
11,0.058,-746.3503,-8.678491860465115,257.4655,0.0299378488372093,1.60439
11,0.05825,-767.9617,-8.929787209302326,234.6079,0.027279988372093025,1.439875
11,0.0585,-788.6695,-9.17057558139535,212.3851,0.024695941860465115,1.273794
11,0.05875,-809.4852,-9.412618604651163,191.1374,0.022225279069767442,1.106157
11,0.059,-830.0791,-9.652082558139536,170.0228,0.019770093023255813,0.9367055
11,0.05925,-850.5464,-9.890074418604652,149.0514,0.017331558139534884,0.7653759
11,0.0595,-870.1799,-10.118370930232558,128.5511,0.014947802325581395,0.5924468
11,0.05975,-890.323,-10.352593023255816,108.6066,0.01262867441860465,0.4178863
11,0.06,-909.835,-10.579476744186048,88.72795,0.010317203488372093,0.2413637
11,0.06025,-929.3004,-10.805818604651163,68.61292,0.007978246511627908,0.06290812
11,0.0605,-948.9381,-11.034163953488372,48.10083,0.005593119767441861,-0.1172551
11,0.06075,-967.3155,-11.247854651162791,27.24156,0.0031676232558139534,-0.2989432
11,0.061,-985.8951,-11.463896511627906,6.096044,0.0007088423255813954,-0.4822696
11,0.06125,-1004.059,-11.675104651162792,-15.29266,-0.0017782162790697673,-0.6674117
11,0.0615,-1022.638,-11.891139534883724,-36.54117,-0.004248973255813954,-0.8542062
11,0.06175,-1040.388,-12.097534883720929,-57.61658,-0.006699602325581395,-1.042548
11,0.062,-1058.728,-12.31079069767442,-78.1449,-0.009086616279069768,-1.232482
11,0.06225,-1075.97,-12.511279069767443,-98.14385,-0.01141207558139535,-1.423872
11,0.0625,-1093.038,-12.709744186046514,-117.7659,-0.013693709302325583,-1.616493
11,0.06275,-1109.607,-12.902406976744187,-136.7757,-0.0159041511627907,-1.810434
11,0.063,-1126.307,-13.096593023255815,-155.4155,-0.018071569767441863,-2.005768
11,0.06325,-1142.554,-13.28551162790698,-173.3644,-0.020158651162790697,-2.202486
11,0.0635,-1158.803,-13.474453488372095,-190.6688,-0.02217079069767442,-2.400418
11,0.06375,-1174.789,-13.660337209302327,-207.7432,-0.024156186046511628,-2.599294
11,0.064,-1190.181,-13.839313953488373,-224.6189,-0.026118476744186048,-2.799331
11,0.06425,-1205.288,-14.014976744186047,-241.4566,-0.028076348837209303,-3.000578
11,0.0645,-1220.373,-14.190383720930235,-258.1973,-0.030022941860465117,-3.20273
11,0.06475,-1235.105,-14.361686046511629,-274.775,-0.031950581395348836,-3.405643
11,0.065,-1249.684,-14.531209302325582,-291.4237,-0.033886476744186045,-3.609333
11,0.06525,-1263.257,-14.68903488372093,-308.1915,-0.03583622093023256,-3.813824
11,0.0655,-1277.823,-14.858406976744188,-324.8241,-0.03777024418604651,-4.018857
11,0.06575,-1291.292,-15.015023255813954,-341.167,-0.03967058139534883,-4.22421
11,0.066,-1304.344,-15.16679069767442,-357.0903,-0.04152212790697675,-4.429755
11,0.06625,-1317.151,-15.315709302325583,-372.5105,-0.04331517441860465,-4.635394
11,0.0665,-1330.182,-15.467232558139536,-387.4119,-0.045047895348837214,-4.840898
11,0.06675,-1342.22,-15.607209302325584,-401.9141,-0.0467341976744186,-5.045983
11,0.067,-1353.593,-15.739453488372096,-415.8349,-0.04835289534883721,-5.250627
11,0.06725,-1364.914,-15.871093023255815,-429.1721,-0.049903732558139534,-5.45467
11,0.0675,-1375.819,-15.99789534883721,-441.9753,-0.05139247674418605,-5.657813
11,0.06775,-1386.556,-16.122744186046514,-454.2212,-0.052816418604651166,-5.859858
11,0.068,-1396.779,-16.24161627906977,-465.9785,-0.05418354651162791,-6.060662
11,0.06825,-1406.907,-16.359383720930232,-477.2678,-0.05549625581395349,-6.260136
11,0.0685,-1416.731,-16.473616279069766,-488.1485,-0.05676145348837209,-6.458029
11,0.06875,-1425.64,-16.577209302325585,-498.5456,-0.057970418604651165,-6.653948
11,0.069,-1434.184,-16.676558139534887,-508.3304,-0.05910818604651163,-6.847695
11,0.06925,-1443.657,-16.78670930232558,-517.7333,-0.06020154651162791,-7.039117
11,0.0695,-1451.945,-16.88308139534884,-526.8312,-0.061259441860465114,-7.22793
11,0.06975,-1460.068,-16.97753488372093,-535.6579,-0.062285802325581396,-7.413931
11,0.07,-1467.781,-17.06722093023256,-543.9484,-0.06324981395348837,-7.596845
11,0.07025,-1473.994,-17.13946511627907,-551.8805,-0.0641721511627907,-7.776361
11,0.0705,-1481.591,-17.227802325581397,-559.7451,-0.06508663953488372,-7.952269
11,0.07075,-1488.151,-17.304081395348838,-567.4874,-0.06598690697674418,-8.124441
11,0.071,-1494.026,-17.37239534883721,-574.4923,-0.06680143023255815,-8.292748
11,0.07125,-1499.489,-17.435918604651164,-580.8609,-0.06754196511627907,-8.456914
11,0.0715,-1505.321,-17.503732558139536,-587.1995,-0.06827901162790696,-8.616722
11,0.07175,-1510.161,-17.560011627906977,-593.5932,-0.06902246511627907,-8.772075
11,0.072,-1514.792,-17.61386046511628,-599.5031,-0.06970966279069768,-8.922964
11,0.07225,-1519.358,-17.666953488372094,-604.7021,-0.0703141976744186,-9.069194
11,0.0725,-1523.222,-17.71188372093023,-609.7132,-0.07089688372093024,-9.210523
11,0.07275,-1526.773,-17.75317441860465,-614.799,-0.07148825581395349,-9.346882
11,0.073,-1530.119,-17.792081395348838,-619.444,-0.07202837209302326,-9.478252
11,0.07325,-1532.789,-17.823127906976744,-623.4089,-0.07248940697674418,-9.604449
11,0.0735,-1534.962,-17.84839534883721,-627.1354,-0.07292272093023257,-9.725258
11,0.07375,-1537.244,-17.874930232558143,-631.0132,-0.07337362790697674,-9.840741
11,0.074,-1538.825,-17.893313953488374,-634.3942,-0.07376676744186046,-9.950979
11,0.07425,-1539.966,-17.906581395348837,-637.02,-0.07407209302325582,-10.05575
11,0.0745,-1540.85,-17.91686046511628,-639.4893,-0.07435922093023255,-10.15481
11,0.07475,-1541.238,-17.92137209302326,-642.0173,-0.07465317441860465,-10.24834
11,0.075,-1541.67,-17.92639534883721,-644.4283,-0.07493352325581396,-10.3365
11,0.07525,-1541.034,-17.919000000000004,-646.0942,-0.07512723255813954,-10.41917
11,0.0755,-1539.933,-17.906197674418607,-647.2859,-0.0752658023255814,-10.49629
11,0.07575,-1538.578,-17.890441860465117,-648.5742,-0.0754156046511628,-10.56798
11,0.076,-1537.051,-17.872686046511628,-649.9288,-0.07557311627906978,-10.6345
11,0.07625,-1534.783,-17.846313953488373,-650.6802,-0.07566048837209302,-10.6959
11,0.0765,-1533.398,-17.83020930232558,-651.0694,-0.0757057441860465,-10.75214
11,0.07675,-1530.421,-17.795593023255815,-651.5299,-0.07575929069767443,-10.80337
11,0.077,-1527.364,-17.76004651162791,-652.0113,-0.07581526744186046,-10.84983
11,0.07725,-1524.223,-17.723523255813955,-652.0965,-0.07582517441860465,-10.89161
11,0.0775,-1520.709,-17.682662790697677,-651.6858,-0.07577741860465115,-10.92873
11,0.07775,-1516.169,-17.62987209302326,-651.1272,-0.07571246511627908,-10.96143
11,0.078,-1511.946,-17.580767441860466,-650.9175,-0.07568808139534884,-10.99003
11,0.07825,-1507.49,-17.528953488372096,-650.386,-0.07562627906976743,-11.01461
11,0.0785,-1502.464,-17.470511627906976,-649.4795,-0.07552087209302326,-11.03518
11,0.07875,-1496.89,-17.405697674418608,-648.3802,-0.0753930465116279,-11.05207
11,0.079,-1490.766,-17.334488372093027,-647.2617,-0.07526298837209303,-11.0656
11,0.07925,-1484.497,-17.261593023255816,-646.1037,-0.07512833720930231,-11.07594
11,0.0795,-1477.29,-17.17779069767442,-644.7674,-0.07497295348837209,-11.08311
11,0.07975,-1470.413,-17.09782558139535,-643.1724,-0.07478748837209302,-11.08731
11,0.08,-1462.781,-17.00908139534884,-641.5013,-0.07459317441860466,-11.08894
11,0.08025,-1455.769,-16.92754651162791,-639.7718,-0.07439206976744187,-11.08815
11,0.0805,-1446.971,-16.82524418604651,-638.0375,-0.07419040697674419,-11.08494
11,0.08075,-1438.368,-16.72520930232558,-636.0536,-0.07395972093023255,-11.07943
11,0.081,-1429.774,-16.625279069767444,-633.9551,-0.07371570930232559,-11.0719
11,0.08125,-1420.822,-16.52118604651163,-631.8225,-0.07346773255813954,-11.06256
11,0.0815,-1410.63,-16.402674418604654,-629.6442,-0.07321444186046512,-11.05137
11,0.08175,-1400.712,-16.287348837209304,-627.2782,-0.07293932558139535,-11.03835
11,0.082,-1390.863,-16.17282558139535,-624.7026,-0.07263983720930232,-11.0237
11,0.08225,-1380.282,-16.04979069767442,-622.1711,-0.07234547674418605,-11.00753
11,0.0825,-1368.903,-15.917476744186049,-619.6837,-0.07205624418604652,-10.98983
11,0.08275,-1357.922,-15.78979069767442,-616.9637,-0.07173996511627907,-10.97066
11,0.083,-1346.046,-15.651697674418607,-614.0673,-0.07140317441860466,-10.95011
11,0.08325,-1334.241,-15.51443023255814,-610.9905,-0.07104540697674418,-10.92829
11,0.0835,-1320.766,-15.357744186046514,-607.8712,-0.07068269767441861,-10.90518
11,0.08375,-1308.981,-15.220709302325583,-604.6937,-0.07031322093023257,-10.88072
11,0.084,-1296.167,-15.071709302325582,-601.4935,-0.0699411046511628,-10.85502
11,0.08425,-1283.13,-14.920116279069768,-598.1987,-0.06955798837209302,-10.82819
11,0.0845,-1269.298,-14.759279069767443,-594.7759,-0.06915998837209301,-10.80015
11,0.08475,-1255.364,-14.59725581395349,-591.3512,-0.06876176744186045,-10.77079
11,0.085,-1241.245,-14.433081395348838,-587.5282,-0.06831723255813953,-10.74023
11,0.08525,-1227.153,-14.269220930232558,-583.6979,-0.0678718488372093,-10.70853
11,0.0855,-1212.472,-14.098511627906976,-579.825,-0.06742151162790698,-10.6756
11,0.08575,-1198.329,-13.934058139534883,-575.8725,-0.06696191860465116,-10.6415
11,0.086,-1182.632,-13.75153488372093,-571.832,-0.06649209302325582,-10.60613
11,0.08625,-1166.507,-13.56403488372093,-567.5783,-0.06599747674418605,-10.56943
11,0.0865,-1150.967,-13.383337209302328,-563.0797,-0.06547438372093024,-10.53147
11,0.08675,-1134.54,-13.19232558139535,-558.5108,-0.06494311627906978,-10.49225
11,0.087,-1118.065,-13.000755813953491,-553.7752,-0.06439246511627907,-10.45179
11,0.08725,-1101.115,-12.803662790697675,-549.1833,-0.06385852325581395,-10.41005
11,0.0875,-1083.83,-12.60267441860465,-544.4005,-0.06330238372093022,-10.36696
11,0.08775,-1066.821,-12.40489534883721,-539.2115,-0.06269901162790698,-10.32257
11,0.088,-1048.462,-12.191418604651163,-533.9052,-0.062082,-10.27685
11,0.08825,-1031.304,-11.991906976744188,-528.6872,-0.06147525581395348,-10.22976
11,0.0885,-1013.218,-11.781604651162793,-523.4167,-0.06086240697674418,-10.1813
11,0.08875,-994.121,-11.559546511627909,-517.6831,-0.060195709302325574,-10.13142
11,0.089,-975.8408,-11.34698604651163,-511.6981,-0.059499779069767444,-10.08011
11,0.08925,-956.7456,-11.124948837209304,-505.8577,-0.058820662790697684,-10.02738
11,0.0895,-937.8353,-10.905061627906976,-499.8953,-0.05812736046511628,-9.973139
11,0.08975,-918.2924,-10.677818604651163,-493.5092,-0.057384790697674416,-9.917332
11,0.09,-899.2448,-10.456334883720933,-486.5334,-0.0565736511627907,-9.859947
11,0.09025,-879.1838,-10.223067441860467,-479.6928,-0.05577823255813953,-9.800917
11,0.0905,-859.2575,-9.99136627906977,-472.9207,-0.05499077906976744,-9.740221
11,0.09075,-839.0703,-9.756631395348837,-465.7434,-0.054156209302325585,-9.677941
11,0.091,-818.8406,-9.521402325581395,-457.898,-0.053243953488372096,-9.614079
11,0.09125,-798.0294,-9.279411627906978,-450.0639,-0.052333011627906975,-9.54844
11,0.0915,-777.4867,-9.040543023255816,-442.5003,-0.051453523255813954,-9.480907
11,0.09175,-755.8394,-8.788830232558139,-434.4896,-0.05052204651162791,-9.411583
11,0.092,-735.0799,-8.54744069767442,-425.6647,-0.049495895348837214,-9.34057
11,0.09225,-713.3793,-8.295108139534882,-416.6278,-0.048445093023255816,-9.267717
11,0.0925,-691.7512,-8.043618604651163,-407.9778,-0.04743927906976744,-9.192883
11,0.09275,-670.7344,-7.799237209302327,-398.9005,-0.04638377906976744,-9.116043
11,0.093,-648.4352,-7.539944186046513,-388.8956,-0.04522041860465116,-9.037188
11,0.09325,-626.4793,-7.284643023255814,-378.6307,-0.04402682558139535,-8.956226
11,0.0935,-604.5372,-7.0295023255813955,-368.7014,-0.042872255813953486,-8.873071
11,0.09375,-582.5429,-6.7737546511627915,-358.596,-0.04169720930232558,-8.787727
11,0.094,-559.5406,-6.5062860465116295,-347.4569,-0.040401965116279075,-8.700122
11,0.09425,-537.0317,-6.244554651162791,-335.8053,-0.039047127906976745,-8.610095
11,0.0945,-514.2686,-5.979867441860465,-324.295,-0.03770872093023256,-8.517464
11,0.09475,-491.1321,-5.710838372093023,-312.8873,-0.036382244186046506,-8.422264
11,0.095,-468.2677,-5.444973255813954,-300.8087,-0.03497775581395349,-8.324554
11,0.09525,-444.957,-5.173918604651163,-288.2866,-0.03352169767441861,-8.22413
11,0.0955,-421.5156,-4.9013441860465115,-276.0455,-0.03209831395348837,-8.120815
11,0.09575,-398.1016,-4.629088372093024,-264.0307,-0.030701244186046518,-8.014605
11,0.096,-374.4298,-4.35383488372093,-251.5087,-0.02924519767441861,-7.90561
11,0.09625,-350.5787,-4.076496511627908,-238.5687,-0.027740546511627908,-7.793802
11,0.0965,-326.9454,-3.801690697674419,-225.8235,-0.026258546511627907,-7.678889
11,0.09675,-303.383,-3.5277093023255817,-213.3857,-0.02481229069767442,-7.560719
11,0.097,-279.4407,-3.249310465116279,-200.3882,-0.023300953488372095,-7.439397
11,0.09725,-255.6934,-2.973179069767442,-186.6211,-0.021700127906976747,-7.314828
11,0.0975,-232.3457,-2.701694186046512,-172.3238,-0.020037651162790698,-7.186741
11,0.09775,-208.7129,-2.4268941860465114,-157.7878,-0.018347418604651163,-7.05513
11,0.098,-184.797,-2.1488023255813955,-142.9121,-0.016617686046511627,-6.920046
11,0.09825,-160.4065,-1.8651918604651163,-127.135,-0.014783139534883721,-6.78134
11,0.0985,-136.7093,-1.5896430232558143,-110.6913,-0.012871081395348838,-6.638803
11,0.09875,-112.4059,-1.3070453488372096,-93.86293,-0.010914294186046513,-6.492363
11,0.099,-88.07518,-1.0241300000000002,-76.64323,-0.008912003488372094,-6.342111
11,0.09925,-63.85535,-0.742504069767442,-58.69565,-0.006825075581395349,-6.188033
11,0.0995,-40.11972,-0.4665083720930233,-39.92664,-0.004642632558139534,-6.029911
11,0.09975,-15.1204,-0.1758186046511628,-20.76808,-0.002414893023255814,-5.867624
11,0.1,5.99111,0.06966406976744186,-2.018753,-0.00023473872093023255,-5.712817
12,0.0,6.634539,0.0771458023255814,0.0,0.0,-11.31539
12,0.00025,32.53826,0.3783518604651163,8.798486,0.0010230797674418606,-11.13272
12,0.0005,60.33645,0.7015866279069768,17.968,0.002089302325581395,-10.9441
12,0.00075,86.74938,1.0087137209302326,27.11908,0.0031533813953488377,-10.74932
12,0.001,111.7112,1.2989674418604653,36.41678,0.004234509302325581,-10.54834
12,0.00125,137.4009,1.5976848837209305,46.358,0.005390465116279069,-10.34103
12,0.0015,163.0607,1.896054651162791,56.69705,0.0065926802325581395,-10.12712
12,0.00175,188.9352,2.1969209302325585,67.07221,0.007799094186046511,-9.906328
12,0.002,213.9381,2.4876523255813954,77.49763,0.009011352325581395,-9.678444
12,0.00225,238.5038,2.7733000000000003,88.66693,0.010310108139534884,-9.443272
12,0.0025,264.8788,3.0799860465116287,100.7528,0.011715441860465116,-9.200466
12,0.00275,290.0149,3.372266279069768,113.3343,0.013178406976744186,-8.949577
12,0.003,315.3702,3.6670953488372096,126.2192,0.014676651162790698,-8.690437
12,0.00325,341.0118,3.965253488372093,139.6966,0.016243790697674416,-8.422836
12,0.0035,366.2284,4.258469767441861,154.2636,0.01793762790697674,-8.146328
12,0.00375,391.4855,4.552156976744186,169.8981,0.019755593023255812,-7.860531
12,0.004,416.7259,4.845650000000001,186.032,0.021631627906976748,-7.565068
12,0.00425,441.8838,5.138183720930233,202.7105,0.02357098837209302,-7.259537
12,0.0045,467.1541,5.4320244186046525,220.402,0.02562813953488372,-6.943605
12,0.00475,493.0661,5.733326744186047,239.3784,0.027834697674418603,-6.616796
12,0.005,517.3269,6.015429069767443,258.8382,0.030097465116279067,-6.278617
12,0.00525,542.347,6.3063604651162795,279.0464,0.03244725581395349,-5.928752
12,0.0055,566.7122,6.589676744186048,300.2382,0.03491141860465116,-5.566675
12,0.00575,591.3129,6.875731395348838,322.5213,0.037502476744186046,-5.191877
12,0.006,615.4887,7.1568453488372095,345.6759,0.040194872093023255,-4.804002
12,0.00625,639.8504,7.440120930232559,369.0965,0.0429181976744186,-4.402619
12,0.0065,663.7547,7.7180779069767445,393.4399,0.04574882558139535,-3.987311
12,0.00675,687.7729,7.997359302325583,419.1972,0.04874386046511628,-3.559127
12,0.007,711.6352,8.274827906976745,446.1396,0.051876697674418604,-3.122221
12,0.00725,735.0335,8.546901162790698,473.9345,0.05510866279069768,-2.681916
12,0.0075,758.4779,8.81951046511628,503.0277,0.058491593023255815,-2.2411
12,0.00775,781.4046,9.0861,534.0287,0.062096360465116275,-1.800285
12,0.008,804.9777,9.36020581395349,567.0936,0.06594111627906978,-1.35947
12,0.00825,828.4038,9.632602325581397,601.8916,0.06998739534883722,-0.9186544
12,0.0085,851.4329,9.900382558139535,637.6929,0.07415033720930234,-0.4778391
12,0.00875,873.5498,10.15755581395349,675.1304,0.07850353488372093,-0.03702384
12,0.009,896.3241,10.422373255813955,714.0118,0.08302462790697673,0.4037915
12,0.00925,917.8119,10.67223139534884,753.448,0.08761023255813953,0.8446067
12,0.0095,939.4208,10.923497674418606,792.6516,0.09216879069767442,1.285422
12,0.00975,961.3822,11.178862790697677,832.8268,0.09684032558139535,1.726237
12,0.01,982.6001,11.425582558139537,875.1595,0.10176273255813953,2.167053
12,0.01025,1003.66,11.67046511627907,919.359,0.10690220930232558,2.607868
12,0.0105,1024.507,11.912872093023257,964.3007,0.11212798837209302,3.048683
12,0.01075,1045.588,12.158,1009.51,0.11738488372093023,3.489498
12,0.011,1066.054,12.395976744186047,1054.879,0.12266034883720929,3.930082
12,0.01125,1085.668,12.624046511627906,1099.698,0.1278718604651163,4.369702
12,0.0115,1105.174,12.85086046511628,1144.096,0.13303441860465115,4.807765
12,0.01175,1125.09,13.082441860465117,1188.698,0.1382206976744186,5.244169
12,0.012,1144.06,13.303023255813955,1234.083,0.14349802325581396,5.678824
12,0.01225,1162.359,13.515802325581395,1279.393,0.14876662790697673,6.111678
12,0.0125,1180.645,13.728430232558141,1323.661,0.15391406976744187,6.542218
12,0.01275,1198.291,13.933616279069767,1365.169,0.15874058139534886,6.969172
12,0.013,1216.039,14.139988372093026,1404.799,0.16334872093023256,7.39184
12,0.01325,1232.575,14.332267441860468,1444.5,0.16796511627906976,7.8101
12,0.0135,1249.49,14.528953488372094,1484.315,0.17259476744186047,8.22272
12,0.01375,1266.649,14.728476744186047,1523.229,0.1771196511627907,8.628517
12,0.014,1282.063,14.907709302325584,1560.409,0.1814429069767442,9.026498
12,0.01425,1298.708,15.10125581395349,1595.067,0.18547290697674418,9.415171
12,0.0145,1314.896,15.289488372093025,1626.802,0.18916302325581394,9.79297
12,0.01475,1330.196,15.46739534883721,1655.416,0.19249023255813952,10.15801
12,0.015,1345.434,15.644581395348839,1681.867,0.19556593023255814,10.50801
12,0.01525,1360.655,15.821569767441861,1707.153,0.19850616279069766,10.84005
12,0.0155,1375.209,15.990802325581397,1731.423,0.2013282558139535,11.15055
12,0.01575,1389.466,16.156581395348837,1754.544,0.2040167441860465,11.4358
12,0.016,1403.251,16.316872093023257,1776.467,0.20656593023255812,11.69524
12,0.01625,1417.225,16.47936046511628,1797.209,0.20897779069767441,11.93164
12,0.0165,1430.011,16.628034883720932,1817.265,0.21130988372093026,12.14816
12,0.01675,1443.343,16.783058139534884,1836.513,0.21354802325581393,12.3476
12,0.017,1455.687,16.926593023255812,1854.716,0.2156646511627907,12.53218
12,0.01725,1467.563,17.06468604651163,1871.744,0.2176446511627907,12.70394
12,0.0175,1479.551,17.20408139534884,1888.013,0.2195363953488372,12.86455
12,0.01775,1491.628,17.34451162790698,1903.844,0.2213772093023256,13.01525
12,0.018,1502.129,17.46661627906977,1918.906,0.22312860465116277,13.15709
12,0.01825,1512.951,17.592453488372094,1932.559,0.22471616279069764,13.29091
12,0.0185,1523.609,17.71638372093023,1945.323,0.2262003488372093,13.4175
12,0.01875,1533.2,17.82790697674419,1957.874,0.22765976744186048,13.53741
12,0.019,1542.656,17.93786046511628,1970.041,0.22907453488372093,13.65106
12,0.01925,1551.351,18.038965116279073,1981.371,0.23039197674418607,13.75892
12,0.0195,1560.568,18.146139534883723,1991.907,0.23161709302325578,13.86146
12,0.01975,1569.166,18.246116279069767,2002.44,0.2328418604651163,13.95886
12,0.02,1577.368,18.34148837209302,2012.88,0.2340558139534884,14.05135
12,0.02025,1584.777,18.42763953488372,2022.734,0.23520162790697674,14.13928
12,0.0205,1592.197,18.513918604651163,2031.72,0.236246511627907,14.22289
12,0.02075,1598.738,18.58997674418605,2040.458,0.23726255813953492,14.30241
12,0.021,1605.44,18.667906976744188,2049.502,0.23831418604651164,14.37788
12,0.02125,1611.316,18.736232558139537,2058.087,0.23931244186046513,14.44949
12,0.0215,1616.868,18.80079069767442,2065.829,0.24021267441860467,14.51751
12,0.02175,1622.887,18.870779069767444,2072.945,0.2410401162790698,14.58204
12,0.022,1627.476,18.924139534883725,2080.028,0.24186372093023253,14.64313
12,0.02225,1632.046,18.97727906976744,2087.021,0.2426768604651163,14.70099
12,0.0225,1636.519,19.02929069767442,2093.43,0.2434220930232558,14.75582
12,0.02275,1640.173,19.07177906976744,2099.082,0.24407930232558137,14.80772
12,0.023,1644.481,19.121872093023256,2104.615,0.24472267441860462,14.85671
12,0.02325,1647.258,19.154162790697676,2110.136,0.24536465116279071,14.90289
12,0.0235,1649.707,19.182639534883727,2114.991,0.24592918604651165,14.94639
12,0.02375,1651.522,19.20374418604651,2119.169,0.246415,14.98727
12,0.024,1653.619,19.228127906976745,2123.134,0.24687604651162792,15.02564
12,0.02425,1655.064,19.24493023255814,2127.199,0.24734872093023258,15.06163
12,0.0245,1655.975,19.255523255813955,2130.866,0.24777511627906978,15.09532
12,0.02475,1656.128,19.257302325581396,2133.902,0.24812813953488372,15.12669
12,0.025,1655.921,19.25489534883721,2136.353,0.2484131395348837,15.1558
12,0.02525,1655.607,19.251244186046513,2138.58,0.2486720930232558,15.1828
12,0.0255,1654.673,19.240383720930232,2140.755,0.248925,15.20778
12,0.02575,1653.785,19.230058139534886,2142.57,0.24913604651162793,15.23075
12,0.026,1652.322,19.21304651162791,2143.781,0.24927686046511627,15.25168
12,0.02625,1649.863,19.184453488372096,2144.617,0.2493740697674419,15.27077
12,0.0265,1647.528,19.157302325581398,2145.503,0.24947709302325585,15.28818
12,0.02675,1644.753,19.125034883720932,2146.143,0.249551511627907,15.30381
12,0.027,1641.219,19.083941860465117,2146.079,0.2495440697674419,15.31767
12,0.02725,1638.196,19.04879069767442,2145.561,0.24948383720930237,15.32995
12,0.0275,1634.447,19.005197674418604,2145.122,0.24943279069767438,15.34074
12,0.02775,1629.521,18.947918604651164,2144.87,0.24940348837209303,15.35001
12,0.028,1624.986,18.89518604651163,2143.957,0.24929732558139533,15.35779
12,0.02825,1619.445,18.830755813953488,2142.412,0.24911767441860463,15.36419
12,0.0285,1614.313,18.77108139534884,2140.783,0.24892825581395348,15.36934
12,0.02875,1608.14,18.699302325581396,2139.379,0.24876500000000001,15.37318
12,0.029,1602.124,18.629348837209307,2137.665,0.2485656976744186,15.37566
12,0.02925,1595.368,18.55079069767442,2135.338,0.24829511627906978,15.37696
12,0.0295,1587.972,18.46479069767442,2132.816,0.24800186046511624,15.37719
12,0.02975,1580.973,18.383406976744187,2130.393,0.24772011627906976,15.37634
12,0.03,1572.821,18.288616279069768,2127.953,0.24743639534883718,15.37438
12,0.03025,1564.204,18.188418604651165,2124.837,0.24707406976744187,15.37135
12,0.0305,1555.282,18.084674418604653,2121.354,0.24666906976744182,15.36735
12,0.03075,1546.921,17.987453488372097,2118.121,0.24629313953488371,15.36236
12,0.031,1537.549,17.87847674418605,2114.928,0.24592186046511624,15.35636
12,0.03125,1527.419,17.76068604651163,2111.201,0.24548848837209303,15.3495
12,0.0315,1517.221,17.642104651162793,2106.811,0.24497802325581397,15.34179
12,0.03175,1506.463,17.517011627906978,2102.728,0.2445032558139535,15.33308
12,0.032,1495.49,17.389418604651166,2098.711,0.24403616279069767,15.32337
12,0.03225,1483.655,17.251802325581398,2094.422,0.2435374418604651,15.31266
12,0.0325,1472.237,17.119034883720932,2089.531,0.24296872093023258,15.30103
12,0.03275,1460.634,16.984116279069767,2084.443,0.24237709302325586,15.28847
12,0.033,1448.066,16.83797674418605,2079.526,0.24180534883720928,15.2749
12,0.03325,1434.296,16.677860465116282,2074.319,0.2411998837209302,15.26037
12,0.0335,1421.296,16.526697674418607,2068.655,0.24054127906976744,15.24496
12,0.03375,1407.283,16.36375581395349,2062.814,0.23986209302325578,15.22851
12,0.034,1393.279,16.200918604651164,2056.946,0.23917976744186045,15.21093
12,0.03425,1379.542,16.041186046511626,2050.88,0.23847441860465118,15.19233
12,0.0345,1364.892,15.870837209302328,2044.522,0.2377351162790698,15.17277
12,0.03475,1350.378,15.702069767441861,2037.846,0.23695883720930233,15.15219
12,0.035,1335.132,15.524790697674419,2031.038,0.23616720930232557,15.1305
12,0.03525,1320.055,15.349476744186047,2024.32,0.2353860465116279,15.10776
12,0.0355,1303.823,15.160732558139538,2017.369,0.2345777906976744,15.08401
12,0.03575,1287.972,14.976418604651164,2010.101,0.23373267441860468,15.05914
12,0.036,1271.088,14.780093023255814,2002.567,0.23285662790697675,15.03312
12,0.03625,1255.003,14.593058139534884,1995.058,0.23198348837209304,15.00592
12,0.0365,1238.055,14.395988372093024,1987.391,0.23109197674418608,14.97762
12,0.03675,1220.611,14.1931511627907,1979.396,0.23016232558139535,14.9482
12,0.037,1202.326,13.980534883720932,1971.031,0.2291896511627907,14.91753
12,0.03725,1184.586,13.77425581395349,1962.552,0.22820372093023256,14.8857
12,0.0375,1166.025,13.558430232558141,1953.917,0.22719965116279067,14.8527
12,0.03775,1147.713,13.3455,1944.982,0.22616069767441863,14.81852
12,0.038,1128.84,13.126046511627907,1935.625,0.22507267441860462,14.78308
12,0.03825,1109.622,12.90258139534884,1925.94,0.22394651162790696,14.74642
12,0.0385,1090.169,12.676383720930234,1916.208,0.22281488372093025,14.70865
12,0.03875,1070.563,12.448406976744188,1906.234,0.22165511627906978,14.66963
12,0.039,1049.858,12.207651162790699,1895.616,0.22042046511627908,14.62929
12,0.03925,1029.897,11.975546511627906,1884.331,0.21910825581395346,14.58768
12,0.0395,1009.621,11.739779069767442,1873.046,0.21779604651162793,14.54482
12,0.03975,989.074,11.50086046511628,1861.925,0.2165029069767442,14.50069
12,0.04,968.4032,11.260502325581395,1850.319,0.21515337209302324,14.45513
12,0.04025,946.5547,11.006450000000001,1837.846,0.21370302325581397,14.40814
12,0.0405,925.5192,10.761851162790697,1825.177,0.2122298837209302,14.35984
12,0.04075,903.3056,10.503553488372093,1812.826,0.21079372093023258,14.31002
12,0.041,881.8015,10.25350581395349,1800.148,0.2093195348837209,14.25857
12,0.04125,859.5094,9.994295348837209,1786.823,0.2077701162790698,14.2056
12,0.0415,836.9914,9.732458139534884,1773.289,0.2061963953488372,14.15118
12,0.04175,814.919,9.475802325581395,1760.032,0.20465488372093024,14.09527
12,0.042,792.0171,9.2095011627907,1746.692,0.20310372093023257,14.03766
12,0.04225,769.2945,8.945284883720932,1732.782,0.20148627906976746,13.97843
12,0.0425,746.0982,8.675560465116279,1718.415,0.1998156976744186,13.9176
12,0.04275,723.4313,8.411991860465116,1704.339,0.19817895348837208,13.85523
12,0.043,699.9702,8.139188372093024,1690.415,0.19655988372093022,13.79111
12,0.04325,676.6109,7.867568604651163,1676.076,0.19489255813953488,13.72525
12,0.0435,652.6823,7.589329069767443,1661.188,0.19316139534883722,13.65783
12,0.04375,629.5727,7.320612790697675,1646.213,0.19142011627906977,13.58875
12,0.044,605.1533,7.036666279069768,1631.385,0.18969593023255815,13.51794
12,0.04425,580.7992,6.753479069767443,1616.046,0.18791232558139534,13.44535
12,0.0445,556.0699,6.4659290697674425,1599.826,0.18602627906976746,13.37101
12,0.04475,531.4155,6.17925,1583.049,0.18407546511627906,13.29491
12,0.045,507.145,5.897034883720931,1565.873,0.1820782558139535,13.21692
12,0.04525,481.8813,5.603270930232559,1548.38,0.18004418604651162,13.13706
12,0.0455,456.7898,5.311509302325582,1530.341,0.1779466279069767,13.05549
12,0.04575,431.7028,5.019800000000001,1511.911,0.1758036046511628,12.97217
12,0.046,406.355,4.725058139534885,1493.266,0.17363558139534885,12.88687
12,0.04625,381.5558,4.436695348837209,1474.767,0.17148453488372092,12.79961
12,0.0465,355.8985,4.138354651162791,1455.998,0.16930209302325583,12.71057
12,0.04675,330.4135,3.842017441860466,1437.161,0.16711174418604652,12.61962
12,0.047,305.2896,3.5498790697674423,1418.128,0.16489860465116277,12.5267
12,0.04725,279.9499,3.255231395348838,1399.308,0.16271023255813952,12.43178
12,0.0475,254.2293,2.9561546511627905,1380.402,0.16051186046511629,12.33492
12,0.04775,228.1537,2.65295,1361.347,0.15829616279069766,12.23606
12,0.048,202.8095,2.3582500000000004,1342.046,0.15605186046511627,12.13502
12,0.04825,177.6638,2.0658581395348836,1322.485,0.15377732558139534,12.03186
12,0.0485,150.7702,1.7531418604651163,1302.795,0.15148779069767443,11.92663
12,0.04875,124.9235,1.4525988372093024,1282.417,0.14911825581395347,11.81922
12,0.049,99.31691,1.1548477906976744,1260.984,0.14662604651162792,11.70954
12,0.04925,73.14456,0.8505181395348838,1238.894,0.14405744186046512,11.59757
12,0.0495,47.47262,0.5520072093023256,1216.683,0.14147476744186047,11.48346
12,0.04975,21.95465,0.25528662790697676,1194.152,0.13885488372093024,11.3672
12,0.05,-4.264801,-0.049590709302325585,1171.789,0.13625453488372094,11.24959
12,0.05025,-30.42044,-0.3537260465116279,1149.511,0.13366406976744186,11.13075
12,0.0505,-56.01387,-0.6513240697674418,1127.136,0.13106232558139536,11.00987
12,0.05075,-81.71823,-0.9502119767441861,1104.949,0.12848244186046515,10.88683
12,0.051,-107.9306,-1.2550069767441863,1082.822,0.12590953488372092,10.76151
12,0.05125,-133.5752,-1.5532000000000001,1060.876,0.12335767441860465,10.63387
12,0.0515,-159.0582,-1.8495139534883722,1039.103,0.12082593023255814,10.50399
12,0.05175,-185.186,-2.1533255813953494,1017.428,0.11830558139534883,10.37181
12,0.052,-211.375,-2.4578488372093026,995.0907,0.11570822093023254,10.23722
12,0.05225,-237.8032,-2.765153488372093,971.8892,0.11301037209302325,10.10019
12,0.0525,-262.8693,-3.0566197674418607,948.1301,0.11024768604651163,9.960831
12,0.05275,-288.6127,-3.3559616279069773,923.8665,0.10742633720930232,9.819188
12,0.053,-314.2431,-3.653989534883722,899.1114,0.10454783720930233,9.675016
12,0.05325,-339.8609,-3.9518709302325585,874.2441,0.10165629069767443,9.528262
12,0.0535,-365.982,-4.255604651162791,849.4325,0.09877122093023256,9.379142
12,0.05375,-390.4131,-4.5396872093023255,824.6495,0.09588947674418605,9.227575
12,0.054,-416.0572,-4.837874418604652,800.3516,0.09306413953488371,9.073381
12,0.05425,-441.2849,-5.131219767441861,776.2054,0.09025644186046512,8.916557
12,0.0545,-466.1257,-5.420066279069768,752.1341,0.08745745348837208,8.757253
12,0.05475,-490.3992,-5.702316279069768,728.8307,0.08474775581395348,8.595479
12,0.055,-514.8424,-5.986539534883721,705.81,0.08207093023255813,8.430933
12,0.05525,-539.8731,-6.277594186046513,681.8948,0.07929009302325582,8.263534
12,0.0555,-564.0616,-6.558855813953489,657.2476,0.07642413953488372,8.093391
12,0.05575,-588.2743,-6.840398837209303,632.2736,0.07352018604651163,7.920596
12,0.056,-612.2004,-7.118609302325582,606.6842,0.07054467441860465,7.744892
12,0.05625,-636.5301,-7.401512790697674,580.5178,0.06750206976744186,7.566206
12,0.0565,-659.6483,-7.670329069767442,554.4704,0.0644733023255814,7.384586
12,0.05675,-683.8702,-7.951979069767441,528.4589,0.06144870930232558,7.199928
12,0.057,-707.3192,-8.224641860465118,502.5747,0.05843891860465117,7.012201
12,0.05725,-731.0664,-8.500772093023258,477.5291,0.05552663953488372,6.821158
12,0.0575,-754.1224,-8.76886511627907,452.6655,0.05263552325581396,6.626745
12,0.05775,-777.4938,-9.040625581395348,428.0196,0.04976972093023257,6.428972
12,0.058,-800.0964,-9.303446511627907,404.0168,0.046978697674418604,6.227697
12,0.05825,-822.694,-9.566209302325582,380.1569,0.04420429069767442,6.02285
12,0.0585,-844.9765,-9.825308139534883,355.6461,0.04135419767441861,5.814267
12,0.05875,-866.8964,-10.08019069767442,330.6466,0.03844727906976744,5.601815
12,0.059,-889.3217,-10.340950000000001,305.1108,0.035477999999999996,5.385342
12,0.05925,-910.8045,-10.59075,278.8681,0.03242652325581396,5.164762
12,0.0595,-932.4959,-10.84297558139535,252.7582,0.02939048837209302,4.939935
12,0.05975,-953.7462,-11.090072093023256,227.2733,0.026427127906976745,4.710696
12,0.06,-974.8161,-11.33507093023256,201.4447,0.023423802325581396,4.476941
12,0.06025,-995.5361,-11.576001162790698,176.2079,0.02048929069767442,4.238465
12,0.0605,-1016.22,-11.816511627906978,152.0251,0.017677337209302327,3.995371
12,0.06075,-1036.693,-12.05456976744186,128.3726,0.014927046511627908,3.747502
12,0.061,-1056.815,-12.288546511627908,104.9317,0.01220136046511628,3.494564
12,0.06125,-1076.71,-12.519883720930235,82.37127,0.00957805465116279,3.236587
12,0.0615,-1096.013,-12.744337209302326,60.10886,0.006989402325581396,2.97345
12,0.06175,-1115.541,-12.971406976744188,37.468,0.004356744186046512,2.704941
12,0.062,-1133.863,-13.184453488372096,14.69784,0.0017090511627906976,2.430888
12,0.06225,-1153.187,-13.409151162790698,-8.272492,-0.0009619176744186046,2.150996
12,0.0625,-1171.139,-13.61789534883721,-31.41981,-0.003653466279069767,1.865191
12,0.06275,-1188.293,-13.817360465116279,-54.09949,-0.006290638372093023,1.573492
12,0.063,-1206.486,-14.028906976744189,-76.14267,-0.008853798837209301,1.275497
12,0.06325,-1223.993,-14.232476744186048,-98.07833,-0.011404456976744186,0.9708862
12,0.0635,-1241.365,-14.434476744186048,-119.5711,-0.013903616279069768,0.6597441
12,0.06375,-1258.394,-14.632488372093025,-139.8049,-0.01625638372093023,0.3419249
12,0.064,-1274.698,-14.822069767441862,-158.973,-0.018485232558139535,0.01711661
12,0.06425,-1291.337,-15.015546511627909,-177.8871,-0.02068454651162791,-0.3148043
12,0.0645,-1307.06,-15.198372093023256,-196.2824,-0.02282353488372093,-0.6538566
12,0.06475,-1322.582,-15.378860465116283,-213.4778,-0.024823,-1.000063
12,0.065,-1338.331,-15.561988372093023,-229.5108,-0.026687302325581395,-1.353725
12,0.06525,-1353.412,-15.737348837209304,-245.3158,-0.028525093023255815,-1.714561
12,0.0655,-1367.505,-15.901220930232562,-260.8162,-0.030327465116279064,-2.081532
12,0.06575,-1382.635,-16.0771511627907,-275.5256,-0.03203786046511628,-2.45358
12,0.066,-1396.468,-16.238000000000003,-289.4011,-0.03365129069767442,-2.82987
12,0.06625,-1410.295,-16.398779069767443,-303.0684,-0.03524051162790698,-3.209802
12,0.0665,-1423.433,-16.551546511627908,-316.3297,-0.03678252325581395,-3.592618
12,0.06675,-1436.796,-16.70693023255814,-328.5412,-0.03820246511627907,-3.97771
12,0.067,-1449.767,-16.85775581395349,-339.7104,-0.03950120930232558,-4.364618
12,0.06725,-1461.864,-16.998418604651164,-350.2302,-0.040724441860465116,-4.752964
12,0.0675,-1473.806,-17.13727906976744,-360.1019,-0.04187231395348837,-5.142432
12,0.06775,-1485.002,-17.267465116279073,-368.8401,-0.042888383720930234,-5.532622
12,0.068,-1496.874,-17.40551162790698,-376.3394,-0.04376039534883721,-5.923356
12,0.06825,-1507.082,-17.524209302325584,-383.0399,-0.04453952325581395,-6.314407
12,0.0685,-1517.666,-17.647279069767443,-389.0878,-0.04524276744186047,-6.705403
12,0.06875,-1528.118,-17.768813953488372,-394.0743,-0.04582259302325581,-7.096005
12,0.069,-1537.093,-17.873174418604652,-397.8272,-0.046258976744186046,-7.485984
12,0.06925,-1546.352,-17.98083720930233,-400.8717,-0.046612988372093024,-7.875107
12,0.0695,-1555.225,-18.08401162790698,-403.4088,-0.046908,-8.262967
12,0.06975,-1564.144,-18.18772093023256,-405.2138,-0.04711788372093023,-8.649199
12,0.07,-1572.294,-18.282488372093027,-405.7293,-0.047177825581395355,-9.033508
12,0.07025,-1579.836,-18.37018604651163,-405.4791,-0.04714873255813954,-9.41556
12,0.0705,-1586.837,-18.451593023255818,-404.9832,-0.04709106976744186,-9.794742
12,0.07075,-1594.075,-18.535755813953493,-403.977,-0.04697406976744186,-10.1704
12,0.071,-1600.545,-18.610988372093026,-402.2766,-0.0467763488372093,-10.54181
12,0.07125,-1606.811,-18.6838488372093,-400.1513,-0.04652922093023256,-10.90792
12,0.0715,-1612.284,-18.747488372093027,-397.6947,-0.046243569767441865,-11.26735
12,0.07175,-1618.068,-18.81474418604651,-394.6896,-0.04589413953488372,-11.61834
12,0.072,-1622.811,-18.86989534883721,-391.2935,-0.045499244186046506,-11.95937
12,0.07225,-1627.529,-18.92475581395349,-387.7806,-0.04509076744186046,-12.28952
12,0.0725,-1631.834,-18.974813953488376,-384.1181,-0.04466489534883721,-12.60815
12,0.07275,-1635.788,-19.02079069767442,-380.1787,-0.04420682558139535,-12.91497
12,0.073,-1638.994,-19.05806976744186,-375.9085,-0.04371029069767442,-13.20989
12,0.07325,-1642.524,-19.09911627906977,-371.3594,-0.04318132558139535,-13.49275
12,0.0735,-1645.033,-19.12829069767442,-366.9396,-0.042667395348837206,-13.76324
12,0.07375,-1647.216,-19.153674418604652,-362.3835,-0.04213761627906977,-14.02125
12,0.074,-1649.082,-19.17537209302326,-357.6503,-0.041587244186046514,-14.26694
12,0.07425,-1650.822,-19.19560465116279,-353.1493,-0.04106387209302325,-14.50029
12,0.0745,-1651.305,-19.201220930232562,-348.6746,-0.040543558139534884,-14.72127
12,0.07475,-1651.914,-19.208302325581396,-344.1788,-0.04002079069767442,-14.92997
12,0.075,-1652.314,-19.212953488372094,-339.3872,-0.039463627906976745,-15.12669
12,0.07525,-1651.174,-19.19969767441861,-334.8976,-0.03894158139534884,-15.31173
12,0.0755,-1650.248,-19.188930232558143,-330.6925,-0.03845261627906977,-15.48509
12,0.07575,-1649.063,-19.1751511627907,-326.6756,-0.03798553488372093,-15.647
12,0.076,-1647.922,-19.161883720930234,-322.4559,-0.037494872093023254,-15.79782
12,0.07625,-1646.09,-19.14058139534884,-318.3676,-0.03701948837209302,-15.93781
12,0.0765,-1643.345,-19.108662790697675,-314.603,-0.03658174418604652,-16.06732
12,0.07675,-1640.308,-19.073348837209306,-310.9745,-0.03615982558139534,-16.18664
12,0.077,-1637.311,-19.0385,-307.2651,-0.0357285,-16.29614
12,0.07725,-1633.455,-18.993662790697677,-303.6942,-0.035313279069767445,-16.39612
12,0.0775,-1630.161,-18.955360465116282,-300.5701,-0.03495001162790698,-16.48697
12,0.07775,-1625.259,-18.898360465116284,-297.5212,-0.034595488372093024,-16.56899
12,0.078,-1620.448,-18.842418604651165,-294.4514,-0.03423853488372093,-16.64254
12,0.07825,-1615.368,-18.783348837209303,-291.4474,-0.03388923255813954,-16.70802
12,0.0785,-1609.614,-18.716441860465117,-288.8789,-0.033590569767441854,-16.76578
12,0.07875,-1603.501,-18.64536046511628,-286.5678,-0.03332183720930232,-16.81629
12,0.079,-1597.25,-18.572674418604652,-284.3306,-0.033061697674418605,-16.85993
12,0.07925,-1591.212,-18.502465116279073,-282.2007,-0.03281403488372093,-16.89697
12,0.0795,-1583.252,-18.409906976744185,-280.2333,-0.032585267441860466,-16.92775
12,0.07975,-1575.799,-18.323244186046512,-278.4293,-0.0323755,-16.95272
12,0.08,-1567.821,-18.230476744186046,-276.8902,-0.03219653488372093,-16.97233
12,0.08025,-1560.028,-18.139860465116282,-275.3043,-0.032012127906976745,-16.98682
12,0.0805,-1550.885,-18.033546511627907,-273.684,-0.03182372093023256,-16.99646
12,0.08075,-1541.957,-17.929732558139538,-272.2549,-0.03165754651162791,-17.00173
12,0.081,-1532.526,-17.82006976744186,-271.0018,-0.031511837209302326,-17.00296
12,0.08125,-1522.819,-17.707197674418605,-269.7786,-0.03136960465116279,-17.00037
12,0.0815,-1512.738,-17.58997674418605,-268.3577,-0.031204383720930234,-16.99421
12,0.08175,-1501.306,-17.457046511627908,-267.112,-0.031059534883720933,-16.98483
12,0.082,-1490.437,-17.330662790697676,-266.1183,-0.03094398837209302,-16.97263
12,0.08225,-1478.802,-17.195372093023256,-264.9771,-0.030811290697674416,-16.9578
12,0.0825,-1467.342,-17.06211627906977,-263.6156,-0.030652976744186045,-16.94048
12,0.08275,-1454.707,-16.915197674418607,-262.285,-0.03049825581395349,-16.92092
12,0.083,-1442.159,-16.76929069767442,-261.3292,-0.03038711627906977,-16.89936
12,0.08325,-1429.392,-16.620837209302326,-260.3826,-0.03027704651162791,-16.8759
12,0.0835,-1416.005,-16.465174418604654,-259.1281,-0.03013117441860465,-16.85067
12,0.08375,-1402.432,-16.307348837209304,-257.7751,-0.029973848837209306,-16.82377
12,0.084,-1388.568,-16.146139534883723,-256.772,-0.02985720930232558,-16.7954
12,0.08425,-1374.24,-15.979534883720932,-255.7959,-0.02974370930232558,-16.76569
12,0.0845,-1359.893,-15.812709302325583,-254.4262,-0.02958444186046512,-16.73459
12,0.08475,-1344.79,-15.637093023255815,-252.8215,-0.0293978488372093,-16.70212
12,0.085,-1329.827,-15.463104651162793,-251.5806,-0.029253558139534883,-16.66844
12,0.08525,-1314.802,-15.28839534883721,-250.5184,-0.029130046511627906,-16.6336
12,0.0855,-1299.488,-15.110325581395351,-249.0463,-0.02895887209302326,-16.59744
12,0.08575,-1282.908,-14.91753488372093,-247.3763,-0.02876468604651163,-16.56008
12,0.086,-1266.283,-14.724220930232557,-245.8606,-0.02858844186046512,-16.52165
12,0.08625,-1249.424,-14.52818604651163,-244.6212,-0.028444325581395348,-16.48205
12,0.0865,-1232.57,-14.332209302325582,-243.1266,-0.02827053488372093,-16.44122
12,0.08675,-1214.982,-14.127697674418606,-241.2971,-0.028057802325581395,-16.39916
12,0.087,-1197.468,-13.924046511627909,-239.5513,-0.027854802325581393,-16.35596
12,0.08725,-1179.678,-13.71718604651163,-237.9313,-0.027666430232558138,-16.31161
12,0.0875,-1160.6,-13.495348837209301,-236.0316,-0.027445534883720927,-16.26596
12,0.08775,-1142.042,-13.279558139534883,-233.9874,-0.027207837209302324,-16.21909
12,0.088,-1123.432,-13.063162790697676,-231.9438,-0.026970209302325583,-16.17105
12,0.08825,-1104.557,-12.84368604651163,-230.0377,-0.02674856976744186,-16.12176
12,0.0885,-1085.319,-12.619988372093022,-227.7606,-0.026483790697674422,-16.0711
12,0.08875,-1065.193,-12.38596511627907,-225.2546,-0.02619239534883721,-16.01907
12,0.089,-1045.119,-12.152546511627907,-222.6908,-0.02589427906976744,-15.96574
12,0.08925,-1024.872,-11.917116279069768,-220.2061,-0.02560536046511628,-15.91109
12,0.0895,-1004.489,-11.680104651162791,-217.5979,-0.025302081395348838,-15.85504
12,0.08975,-983.972,-11.441534883720932,-214.7195,-0.02496738372093023,-15.79752
12,0.09,-962.865,-11.196104651162791,-211.8095,-0.02462901162790698,-15.73855
12,0.09025,-941.717,-10.950197674418606,-209.0556,-0.02430879069767442,-15.67815
12,0.0905,-919.8509,-10.69594069767442,-206.0734,-0.023962023255813952,-15.6162
12,0.09075,-898.1837,-10.443996511627908,-202.636,-0.023562325581395347,-15.55271
12,0.091,-875.882,-10.18467441860465,-199.441,-0.023190813953488373,-15.48774
12,0.09125,-854.1632,-9.93213023255814,-196.3713,-0.022833872093023254,-15.4212
12,0.0915,-832.527,-9.680546511627908,-193.0801,-0.02245117441860465,-15.35295
12,0.09175,-809.3323,-9.41084069767442,-189.3663,-0.022019337209302325,-15.28301
12,0.092,-787.0766,-9.152053488372093,-185.6114,-0.021582720930232557,-15.21144
12,0.09225,-764.1012,-8.884897674418605,-181.9694,-0.021159232558139538,-15.13811
12,0.0925,-740.9511,-8.61571046511628,-178.2156,-0.020722744186046513,-15.0628
12,0.09275,-718.0805,-8.349773255813954,-174.1351,-0.020248267441860465,-14.98555
12,0.093,-694.6103,-8.076863953488374,-170.0548,-0.019773813953488373,-14.90646
12,0.09325,-671.8142,-7.811793023255815,-166.1715,-0.019322267441860465,-14.82531
12,0.0935,-648.0897,-7.535926744186048,-161.9581,-0.018832337209302327,-14.7419
12,0.09375,-624.4205,-7.2607034883720925,-157.4553,-0.018308755813953487,-14.65628
12,0.094,-600.2584,-6.9797488372093035,-152.8727,-0.01777589534883721,-14.56844
12,0.09425,-575.8228,-6.695613953488373,-148.6722,-0.01728746511627907,-14.47819
12,0.0945,-550.9602,-6.406513953488373,-144.1193,-0.016758058139534886,-14.38536
12,0.09475,-527.0362,-6.128327906976745,-139.1964,-0.016185627906976745,-14.28987
12,0.095,-501.9943,-5.837143023255814,-134.1792,-0.015602232558139535,-14.19176
12,0.09525,-476.8689,-5.544987209302326,-129.3848,-0.015044744186046514,-14.09085
12,0.0955,-451.9536,-5.255274418604651,-124.3878,-0.014463697674418604,-13.98694
12,0.09575,-426.5613,-4.960015116279071,-118.9554,-0.013832023255813954,-13.87995
12,0.096,-401.6931,-4.670850000000001,-113.2439,-0.013167895348837208,-13.76989
12,0.09625,-376.3018,-4.375602325581396,-107.6258,-0.012514627906976742,-13.65668
12,0.0965,-351.3622,-4.085606976744186,-101.7094,-0.011826674418604652,-13.54001
12,0.09675,-325.6548,-3.786683720930233,-95.32608,-0.011084427906976745,-13.41975
12,0.097,-300.7365,-3.4969360465116277,-88.70991,-0.010315105813953488,-13.29587
12,0.09725,-274.8103,-3.195468604651163,-82.10404,-0.009546981395348837,-13.16828
12,0.0975,-249.2549,-2.8983127906976747,-75.47389,-0.008776033720930233,-13.03674
12,0.09775,-223.7445,-2.60168023255814,-68.23378,-0.007934160465116278,-12.90107
12,0.098,-197.6527,-2.298287209302326,-60.53882,-0.007039397674418605,-12.76123
12,0.09825,-172.0821,-2.000954651162791,-52.93999,-0.006155812790697674,-12.61708
12,0.0985,-146.6482,-1.705211627906977,-45.30965,-0.005268563953488372,-12.46839
12,0.09875,-120.7032,-1.4035255813953489,-37.27433,-0.004334224418604651,-12.31499
12,0.099,-94.6479,-1.100556976744186,-28.77025,-0.0033453779069767446,-12.15687
12,0.09925,-69.84661,-0.8121698837209304,-20.21053,-0.0023500616279069765,-11.99388
12,0.0995,-42.81475,-0.49784593023255813,-11.37417,-0.001322577906976744,-11.82566
12,0.09975,-17.03746,-0.19811,-2.153888,-0.0002504520930232558,-11.65207
12,0.1,5.633021,0.06550024418604651,7.132723,0.0008293863953488372,-11.4846
13,0.0,7.971343,0.09269003488372093,0.0,0.0,-17.07159
13,0.00025,33.08578,0.3847183720930233,2.352647,0.0002735636046511628,-16.91244
13,0.0005,61.26434,0.7123760465116279,4.743066,0.0005515193023255814,-16.74794
13,0.00075,87.80946,1.0210402325581396,7.395032,0.000859887441860465,-16.57784
13,0.001,113.7245,1.3223779069767443,10.39001,0.0012081406976744188,-16.40207
13,0.00125,138.891,1.6150116279069768,13.60977,0.001582531395348837,-16.22047
13,0.0015,165.2761,1.92181511627907,16.90707,0.0019659383720930235,-16.03269
13,0.00175,190.1447,2.2109848837209305,20.44784,0.002377655813953488,-15.83857
13,0.002,215.9488,2.511032558139535,24.46623,0.0028449104651162792,-15.63799
13,0.00225,241.1067,2.8035662790697673,28.77359,0.0033457662790697673,-15.43073
13,0.0025,266.0164,3.0932139534883722,33.24948,0.0038662186046511627,-15.2165
13,0.00275,291.4538,3.388997674418605,37.88572,0.0044053162790697676,-14.99488
13,0.003,316.1705,3.676401162790698,43.18727,0.0050217755813953486,-14.76573
13,0.00325,341.7244,3.9735395348837215,49.06273,0.005704968604651163,-14.52887
13,0.0035,366.5779,4.262533720930232,55.42293,0.006444526744186047,-14.28382
13,0.00375,391.4845,4.55214534883721,62.1686,0.007228906976744187,-14.03024
13,0.004,415.9145,4.83621511627907,69.41216,0.008071181395348837,-13.76788
13,0.00425,440.9827,5.127705813953489,77.34168,0.008993218604651163,-13.49641
13,0.0045,465.626,5.414255813953488,85.8874,0.009986906976744186,-13.21547
13,0.00475,490.7656,5.706576744186047,94.96768,0.011042753488372093,-12.92454
13,0.005,515.4296,5.993367441860466,104.8895,0.012196453488372094,-12.62312
13,0.00525,540.2172,6.281595348837211,115.6655,0.013449476744186048,-12.31095
13,0.0055,564.1788,6.560218604651164,127.2178,0.014792767441860465,-11.9875
13,0.00575,589.641,6.856290697674419,139.7741,0.016252802325581395,-11.65213
13,0.006,613.9697,7.139182558139535,153.296,0.017825116279069766,-11.30435
13,0.00625,637.7489,7.415684883720932,167.9639,0.019530686046511626,-10.94364
13,0.0065,661.5322,7.692234883720931,183.6904,0.021359348837209302,-10.5693
13,0.00675,685.5129,7.97108023255814,200.302,0.023290930232558137,-10.18055
13,0.007,708.3875,8.237063953488374,217.9529,0.02534336046511628,-9.77666
13,0.00725,732.5309,8.517801162790699,236.393,0.027487558139534886,-9.357013
13,0.0075,755.4237,8.783996511627908,255.946,0.02976116279069767,-8.920791
13,0.00775,778.3464,9.050539534883722,276.4358,0.0321436976744186,-8.466869
13,0.008,800.7287,9.310798837209303,297.8421,0.0346328023255814,-7.994567
13,0.00825,823.699,9.57789534883721,320.9749,0.037322662790697674,-7.503233
13,0.0085,845.6123,9.832701162790698,346.5789,0.04029987209302325,-6.991805
13,0.00875,867.6841,10.08935,374.2938,0.043522534883720924,-6.459361
13,0.009,889.3558,10.341346511627908,404.8066,0.047070534883720934,-5.904964
13,0.00925,911.1825,10.59514534883721,438.292,0.05096418604651163,-5.32787
13,0.0095,932.5802,10.843955813953489,474.5359,0.05517859302325581,-4.727306
13,0.00975,953.7357,11.08995,513.397,0.05969732558139536,-4.102307
13,0.01,974.5236,11.331669767441861,552.9143,0.06429236046511629,-3.452269
13,0.01025,995.4796,11.575344186046511,592.4564,0.06889027906976744,-2.776898
13,0.0105,1015.986,11.81379069767442,633.0105,0.07360587209302326,-2.075848
13,0.01075,1036.503,12.052360465116278,676.9483,0.07871491860465117,-1.348957
13,0.011,1056.548,12.285441860465117,724.8968,0.08429032558139535,-0.5964778
13,0.01125,1076.717,12.519965116279073,776.5997,0.09030229069767443,0.1809384
13,0.0115,1097.104,12.757023255813953,830.5338,0.0965736976744186,0.9821815
13,0.01175,1116.543,12.983058139534883,883.2254,0.10270062790697675,1.805938
13,0.012,1135.687,13.205662790697673,933.8403,0.10858608139534882,2.650429
13,0.01225,1155.301,13.433732558139534,985.9677,0.11464740697674418,3.513183
13,0.0125,1174.43,13.656162790697676,1040.841,0.12102802325581394,4.391281
13,0.01275,1194.159,13.885569767441863,1098.006,0.12767511627906977,5.281116
13,0.013,1213.238,14.107418604651164,1155.701,0.13438383720930233,6.178334
13,0.01325,1232.679,14.333476744186049,1209.622,0.14065372093023257,7.077875
13,0.0135,1251.626,14.553790697674419,1259.92,0.14650232558139537,7.97381
13,0.01375,1271.517,14.78508139534884,1310.166,0.15234488372093022,8.859442
13,0.014,1290.082,15.000953488372096,1361.294,0.15829000000000001,9.72705
13,0.01425,1308.222,15.211883720930233,1412.709,0.16426848837209304,10.56783
13,0.0145,1326.113,15.419918604651164,1462.411,0.17004779069767442,11.37271
13,0.01475,1343.046,15.616813953488373,1507.724,0.1753167441860465,12.13265
13,0.015,1358.828,15.800325581395349,1548.87,0.18010116279069766,12.83946
13,0.01525,1373.803,15.974453488372095,1586.647,0.18449383720930232,13.48669
13,0.0155,1387.865,16.13796511627907,1622.085,0.18861453488372093,14.07049
13,0.01575,1400.723,16.287476744186048,1655.33,0.1924802325581395,14.59041
13,0.016,1413.47,16.435697674418606,1686.31,0.19608255813953487,15.04898
13,0.01625,1424.905,16.568662790697676,1715.039,0.19942313953488375,15.45132
13,0.0165,1437.053,16.709918604651165,1741.485,0.20249825581395348,15.80431
13,0.01675,1447.981,16.836988372093025,1765.218,0.2052579069767442,16.11518
13,0.017,1459.66,16.97279069767442,1786.784,0.20776558139534887,16.39067
13,0.01725,1470.513,17.09898837209302,1807.023,0.2101189534883721,16.63659
13,0.0175,1481.653,17.228523255813954,1825.747,0.21229616279069768,16.85786
13,0.01775,1493.022,17.360720930232556,1842.944,0.21429581395348835,17.05864
13,0.018,1503.545,17.48308139534884,1858.812,0.21614093023255812,17.24234
13,0.01825,1514.212,17.607116279069768,1874.089,0.21791732558139534,17.4116
13,0.0185,1524.281,17.72419767441861,1888.959,0.2196463953488372,17.56838
13,0.01875,1534.284,17.84051162790698,1902.958,0.22127418604651167,17.71416
13,0.019,1543.909,17.95243023255814,1916.02,0.22279302325581393,17.84998
13,0.01925,1553.361,18.062337209302328,1928.496,0.2242437209302326,17.97678
13,0.0195,1561.347,18.155197674418606,1940.853,0.22568058139534886,18.09544
13,0.01975,1570.001,18.25582558139535,1952.707,0.2270589534883721,18.20663
13,0.02,1578.006,18.348906976744185,1963.957,0.22836709302325583,18.3108
13,0.02025,1585.559,18.436732558139536,1974.706,0.22961697674418602,18.40842
13,0.0205,1592.529,18.517779069767442,1985.306,0.23084953488372092,18.50006
13,0.02075,1599.84,18.60279069767442,1995.518,0.23203697674418605,18.58617
13,0.021,1606.451,18.679662790697677,2004.966,0.23313558139534882,18.66704
13,0.02125,1612.474,18.749697674418606,2013.738,0.23415558139534884,18.74283
13,0.0215,1618.445,18.819127906976743,2022.2,0.2351395348837209,18.81394
13,0.02175,1623.974,18.883418604651165,2030.45,0.2360988372093023,18.88073
13,0.022,1629.081,18.942802325581397,2038.182,0.23699790697674417,18.94329
13,0.02225,1633.245,18.991220930232558,2045.311,0.23782686046511628,19.00185
13,0.0225,1637.126,19.036348837209307,2051.914,0.23859465116279072,19.05668
13,0.02275,1641.244,19.084232558139533,2058.258,0.2393323255813953,19.10791
13,0.023,1644.739,19.12487209302326,2064.21,0.24002441860465118,19.15563
13,0.02325,1647.085,19.152151162790698,2069.501,0.2406396511627907,19.20002
13,0.0235,1649.161,19.17629069767442,2074.313,0.24119918604651164,19.24128
13,0.02375,1650.837,19.195779069767443,2078.956,0.2417390697674419,19.27948
13,0.024,1652.736,19.21786046511628,2083.283,0.24224220930232557,19.31464
13,0.02425,1653.723,19.22933720930233,2087.092,0.24268511627906977,19.34689
13,0.0245,1654.592,19.239441860465117,2090.368,0.24306604651162791,19.37646
13,0.02475,1654.892,19.24293023255814,2093.427,0.2434217441860465,19.40341
13,0.025,1655.223,19.24677906976744,2096.335,0.24375988372093024,19.42775
13,0.02525,1655.015,19.244360465116284,2098.741,0.24403965116279067,19.44952
13,0.0255,1654.152,19.23432558139535,2100.593,0.244255,19.46892
13,0.02575,1653.808,19.230325581395352,2102.144,0.24443534883720924,19.48608
13,0.026,1651.957,19.208802325581395,2103.576,0.24460186046511628,19.50094
13,0.02625,1649.898,19.18486046511628,2104.74,0.24473720930232556,19.51363
13,0.0265,1647.826,19.160767441860465,2105.274,0.2447993023255814,19.52433
13,0.02675,1645.318,19.131604651162792,2105.472,0.24482232558139536,19.5331
13,0.027,1641.875,19.09156976744186,2105.769,0.24485686046511623,19.53998
13,0.02725,1638.271,19.049662790697674,2105.798,0.2448602325581395,19.54497
13,0.0275,1634.466,19.005418604651165,2105.182,0.24478860465116276,19.54819
13,0.02775,1630.119,18.954872093023255,2104.26,0.24468139534883723,19.54985
13,0.028,1624.954,18.894813953488374,2103.362,0.24457697674418605,19.54987
13,0.02825,1619.67,18.83337209302326,2102.481,0.24447453488372095,19.54829
13,0.0285,1614.23,18.77011627906977,2101.115,0.24431569767441857,19.54537
13,0.02875,1607.962,18.69723255813954,2099.331,0.24410825581395348,19.54108
13,0.029,1601.451,18.621523255813955,2097.554,0.24390162790697678,19.53534
13,0.02925,1594.845,18.544709302325582,2095.742,0.24369093023255817,19.52828
13,0.0295,1587.664,18.461209302325585,2093.508,0.24343116279069765,19.52
13,0.02975,1580.243,18.374918604651164,2091.008,0.24314046511627907,19.51062
13,0.03,1572.131,18.28059302325582,2088.355,0.24283197674418605,19.50002
13,0.03025,1564.132,18.18758139534884,2085.602,0.24251186046511625,19.48819
13,0.0305,1555.01,18.081511627906977,2082.682,0.24217232558139531,19.47533
13,0.03075,1546.254,17.979697674418606,2079.416,0.2417925581395349,19.46148
13,0.031,1536.461,17.865825581395352,2076.16,0.24141395348837208,19.44647
13,0.03125,1526.311,17.747802325581397,2072.611,0.24100127906976745,19.43042
13,0.0315,1516.085,17.62889534883721,2068.788,0.24055674418604653,19.41341
13,0.03175,1505.591,17.506872093023254,2064.775,0.24009011627906976,19.39542
13,0.032,1494.819,17.381616279069767,2060.677,0.2396136046511628,19.37641
13,0.03225,1482.937,17.24345348837209,2056.453,0.23912244186046513,19.35631
13,0.0325,1471.605,17.11168604651163,2051.954,0.23859930232558144,19.33521
13,0.03275,1459.688,16.97311627906977,2047.164,0.23804232558139535,19.31321
13,0.033,1446.952,16.825023255813953,2042.088,0.23745209302325582,19.29012
13,0.03325,1434.415,16.67924418604651,2036.95,0.23685465116279072,19.26593
13,0.0335,1421.607,16.530313953488374,2031.612,0.2362339534883721,19.24084
13,0.03375,1409.01,16.383837209302325,2025.848,0.23556372093023256,19.2148
13,0.034,1394.542,16.215604651162792,2020.004,0.23488418604651162,19.18768
13,0.03425,1380.686,16.054488372093022,2013.971,0.23418267441860466,19.15947
13,0.0345,1366.422,15.888627906976746,2007.639,0.2334463953488372,19.13025
13,0.03475,1351.342,15.713279069767445,2001.173,0.23269453488372094,19.10007
13,0.035,1335.993,15.534802325581396,1994.483,0.23191662790697673,19.06879
13,0.03525,1320.622,15.356069767441863,1987.61,0.2311174418604651,19.03639
13,0.0355,1304.62,15.17,1980.518,0.23029279069767444,19.00297
13,0.03575,1288.571,14.983383720930233,1973.224,0.2294446511627907,18.96844
13,0.036,1271.904,14.789581395348838,1965.743,0.22857476744186045,18.9328
13,0.03625,1254.916,14.592046511627908,1958.101,0.22768616279069767,18.89599
13,0.0365,1238.176,14.39739534883721,1950.151,0.22676174418604653,18.85798
13,0.03675,1220.022,14.186302325581394,1942.002,0.22581418604651163,18.81886
13,0.037,1202.372,13.981069767441863,1933.839,0.224865,18.77852
13,0.03725,1184.604,13.774465116279071,1925.462,0.22389093023255816,18.73695
13,0.0375,1166.163,13.560034883720931,1916.717,0.22287406976744187,18.69424
13,0.03775,1147.574,13.343883720930235,1907.71,0.22182674418604653,18.65029
13,0.038,1128.824,13.125860465116281,1898.461,0.22075127906976744,18.60505
13,0.03825,1109.896,12.905767441860466,1889.132,0.21966651162790696,18.55856
13,0.0385,1090.414,12.679232558139535,1879.659,0.21856499999999998,18.51075
13,0.03875,1071.049,12.454058139534883,1869.74,0.21741162790697677,18.46163
13,0.039,1050.654,12.216906976744188,1859.602,0.21623279069767445,18.41121
13,0.03925,1030.143,11.978406976744187,1849.181,0.21502104651162793,18.35947
13,0.0395,1009.527,11.73868604651163,1838.554,0.21378534883720932,18.30646
13,0.03975,989.0072,11.500083720930233,1827.56,0.21250697674418603,18.25215
13,0.04,968.156,11.257627906976744,1815.981,0.21116058139534882,18.19623
13,0.04025,947.0334,11.012016279069769,1804.193,0.20978988372093021,18.13882
13,0.0405,925.7993,10.765108139534885,1792.045,0.20837732558139535,18.08013
13,0.04075,904.1554,10.513434883720931,1779.512,0.20691999999999997,18.01999
13,0.041,882.3941,10.260396511627906,1766.551,0.2054129069767442,17.95826
13,0.04125,860.6596,10.007669767441861,1753.156,0.2038553488372093,17.89493
13,0.0415,838.0403,9.744654651162792,1739.431,0.20225941860465116,17.8301
13,0.04175,815.8586,9.486727906976745,1725.522,0.2006420930232558,17.76382
13,0.042,793.3563,9.225073255813955,1711.21,0.1989779069767442,17.69585
13,0.04225,770.1342,8.955048837209302,1696.507,0.1972682558139535,17.62618
13,0.0425,747.0206,8.686286046511627,1681.689,0.19554523255813955,17.55498
13,0.04275,723.5068,8.412869767441862,1666.775,0.19381104651162792,17.48216
13,0.043,700.2017,8.14188023255814,1651.663,0.19205383720930233,17.40762
13,0.04325,676.116,7.861813953488372,1636.428,0.19028232558139538,17.33135
13,0.0435,652.9614,7.592574418604652,1621.149,0.1885056976744186,17.25335
13,0.04375,628.0329,7.302708139534885,1605.985,0.1867424418604651,17.17363
13,0.044,603.8916,7.02199534883721,1590.507,0.18494267441860465,17.09206
13,0.04425,579.6768,6.740427906976745,1574.615,0.18309476744186046,17.00856
13,0.0445,555.0979,6.454626744186046,1558.412,0.1812106976744186,16.9233
13,0.04475,530.6593,6.1704569767441875,1542.403,0.17934918604651165,16.83622
13,0.045,505.5814,5.878853488372093,1526.012,0.17744325581395348,16.74717
13,0.04525,481.1104,5.594306976744186,1508.816,0.17544372093023256,16.65607
13,0.0455,456.4565,5.307633720930233,1490.865,0.1733563953488372,16.56302
13,0.04575,431.6476,5.019158139534884,1472.725,0.1712470930232558,16.46817
13,0.046,406.5966,4.727867441860466,1454.35,0.16911046511627906,16.37131
13,0.04625,381.6703,4.438026744186047,1435.298,0.16689511627906978,16.27227
13,0.0465,355.9259,4.138673255813954,1415.652,0.1646106976744186,16.17128
13,0.04675,330.6055,3.8442500000000006,1395.882,0.16231186046511628,16.06841
13,0.047,305.1781,3.5485825581395347,1376.247,0.16002872093023257,15.96351
13,0.04725,279.9084,3.254748837209302,1356.459,0.15772779069767442,15.85637
13,0.0475,254.1645,2.955401162790698,1336.225,0.15537499999999999,15.74709
13,0.04775,228.6784,2.659051162790698,1316.065,0.1530308139534884,15.63578
13,0.048,202.5623,2.3553755813953487,1296.211,0.15072220930232558,15.52226
13,0.04825,176.4442,2.0516767441860466,1276.411,0.14841988372093023,15.40644
13,0.0485,150.8421,1.7539779069767443,1256.299,0.14608127906976742,15.28839
13,0.04875,125.2745,1.4566802325581398,1235.932,0.14371302325581398,15.16823
13,0.049,99.0895,1.152203488372093,1215.386,0.14132395348837207,15.04577
13,0.04925,73.28182,0.8521141860465117,1194.275,0.13886918604651163,14.9209
13,0.0495,47.27762,0.5497397674418605,1172.572,0.13634558139534883,14.79374
13,0.04975,20.76339,0.2414347674418605,1150.47,0.13377558139534884,14.66439
13,0.05,-4.886771,-0.05682291860465117,1128.126,0.13117744186046512,14.53289
13,0.05025,-30.18492,-0.35098744186046515,1104.875,0.1284738372093023,14.39924
13,0.0505,-57.15398,-0.6645811627906977,1081.08,0.12570697674418604,14.26333
13,0.05075,-82.5904,-0.9603534883720931,1057.651,0.12298267441860466,14.1252
13,0.051,-107.9716,-1.2554837209302325,1034.607,0.12030313953488372,13.98462
13,0.05125,-134.4468,-1.5633348837209302,1011.551,0.1176222093023256,13.84142
13,0.0515,-160.4374,-1.8655511627906978,988.3579,0.11492533720930233,13.69582
13,0.05175,-186.5464,-2.169144186046512,965.5807,0.11227682558139535,13.5479
13,0.052,-212.4118,-2.469904651162791,942.8805,0.10963726744186048,13.39749
13,0.05225,-237.9268,-2.7665906976744186,920.1336,0.10699227906976745,13.24443
13,0.0525,-263.6554,-3.0657604651162793,896.7056,0.1042680930232558,13.08881
13,0.05275,-289.0701,-3.36128023255814,872.5793,0.10146270930232557,12.93058
13,0.053,-314.2831,-3.654454651162791,848.1687,0.09862426744186045,12.7695
13,0.05325,-339.8127,-3.9513104651162796,823.5748,0.09576451162790697,12.60557
13,0.0535,-365.116,-4.24553488372093,798.2101,0.09281512790697674,12.43886
13,0.05375,-390.018,-4.535093023255814,772.0254,0.0897703953488372,12.26951
13,0.054,-414.5058,-4.81983488372093,746.106,0.08675651162790697,12.09727
13,0.05425,-439.9159,-5.115301162790698,720.6588,0.08379753488372094,11.92188
13,0.0545,-464.7354,-5.4039,695.5197,0.08087438372093023,11.74364
13,0.05475,-489.1578,-5.687881395348838,670.5406,0.07796983720930233,11.56239
13,0.055,-514.2513,-5.979666279069768,645.8287,0.07509636046511628,11.37781
13,0.05525,-538.6378,-6.26323023255814,621.2845,0.07224238372093024,11.18987
13,0.0555,-563.16,-6.548372093023255,596.9598,0.06941393023255814,10.99865
13,0.05575,-587.7354,-6.834132558139536,572.1759,0.06653208139534883,10.80422
13,0.056,-612.1305,-7.117796511627907,546.4174,0.06353690697674419,10.60634
13,0.05625,-636.0069,-7.3954290697674425,520.3025,0.06050029069767442,10.40486
13,0.0565,-659.9664,-7.674027906976745,494.1917,0.0574641511627907,10.19974
13,0.05675,-683.9188,-7.952544186046513,467.5995,0.05437203488372093,9.990886
13,0.057,-707.8647,-8.23098488372093,440.4972,0.05122060465116279,9.778093
13,0.05725,-730.2236,-8.490972093023256,413.7895,0.04811505813953488,9.561259
13,0.0575,-754.3472,-8.771479069767443,387.8605,0.04510005813953488,9.340408
13,0.05775,-776.6465,-9.030773255813955,362.486,0.04214953488372093,9.115484
13,0.058,-799.435,-9.29575581395349,337.2264,0.03921237209302326,8.88633
13,0.05825,-822.0669,-9.558917441860467,311.9479,0.03627301162790698,8.652649
13,0.0585,-844.5794,-9.820690697674419,287.2417,0.033400197674418604,8.4144
13,0.05875,-866.7571,-10.07857093023256,262.8882,0.030568395348837207,8.17163
13,0.059,-888.5442,-10.331909302325583,237.7059,0.02764022093023256,7.923867
13,0.05925,-910.4681,-10.586838372093025,211.6207,0.024607058139534885,7.67085
13,0.0595,-931.3406,-10.829541860465117,185.7577,0.021599732558139535,7.412565
13,0.05975,-952.9783,-11.081143023255814,160.1009,0.018616383720930232,7.148925
13,0.06,-974.2119,-11.32804534883721,134.3004,0.015616325581395347,6.879555
13,0.06025,-994.4173,-11.562991860465118,108.4301,0.012608151162790697,6.603984
13,0.0605,-1015.225,-11.804941860465119,82.95558,0.009645997674418604,6.322035
13,0.06075,-1035.49,-12.040581395348838,58.63672,0.0068182232558139525,6.033661
13,0.061,-1055.306,-12.271000000000003,35.2946,0.004104023255813954,5.738551
13,0.06125,-1074.963,-12.49956976744186,11.99711,0.0013950127906976744,5.436192
13,0.0615,-1094.543,-12.727244186046512,-11.19805,-0.0013020988372093023,5.126467
13,0.06175,-1113.446,-12.947046511627907,-33.56701,-0.003903140697674419,4.809086
13,0.062,-1132.593,-13.16968604651163,-55.29563,-0.006429724418604651,4.483506
13,0.06225,-1151.125,-13.385174418604652,-77.48781,-0.009010210465116278,4.149412
13,0.0625,-1169.767,-13.601941860465118,-99.89805,-0.011616052325581395,3.806468
13,0.06275,-1187.857,-13.81229069767442,-121.7564,-0.014157720930232556,3.454469
13,0.063,-1205.238,-14.014395348837212,-142.9152,-0.016618046511627908,3.093083
13,0.06325,-1222.738,-14.217883720930235,-163.9663,-0.019065848837209298,2.721758
13,0.0635,-1240.524,-14.424697674418605,-184.8897,-0.021498802325581396,2.340044
13,0.06375,-1256.892,-14.615023255813956,-204.944,-0.023830697674418602,1.947612
13,0.064,-1274.23,-14.816627906976747,-223.705,-0.026012209302325583,1.544108
13,0.06425,-1290.905,-15.010523255813954,-241.7104,-0.02810586046511628,1.129121
13,0.0645,-1306.762,-15.194906976744187,-258.97,-0.030112790697674426,0.7022457
13,0.06475,-1322.336,-15.376000000000001,-275.3149,-0.03201336046511628,0.2631267
13,0.065,-1337.413,-15.551313953488373,-290.3206,-0.033758209302325586,-0.1883007
13,0.06525,-1352.503,-15.726779069767442,-304.2668,-0.03537986046511628,-0.6521712
13,0.0655,-1367.657,-15.902988372093024,-317.4279,-0.03691022093023256,-1.128728
13,0.06575,-1381.706,-16.066348837209304,-329.9134,-0.038362023255813955,-1.617744
13,0.066,-1395.309,-16.224523255813953,-341.2357,-0.03967856976744186,-2.119215
13,0.06625,-1408.475,-16.377616279069766,-351.1692,-0.04083362790697674,-2.633047
13,0.0665,-1421.715,-16.531569767441862,-359.9135,-0.041850406976744185,-3.158565
13,0.06675,-1435.193,-16.688290697674418,-368.0269,-0.04279382558139535,-3.69501
13,0.067,-1447.321,-16.829313953488374,-375.0477,-0.04361019767441861,-4.241708
13,0.06725,-1460.08,-16.977674418604654,-380.7772,-0.04427641860465117,-4.798024
13,0.0675,-1471.9,-17.11511627906977,-384.9475,-0.044761337209302324,-5.362646
13,0.06775,-1483.705,-17.252383720930233,-388.231,-0.04514313953488372,-5.934238
13,0.068,-1495.548,-17.390093023255815,-390.4165,-0.04539726744186046,-6.511687
13,0.06825,-1506.155,-17.51343023255814,-391.3533,-0.0455061976744186,-7.093569
13,0.0685,-1516.68,-17.635813953488373,-390.8089,-0.045442895348837206,-7.678186
13,0.06875,-1527.319,-17.759523255813953,-389.2072,-0.0452566511627907,-8.263849
13,0.069,-1537.259,-17.875104651162793,-386.7852,-0.044975023255813956,-8.848793
13,0.06925,-1546.27,-17.979883720930232,-383.2732,-0.04456665116279069,-9.431236
13,0.0695,-1556.017,-18.09322093023256,-378.4964,-0.044011209302325584,-10.00949
13,0.06975,-1564.38,-18.19046511627907,-372.7844,-0.04334702325581396,-10.58167
13,0.07,-1572.505,-18.284941860465118,-366.2457,-0.04258670930232558,-11.14614
13,0.07025,-1580.801,-18.381406976744188,-359.0401,-0.0417488488372093,-11.70135
13,0.0705,-1588.391,-18.469662790697676,-350.9676,-0.040810186046511626,-12.24552
13,0.07075,-1595.422,-18.551418604651165,-342.015,-0.039769186046511626,-12.77703
13,0.071,-1602.334,-18.63179069767442,-332.5336,-0.038666697674418604,-13.29465
13,0.07125,-1608.742,-18.706302325581397,-322.7767,-0.03753217441860465,-13.79728
13,0.0715,-1614.903,-18.77794186046512,-312.6908,-0.03635939534883721,-14.2838
13,0.07175,-1619.928,-18.83637209302326,-302.1824,-0.03513748837209302,-14.75326
13,0.072,-1625.719,-18.903709302325584,-290.9956,-0.0338366976744186,-15.20512
13,0.07225,-1630.111,-18.954779069767447,-279.9338,-0.032550441860465115,-15.63901
13,0.0725,-1634.387,-19.0045,-269.0279,-0.03128231395348837,-16.05444
13,0.07275,-1637.939,-19.0458023255814,-258.1087,-0.03001263953488372,-16.45104
13,0.073,-1641.569,-19.088011627906976,-246.9718,-0.028717651162790698,-16.82888
13,0.07325,-1644.286,-19.119604651162796,-235.9958,-0.027441372093023254,-17.18806
13,0.0735,-1646.567,-19.146127906976744,-225.3372,-0.026202000000000003,-17.52861
13,0.07375,-1648.523,-19.168872093023257,-215.0868,-0.025010093023255815,-17.85081
13,0.074,-1649.405,-19.179127906976746,-204.8155,-0.02381575581395349,-18.15519
13,0.07425,-1650.855,-19.195988372093026,-194.8022,-0.022651418604651162,-18.44232
13,0.0745,-1651.571,-19.204313953488374,-185.4975,-0.021569476744186047,-18.71259
13,0.07475,-1651.923,-19.208406976744186,-176.7271,-0.020549662790697677,-18.96646
13,0.075,-1651.726,-19.20611627906977,-168.0935,-0.01954575581395349,-19.20466
13,0.07525,-1652.12,-19.210697674418604,-159.3105,-0.018524476744186044,-19.42775
13,0.0755,-1650.452,-19.191302325581397,-151.1021,-0.017570011627906976,-19.63609
13,0.07575,-1650.111,-19.187337209302328,-143.8044,-0.016721441860465112,-19.83031
13,0.076,-1647.902,-19.161651162790697,-136.7615,-0.0159025,-20.0111
13,0.07625,-1646.729,-19.14801162790698,-129.766,-0.01508906976744186,-20.179
13,0.0765,-1644.199,-19.118593023255816,-123.2034,-0.014325976744186047,-20.33455
13,0.07675,-1641.72,-19.089767441860467,-117.4336,-0.01365506976744186,-20.47822
13,0.077,-1638.061,-19.04722093023256,-112.0686,-0.013031232558139537,-20.61055
13,0.07725,-1634.607,-19.007058139534884,-106.6153,-0.012397127906976745,-20.73213
13,0.0775,-1630.374,-18.95783720930233,-101.3071,-0.011779895348837211,-20.84329
13,0.07775,-1625.947,-18.90636046511628,-96.80175,-0.011256017441860465,-20.94453
13,0.078,-1621.169,-18.850802325581398,-92.77909,-0.010788266279069767,-21.03646
13,0.07825,-1615.917,-18.789732558139534,-88.89053,-0.010336108139534884,-21.11947
13,0.0785,-1610.108,-18.72218604651163,-84.79221,-0.009859559302325582,-21.19403
13,0.07875,-1604.193,-18.653406976744186,-81.35489,-0.009459870930232558,-21.26057
13,0.079,-1597.418,-18.574627906976744,-78.50996,-0.00912906511627907,-21.3196
13,0.07925,-1591.207,-18.502406976744187,-75.94076,-0.008830320930232559,-21.3716
13,0.0795,-1583.707,-18.415197674418607,-73.1933,-0.008510848837209302,-21.41686
13,0.07975,-1575.598,-18.320906976744187,-70.65081,-0.00821521046511628,-21.45583
13,0.08,-1568.242,-18.235372093023255,-68.71303,-0.007989887209302327,-21.48906
13,0.08025,-1559.381,-18.132337209302328,-67.07148,-0.007799009302325581,-21.51694
13,0.0805,-1550.589,-18.03010465116279,-65.22996,-0.007584879069767442,-21.53981
13,0.08075,-1541.153,-17.920383720930232,-63.60172,-0.007395548837209303,-21.55802
13,0.081,-1532.172,-17.815953488372095,-62.37331,-0.007252710465116278,-21.57197
13,0.08125,-1521.938,-17.696953488372095,-61.44016,-0.007144204651162791,-21.58204
13,0.0815,-1511.011,-17.56989534883721,-60.30396,-0.007012088372093023,-21.58847
13,0.08175,-1500.438,-17.446953488372095,-59.14851,-0.0068777337209302335,-21.59157
13,0.082,-1489.62,-17.321162790697677,-58.35178,-0.006785090697674418,-21.59176
13,0.08225,-1478.179,-17.18812790697675,-57.773,-0.0067177906976744195,-21.58922
13,0.0825,-1466.447,-17.05170930232558,-57.11953,-0.006641805813953488,-21.5841
13,0.08275,-1454.439,-16.91208139534884,-56.43417,-0.006562112790697674,-21.57675
13,0.083,-1442.227,-16.77008139534884,-55.73989,-0.006481382558139535,-21.56737
13,0.08325,-1429.451,-16.621523255813955,-55.31932,-0.0064324790697674415,-21.5561
13,0.0835,-1416.806,-16.474488372093028,-54.87985,-0.006381377906976744,-21.54303
13,0.08375,-1403.173,-16.31596511627907,-54.41628,-0.006327474418604651,-21.52825
13,0.084,-1389.768,-16.160093023255815,-53.83344,-0.006259702325581395,-21.51198
13,0.08425,-1375.61,-15.995465116279071,-53.37655,-0.006206575581395349,-21.49439
13,0.0845,-1361.426,-15.830534883720931,-53.14425,-0.006179563953488372,-21.47541
13,0.08475,-1346.396,-15.655767441860466,-52.85211,-0.006145594186046512,-21.45504
13,0.085,-1330.928,-15.475906976744188,-52.30436,-0.006081902325581395,-21.43348
13,0.08525,-1314.707,-15.287290697674422,-51.91132,-0.0060362,-21.41079
13,0.0855,-1299.449,-15.109872093023258,-51.57084,-0.00599660930232558,-21.38694
13,0.08575,-1283.039,-14.919058139534885,-51.38029,-0.005974452325581396,-21.36185
13,0.086,-1266.667,-14.728686046511628,-51.05128,-0.005936195348837209,-21.33564
13,0.08625,-1249.851,-14.5331511627907,-50.55117,-0.005878043023255814,-21.30836
13,0.0865,-1232.588,-14.332418604651163,-50.1503,-0.00583143023255814,-21.27993
13,0.08675,-1215.255,-14.130872093023257,-49.99109,-0.005812917441860466,-21.25036
13,0.087,-1197.382,-13.92304651162791,-49.88313,-0.005800363953488373,-21.21972
13,0.08725,-1179.117,-13.710662790697675,-49.3955,-0.005743662790697674,-21.18798
13,0.0875,-1160.609,-13.495453488372094,-48.86429,-0.005681894186046511,-21.15509
13,0.08775,-1142.115,-13.280406976744187,-48.67123,-0.005659445348837209,-21.12103
13,0.088,-1123.608,-13.065209302325583,-48.53059,-0.005643091860465116,-21.08584
13,0.08825,-1104.853,-12.847127906976747,-48.21589,-0.0056064988372093024,-21.04954
13,0.0885,-1085.022,-12.61653488372093,-47.69963,-0.005546468604651163,-21.01202
13,0.08875,-1065.444,-12.388883720930233,-47.52498,-0.005526160465116279,-20.97327
13,0.089,-1045.51,-12.157093023255815,-47.37797,-0.005509066279069767,-20.93334
13,0.08925,-1025.361,-11.922802325581397,-47.1137,-0.005478337209302325,-20.89219
13,0.0895,-1004.844,-11.684232558139536,-46.6616,-0.0054257674418604655,-20.84976
13,0.08975,-983.975,-11.441569767441862,-46.37376,-0.005392297674418604,-20.80602
13,0.09,-963.4718,-11.20316046511628,-46.14511,-0.00536571046511628,-20.76098
13,0.09025,-942.0878,-10.954509302325583,-45.86641,-0.005333303488372093,-20.71463
13,0.0905,-920.8021,-10.707001162790698,-45.40267,-0.00527938023255814,-20.6668
13,0.09075,-899.5538,-10.459927906976745,-44.97077,-0.005229159302325582,-20.61748
13,0.091,-877.1117,-10.198973255813955,-44.67904,-0.005195237209302326,-20.56681
13,0.09125,-855.2182,-9.944397674418605,-44.51909,-0.005176638372093023,-20.51473
13,0.0915,-833.2254,-9.688667441860467,-44.10914,-0.00512896976744186,-20.46101
13,0.09175,-810.4876,-9.424274418604654,-43.44732,-0.005052013953488372,-20.40565
13,0.092,-787.7968,-9.160427906976745,-42.9907,-0.004998918604651162,-20.34874
13,0.09225,-764.9557,-8.894833720930233,-42.64427,-0.004958636046511628,-20.29022
13,0.0925,-741.8268,-8.625893023255816,-42.22009,-0.004909312790697675,-20.22992
13,0.09275,-718.7111,-8.357105813953488,-41.54062,-0.00483030465116279,-20.16779
13,0.093,-695.206,-8.08379069767442,-40.91039,-0.004757022093023255,-20.1039
13,0.09325,-670.8635,-7.800738372093025,-40.43401,-0.004701629069767442,-20.03816
13,0.0935,-647.3224,-7.527004651162792,-40.03877,-0.004655670930232558,-19.97035
13,0.09375,-623.1178,-7.245555813953489,-39.51534,-0.004594806976744186,-19.90043
13,0.094,-599.0251,-6.965408139534884,-38.62394,-0.004491155813953488,-19.82846
13,0.09425,-574.4568,-6.67973023255814,-37.92573,-0.0044099686046511636,-19.75435
13,0.0945,-550.0992,-6.3965023255813955,-37.37484,-0.0043459116279069765,-19.67792
13,0.09475,-525.621,-6.111872093023256,-36.76389,-0.004274870930232559,-19.5991
13,0.095,-500.9661,-5.825187209302325,-35.74837,-0.004156787209302326,-19.51787
13,0.09525,-476.2033,-5.537247674418605,-34.79134,-0.0040455046511627905,-19.43416
13,0.0955,-451.3256,-5.2479720930232565,-34.08546,-0.003963425581395348,-19.34773
13,0.09575,-426.2533,-4.956433720930233,-33.37196,-0.0038804604651162793,-19.25847
13,0.096,-401.2844,-4.666097674418605,-32.22217,-0.003746763953488372,-19.16642
13,0.09625,-376.397,-4.376709302325582,-30.91273,-0.003594503488372093,-19.07151
13,0.0965,-351.2538,-4.084346511627907,-29.81101,-0.0034663965116279068,-18.97356
13,0.09675,-325.6199,-3.7862779069767445,-28.8883,-0.0033591046511627907,-18.87237
13,0.097,-300.3384,-3.492306976744186,-27.53139,-0.003201324418604651,-18.76788
13,0.09725,-275.0074,-3.1977604651162794,-25.87246,-0.003008425581395349,-18.66003
13,0.0975,-250.1063,-2.9082127906976747,-24.25442,-0.0028202813953488374,-18.54864
13,0.09775,-223.8418,-2.6028116279069766,-23.03063,-0.0026779802325581394,-18.43348
13,0.098,-197.8315,-2.3003662790697676,-21.34216,-0.002481646511627907,-18.3144
13,0.09825,-171.9813,-1.999782558139535,-19.04058,-0.0022140209302325582,-18.19139
13,0.0985,-146.2673,-1.700782558139535,-16.8748,-0.001962186046511628,-18.06429
13,0.09875,-120.1284,-1.3968418604651163,-14.94098,-0.0017373232558139536,-17.93281
13,0.099,-94.15964,-1.0948795348837208,-13.02323,-0.0015143290697674418,-17.79686
13,0.09925,-68.57482,-0.7973816279069769,-10.40741,-0.0012101639534883722,-17.65638
13,0.0995,-42.74029,-0.4969801162790698,-7.403584,-0.0008608818604651163,-17.51122
13,0.09975,-16.87133,-0.1961782558139535,-4.820353,-0.0005605061627906976,-17.36106
13,0.1,5.454737,0.06342717441860465,-2.269413,-0.0002638852325581395,-17.21727
14,0.0,8.367156,0.09729251162790697,0.0,0.0,-26.11751
14,0.00025,34.68932,0.4033641860465117,-18.33092,-0.002131502325581395,-25.95318
14,0.0005,64.97184,0.755486511627907,-35.99286,-0.004185216279069768,-25.78397
14,0.00075,93.07949,1.0823196511627908,-53.64385,-0.006237656976744186,-25.60969
14,0.001,120.009,1.395453488372093,-72.30576,-0.008407646511627908,-25.4304
14,0.00125,147.4851,1.714943023255814,-91.49129,-0.010638522093023257,-25.246
14,0.0015,174.6481,2.0307918604651167,-110.4814,-0.012846674418604652,-25.05625
14,0.00175,201.4065,2.341936046511628,-129.2501,-0.015029081395348838,-24.86093
14,0.002,229.2229,2.665382558139535,-148.526,-0.017270465116279072,-24.65987
14,0.00225,256.3865,2.981238372093024,-168.428,-0.0195846511627907,-24.45295
14,0.0025,282.9443,3.2900500000000004,-188.0916,-0.021871116279069767,-24.23992
14,0.00275,310.3038,3.608183720930233,-207.5401,-0.02413256976744186,-24.02046
14,0.003,336.9026,3.9174720930232563,-227.238,-0.026423023255813954,-23.79445
14,0.00325,363.2482,4.2238162790697675,-247.5434,-0.028784116279069766,-23.5618
14,0.0035,390.4872,4.540548837209302,-267.8893,-0.03114991860465116,-23.32216
14,0.00375,417.2739,4.8520220930232565,-287.5725,-0.033438662790697675,-23.07521
14,0.004,444.1377,5.164391860465116,-306.8883,-0.03568468604651163,-22.82076
14,0.00425,470.4346,5.4701697674418615,-326.2879,-0.037940453488372085,-22.55852
14,0.0045,496.6024,5.774446511627907,-346.1577,-0.040250895348837204,-22.28802
14,0.00475,522.7945,6.079005813953488,-365.696,-0.04252279069767442,-22.00891
14,0.005,549.4906,6.389425581395349,-384.6136,-0.04472251162790698,-21.72106
14,0.00525,576.412,6.702465116279071,-403.7234,-0.04694458139534884,-21.42415
14,0.0055,601.7689,6.997312790697675,-423.3171,-0.04922291860465116,-21.11769
14,0.00575,628.3865,7.30681976744186,-442.4916,-0.051452511627906976,-20.80121
14,0.006,654.4211,7.6095476744186055,-461.0324,-0.053608418604651153,-20.47419
14,0.00625,680.129,7.908476744186047,-479.3643,-0.05574003488372093,-20.13609
14,0.0065,705.7847,8.206798837209304,-497.7834,-0.057881790697674414,-19.78629
14,0.00675,730.587,8.495197674418606,-515.8271,-0.05997989534883721,-19.42414
14,0.007,756.0725,8.791540697674419,-532.9374,-0.06196946511627907,-19.04907
14,0.00725,781.1281,9.082884883720931,-549.5829,-0.06390498837209302,-18.66038
14,0.0075,805.6032,9.367479069767443,-566.1028,-0.06582590697674419,-18.25708
14,0.00775,830.4257,9.656112790697675,-581.8849,-0.06766103488372094,-17.83805
14,0.008,853.938,9.929511627906978,-596.7897,-0.0693941511627907,-17.40238
14,0.00825,878.0864,10.210306976744187,-610.9161,-0.0710367558139535,-16.94927
14,0.0085,901.4123,10.481538372093024,-624.0984,-0.07256958139534883,-16.47757
14,0.00875,924.3684,10.74846976744186,-636.5408,-0.07401637209302325,-15.9858
14,0.009,947.3033,11.015154651162792,-647.821,-0.07532802325581396,-15.47263
14,0.00925,970.1688,11.281032558139536,-657.7414,-0.07648155813953489,-14.93667
14,0.0095,992.5653,11.541456976744186,-666.1464,-0.07745888372093022,-14.37601
14,0.00975,1014.703,11.798872093023256,-673.1087,-0.0782684534883721,-13.7886
14,0.01,1037.043,12.05863953488372,-678.0831,-0.07884687209302324,-13.17239
14,0.01025,1058.401,12.306988372093025,-680.7427,-0.07915612790697675,-12.52505
14,0.0105,1080.104,12.559348837209303,-680.652,-0.07914558139534884,-11.84398
14,0.01075,1100.88,12.80093023255814,-678.2255,-0.07886343023255814,-11.1262
14,0.011,1122.196,13.048790697674418,-673.0331,-0.07825966279069767,-10.36844
14,0.01125,1142.624,13.286325581395351,-664.5514,-0.07727341860465116,-9.567392
14,0.0115,1163.23,13.52593023255814,-651.4544,-0.07575051162790697,-8.719722
14,0.01175,1182.464,13.749581395348837,-633.7697,-0.07369415116279068,-7.822313
14,0.012,1201.43,13.970116279069769,-611.6472,-0.07112176744186047,-6.872938
14,0.01225,1219.496,14.18018604651163,-584.5536,-0.06797134883720929,-5.871175
14,0.0125,1237.343,14.387709302325584,-552.0501,-0.06419187209302327,-4.819356
14,0.01275,1254.602,14.588395348837212,-513.3947,-0.05969705813953488,-3.723248
14,0.013,1271.98,14.790465116279071,-468.9455,-0.0545285465116279,-2.591145
14,0.01325,1289.968,14.999627906976746,-420.0668,-0.048844976744186044,-1.431036
14,0.0135,1308.028,15.209627906976745,-367.9841,-0.042788848837209306,-0.2486606
14,0.01375,1327.253,15.43317441860465,-312.0603,-0.036286081395348835,0.9519021
14,0.014,1348.154,15.676209302325582,-250.8962,-0.029173976744186043,2.166677
14,0.01425,1371.285,15.945174418604653,-185.2878,-0.021545093023255815,3.390687
14,0.0145,1397.47,16.2496511627907,-116.3201,-0.013525593023255815,4.618667
14,0.01475,1426.969,16.592662790697677,-44.97625,-0.005229796511627907,5.84748
14,0.015,1462.596,17.00693023255814,26.37649,0.003067033720930233,7.076136
14,0.01525,1503.857,17.486709302325583,99.76341,0.011600396511627906,8.304332
14,0.0155,1547.118,17.98974418604651,176.5071,0.02052408139534884,9.531871
14,0.01575,1566.68,18.217209302325585,256.4183,0.029816081395348838,10.75842
14,0.016,1566.737,18.21787209302326,335.5507,0.03901752325581396,11.98378
14,0.01625,1557.861,18.114662790697675,415.5378,0.0483183488372093,13.20773
14,0.0165,1549.806,18.021000000000004,499.468,0.058077674418604654,14.42998
14,0.01675,1547.818,17.997883720930233,587.3902,0.06830118604651163,15.64966
14,0.017,1553.795,18.067383720930238,674.8501,0.07847094186046512,16.85796
14,0.01725,1564.507,18.191941860465118,758.4121,0.08818745348837209,18.02289
14,0.0175,1577.786,18.346348837209305,839.7922,0.0976502558139535,19.13421
14,0.01775,1590.632,18.49572093023256,922.3539,0.10725045348837209,20.22454
14,0.018,1602.323,18.631662790697675,1006.058,0.11698348837209302,21.31502
14,0.01825,1613.571,18.762453488372095,1098.169,0.12769406976744188,22.40466
14,0.0185,1624.847,18.893569767441864,1195.635,0.13902732558139533,23.46243
14,0.01875,1635.725,19.020058139534886,1276.974,0.1484853488372093,24.44308
14,0.019,1646.107,19.140779069767444,1360.204,0.15816325581395346,25.37655
14,0.01925,1656.295,19.259244186046516,1454.073,0.1690782558139535,26.27409
14,0.0195,1665.43,19.365465116279072,1536.796,0.1786972093023256,27.09137
14,0.01975,1674.935,19.475988372093024,1616.828,0.1880032558139535,27.81061
14,0.02,1683.426,19.57472093023256,1687.799,0.19625569767441858,28.40535
14,0.02025,1690.959,19.662313953488376,1738.489,0.20214988372093023,28.82806
14,0.0205,1698.652,19.751767441860466,1756.096,0.20419720930232557,29.00911
14,0.02075,1706.496,19.84297674418605,1730.088,0.20117302325581396,28.97164
14,0.021,1712.588,19.913813953488376,1705.959,0.19836732558139533,28.89306
14,0.02125,1719.181,19.99047674418605,1702.467,0.19796127906976743,28.88017
14,0.0215,1726.045,20.07029069767442,1706.945,0.19848197674418605,28.89924
14,0.02175,1730.962,20.127465116279073,1710.798,0.19893,28.9196
14,0.022,1736.801,20.195360465116277,1713.488,0.19924279069767442,28.93681
14,0.02225,1741.949,20.25522093023256,1715.838,0.1995160465116279,28.95251
14,0.0225,1745.84,20.300465116279067,1718.653,0.19984337209302325,28.96755
14,0.02275,1749.299,20.340686046511628,1721.342,0.2001560465116279,28.98186
14,0.023,1752.961,20.383267441860465,1723.384,0.20039348837209303,28.99521
14,0.02325,1756.878,20.428813953488373,1724.855,0.20056453488372095,29.00763
14,0.0235,1758.858,20.45183720930233,1726.831,0.20079430232558138,29.0192
14,0.02375,1761.367,20.481011627906977,1729.07,0.2010546511627907,29.02991
14,0.024,1763.173,20.502011627906978,1730.566,0.20122860465116277,29.03964
14,0.02425,1764.125,20.51308139534884,1731.494,0.20133651162790697,29.04836
14,0.0245,1765.336,20.527162790697677,1732.529,0.2014568604651163,29.0561
14,0.02475,1765.784,20.53237209302326,1733.735,0.2015970930232558,29.0628
14,0.025,1765.828,20.532883720930233,1734.685,0.20170755813953486,29.06844
14,0.02525,1766.149,20.53661627906977,1735.045,0.20174941860465118,29.0731
14,0.0255,1764.709,20.51987209302326,1735.41,0.2017918604651163,29.0768
14,0.02575,1763.163,20.50189534883721,1735.893,0.20184802325581394,29.0795
14,0.026,1761.934,20.487604651162794,1736.17,0.20188023255813953,29.08115
14,0.02625,1759.9,20.463953488372095,1735.991,0.20185941860465118,29.08171
14,0.0265,1757.631,20.43756976744186,1735.414,0.20179232558139534,29.08133
14,0.02675,1755.051,20.407569767441863,1734.817,0.2017229069767442,29.07994
14,0.027,1751.638,20.367883720930234,1734.587,0.20169616279069766,29.07744
14,0.02725,1748.186,20.327744186046512,1733.906,0.20161697674418605,29.07396
14,0.0275,1743.938,20.278348837209304,1732.745,0.20148197674418603,29.06953
14,0.02775,1738.806,20.218674418604653,1731.398,0.2013253488372093,29.06417
14,0.028,1733.634,20.158534883720932,1730.218,0.2011881395348837,29.05785
14,0.02825,1727.549,20.087779069767443,1728.789,0.20102197674418606,29.05047
14,0.0285,1721.889,20.02196511627907,1726.851,0.20079662790697678,29.04215
14,0.02875,1716.021,19.953732558139535,1724.845,0.20056337209302327,29.03287
14,0.029,1709.086,19.873093023255816,1723.05,0.2003546511627907,29.02252
14,0.02925,1701.594,19.78597674418605,1720.96,0.20011162790697676,29.01118
14,0.0295,1693.413,19.690848837209305,1718.189,0.19978941860465116,28.99889
14,0.02975,1685.539,19.59929069767442,1715.199,0.19944174418604654,28.98564
14,0.03,1677.296,19.503441860465117,1712.469,0.19912430232558143,28.97138
14,0.03025,1668.155,19.3971511627907,1709.793,0.19881313953488372,28.95598
14,0.0305,1658.966,19.290302325581397,1706.627,0.198445,28.93961
14,0.03075,1649.389,19.17894186046512,1702.533,0.1979689534883721,28.92229
14,0.031,1639.336,19.06204651162791,1698.318,0.19747883720930234,28.90381
14,0.03125,1629.007,18.941941860465118,1694.64,0.19705116279069768,28.88424
14,0.0315,1618.233,18.816662790697677,1690.533,0.1965736046511628,28.86368
14,0.03175,1606.588,18.681255813953488,1685.765,0.19601918604651164,28.84211
14,0.032,1594.337,18.538802325581397,1680.539,0.195411511627907,28.81942
14,0.03225,1582.422,18.40025581395349,1675.65,0.19484302325581396,28.79548
14,0.0325,1570.623,18.263058139534884,1670.76,0.19427441860465117,28.77044
14,0.03275,1557.679,18.112546511627908,1664.852,0.19358744186046514,28.74433
14,0.033,1544.198,17.95579069767442,1658.427,0.1928403488372093,28.71707
14,0.03325,1530.178,17.79276744186047,1652.472,0.1921479069767442,28.68864
14,0.0335,1516.224,17.630511627906976,1646.872,0.1914967441860465,28.659
14,0.03375,1502.662,17.472813953488373,1640.406,0.19074488372093024,28.6282
14,0.034,1487.493,17.29643023255814,1633.115,0.1898970930232558,28.59626
14,0.03425,1472.572,17.12293023255814,1625.867,0.1890543023255814,28.56316
14,0.0345,1457.349,16.945918604651165,1618.988,0.18825441860465117,28.52894
14,0.03475,1441.428,16.76079069767442,1611.6,0.1873953488372093,28.49355
14,0.035,1425.015,16.569941860465118,1603.212,0.18641999999999997,28.45694
14,0.03525,1408.354,16.376209302325584,1594.877,0.18545081395348836,28.41906
14,0.0355,1391.205,16.176802325581395,1587.027,0.18453802325581395,28.38001
14,0.03575,1373.944,15.976093023255816,1578.65,0.18356395348837212,28.33979
14,0.036,1356.605,15.774476744186048,1569.21,0.18246627906976745,28.29824
14,0.03625,1338.512,15.564093023255815,1559.485,0.18133546511627907,28.25538
14,0.0365,1319.891,15.347569767441863,1550.411,0.1802803488372093,28.21138
14,0.03675,1301.228,15.130558139534886,1541.056,0.17919255813953489,28.16618
14,0.037,1282.179,14.909058139534885,1530.641,0.17798151162790699,28.11962
14,0.03725,1262.397,14.67903488372093,1519.725,0.17671220930232556,28.07148
14,0.0375,1242.963,14.453058139534884,1509.256,0.17549488372093025,28.02198
14,0.03775,1223.411,14.225709302325583,1498.878,0.17428813953488373,27.97129
14,0.038,1203.619,13.99556976744186,1487.54,0.17296976744186046,27.91918
14,0.03825,1183.611,13.762918604651166,1475.709,0.17159406976744188,27.86565
14,0.0385,1162.51,13.517558139534886,1463.992,0.17023162790697674,27.81077
14,0.03875,1141.703,13.27561627906977,1452.301,0.16887220930232558,27.75453
14,0.039,1120.591,13.030127906976745,1439.968,0.16743813953488373,27.69681
14,0.03925,1098.896,12.77786046511628,1427.044,0.1659353488372093,27.63751
14,0.0395,1077.079,12.52417441860465,1414.138,0.16443465116279068,27.57676
14,0.03975,1055.31,12.271046511627906,1401.142,0.16292348837209303,27.51461
14,0.04,1032.851,12.009895348837212,1387.725,0.16136337209302323,27.45092
14,0.04025,1010.285,11.7475,1373.569,0.15971732558139534,27.38565
14,0.0405,987.4538,11.482020930232558,1359.264,0.1580539534883721,27.31892
14,0.04075,964.2732,11.212479069767442,1344.949,0.15638941860465116,27.25055
14,0.041,940.2109,10.932684883720931,1330.341,0.15469081395348838,27.18042
14,0.04125,917.3141,10.666443023255816,1315.396,0.15295302325581395,27.10861
14,0.0415,893.3095,10.387319767441861,1300.119,0.15117662790697675,27.03513
14,0.04175,869.3662,10.108909302325582,1284.679,0.14938127906976745,26.96003
14,0.042,845.0972,9.826711627906977,1268.668,0.1475195348837209,26.88317
14,0.04225,820.5299,9.54104534883721,1252.218,0.14560674418604652,26.80457
14,0.0425,795.9135,9.254808139534884,1235.567,0.14367058139534883,26.72429
14,0.04275,771.3574,8.969272093023257,1218.599,0.14169755813953488,26.64217
14,0.043,746.5652,8.680990697674419,1201.208,0.1396753488372093,26.55816
14,0.04325,721.2012,8.38606046511628,1183.63,0.13763139534883723,26.47227
14,0.0435,695.4979,8.08718488372093,1166.086,0.1355913953488372,26.38463
14,0.04375,669.9044,7.789586046511628,1148.184,0.13350976744186047,26.29527
14,0.044,644.346,7.49239534883721,1129.877,0.13138104651162788,26.20391
14,0.04425,618.7632,7.194920930232559,1111.343,0.12922593023255816,26.11045
14,0.0445,592.0595,6.884412790697675,1092.95,0.1270872093023256,26.01507
14,0.04475,565.7555,6.578552325581396,1073.903,0.12487244186046513,25.91782
14,0.045,539.6637,6.275159302325581,1054.163,0.12257709302325583,25.81842
14,0.04525,513.3424,5.969097674418605,1034.006,0.1202332558139535,25.71679
14,0.0455,486.7811,5.6602453488372095,1013.999,0.11790686046511628,25.61311
14,0.04575,459.855,5.3471511627906985,993.6315,0.1155385465116279,25.50737
14,0.046,433.5424,5.041190697674418,972.5956,0.11309251162790698,25.39957
14,0.04625,406.8975,4.731366279069767,951.0947,0.11059240697674419,25.28962
14,0.0465,380.1776,4.420669767441861,929.5728,0.10808986046511627,25.17749
14,0.04675,353.0617,4.105368604651163,907.7749,0.10555522093023256,25.06318
14,0.047,325.8743,3.789236046511628,885.2851,0.10294012790697676,24.9465
14,0.04725,298.3638,3.4693465116279074,862.4173,0.10028108139534885,24.82749
14,0.0475,271.6774,3.159039534883721,839.6654,0.09763551162790697,24.70624
14,0.04775,244.5073,2.8431081395348836,817.3209,0.09503731395348838,24.58284
14,0.048,216.389,2.516151162790698,794.7269,0.09241010465116278,24.45712
14,0.04825,189.1778,2.199741860465116,771.4482,0.08970327906976745,24.32891
14,0.0485,161.5574,1.8785744186046514,747.4174,0.08690900000000001,24.19818
14,0.04875,133.6833,1.5544569767441863,723.3768,0.08411358139534884,24.06495
14,0.049,105.876,1.2311162790697676,699.3646,0.08132146511627907,23.92922
14,0.04925,78.39483,0.9115677906976745,674.7634,0.07846086046511629,23.79087
14,0.0495,50.30592,0.584952558139535,649.5769,0.0755321976744186,23.64996
14,0.04975,22.58371,0.2626012790697675,624.2427,0.07258636046511628,23.50646
14,0.05,-5.126847,-0.0596145,598.2847,0.06956798837209302,23.36036
14,0.05025,-32.45349,-0.37736616279069773,572.0642,0.06651909302325582,23.21169
14,0.0505,-60.49985,-0.7034866279069769,545.7517,0.0634595,23.0604
14,0.05075,-87.87309,-1.0217801162790698,519.7769,0.06043917441860465,22.9064
14,0.051,-115.8673,-1.3472941860465117,493.9866,0.057440302325581394,22.74958
14,0.05125,-143.2005,-1.665122093023256,467.8787,0.054404499999999995,22.58991
14,0.0515,-170.7915,-1.9859476744186049,441.2729,0.05131080232558139,22.42739
14,0.05175,-198.5224,-2.3084000000000002,414.409,0.04818709302325581,22.26201
14,0.052,-225.7214,-2.624667441860465,387.1711,0.045019895348837206,22.09369
14,0.05225,-253.088,-2.942883720930233,359.0872,0.04175432558139535,21.92227
14,0.0525,-280.5094,-3.2617372093023262,330.4606,0.038425651162790696,21.74774
14,0.05275,-307.6446,-3.577262790697675,301.6826,0.03507937209302325,21.57002
14,0.053,-335.0284,-3.895679069767442,272.9841,0.03174233720930233,21.38891
14,0.05325,-362.1216,-4.210716279069768,244.3056,0.02840762790697674,21.2044
14,0.0535,-388.9509,-4.522684883720931,215.5523,0.025064220930232563,21.01645
14,0.05375,-415.927,-4.83636046511628,186.7488,0.021714976744186043,20.82499
14,0.054,-442.6271,-5.146826744186047,158.5284,0.01843353488372093,20.63003
14,0.05425,-468.5629,-5.448405813953489,130.2438,0.015144627906976744,20.43129
14,0.0545,-496.0005,-5.767447674418605,100.8542,0.011727232558139535,20.22866
14,0.05475,-522.0822,-6.070723255813953,70.69365,0.008220191860465118,20.02222
14,0.055,-548.758,-6.380906976744187,39.88887,0.004638240697674418,19.81174
14,0.05525,-574.8042,-6.683769767441861,9.152655,0.0010642622093023255,19.59693
14,0.0555,-600.891,-6.987104651162791,-21.27131,-0.0024734081395348835,19.37792
14,0.05575,-626.7169,-7.287405813953489,-52.0626,-0.006053790697674419,19.15466
14,0.056,-653.0073,-7.593108139534884,-82.65577,-0.009611136046511629,18.92673
14,0.05625,-678.1307,-7.88524069767442,-112.5123,-0.013082825581395348,18.69391
14,0.0565,-704.6444,-8.19353953488372,-142.1303,-0.016526779069767444,18.456
14,0.05675,-729.9542,-8.487839534883722,-171.6997,-0.01996508139534884,18.21303
14,0.057,-755.0766,-8.779960465116279,-202.264,-0.023519069767441864,17.9647
14,0.05725,-779.8688,-9.068241860465118,-233.3969,-0.02713917441860465,17.71054
14,0.0575,-804.3261,-9.352629069767444,-264.435,-0.03074825581395349,17.45048
14,0.05775,-829.0611,-9.64024534883721,-296.3492,-0.034459209302325586,17.1844
14,0.058,-853.2485,-9.921494186046512,-328.519,-0.038199883720930236,16.91187
14,0.05825,-877.1254,-10.199132558139535,-360.3414,-0.04190016279069767,16.63258
14,0.0585,-901.0763,-10.477631395348837,-391.0823,-0.04547468604651163,16.34627
14,0.05875,-924.0623,-10.74491046511628,-421.2064,-0.04897748837209302,16.05263
14,0.059,-947.9246,-11.022379069767442,-451.7039,-0.052523709302325576,15.75118
14,0.05925,-970.4553,-11.284363953488374,-482.0534,-0.05605272093023256,15.44129
14,0.0595,-994.0369,-11.558568604651164,-512.0983,-0.059546313953488375,15.12273
14,0.05975,-1015.93,-11.813139534883721,-542.3529,-0.06306429069767441,14.79512
14,0.06,-1038.443,-12.074918604651163,-573.6539,-0.06670394186046512,14.45768
14,0.06025,-1060.652,-12.333162790697676,-605.6088,-0.07041962790697674,14.10964
14,0.0605,-1082.682,-12.589325581395348,-636.7569,-0.0740415,13.75033
14,0.06075,-1104.304,-12.840744186046514,-666.874,-0.07754348837209303,13.37915
14,0.061,-1125.429,-13.086383720930234,-696.6995,-0.08101156976744185,12.99526
14,0.06125,-1146.479,-13.331151162790698,-726.2896,-0.08445227906976743,12.59753
14,0.0615,-1167.128,-13.571255813953488,-754.5399,-0.08773719767441861,12.18514
14,0.06175,-1188.17,-13.815930232558141,-781.26,-0.09084418604651162,11.75714
14,0.062,-1207.515,-14.040872093023257,-808.0132,-0.09395502325581395,11.31204
14,0.06225,-1227.43,-14.272441860465118,-835.3661,-0.0971355930232558,10.84854
14,0.0625,-1247.296,-14.503441860465118,-862.3678,-0.10027532558139535,10.3653
14,0.06275,-1265.978,-14.720674418604652,-888.5181,-0.1033160581395349,9.860804
14,0.063,-1284.721,-14.93861627906977,-913.973,-0.10627593023255814,9.333431
14,0.06325,-1303.152,-15.152930232558141,-938.7725,-0.10915959302325581,8.781319
14,0.0635,-1321.595,-15.367383720930235,-962.258,-0.11189046511627908,8.202546
14,0.06375,-1339.567,-15.57636046511628,-983.5377,-0.1143648488372093,7.595235
14,0.064,-1357.063,-15.779802325581398,-1002.594,-0.11658069767441862,6.957137
14,0.06425,-1374.418,-15.98160465116279,-1019.96,-0.1186,6.285778
14,0.0645,-1392.009,-16.186151162790697,-1035.521,-0.12040941860465115,5.579061
14,0.06475,-1408.244,-16.37493023255814,-1048.353,-0.12190151162790698,4.835022
14,0.065,-1424.683,-16.56608139534884,-1058.4,-0.12306976744186048,4.051778
14,0.06525,-1440.805,-16.75354651162791,-1065.953,-0.12394802325581394,3.227656
14,0.0655,-1456.51,-16.936162790697676,-1070.723,-0.12450267441860466,2.361393
14,0.06575,-1471.803,-17.113988372093026,-1072.073,-0.12465965116279071,1.452876
14,0.066,-1486.511,-17.28501162790698,-1069.56,-0.12436744186046511,0.50321
14,0.06625,-1501.2,-17.455813953488374,-1063.036,-0.12360883720930232,-0.4849826
14,0.0665,-1515.297,-17.61973255813954,-1052.589,-0.12239406976744187,-1.507115
14,0.06675,-1529.548,-17.785441860465117,-1037.745,-0.12066802325581394,-2.558025
14,0.067,-1543.297,-17.945313953488373,-1018.087,-0.11838220930232557,-3.633047
14,0.06725,-1556.277,-18.096244186046516,-993.7707,-0.11555473255813954,-4.728197
14,0.0675,-1569.519,-18.25022093023256,-964.7768,-0.1121833488372093,-5.839999
14,0.06775,-1582.378,-18.39974418604651,-931.755,-0.1083436046511628,-6.965451
14,0.068,-1594.708,-18.54311627906977,-894.3904,-0.10399888372093022,-8.101956
14,0.06825,-1606.666,-18.682162790697674,-853.3702,-0.09922909302325582,-9.246785
14,0.0685,-1618.815,-18.82343023255814,-808.4729,-0.09400847674418605,-10.39683
14,0.06875,-1630.481,-18.95908139534884,-759.305,-0.08829127906976743,-11.54911
14,0.069,-1641.403,-19.086081395348838,-705.3353,-0.08201573255813954,-12.70113
14,0.06925,-1652.222,-19.21188372093023,-647.1795,-0.07525343023255814,-13.85084
14,0.0695,-1662.315,-19.329244186046516,-585.6787,-0.06810217441860465,-14.9962
14,0.06975,-1672.301,-19.445360465116277,-520.9984,-0.06058120930232557,-16.1348
14,0.07,-1680.869,-19.544988372093023,-451.8639,-0.05254231395348838,-17.26411
14,0.07025,-1689.369,-19.64382558139535,-378.5471,-0.04401710465116279,-18.38134
14,0.0705,-1698.085,-19.745174418604652,-302.6631,-0.03519338372093023,-19.48328
14,0.07075,-1705.466,-19.831,-224.1477,-0.026063686046511627,-20.56558
14,0.071,-1712.761,-19.91582558139535,-142.9851,-0.016626174418604648,-21.62188
14,0.07125,-1719.344,-19.99237209302326,-61.86923,-0.007194096511627907,-22.64414
14,0.0715,-1724.334,-20.05039534883721,18.29735,0.0021275988372093024,-23.61898
14,0.07175,-1730.243,-20.11910465116279,94.82611,0.011026291860465116,-24.52567
14,0.072,-1735.476,-20.179953488372096,163.5198,0.01901393023255814,-25.33399
14,0.07225,-1740.312,-20.23618604651163,221.0033,0.025698058139534883,-26.00267
14,0.0725,-1744.028,-20.27939534883721,263.6371,0.030655476744186044,-26.52171
14,0.07275,-1748.221,-20.3281511627907,297.0465,0.03454029069767442,-26.93405
14,0.073,-1751.666,-20.368209302325585,325.6659,0.037868127906976745,-27.28718
14,0.07325,-1754.375,-20.399709302325583,352.4223,0.04097933720930232,-27.60576
14,0.0735,-1756.544,-20.42493023255814,377.3109,0.04387336046511628,-27.8994
14,0.07375,-1758.882,-20.45211627906977,400.2311,0.046538500000000003,-28.17137
14,0.074,-1760.12,-20.46651162790698,421.7353,0.04903898837209302,-28.42333
14,0.07425,-1761.414,-20.481558139534886,441.9524,0.05138981395348837,-28.65676
14,0.0745,-1762.027,-20.48868604651163,461.0046,0.05360518604651162,-28.87297
14,0.07475,-1762.765,-20.49726744186047,478.2854,0.05561458139534883,-29.0731
14,0.075,-1762.296,-20.491813953488375,494.0838,0.057451604651162794,-29.25836
14,0.07525,-1761.561,-20.483267441860466,508.7901,0.05916163953488372,-29.42974
14,0.0755,-1761.062,-20.47746511627907,522.8105,0.06079191860465117,-29.58812
14,0.07575,-1760.104,-20.466325581395353,535.5616,0.06227460465116279,-29.73437
14,0.076,-1758.137,-20.443453488372096,546.9787,0.06360217441860465,-29.86924
14,0.07625,-1756.631,-20.42594186046512,557.532,0.0648293023255814,-29.99346
14,0.0765,-1753.623,-20.390965116279073,567.3675,0.06597296511627906,-30.10768
14,0.07675,-1751.186,-20.362627906976744,576.2353,0.0670041046511628,-30.21241
14,0.077,-1748.279,-20.32882558139535,584.0238,0.06790974418604652,-30.30829
14,0.07725,-1743.832,-20.27711627906977,591.2187,0.06874636046511629,-30.39589
14,0.0775,-1740.253,-20.2355,597.8106,0.06951286046511629,-30.47563
14,0.07775,-1734.384,-20.16725581395349,603.3264,0.07015423255813953,-30.54786
14,0.078,-1729.661,-20.11233720930233,607.9095,0.07068715116279069,-30.61302
14,0.07825,-1724.366,-20.050767441860465,612.1068,0.07117520930232558,-30.67153
14,0.0785,-1717.884,-19.97539534883721,616.2204,0.07165353488372093,-30.72368
14,0.07875,-1711.256,-19.89832558139535,619.6507,0.07205240697674418,-30.76986
14,0.079,-1704.659,-19.821616279069772,622.08,0.07233488372093023,-30.81043
14,0.07925,-1696.862,-19.730953488372094,624.1918,0.07258044186046511,-30.84572
14,0.0795,-1689.483,-19.645151162790697,626.0395,0.07279529069767442,-30.876
14,0.07975,-1681.25,-19.549418604651166,627.1487,0.07292426744186045,-30.90155
14,0.08,-1672.431,-19.44687209302326,627.6399,0.07298138372093024,-30.92287
14,0.08025,-1663.624,-19.34446511627907,628.041,0.07302802325581395,-30.94027
14,0.0805,-1654.279,-19.235802325581396,628.3441,0.07306326744186047,-30.95386
14,0.08075,-1645.213,-19.130383720930233,628.0002,0.07302327906976744,-30.96385
14,0.081,-1634.794,-19.009232558139537,626.9388,0.07289986046511628,-30.97059
14,0.08125,-1624.076,-18.884604651162793,625.6607,0.07275124418604652,-30.97443
14,0.0815,-1613.315,-18.75947674418605,624.3868,0.07260311627906976,-30.97553
14,0.08175,-1601.652,-18.623860465116284,622.8199,0.07242091860465116,-30.97406
14,0.082,-1589.937,-18.487639534883723,620.8391,0.07219059302325583,-30.97026
14,0.08225,-1577.94,-18.34813953488372,618.6472,0.07193572093023255,-30.9643
14,0.0825,-1565.52,-18.20372093023256,616.4503,0.07168026744186046,-30.9563
14,0.08275,-1552.165,-18.04843023255814,613.8675,0.07137994186046512,-30.9464
14,0.083,-1538.906,-17.89425581395349,610.823,0.07102593023255813,-30.9348
14,0.08325,-1525.491,-17.738267441860465,607.7116,0.07066413953488372,-30.92153
14,0.0835,-1511.219,-17.572313953488376,604.7797,0.07032322093023256,-30.90665
14,0.08375,-1497.035,-17.407383720930238,601.5431,0.06994687209302326,-30.8903
14,0.084,-1482.439,-17.237662790697676,597.7999,0.06951161627906977,-30.87259
14,0.08425,-1467.333,-17.06201162790698,593.8991,0.06905803488372093,-30.85361
14,0.0845,-1451.899,-16.882546511627908,590.0501,0.06861047674418605,-30.83332
14,0.08475,-1435.515,-16.692034883720932,586.0315,0.0681431976744186,-30.81171
14,0.085,-1419.848,-16.50986046511628,581.8319,0.06765487209302326,-30.78888
14,0.08525,-1403.08,-16.314883720930233,577.3683,0.0671358488372093,-30.76485
14,0.0855,-1385.856,-16.114604651162793,572.9805,0.06662563953488372,-30.73956
14,0.08575,-1368.621,-15.914197674418606,568.1441,0.06606326744186046,-30.71303
14,0.086,-1351.305,-15.712848837209306,563.283,0.06549802325581396,-30.68535
14,0.08625,-1332.95,-15.499418604651163,558.2151,0.06490873255813955,-30.65655
14,0.0865,-1314.216,-15.281581395348837,553.0178,0.06430439534883721,-30.62653
14,0.08675,-1295.984,-15.069581395348838,547.5899,0.06367324418604652,-30.59518
14,0.087,-1276.911,-14.847802325581396,542.1971,0.06304617441860465,-30.5627
14,0.08725,-1257.739,-14.624872093023258,536.4512,0.062378046511627906,-30.52904
14,0.0875,-1237.474,-14.389232558139534,530.3806,0.06167216279069767,-30.494
14,0.08775,-1217.983,-14.162593023255814,523.989,0.060928953488372094,-30.45768
14,0.088,-1198.145,-13.931918604651164,517.6641,0.0601935,-30.42009
14,0.08825,-1177.966,-13.697279069767442,511.225,0.05944476744186046,-30.38129
14,0.0885,-1156.83,-13.451511627906978,504.394,0.058650465116279075,-30.3412
14,0.08875,-1136.019,-13.209523255813954,497.2727,0.057822406976744185,-30.29969
14,0.089,-1115.183,-12.967244186046512,490.0428,0.05698172093023256,-30.25677
14,0.08925,-1093.568,-12.715906976744186,482.6705,0.05612447674418605,-30.21246
14,0.0895,-1071.7,-12.461627906976746,474.9529,0.055227081395348834,-30.16675
14,0.08975,-1049.952,-12.208744186046513,466.8663,0.05428677906976745,-30.11958
14,0.09,-1027.578,-11.948581395348837,458.8163,0.05335073255813954,-30.07093
14,0.09025,-1004.738,-11.683000000000002,450.7693,0.05241503488372093,-30.0208
14,0.0905,-982.5067,-11.42449651162791,442.2588,0.05142544186046512,-29.96911
14,0.09075,-959.3819,-11.155603488372092,433.2134,0.0503736511627907,-29.9157
14,0.091,-935.5019,-10.877929069767442,424.253,0.04933174418604651,-29.86065
14,0.09125,-911.8514,-10.602923255813954,415.4315,0.048305988372093024,-29.804
14,0.0915,-888.4358,-10.330648837209303,406.3053,0.04724480232558139,-29.74557
14,0.09175,-864.1517,-10.04827558139535,396.63,0.046119767441860464,-29.68529
14,0.092,-840.0884,-9.76846976744186,386.8291,0.04498012790697674,-29.62319
14,0.09225,-816.1248,-9.489823255813956,377.1285,0.043852151162790697,-29.55929
14,0.0925,-790.8029,-9.195382558139535,367.0922,0.04268513953488372,-29.49344
14,0.09275,-765.6946,-8.90342558139535,356.4881,0.04145210465116279,-29.42554
14,0.093,-741.3755,-8.62064534883721,345.8571,0.04021594186046512,-29.35564
14,0.09325,-716.0024,-8.325609302325581,335.441,0.03900476744186046,-29.28374
14,0.0935,-690.0879,-8.024277906976744,324.626,0.03774720930232558,-29.20964
14,0.09375,-664.5279,-7.727068604651164,313.1952,0.03641804651162791,-29.13326
14,0.094,-639.0064,-7.430306976744187,301.7668,0.035089162790697674,-29.05461
14,0.09425,-612.8923,-7.1266546511627915,290.4654,0.0337750465116279,-28.97362
14,0.0945,-587.4173,-6.830433720930233,278.8592,0.03242548837209302,-28.8902
14,0.09475,-560.9669,-6.522870930232559,266.6683,0.031007941860465116,-28.80413
14,0.095,-533.8697,-6.207787209302326,254.1559,0.029553011627906977,-28.71546
14,0.09525,-508.25,-5.909883720930233,241.882,0.028125813953488375,-28.62422
14,0.0955,-481.7722,-5.602002325581396,229.3442,0.02666793023255814,-28.53017
14,0.09575,-454.6942,-5.287141860465117,216.2316,0.02514320930232558,-28.4331
14,0.096,-428.3598,-4.980927906976745,202.6551,0.02356454651162791,-28.33307
14,0.09625,-401.8096,-4.672204651162791,189.1614,0.021995511627906975,-28.23022
14,0.0965,-375.1774,-4.3625279069767435,175.4529,0.0204015,-28.12435
14,0.09675,-348.263,-4.04956976744186,161.3773,0.018764802325581396,-28.0152
14,0.097,-321.4196,-3.7374372093023256,147.049,0.01709872093023256,-27.90271
14,0.09725,-293.7632,-3.415851162790698,132.5464,0.015412372093023258,-27.78686
14,0.0975,-266.4416,-3.098158139534884,117.8008,0.013697767441860463,-27.66745
14,0.09775,-239.2421,-2.7818848837209305,102.6703,0.011938406976744186,-27.54434
14,0.098,-211.6339,-2.4608593023255816,87.51148,0.010175753488372094,-27.41752
14,0.09825,-184.4455,-2.14471511627907,72.37457,0.008415647674418604,-27.28692
14,0.0985,-156.4498,-1.8191837209302328,56.54363,0.0065748406976744184,-27.15234
14,0.09875,-128.7245,-1.4967965116279072,40.32522,0.004688979069767442,-27.01367
14,0.099,-101.4019,-1.1790918604651162,24.28376,0.002823693023255814,-26.87083
14,0.09925,-73.54855,-0.8552156976744187,8.287998,0.0009637206976744186,-26.72376
14,0.0995,-46.19658,-0.537169534883721,-8.192452,-0.0009526106976744185,-26.57219
14,0.09975,-18.05702,-0.20996534883720935,-25.12684,-0.002921725581395349,-26.4159
14,0.1,5.810293,0.0675615465116279,-41.19855,-0.004790529069767442,-26.26753
15,0.0,8.31936,0.09673674418604652,0.0,0.0,-24.46114
15,0.00025,33.03969,0.38418244186046513,-13.14064,-0.001527981395348837,-24.31577
15,0.0005,60.94271,0.7086361627906976,-26.28861,-0.0030568151162790698,-24.16605
15,0.00075,87.41491,1.0164524418604652,-39.55625,-0.004599563953488372,-24.01191
15,0.001,113.1329,1.3154988372093026,-53.34495,-0.006202901162790697,-23.85328
15,0.00125,137.7549,1.6018011627906976,-67.77608,-0.00788093953488372,-23.68994
15,0.0015,164.0681,1.9077686046511628,-82.20286,-0.009558472093023256,-23.52174
15,0.00175,189.937,2.2085697674418605,-96.48936,-0.011219693023255815,-23.34853
15,0.002,215.2646,2.5030767441860466,-111.0848,-0.012916837209302326,-23.17032
15,0.00225,241.0449,2.802847674418605,-126.1395,-0.014667383720930231,-22.987
15,0.0025,266.2022,3.0953744186046515,-141.282,-0.016428139534883722,-22.79817
15,0.00275,291.8549,3.393661627906977,-156.152,-0.018157209302325582,-22.60364
15,0.003,317.0351,3.686454651162791,-171.061,-0.019890813953488372,-22.40342
15,0.00325,342.3666,3.9810069767441862,-186.0168,-0.021629860465116276,-22.19735
15,0.0035,367.7357,4.275996511627907,-201.0772,-0.02338106976744186,-21.98506
15,0.00375,392.9265,4.5689127906976745,-215.9365,-0.025108895348837208,-21.76627
15,0.004,417.6812,4.856758139534884,-230.4798,-0.02679997674418605,-21.54087
15,0.00425,443.1556,5.152972093023256,-245.1033,-0.02850038372093023,-21.30874
15,0.0045,467.732,5.438744186046512,-259.4288,-0.030166139534883722,-21.06966
15,0.00475,492.437,5.726011627906977,-273.5586,-0.03180913953488372,-20.82318
15,0.005,516.6928,6.008055813953489,-287.2095,-0.03339645348837209,-20.56906
15,0.00525,541.6997,6.298833720930234,-300.6582,-0.03496025581395349,-20.30708
15,0.0055,566.4099,6.586161627906978,-314.157,-0.03652988372093023,-20.03693
15,0.00575,590.6211,6.867687209302326,-327.4989,-0.03808126744186047,-19.7582
15,0.006,614.6246,7.146797674418606,-340.5429,-0.03959801162790697,-19.47046
15,0.00625,638.7822,7.427700000000001,-353.3453,-0.04108666279069768,-19.17341
15,0.0065,662.926,7.7084418604651175,-366.2546,-0.04258774418604651,-18.86662
15,0.00675,686.6566,7.984379069767443,-379.0845,-0.044079593023255814,-18.54956
15,0.007,710.3649,8.260056976744186,-391.6126,-0.0455363488372093,-18.22178
15,0.00725,733.7921,8.532466279069768,-403.4741,-0.04691559302325581,-17.88274
15,0.0075,756.8171,8.800198837209303,-415.0327,-0.048259616279069766,-17.53175
15,0.00775,779.7043,9.066329069767441,-426.4449,-0.04958661627906977,-17.16818
15,0.008,802.5566,9.332053488372093,-437.2098,-0.05083834883720931,-16.79138
15,0.00825,825.2205,9.595587209302327,-447.1128,-0.05198986046511628,-16.40067
15,0.0085,847.1156,9.850181395348837,-456.2737,-0.053055081395348834,-15.99521
15,0.00875,868.9276,10.103809302325583,-464.7926,-0.0540456511627907,-15.57404
15,0.009,890.5608,10.355358139534884,-472.5937,-0.05495275581395349,-15.13628
15,0.00925,911.8156,10.602506976744188,-479.2744,-0.05572958139534884,-14.68098
15,0.0095,933.152,10.850604651162792,-484.6258,-0.056351837209302334,-14.20686
15,0.00975,954.2448,11.095869767441862,-488.9733,-0.056857360465116275,-13.71259
15,0.01,975.0838,11.338183720930234,-492.0151,-0.057211058139534886,-13.19684
15,0.01025,994.9397,11.569066279069768,-493.5136,-0.057385302325581394,-12.65801
15,0.0105,1015.334,11.806209302325582,-493.1637,-0.057344616279069775,-12.0942
15,0.01075,1035.475,12.040406976744185,-491.082,-0.05710255813953488,-11.50337
15,0.011,1055.22,12.270000000000001,-487.0134,-0.05662946511627907,-10.88342
15,0.01125,1074.29,12.491744186046512,-480.479,-0.0558696511627907,-10.23204
15,0.0115,1093.496,12.715069767441863,-471.3266,-0.05480541860465116,-9.5465
15,0.01175,1111.502,12.924441860465116,-459.1007,-0.053383802325581396,-8.823756
15,0.012,1130.661,13.147220930232558,-443.447,-0.05156360465116279,-8.060646
15,0.01225,1148.348,13.352883720930233,-424.0124,-0.04930376744186047,-7.254154
15,0.0125,1165.643,13.553988372093025,-400.4599,-0.04656510465116279,-6.40104
15,0.01275,1183.095,13.756918604651164,-372.2475,-0.04328459302325582,-5.497727
15,0.013,1199.548,13.948232558139535,-338.9396,-0.03941158139534884,-4.54157
15,0.01325,1215.433,14.132941860465118,-300.7773,-0.03497410465116279,-3.532128
15,0.0135,1230.371,14.306639534883724,-256.6681,-0.029845127906976743,-2.47294
15,0.01375,1244.34,14.46906976744186,-206.5186,-0.024013790697674415,-1.372166
15,0.014,1256.48,14.610232558139536,-150.7425,-0.017528197674418607,-0.2389835
15,0.01425,1267.605,14.739593023255814,-90.34343,-0.01050505,0.919455
15,0.0145,1277.937,14.859732558139534,-26.6879,-0.0031032441860465118,2.098123
15,0.01475,1287.501,14.970941860465116,39.74179,0.004621138372093023,3.293457
15,0.015,1296.709,15.078011627906978,110.0875,0.012800872093023257,4.502776
15,0.01525,1305.757,15.183220930232562,183.7434,0.021365511627906977,5.723619
15,0.0155,1314.784,15.28818604651163,259.2456,0.03014483720930233,6.951109
15,0.01575,1323.682,15.391651162790698,334.7771,0.03892756976744186,8.180187
15,0.016,1333.796,15.50925581395349,411.9142,0.047897,9.409195
15,0.01625,1344.297,15.63136046511628,491.2357,0.05712043023255814,10.63761
15,0.0165,1356.768,15.776372093023257,571.8733,0.06649689534883721,11.86515
15,0.01675,1369.717,15.926941860465119,651.7994,0.07579062790697674,13.09158
15,0.017,1385.24,16.10744186046512,733.2802,0.08526513953488372,14.31654
15,0.01725,1402.498,16.30811627906977,817.5279,0.09506138372093025,15.53969
15,0.0175,1424.287,16.56147674418605,903.9288,0.10510800000000001,16.76064
15,0.01775,1449.298,16.852302325581398,990.8799,0.11521859302325581,17.9789
15,0.018,1479.387,17.202174418604653,1082.058,0.12582069767441859,19.19383
15,0.01825,1516.124,17.629348837209307,1178.939,0.13708593023255816,20.40435
15,0.0185,1560.749,18.148244186046515,1280.31,0.14887325581395347,21.6092
15,0.01875,1616.907,18.80124418604651,1388.978,0.16150906976744187,22.80633
15,0.019,1687.862,19.626302325581396,1508.38,0.17539302325581396,23.97584
15,0.01925,1778.368,20.678697674418608,1610.716,0.18729255813953485,24.90329
15,0.0195,1873.18,21.781162790697675,1634.232,0.19002697674418606,25.30939
15,0.01975,1830.476,21.284604651162795,1607.962,0.18697232558139537,25.32496
15,0.02,1667.12,19.385116279069766,1590.528,0.18494511627906976,25.28521
15,0.02025,1586.034,18.44225581395349,1589.714,0.18485046511627906,25.30106
15,0.0205,1583.531,18.413151162790697,1594.617,0.18542058139534884,25.34358
15,0.02075,1596.597,18.56508139534884,1599.802,0.186023488372093,25.38943
15,0.021,1605.736,18.671348837209305,1604.24,0.18653953488372094,25.43389
15,0.02125,1611.806,18.74193023255814,1608.462,0.18703046511627908,25.47741
15,0.0215,1617.137,18.803918604651162,1613.07,0.18756627906976744,25.52038
15,0.02175,1622.643,18.86794186046512,1617.783,0.18811430232558138,25.56274
15,0.022,1627.22,18.921162790697675,1621.841,0.18858616279069765,25.60413
15,0.02225,1632.282,18.980023255813954,1625.712,0.18903627906976744,25.64438
15,0.0225,1635.922,19.022348837209304,1629.873,0.18952011627906978,25.68351
15,0.02275,1640.471,19.07524418604651,1634.281,0.19003267441860464,25.72128
15,0.023,1643.661,19.11233720930233,1638.358,0.1905067441860465,25.75741
15,0.02325,1646.369,19.14382558139535,1641.771,0.1909036046511628,25.7919
15,0.0235,1648.697,19.17089534883721,1645.205,0.19130290697674418,25.82481
15,0.02375,1650.892,19.196418604651164,1648.7,0.19170930232558142,25.85605
15,0.024,1652.194,19.211558139534887,1651.864,0.19207720930232558,25.88542
15,0.02425,1654.236,19.235302325581397,1654.624,0.19239813953488372,25.91283
15,0.0245,1654.544,19.238883720930236,1657.138,0.19269046511627907,25.93839
15,0.02475,1655.491,19.24989534883721,1659.54,0.19296976744186048,25.96217
15,0.025,1654.982,19.24397674418605,1661.976,0.19325302325581398,25.98407
15,0.02525,1654.939,19.24347674418605,1663.943,0.1934817441860465,26.00402
15,0.0255,1654.055,19.233197674418605,1665.308,0.19364046511627905,26.0221
15,0.02575,1653.262,19.223976744186047,1666.433,0.19377127906976746,26.0384
15,0.026,1652.038,19.209744186046514,1667.778,0.19392767441860465,26.0528
15,0.02625,1649.86,19.184418604651164,1668.967,0.19406593023255814,26.06538
15,0.0265,1647.256,19.154139534883726,1669.603,0.19413988372093022,26.0763
15,0.02675,1645.215,19.130406976744187,1669.852,0.19416883720930234,26.08552
15,0.027,1642.731,19.101523255813955,1669.928,0.19417767441860467,26.093
15,0.02725,1638.744,19.055162790697675,1669.924,0.19417720930232557,26.09881
15,0.0275,1635.058,19.0123023255814,1669.632,0.1941432558139535,26.10306
15,0.02775,1630.225,18.95610465116279,1669.218,0.19409511627906978,26.10584
15,0.028,1625.31,18.898953488372094,1668.592,0.19402232558139537,26.10713
15,0.02825,1619.993,18.837127906976743,1667.536,0.19389953488372094,26.10682
15,0.0285,1614.86,18.777441860465117,1666.198,0.19374395348837212,26.10513
15,0.02875,1608.697,18.70577906976744,1664.719,0.19357197674418605,26.10214
15,0.029,1602.128,18.62939534883721,1663.458,0.1934253488372093,26.09777
15,0.02925,1595.115,18.547848837209305,1662.066,0.19326348837209303,26.0921
15,0.0295,1587.767,18.462406976744187,1660.072,0.19303162790697673,26.08518
15,0.02975,1580.271,18.375244186046512,1657.716,0.19275767441860464,26.07702
15,0.03,1572.519,18.285104651162793,1655.113,0.19245500000000001,26.06764
15,0.03025,1563.651,18.181988372093027,1652.451,0.19214546511627908,26.05712
15,0.0305,1555.189,18.083593023255816,1649.665,0.19182151162790698,26.04558
15,0.03075,1546.471,17.98222093023256,1646.723,0.19147941860465115,26.03293
15,0.031,1537.032,17.87246511627907,1643.685,0.19112616279069766,26.01903
15,0.03125,1527.023,17.756081395348836,1640.262,0.1907281395348837,26.00406
15,0.0315,1516.658,17.635558139534886,1636.344,0.1902725581395349,25.98816
15,0.03175,1505.989,17.5115,1632.303,0.18980267441860466,25.9712
15,0.032,1495.333,17.387593023255818,1628.363,0.18934453488372094,25.95311
15,0.03225,1483.997,17.255779069767442,1624.311,0.18887337209302324,25.93386
15,0.0325,1472.616,17.123441860465118,1620.032,0.18837581395348835,25.91364
15,0.03275,1460.23,16.979418604651165,1615.271,0.18782220930232557,25.89253
15,0.033,1447.446,16.830767441860466,1610.519,0.1872696511627907,25.87021
15,0.03325,1434.496,16.68018604651163,1605.737,0.1867136046511628,25.84676
15,0.0335,1421.562,16.52979069767442,1600.592,0.18611534883720932,25.82236
15,0.03375,1408.319,16.375802325581397,1594.72,0.1854325581395349,25.79693
15,0.034,1395.063,16.22166279069768,1589.134,0.18478302325581397,25.7704
15,0.03425,1380.193,16.04875581395349,1583.706,0.18415186046511625,25.74278
15,0.0345,1366.108,15.884976744186048,1577.741,0.18345825581395347,25.71418
15,0.03475,1351.39,15.713837209302328,1571.042,0.18267930232558138,25.68451
15,0.035,1336.446,15.54006976744186,1563.997,0.18186011627906978,25.65363
15,0.03525,1320.82,15.358372093023256,1557.288,0.18108,25.62167
15,0.0355,1304.256,15.165767441860467,1550.667,0.18031011627906976,25.58868
15,0.03575,1288.501,14.982569767441861,1543.245,0.1794470930232558,25.55453
15,0.036,1272.102,14.791883720930235,1535.33,0.1785267441860465,25.5192
15,0.03625,1254.999,14.593011627906979,1527.313,0.17759453488372096,25.48271
15,0.0365,1237.66,14.39139534883721,1519.457,0.17668104651162791,25.44502
15,0.03675,1220.325,14.18982558139535,1510.869,0.1756824418604651,25.40623
15,0.037,1202.246,13.979604651162793,1501.62,0.17460697674418604,25.36615
15,0.03725,1183.984,13.767255813953488,1492.495,0.17354593023255813,25.32476
15,0.0375,1165.666,13.554255813953489,1483.619,0.17251383720930233,25.28226
15,0.03775,1146.517,13.331593023255815,1473.782,0.17137,25.23848
15,0.038,1128.066,13.117046511627908,1462.788,0.17009162790697674,25.19334
15,0.03825,1109.139,12.896965116279068,1452.245,0.16886569767441859,25.14688
15,0.0385,1089.524,12.668883720930232,1442.278,0.1677067441860465,25.09917
15,0.03875,1070.3,12.445348837209304,1431.791,0.16648732558139534,25.05024
15,0.039,1050.598,12.216255813953488,1420.25,0.1651453488372093,24.99985
15,0.03925,1029.878,11.97532558139535,1408.216,0.16374604651162789,24.94802
15,0.0395,1010.006,11.744255813953488,1396.862,0.16242581395348837,24.89499
15,0.03975,989.2938,11.503416279069768,1385.476,0.1611018604651163,24.84069
15,0.04,968.5343,11.262026744186047,1373.142,0.15966767441860466,24.78493
15,0.04025,947.1752,11.013665116279071,1360.492,0.1581967441860465,24.72759
15,0.0405,925.8033,10.765154651162792,1348.314,0.1567806976744186,24.66869
15,0.04075,904.24,10.514418604651164,1336.328,0.15538697674418606,24.60831
15,0.041,882.0431,10.25631511627907,1323.494,0.1538946511627907,24.5465
15,0.04125,859.9475,9.999389534883722,1310.107,0.15233802325581397,24.48313
15,0.0415,837.3829,9.73701046511628,1297.207,0.15083802325581397,24.41817
15,0.04175,815.2336,9.479460465116281,1284.678,0.14938116279069769,24.35163
15,0.042,792.5327,9.215496511627908,1271.324,0.14782837209302324,24.28333
15,0.04225,769.3664,8.946120930232558,1257.009,0.14616383720930232,24.21343
15,0.0425,747.1527,8.687822093023257,1242.762,0.14450720930232558,24.14193
15,0.04275,723.3969,8.411591860465116,1228.484,0.14284697674418603,24.06874
15,0.043,699.6683,8.135677906976746,1213.561,0.1411117441860465,23.99379
15,0.04325,676.0066,7.860541860465117,1197.62,0.13925813953488372,23.91702
15,0.0435,651.9504,7.580818604651163,1181.374,0.13736906976744184,23.83861
15,0.04375,628.3029,7.305847674418605,1165.419,0.13551383720930232,23.75848
15,0.044,604.2593,7.02627093023256,1148.973,0.13360151162790698,23.67643
15,0.04425,579.6409,6.7400104651162795,1131.753,0.1315991860465116,23.59244
15,0.0445,555.5933,6.4603872093023265,1114.052,0.1295409302325581,23.5066
15,0.04475,530.406,6.167511627906977,1096.687,0.1275217441860465,23.41892
15,0.045,505.7481,5.880791860465116,1079.309,0.1255010465116279,23.32926
15,0.04525,481.5495,5.599412790697675,1061.187,0.12339383720930232,23.23748
15,0.0455,456.0792,5.303246511627907,1042.749,0.12124988372093023,23.14368
15,0.04575,431.4172,5.016479069767442,1024.313,0.11910616279069769,23.048
15,0.046,406.3601,4.725117441860465,1005.985,0.116975,22.95022
15,0.04625,380.6765,4.426470930232558,987.7225,0.11485145348837209,22.85026
15,0.0465,356.1163,4.140887209302327,969.1796,0.11269530232558139,22.7483
15,0.04675,331.0684,3.849632558139535,950.51,0.11052441860465115,22.6443
15,0.047,305.9956,3.5580883720930236,931.5506,0.10831983720930233,22.53814
15,0.04725,280.6337,3.2631825581395346,911.9483,0.1060405,22.42974
15,0.0475,253.9832,2.953293023255814,891.6579,0.1036811511627907,22.31915
15,0.04775,229.461,2.668151162790698,870.7452,0.1012494418604651,22.2064
15,0.048,203.0561,2.3611174418604652,849.5365,0.09878331395348837,22.09135
15,0.04825,177.2794,2.0613883720930235,827.9642,0.09627490697674419,21.97392
15,0.0485,151.6647,1.7635430232558142,806.122,0.09373511627906976,21.85416
15,0.04875,125.4781,1.4590476744186047,784.1415,0.0911792441860465,21.73211
15,0.049,99.50887,1.1570798837209304,761.9103,0.08859422093023256,21.60761
15,0.04925,73.43832,0.8539339534883722,739.3846,0.08597495348837209,21.48058
15,0.0495,47.4083,0.5512593023255814,716.9131,0.08336198837209302,21.35107
15,0.04975,20.97713,0.2439201162790698,694.5178,0.08075788372093023,21.21916
15,0.05,-4.303801,-0.0500441976744186,672.0954,0.07815062790697674,21.08476
15,0.05025,-30.54757,-0.3552043023255814,649.821,0.07556058139534884,20.94784
15,0.0505,-56.73055,-0.6596575581395349,627.5073,0.07296596511627906,20.8085
15,0.05075,-82.29562,-0.9569258139534884,604.5864,0.07030074418604651,20.66665
15,0.051,-108.3277,-1.2596244186046512,580.688,0.06752186046511628,20.52211
15,0.05125,-134.4641,-1.563536046511628,556.1655,0.06467040697674419,20.37489
15,0.0515,-159.9739,-1.8601616279069768,531.5607,0.061809383720930235,20.22502
15,0.05175,-185.9883,-2.162654651162791,506.1571,0.05885547674418605,20.07239
15,0.052,-211.5964,-2.460423255813953,480.3862,0.055858860465116275,19.91694
15,0.05225,-237.3169,-2.7594988372093026,454.7095,0.0528731976744186,19.75855
15,0.0525,-263.08,-3.0590697674418608,429.135,0.04989941860465116,19.59729
15,0.05275,-288.1781,-3.3509081395348836,403.7261,0.0469448953488372,19.43326
15,0.053,-313.6682,-3.6473046511627913,378.6628,0.04403055813953489,19.26618
15,0.05325,-339.3189,-3.9455686046511627,353.9173,0.04115317441860465,19.09584
15,0.0535,-364.4231,-4.2374779069767445,329.0231,0.0382585,18.92247
15,0.05375,-389.2927,-4.526659302325582,304.0539,0.03535510465116279,18.74592
15,0.054,-415.0265,-4.825889534883721,278.5687,0.03239170930232558,18.56601
15,0.05425,-440.2107,-5.118729069767442,252.2288,0.029328930232558142,18.38269
15,0.0545,-464.6098,-5.4024395348837215,225.2669,0.02619382558139535,18.19595
15,0.05475,-489.1163,-5.687398837209303,197.8653,0.023007593023255814,18.00578
15,0.055,-513.9454,-5.976109302325582,170.231,0.019794302325581395,17.81185
15,0.05525,-538.8678,-6.265904651162791,142.9211,0.016618732558139535,17.61401
15,0.0555,-563.4006,-6.551169767441862,115.6866,0.013451930232558139,17.4124
15,0.05575,-587.5196,-6.831623255813954,88.52064,0.010293097674418605,17.20691
15,0.056,-611.3996,-7.109297674418604,61.76226,0.007181658139534883,16.99732
15,0.05625,-635.9046,-7.394239534883721,35.47749,0.004125289534883721,16.78346
15,0.0565,-659.9963,-7.674375581395349,9.222447,0.001072377558139535,16.56524
15,0.05675,-683.5673,-7.948456976744187,-17.22833,-0.0020032941860465116,16.34265
15,0.057,-707.5962,-8.227862790697674,-44.15566,-0.0051343790697674415,16.11548
15,0.05725,-731.0355,-8.500412790697673,-71.42762,-0.008305537209302325,15.88342
15,0.0575,-754.0682,-8.768234883720933,-99.3089,-0.011547546511627906,15.64645
15,0.05775,-777.1256,-9.036344186046511,-127.7922,-0.014859558139534884,15.40454
15,0.058,-799.7834,-9.299806976744186,-156.4591,-0.018192918604651165,15.15728
15,0.05825,-822.2128,-9.560613953488373,-184.6569,-0.021471732558139535,14.9045
15,0.0585,-844.7253,-9.822387209302326,-212.1265,-0.024665872093023254,14.64614
15,0.05875,-867.0382,-10.081839534883722,-239.4325,-0.027840988372093024,14.38181
15,0.059,-888.2682,-10.328700000000001,-266.5785,-0.030997500000000004,14.11126
15,0.05925,-910.336,-10.585302325581397,-293.2149,-0.03409475581395349,13.83415
15,0.0595,-931.6344,-10.832958139534885,-319.3706,-0.03713611627906977,13.55014
15,0.05975,-952.4202,-11.074653488372094,-345.7088,-0.0401986976744186,13.25912
15,0.06,-973.5996,-11.32092558139535,-372.6602,-0.04333258139534883,12.96055
15,0.06025,-994.43,-11.563139534883721,-399.8295,-0.046491802325581394,12.65385
15,0.0605,-1014.833,-11.800383720930233,-426.77,-0.04962441860465116,12.33875
15,0.06075,-1035.106,-12.03611627906977,-453.7247,-0.05275868604651163,12.0149
15,0.061,-1055.061,-12.268151162790698,-481.0807,-0.055939616279069765,11.6817
15,0.06125,-1074.842,-12.498162790697677,-507.7665,-0.05904261627906977,11.33846
15,0.0615,-1094.642,-12.728395348837212,-533.4557,-0.06202973255813953,10.98472
15,0.06175,-1113.519,-12.94789534883721,-558.4339,-0.06493417441860466,10.62024
15,0.062,-1132.703,-13.17096511627907,-582.7059,-0.06775650000000001,10.24403
15,0.06225,-1151.403,-13.388406976744188,-606.6887,-0.07054519767441861,9.855055
15,0.0625,-1169.355,-13.597151162790698,-629.9597,-0.07325112790697674,9.452921
15,0.06275,-1187.221,-13.80489534883721,-652.2347,-0.07584124418604651,9.036755
15,0.063,-1204.969,-14.011267441860467,-674.1434,-0.07838876744186046,8.605491
15,0.06325,-1222.489,-14.214988372093025,-695.802,-0.08090720930232559,8.158128
15,0.0635,-1239.229,-14.409639534883723,-716.8763,-0.08335770930232558,7.693484
15,0.06375,-1256.298,-14.608116279069769,-736.8645,-0.08568191860465116,7.210608
15,0.064,-1272.824,-14.800279069767445,-756.072,-0.0879153488372093,6.708259
15,0.06425,-1288.988,-14.988232558139536,-774.8471,-0.0900985,6.185009
15,0.0645,-1304.13,-15.1643023255814,-792.3729,-0.09213638372093022,5.639828
15,0.06475,-1320.303,-15.352360465116282,-808.0807,-0.09396287209302326,5.071547
15,0.065,-1335.544,-15.52958139534884,-821.7876,-0.0955566976744186,4.478717
15,0.06525,-1350.212,-15.700139534883721,-833.9757,-0.09697391860465115,3.859905
15,0.0655,-1364.575,-15.8671511627907,-844.5962,-0.09820886046511627,3.213951
15,0.06575,-1378.813,-16.032709302325586,-853.1709,-0.09920591860465115,2.539951
15,0.066,-1393.032,-16.198046511627908,-859.1468,-0.09990079069767442,1.836817
15,0.06625,-1406.007,-16.348918604651164,-862.9027,-0.10033752325581395,1.103387
15,0.0665,-1419.267,-16.503104651162793,-864.1533,-0.1004829418604651,0.3395059
15,0.06675,-1431.943,-16.6505,-862.5092,-0.10029176744186045,-0.4543752
15,0.067,-1444.256,-16.793674418604652,-857.6469,-0.09972638372093023,-1.278321
15,0.06725,-1456.303,-16.933755813953493,-849.7235,-0.09880505813953488,-2.131652
15,0.0675,-1468.117,-17.071127906976745,-838.8579,-0.09754161627906976,-3.012954
15,0.06775,-1479.903,-17.208174418604653,-824.7105,-0.09589656976744186,-3.920451
15,0.068,-1491.096,-17.338325581395353,-806.6828,-0.09380032558139535,-4.851805
15,0.06825,-1502.472,-17.47060465116279,-784.7804,-0.09125353488372093,-5.804682
15,0.0685,-1512.971,-17.59268604651163,-759.3953,-0.08830177906976745,-6.775967
15,0.06875,-1523.197,-17.711593023255812,-731.2147,-0.08502496511627906,-7.762075
15,0.069,-1533.719,-17.833941860465117,-699.7649,-0.08136801162790698,-8.759498
15,0.06925,-1543.641,-17.949313953488375,-665.0045,-0.0773261046511628,-9.764363
15,0.0695,-1552.834,-18.056209302325584,-627.4605,-0.07296052325581395,-10.77232
15,0.06975,-1562.69,-18.170813953488373,-586.8195,-0.06823482558139533,-11.77875
15,0.07,-1571.628,-18.27474418604651,-543.2728,-0.06317125581395348,-12.7788
15,0.07025,-1580.227,-18.374732558139538,-496.9206,-0.05778146511627906,-13.76738
15,0.0705,-1587.845,-18.463313953488374,-448.5484,-0.05215679069767441,-14.73866
15,0.07075,-1595.961,-18.55768604651163,-399.243,-0.04642360465116279,-15.6869
15,0.071,-1603.107,-18.640779069767444,-349.6388,-0.040655674418604654,-16.60746
15,0.07125,-1610.301,-18.72443023255814,-299.6553,-0.03484363953488372,-17.49567
15,0.0715,-1617.051,-18.802918604651165,-249.3742,-0.028997000000000002,-18.34747
15,0.07175,-1622.233,-18.863174418604654,-199.3268,-0.02317753488372093,-19.15946
15,0.072,-1627.934,-18.929465116279072,-150.2736,-0.01747367441860465,-19.92927
15,0.07225,-1633.366,-18.992627906976743,-102.2195,-0.011885988372093023,-20.65564
15,0.0725,-1637.921,-19.045593023255815,-56.23797,-0.006539298837209302,-21.33747
15,0.07275,-1641.854,-19.091325581395353,-12.9006,-0.0015000697674418606,-21.97454
15,0.073,-1645.529,-19.134058139534886,28.2471,0.003284546511627907,-22.56806
15,0.07325,-1648.371,-19.167104651162795,67.31319,0.00782711511627907,-23.11968
15,0.0735,-1650.996,-19.19762790697675,104.5029,0.012151499999999999,-23.63079
15,0.07375,-1652.884,-19.21958139534884,139.3491,0.016203383720930234,-24.10314
15,0.074,-1654.198,-19.23486046511628,172.3857,0.020044848837209302,-24.53887
15,0.07425,-1655.581,-19.25094186046512,203.8715,0.023705988372093024,-24.94032
15,0.0745,-1655.728,-19.2526511627907,233.1733,0.027113174418604655,-25.30939
15,0.07475,-1655.588,-19.251023255813955,259.695,0.03019709302325581,-25.64823
15,0.075,-1655.659,-19.251848837209305,283.788,0.03299860465116279,-25.95922
15,0.07525,-1654.553,-19.238988372093026,305.6618,0.03554206976744186,-26.24442
15,0.0755,-1653.48,-19.226511627906977,325.693,0.03787127906976744,-26.50595
15,0.07575,-1651.682,-19.205604651162794,343.7458,0.03997044186046511,-26.74557
15,0.076,-1649.817,-19.183918604651165,360.5396,0.041923209302325584,-26.96504
15,0.07625,-1647.851,-19.161058139534884,376.136,0.04373674418604651,-27.16597
15,0.0765,-1645.417,-19.132755813953487,390.4728,0.04540381395348837,-27.34953
15,0.07675,-1642.286,-19.096348837209305,403.4384,0.04691144186046512,-27.517
15,0.077,-1639.352,-19.062232558139538,415.3135,0.048292267441860465,-27.66963
15,0.07725,-1635.65,-19.01918604651163,426.3395,0.04957436046511628,-27.80847
15,0.0775,-1631.911,-18.975709302325583,436.6829,0.050777081395348846,-27.93443
15,0.07775,-1627.016,-18.91879069767442,445.8687,0.0518451976744186,-28.04829
15,0.078,-1621.962,-18.860023255813953,453.9043,0.052779569767441865,-28.15097
15,0.07825,-1617.049,-18.80289534883721,461.2301,0.05363140697674418,-28.24331
15,0.0785,-1611.494,-18.738302325581397,467.8758,0.05440416279069767,-28.32589
15,0.07875,-1604.72,-18.65953488372093,473.4484,0.05505213953488372,-28.39941
15,0.079,-1598.46,-18.586744186046516,478.3024,0.05561655813953488,-28.46458
15,0.07925,-1591.417,-18.504848837209302,482.6449,0.0561215,-28.52198
15,0.0795,-1583.99,-18.418488372093027,486.4187,0.056560313953488366,-28.5721
15,0.07975,-1575.944,-18.324930232558142,489.1734,0.05688062790697675,-28.61538
15,0.08,-1567.982,-18.232348837209305,491.0925,0.057103779069767435,-28.65248
15,0.08025,-1559.855,-18.137848837209305,492.6871,0.057289197674418604,-28.68399
15,0.0805,-1551.326,-18.038674418604653,494.2305,0.05746866279069768,-28.71011
15,0.08075,-1541.457,-17.923918604651163,495.1667,0.05757752325581396,-28.73127
15,0.081,-1532.76,-17.82279069767442,495.3064,0.05759376744186046,-28.74798
15,0.08125,-1522.798,-17.706953488372097,495.1799,0.05757905813953488,-28.76058
15,0.0815,-1511.935,-17.580639534883723,494.9857,0.05755647674418605,-28.76935
15,0.08175,-1501.572,-17.460139534883723,494.102,0.05745372093023256,-28.77456
15,0.082,-1490.413,-17.330383720930232,492.7274,0.05729388372093023,-28.77663
15,0.08225,-1479.044,-17.19818604651163,491.5529,0.05715731395348838,-28.77589
15,0.0825,-1467.617,-17.065313953488374,490.4981,0.057034662790697674,-28.77246
15,0.08275,-1455.062,-16.91932558139535,488.8953,0.05684829069767442,-28.76661
15,0.083,-1442.381,-16.77187209302326,486.6278,0.05658462790697675,-28.75864
15,0.08325,-1429.595,-16.623197674418606,484.0845,0.056288895348837215,-28.74864
15,0.0835,-1417.108,-16.478,481.9618,0.05604206976744186,-28.73676
15,0.08375,-1403.097,-16.315081395348837,479.6004,0.05576748837209302,-28.72309
15,0.084,-1388.965,-16.150755813953488,476.7681,0.055438151162790696,-28.70777
15,0.08425,-1375.472,-15.993860465116281,473.7865,0.055091453488372084,-28.69103
15,0.0845,-1360.867,-15.82403488372093,470.9674,0.054763651162790694,-28.67285
15,0.08475,-1345.967,-15.650779069767445,467.8484,0.05440097674418605,-28.65325
15,0.085,-1331.392,-15.481302325581398,464.1486,0.05397076744186047,-28.63245
15,0.08525,-1315.246,-15.293558139534886,460.356,0.053529767441860464,-28.61045
15,0.0855,-1299.56,-15.111162790697675,457.057,0.05314616279069767,-28.58716
15,0.08575,-1283.384,-14.923069767441863,453.746,0.052761162790697674,-28.56266
15,0.086,-1266.537,-14.727174418604653,449.7169,0.05229266279069768,-28.53705
15,0.08625,-1249.957,-14.534383720930235,445.2975,0.051778779069767446,-28.51034
15,0.0865,-1232.33,-14.329418604651162,440.9217,0.05126996511627907,-28.4824
15,0.08675,-1214.52,-14.12232558139535,436.7555,0.05078552325581395,-28.45332
15,0.087,-1196.996,-13.918558139534886,432.3995,0.050279011627906975,-28.4232
15,0.08725,-1178.689,-13.70568604651163,427.5638,0.04971672093023256,-28.39196
15,0.0875,-1160.712,-13.496651162790698,422.6507,0.049145430232558136,-28.35958
15,0.08775,-1141.88,-13.277674418604652,417.8191,0.04858361627906976,-28.32606
15,0.088,-1122.953,-13.057593023255816,412.8438,0.04800509302325581,-28.29144
15,0.08825,-1104.296,-12.840651162790698,407.3717,0.0473688023255814,-28.25574
15,0.0885,-1084.629,-12.611965116279071,401.9321,0.04673629069767442,-28.21881
15,0.08875,-1064.981,-12.383500000000002,396.8092,0.046140604651162785,-28.1806
15,0.089,-1045.592,-12.158046511627909,391.36,0.04550697674418605,-28.14125
15,0.08925,-1024.511,-11.912918604651164,385.6024,0.044837488372093025,-28.1007
15,0.0895,-1004.596,-11.681348837209303,379.5485,0.0441335465116279,-28.0589
15,0.08975,-984.0621,-11.442582558139534,373.6284,0.04344516279069767,-28.01574
15,0.09,-963.0372,-11.198106976744185,367.9952,0.042790139534883725,-27.97129
15,0.09025,-941.9389,-10.952777906976745,362.044,0.04209813953488372,-27.92561
15,0.0905,-920.3209,-10.70140581395349,355.6581,0.04135559302325581,-27.87847
15,0.09075,-898.7156,-10.450181395348839,349.4294,0.040631325581395344,-27.82991
15,0.091,-876.8671,-10.196129069767442,343.1453,0.03990061627906977,-27.78004
15,0.09125,-854.7528,-9.938986046511628,336.6956,0.0391506511627907,-27.72873
15,0.0915,-832.4692,-9.679874418604651,329.7362,0.038341418604651165,-27.67588
15,0.09175,-810.1432,-9.420269767441862,322.6944,0.037522604651162784,-27.62144
15,0.092,-787.3071,-9.154733720930233,315.9526,0.03673867441860466,-27.56539
15,0.09225,-764.4304,-8.888725581395349,308.9091,0.03591966279069768,-27.50785
15,0.0925,-741.5731,-8.622943023255813,301.4052,0.035047116279069764,-27.44859
15,0.09275,-717.6551,-8.344826744186046,293.4552,0.034122697674418605,-27.38749
15,0.093,-694.6676,-8.07753023255814,285.6444,0.03321446511627907,-27.32477
15,0.09325,-670.7653,-7.799596511627907,277.8418,0.03230718604651162,-27.26037
15,0.0935,-646.9674,-7.522876744186047,269.5674,0.03134504651162791,-27.19405
15,0.09375,-622.8909,-7.242917441860465,260.8081,0.030326523255813958,-27.12576
15,0.094,-598.2081,-6.955908139534884,251.8339,0.029283011627906978,-27.05549
15,0.09425,-574.3808,-6.678846511627907,242.8693,0.028240616279069767,-26.98321
15,0.0945,-550.4451,-6.400524418604652,233.4882,0.02714979069767442,-26.90884
15,0.09475,-525.4924,-6.110376744186047,223.6812,0.026009441860465117,-26.83225
15,0.095,-501.1125,-5.826889534883722,213.6945,0.024848197674418607,-26.75347
15,0.09525,-476.0691,-5.535687209302326,203.7643,0.02369352325581395,-26.67251
15,0.0955,-451.7343,-5.252724418604652,193.7051,0.0225238488372093,-26.58913
15,0.09575,-425.8907,-4.952217441860466,182.9849,0.021277313953488374,-26.50327
15,0.096,-401.2859,-4.66611511627907,172.216,0.020025116279069766,-26.41493
15,0.09625,-376.2658,-4.375183720930233,161.5477,0.018784616279069768,-26.32399
15,0.0965,-351.2959,-4.0848360465116285,150.8606,0.01754193023255814,-26.23037
15,0.09675,-326.1446,-3.7923790697674424,139.6011,0.016232686046511628,-26.13388
15,0.097,-300.8156,-3.497855813953489,128.3853,0.014928523255813952,-26.03454
15,0.09725,-274.8402,-3.1958162790697675,117.1255,0.01361924418604651,-25.93234
15,0.0975,-249.7543,-2.904119767441861,105.8016,0.012302511627906975,-25.82698
15,0.09775,-224.3574,-2.608806976744187,94.15043,0.010947724418604652,-25.71834
15,0.098,-198.0463,-2.302863953488372,82.48709,0.009591522093023256,-25.60646
15,0.09825,-172.4356,-2.0050651162790696,70.72188,0.00822347441860465,-25.49119
15,0.0985,-146.1452,-1.6993627906976745,58.98641,0.006858884883720931,-25.37241
15,0.09875,-120.1988,-1.3976604651162794,47.07627,0.00547398488372093,-25.25003
15,0.099,-94.56027,-1.099538023255814,35.13487,0.00408545,-25.12399
15,0.09925,-68.71106,-0.7989658139534884,23.11087,0.002687310465116279,-24.99431
15,0.0995,-41.94663,-0.48775151162790703,10.82107,0.0012582639534883722,-24.86075
15,0.09975,-16.56237,-0.19258569767441863,-1.75922,-0.00020456046511627908,-24.72304
15,0.1,6.134446,0.07133076744186047,-13.63009,-0.0015848941860465116,-24.59295
16,0.0,7.557606,0.08787913953488372,0.0,0.0,-17.74975
16,0.00025,30.87546,0.3590169767441861,-1.474032,-0.00017139906976744188,-17.62068
16,0.0005,57.42768,0.6677637209302327,-2.966496,-0.0003449413953488372,-17.48738
16,0.00075,82.271,0.956639534883721,-4.47884,-0.0005207953488372093,-17.34961
16,0.001,105.7747,1.2299383720930235,-5.764484,-0.0006702888372093024,-17.20731
16,0.00125,129.9626,1.5111930232558142,-6.914181,-0.0008039745348837209,-17.06057
16,0.0015,154.42,1.7955813953488373,-8.006128,-0.0009309451162790699,-16.90905
16,0.00175,177.996,2.0697209302325583,-9.23063,-0.0010733290697674419,-16.75244
16,0.002,201.7884,2.346376744186047,-10.20413,-0.0011865267441860464,-16.59072
16,0.00225,225.2135,2.618761627906977,-10.72769,-0.0012474058139534884,-16.42375
16,0.0025,249.2065,2.8977500000000003,-11.12051,-0.0012930825581395347,-16.25135
16,0.00275,273.1457,3.1761127906976743,-11.54423,-0.0013423523255813954,-16.07313
16,0.003,296.7811,3.450943023255814,-11.96664,-0.0013914697674418605,-15.889
16,0.00325,320.5415,3.727226744186047,-11.96195,-0.0013909244186046511,-15.6989
16,0.0035,343.64,3.9958139534883723,-11.63417,-0.001352810465116279,-15.50247
16,0.00375,367.4328,4.272474418604651,-11.01905,-0.0012812848837209304,-15.29938
16,0.004,391.1117,4.547810465116279,-10.37767,-0.0012067058139534884,-15.08948
16,0.00425,414.0431,4.814454651162791,-9.389382,-0.0010917886046511627,-14.87255
16,0.0045,437.2261,5.084024418604651,-7.902595,-0.0009189063953488372,-14.64825
16,0.00475,460.0556,5.349483720930233,-6.029619,-0.000701118488372093,-14.4163
16,0.005,483.1966,5.61856511627907,-4.023842,-0.0004678886046511628,-14.17635
16,0.00525,506.0793,5.884643023255814,-1.856118,-0.00021582767441860465,-13.92817
16,0.0055,528.8881,6.1498616279069775,1.100081,0.00012791639534883722,-13.6715
16,0.00575,551.086,6.407976744186047,4.561632,0.0005304223255813954,-13.40577
16,0.006,573.4789,6.668359302325582,8.433062,0.0009805886046511628,-13.13062
16,0.00625,595.6677,6.926368604651163,12.50971,0.0014546174418604652,-12.84563
16,0.0065,617.9432,7.185386046511629,17.44493,0.0020284802325581395,-12.55027
16,0.00675,641.1571,7.4553151162790705,23.34103,0.0027140732558139534,-12.24406
16,0.007,662.5679,7.704277906976745,30.0151,0.003490127906976744,-11.92649
16,0.00725,684.5972,7.960432558139536,37.08744,0.004312493023255814,-11.59701
16,0.0075,706.0263,8.209608139534884,45.07917,0.005241763953488372,-11.25492
16,0.00775,727.4503,8.458724418604652,54.18946,0.0063011,-10.89964
16,0.008,748.6109,8.704777906976746,64.33728,0.007481079069767443,-10.53064
16,0.00825,769.9139,8.952487209302326,75.29143,0.008754817441860466,-10.14723
16,0.0085,790.7144,9.194353488372093,87.25967,0.010146473255813953,-9.748592
16,0.00875,811.0763,9.43111976744186,100.4811,0.011683848837209302,-9.333863
16,0.009,831.0523,9.663398837209302,114.9773,0.013369453488372093,-8.902192
16,0.00925,850.9573,9.894852325581397,130.3822,0.01516072093023256,-8.452835
16,0.0095,870.7555,10.125063953488372,146.7111,0.01705943023255814,-7.984839
16,0.00975,890.4701,10.354303488372095,164.5213,0.019130383720930233,-7.497095
16,0.01,910.2642,10.584467441860467,184.3394,0.021434813953488372,-6.988681
16,0.01025,929.3467,10.806356976744187,205.9596,0.023948790697674416,-6.458542
16,0.0105,948.141,11.02489534883721,228.9632,0.026623627906976744,-5.905557
16,0.01075,966.7657,11.241461627906977,253.9673,0.029531081395348834,-5.32868
16,0.011,985.0581,11.454163953488372,281.3027,0.032709616279069764,-4.726862
16,0.01125,1002.916,11.661813953488373,311.3691,0.036205709302325584,-4.099137
16,0.0115,1020.645,11.86796511627907,344.8459,0.04009836046511627,-3.444503
16,0.01175,1038.497,12.075546511627909,380.2302,0.044212813953488375,-2.762062
16,0.012,1056.322,12.282813953488372,418.3289,0.04864289534883721,-2.051347
16,0.01225,1073.85,12.486627906976745,458.4606,0.05330937209302325,-1.312266
16,0.0125,1089.999,12.674406976744187,501.4612,0.05830944186046512,-0.5450378
16,0.01275,1106.199,12.862779069767445,546.0652,0.06349595348837209,0.2494827
16,0.013,1123.095,13.059244186046513,593.3293,0.06899177906976744,1.069658
16,0.01325,1139.549,13.25056976744186,643.6385,0.07484168604651163,1.913067
16,0.0135,1155.725,13.438662790697673,696.6563,0.0810065465116279,2.776434
16,0.01375,1171.786,13.625418604651165,750.3586,0.08725100000000001,3.655661
16,0.014,1188.032,13.81432558139535,804.386,0.09353325581395348,4.545454
16,0.01425,1204.204,14.002372093023256,859.508,0.09994279069767441,5.439276
16,0.0145,1219.831,14.184081395348837,915.2805,0.10642796511627906,6.329738
16,0.01475,1237.503,14.389569767441861,971.2778,0.11293927906976743,7.208566
16,0.015,1254.675,14.589244186046512,1027.124,0.11943302325581395,8.066843
16,0.01525,1271.902,14.789558139534886,1081.742,0.12578395348837207,8.89544
16,0.0155,1289.155,14.990174418604653,1134.027,0.13186360465116279,9.685658
16,0.01575,1306.281,15.189313953488373,1183.183,0.13757941860465117,10.42992
16,0.016,1322.723,15.3805,1228.534,0.14285279069767443,11.12221
16,0.01625,1338.56,15.564651162790698,1271.386,0.14783558139534883,11.75871
16,0.0165,1353.478,15.73811627906977,1312.945,0.15266802325581394,12.33852
16,0.01675,1366.698,15.891837209302327,1352.565,0.15727500000000003,12.86303
16,0.017,1378.287,16.026593023255813,1388.623,0.16146779069767442,13.3355
16,0.01725,1388.284,16.14283720930233,1420.864,0.1652167441860465,13.76043
16,0.0175,1396.978,16.243930232558142,1449.586,0.16855651162790697,14.14286
16,0.01775,1405.594,16.34411627906977,1475.502,0.17157,14.48819
16,0.018,1413.903,16.440732558139537,1499.238,0.17433,14.80122
16,0.01825,1422.577,16.541593023255817,1520.639,0.17681848837209302,15.08614
16,0.0185,1430.266,16.631000000000004,1540.729,0.17915453488372093,15.3466
16,0.01875,1437.902,16.71979069767442,1560.47,0.18145,15.58554
16,0.019,1445.649,16.809872093023255,1579.369,0.18364755813953487,15.80559
16,0.01925,1453.209,16.89777906976744,1597.127,0.18571244186046512,16.009
16,0.0195,1460.886,16.98704651162791,1614.063,0.18768174418604652,16.19767
16,0.01975,1468.086,17.070767441860465,1630.739,0.18962081395348837,16.37331
16,0.02,1474.707,17.14775581395349,1646.731,0.1914803488372093,16.53708
16,0.02025,1481.899,17.231383720930232,1661.709,0.19322197674418604,16.68996
16,0.0205,1488.438,17.307418604651165,1675.635,0.19484127906976745,16.83304
16,0.02075,1494.655,17.379709302325583,1689.361,0.19643732558139534,16.96706
16,0.021,1500.921,17.45256976744186,1702.767,0.1979961627906977,17.0926
16,0.02125,1506.403,17.516313953488375,1715.135,0.1994343023255814,17.21013
16,0.0215,1511.447,17.574965116279067,1726.149,0.200715,17.32018
16,0.02175,1516.852,17.637813953488372,1736.393,0.20190616279069767,17.42343
16,0.022,1520.865,17.68447674418605,1746.365,0.2030656976744186,17.52015
16,0.02225,1525.906,17.743093023255813,1755.754,0.20415744186046508,17.61059
16,0.0225,1529.451,17.784313953488375,1764.12,0.20513023255813953,17.69525
16,0.02275,1533.016,17.825767441860467,1771.647,0.20600546511627907,17.77447
16,0.023,1535.851,17.85873255813954,1779.035,0.20686453488372095,17.84841
16,0.02325,1538.941,17.894662790697677,1785.978,0.2076718604651163,17.91731
16,0.0235,1540.363,17.911197674418606,1792.19,0.20839418604651164,17.98149
16,0.02375,1542.68,17.93813953488372,1797.521,0.20901406976744186,18.04125
16,0.024,1544.045,17.95401162790698,1802.608,0.20960558139534882,18.09675
16,0.02425,1545.168,17.96706976744186,1807.629,0.21018941860465115,18.14808
16,0.0245,1545.663,17.97282558139535,1812.218,0.21072302325581396,18.19548
16,0.02475,1546.438,17.981837209302327,1815.932,0.21115488372093022,18.23912
16,0.025,1545.406,17.969837209302327,1819.243,0.21153988372093024,18.27914
16,0.02525,1545.635,17.9725,1822.534,0.21192255813953492,18.31569
16,0.0255,1544.462,17.958860465116278,1825.611,0.2122803488372093,18.34888
16,0.02575,1543.895,17.952267441860467,1828.135,0.21257383720930234,18.37898
16,0.026,1542.481,17.935825581395353,1830.16,0.2128093023255814,18.4061
16,0.02625,1540.645,17.91447674418605,1832.135,0.2130389534883721,18.43025
16,0.0265,1538.563,17.89026744186047,1833.78,0.21323023255813953,18.45169
16,0.02675,1535.333,17.852709302325582,1834.88,0.21335813953488372,18.4705
16,0.027,1532.814,17.823418604651163,1835.67,0.21345,18.48665
16,0.02725,1530.658,17.7983488372093,1836.465,0.2135424418604651,18.50038
16,0.0275,1525.843,17.74236046511628,1837.099,0.21361616279069764,18.51183
16,0.02775,1521.9,17.69651162790698,1837.219,0.21363011627906978,18.52106
16,0.028,1517.582,17.646302325581395,1836.861,0.21358848837209304,18.52813
16,0.02825,1512.392,17.585953488372095,1836.312,0.2135246511627907,18.53315
16,0.0285,1507.077,17.524151162790698,1835.942,0.21348162790697675,18.53637
16,0.02875,1501.686,17.46146511627907,1835.192,0.21339441860465116,18.53782
16,0.029,1495.958,17.39486046511628,1834.032,0.21325953488372093,18.53752
16,0.02925,1489.448,17.319162790697675,1832.577,0.21309034883720931,18.53551
16,0.0295,1482.504,17.238418604651166,1831.151,0.21292453488372093,18.5319
16,0.02975,1475.272,17.15432558139535,1829.658,0.21275093023255814,18.5268
16,0.03,1468.043,17.070267441860466,1827.844,0.21254,18.52035
16,0.03025,1459.995,16.97668604651163,1825.732,0.21229441860465115,18.51252
16,0.0305,1451.343,16.87608139534884,1823.421,0.2120256976744186,18.50336
16,0.03075,1443.933,16.789918604651163,1820.965,0.21174011627906977,18.49299
16,0.031,1434.505,16.68029069767442,1818.538,0.2114579069767442,18.48142
16,0.03125,1425.453,16.57503488372093,1815.696,0.21112744186046511,18.46872
16,0.0315,1415.739,16.46208139534884,1812.631,0.21077104651162792,18.45492
16,0.03175,1406.029,16.34917441860465,1809.404,0.21039581395348836,18.44
16,0.032,1395.917,16.231593023255815,1806.242,0.21002813953488372,18.42396
16,0.03225,1384.753,16.101779069767442,1802.774,0.20962488372093022,18.40688
16,0.0325,1373.6,15.972093023255814,1798.922,0.20917697674418603,18.38891
16,0.03275,1362.116,15.838558139534886,1794.859,0.20870453488372093,18.36993
16,0.033,1350.887,15.707988372093025,1790.784,0.20823069767441862,18.34989
16,0.03325,1339.401,15.574430232558141,1786.731,0.20775941860465114,18.32883
16,0.0335,1327.239,15.433011627906978,1782.381,0.20725360465116283,18.30685
16,0.03375,1314.505,15.284941860465118,1777.587,0.2066961627906977,18.28398
16,0.034,1301.749,15.136616279069768,1772.549,0.2061103488372093,18.26001
16,0.03425,1288.507,14.982639534883724,1767.493,0.2055224418604651,18.23501
16,0.0345,1275.171,14.827569767441862,1762.262,0.20491418604651163,18.2091
16,0.03475,1261.527,14.668918604651164,1756.508,0.20424511627906977,18.18226
16,0.035,1247.572,14.506651162790698,1750.393,0.20353406976744187,18.15444
16,0.03525,1233.268,14.340325581395351,1744.333,0.2028294186046512,18.12555
16,0.0355,1218.286,14.166116279069769,1738.187,0.20211476744186044,18.09566
16,0.03575,1203.007,13.988453488372095,1731.426,0.20132860465116278,18.06484
16,0.036,1187.752,13.811069767441861,1724.231,0.20049197674418603,18.03293
16,0.03625,1172.099,13.629058139534884,1716.956,0.1996460465116279,17.99992
16,0.0365,1155.786,13.439372093023257,1709.811,0.19881523255813952,17.96588
16,0.03675,1139.586,13.251000000000001,1701.959,0.19790220930232558,17.93081
16,0.037,1122.803,13.055848837209306,1693.542,0.196923488372093,17.89466
16,0.03725,1106.136,12.862046511627907,1684.964,0.19592604651162787,17.85735
16,0.0375,1089.001,12.662802325581398,1676.579,0.1949510465116279,17.81887
16,0.03775,1071.399,12.458127906976744,1667.89,0.19394069767441863,17.77932
16,0.038,1053.794,12.253418604651165,1658.594,0.19285976744186048,17.73862
16,0.03825,1035.893,12.045267441860465,1649.063,0.191751511627907,17.69677
16,0.0385,1017.812,11.835023255813955,1639.746,0.19066813953488373,17.65377
16,0.03875,999.7549,11.625056976744187,1630.473,0.18958988372093025,17.6096
16,0.039,981.2736,11.410158139534884,1620.538,0.1884346511627907,17.5642
16,0.03925,962.2812,11.189316279069768,1610.305,0.18724476744186047,17.51757
16,0.0395,943.3856,10.9696,1600.323,0.18608406976744188,17.46977
16,0.03975,923.7141,10.740861627906977,1590.437,0.1849345348837209,17.42079
16,0.04,904.2806,10.51489069767442,1580.057,0.1837275581395349,17.37037
16,0.04025,884.6728,10.286893023255816,1568.979,0.18243941860465118,17.31856
16,0.0405,863.8946,10.045286046511627,1558.344,0.18120279069767442,17.2656
16,0.04075,844.5406,9.820239534883722,1547.847,0.17998220930232559,17.21143
16,0.041,823.4504,9.575004651162791,1537.254,0.17875046511627907,17.15578
16,0.04125,803.1867,9.33938023255814,1525.911,0.17743151162790696,17.09859
16,0.0415,783.0482,9.105211627906979,1514.503,0.17610499999999998,17.04002
16,0.04175,761.5892,8.855688372093024,1503.382,0.1748118604651163,16.98015
16,0.042,740.4868,8.610311627906977,1492.231,0.17351523255813955,16.91874
16,0.04225,719.0719,8.361301162790697,1480.584,0.17216093023255816,16.8557
16,0.0425,697.8186,8.11416976744186,1468.549,0.17076151162790698,16.79116
16,0.04275,676.2589,7.86347558139535,1456.51,0.16936162790697676,16.72513
16,0.043,653.7955,7.602273255813953,1443.985,0.16790523255813952,16.65755
16,0.04325,631.8539,7.347138372093023,1430.706,0.16636116279069765,16.58828
16,0.0435,609.498,7.087186046511629,1416.633,0.16472476744186046,16.51732
16,0.04375,587.2681,6.828698837209303,1402.239,0.1630510465116279,16.44481
16,0.044,564.1377,6.559740697674418,1387.734,0.16136441860465114,16.37056
16,0.04425,542.2189,6.304870930232558,1372.608,0.15960558139534883,16.29452
16,0.0445,518.6843,6.0312127906976745,1356.629,0.1577475581395349,16.2168
16,0.04475,495.4942,5.761560465116279,1340.378,0.15585790697674418,16.13728
16,0.045,472.2934,5.491783720930234,1324.402,0.15400023255813952,16.05588
16,0.04525,449.0835,5.221901162790698,1308.553,0.15215732558139536,15.97261
16,0.0455,426.0094,4.953597674418606,1292.315,0.15026918604651163,15.8875
16,0.04575,402.9322,4.685258139534884,1275.81,0.14835,15.80057
16,0.046,379.5921,4.413861627906978,1259.635,0.14646918604651163,15.71173
16,0.04625,355.778,4.136953488372093,1243.542,0.14459790697674418,15.62085
16,0.0465,332.4248,3.865404651162791,1227.284,0.14270744186046513,15.52805
16,0.04675,308.7504,3.5901209302325587,1210.882,0.14080023255813953,15.43329
16,0.047,285.2508,3.316869767441861,1194.519,0.1388975581395349,15.33642
16,0.04725,261.2792,3.0381302325581396,1178.25,0.13700581395348838,15.23751
16,0.0475,237.2574,2.7588069767441863,1161.913,0.13510616279069768,15.13665
16,0.04775,213.4782,2.482304651162791,1145.128,0.13315441860465116,15.0338
16,0.048,189.4219,2.2025802325581396,1127.619,0.13111848837209303,14.92874
16,0.04825,165.5567,1.9250779069767443,1109.473,0.129008488372093,14.8214
16,0.0485,141.5531,1.6459662790697676,1090.873,0.1268456976744186,14.71198
16,0.04875,117.356,1.3646046511627907,1071.497,0.12459267441860467,14.60044
16,0.049,92.47322,1.07527,1051.324,0.12224697674418607,14.48661
16,0.04925,68.32835,0.7945156976744187,1030.865,0.11986802325581396,14.37034
16,0.0495,44.34403,0.5156282558139536,1010.161,0.11746058139534885,14.25171
16,0.04975,20.04012,0.23302465116279075,989.5887,0.1150684534883721,14.13094
16,0.05,-4.06727,-0.047293837209302324,968.9207,0.1126651976744186,14.008
16,0.05025,-27.81202,-0.32339558139534885,947.9683,0.11022887209302325,13.88289
16,0.0505,-52.25318,-0.6075951162790698,927.6477,0.10786601162790696,13.75558
16,0.05075,-76.6042,-0.8907465116279071,908.1118,0.10559439534883722,13.62602
16,0.051,-100.3768,-1.1671720930232559,888.458,0.10330906976744186,13.49401
16,0.05125,-124.9542,-1.4529558139534886,868.1846,0.10095169767441863,13.35949
16,0.0515,-149.5362,-1.7387930232558142,848.1808,0.09862567441860466,13.22255
16,0.05175,-173.4947,-2.0173802325581396,828.444,0.0963306976744186,13.08323
16,0.052,-197.5808,-2.297451162790698,808.0211,0.09395594186046512,12.9414
16,0.05225,-221.7555,-2.5785523255813954,786.1585,0.09141377906976744,12.79691
16,0.0525,-245.9197,-2.8595313953488377,763.6726,0.08879913953488372,12.64982
16,0.05275,-269.7399,-3.136510465116279,740.9845,0.08616098837209303,12.5001
16,0.053,-293.5783,-3.4137011627906984,717.8011,0.08346524418604652,12.34756
16,0.05325,-317.1691,-3.688012790697675,694.24,0.08072558139534884,12.19219
16,0.0535,-340.7644,-3.9623767441860474,670.9116,0.07801297674418604,12.03398
16,0.05375,-364.0321,-4.232931395348838,648.0056,0.07534948837209302,11.87303
16,0.054,-387.5843,-4.506794186046512,625.571,0.07274081395348837,11.70922
16,0.05425,-410.9816,-4.778855813953489,603.2979,0.07015091860465117,11.54227
16,0.0545,-433.721,-5.043267441860466,581.4112,0.0676059534883721,11.37233
16,0.05475,-456.2598,-5.305346511627907,559.8154,0.06509481395348837,11.19944
16,0.055,-479.4084,-5.574516279069767,538.4913,0.06261526744186047,11.02328
16,0.05525,-502.5879,-5.844045348837209,517.142,0.06013279069767443,10.84377
16,0.0555,-525.6732,-6.112479069767442,495.4417,0.0576095,10.6611
16,0.05575,-547.862,-6.370488372093024,472.5317,0.054945546511627905,10.47521
16,0.056,-570.5229,-6.633987209302327,448.8284,0.052189348837209305,10.28605
16,0.05625,-593.4937,-6.901089534883721,424.6971,0.04938338372093023,10.09339
16,0.0565,-615.5194,-7.157202325581396,400.3833,0.046556197674418605,9.897046
16,0.05675,-637.61,-7.414069767441862,375.98,0.04371860465116279,9.697182
16,0.057,-659.9745,-7.674122093023256,351.6826,0.04089332558139534,9.493653
16,0.05725,-681.6027,-7.925612790697675,327.9075,0.03812877906976744,9.286309
16,0.0575,-703.2505,-8.177331395348837,304.9677,0.035461360465116276,9.075185
16,0.05775,-724.3696,-8.422902325581395,282.4531,0.03284338372093023,8.860196
16,0.058,-746.1041,-8.675629069767442,260.2024,0.030256093023255815,8.641173
16,0.05825,-766.9163,-8.917631395348836,238.3937,0.027720197674418606,8.417883
16,0.0585,-787.9356,-9.162041860465116,217.2792,0.025265023255813958,8.190256
16,0.05875,-808.0919,-9.396417441860466,196.1976,0.02281367441860465,7.958318
16,0.059,-829.291,-9.642918604651165,174.2793,0.02026503488372093,7.721841
16,0.05925,-849.23,-9.874767441860465,151.4368,0.01760893023255814,7.480602
16,0.0595,-869.4805,-10.110238372093026,128.4036,0.014930651162790699,7.234615
16,0.05975,-889.3126,-10.340844186046512,105.4196,0.012258093023255815,6.983783
16,0.06,-908.8094,-10.567551162790698,81.93627,0.009527473255813953,6.727681
16,0.06025,-928.4197,-10.795577906976744,58.14287,0.006760798837209302,6.466056
16,0.0605,-947.4784,-11.017190697674419,35.15077,0.004087298837209302,6.198821
16,0.06075,-966.1212,-11.233967441860466,13.52727,0.0015729383720930231,5.925802
16,0.061,-985.0726,-11.454332558139535,-7.560271,-0.0008791012790697674,5.646731
16,0.06125,-1003.408,-11.667534883720931,-28.74602,-0.003342560465116279,5.361326
16,0.0615,-1021.3,-11.875581395348838,-49.23109,-0.005724545348837209,5.069508
16,0.06175,-1039.527,-12.087523255813954,-68.47395,-0.007962087209302325,4.771084
16,0.062,-1057.055,-12.291337209302329,-87.08492,-0.010126153488372092,4.465642
16,0.06225,-1074.372,-12.492697674418606,-105.9677,-0.012321825581395348,4.152899
16,0.0625,-1091.039,-12.6865,-124.7393,-0.01450456976744186,3.832746
16,0.06275,-1108.175,-12.88575581395349,-142.8205,-0.016607034883720933,3.505019
16,0.063,-1124.549,-13.076151162790698,-160.5391,-0.018667337209302325,3.169282
16,0.06325,-1140.905,-13.266337209302327,-178.9371,-0.02080663953488372,2.825141
16,0.0635,-1157.048,-13.454046511627908,-197.7417,-0.02299322093023256,2.472433
16,0.06375,-1172.581,-13.634662790697673,-216.0228,-0.025118930232558137,2.111082
16,0.064,-1188.887,-13.824267441860465,-232.9083,-0.02708236046511628,1.740616
16,0.06425,-1203.938,-13.999279069767445,-249.4,-0.029,1.360531
16,0.0645,-1219.205,-14.176802325581395,-265.5695,-0.030880174418604654,0.970791
16,0.06475,-1233.718,-14.345558139534885,-280.5631,-0.03262361627906977,0.5711253
16,0.065,-1248.03,-14.511976744186047,-294.2879,-0.034219523255813955,0.1611727
16,0.06525,-1262.082,-14.675372093023258,-306.9044,-0.035686558139534884,-0.2592551
16,0.0655,-1275.973,-14.83689534883721,-318.8551,-0.03707617441860465,-0.6903109
16,0.06575,-1289.599,-14.995337209302326,-329.964,-0.038367906976744186,-1.132068
16,0.066,-1302.701,-15.14768604651163,-339.6624,-0.03949562790697674,-1.5847
16,0.06625,-1315.168,-15.292651162790698,-348.0274,-0.0404683023255814,-2.048184
16,0.0665,-1326.947,-15.429616279069768,-355.6743,-0.04135747674418605,-2.522384
16,0.06675,-1339.12,-15.571162790697674,-362.6057,-0.042163453488372096,-3.007062
16,0.067,-1351.096,-15.710418604651164,-368.1514,-0.0428083023255814,-3.501944
16,0.06725,-1362.304,-15.840744186046514,-372.0358,-0.043259976744186045,-4.006825
16,0.0675,-1373.227,-15.96775581395349,-374.7811,-0.043579197674418604,-4.520972
16,0.06775,-1383.903,-16.091895348837213,-376.9236,-0.04382832558139535,-5.043529
16,0.068,-1394.102,-16.210488372093025,-378.0054,-0.04395411627906977,-5.573815
16,0.06825,-1404.409,-16.33033720930233,-377.4163,-0.04388561627906976,-6.110983
16,0.0685,-1414.313,-16.445500000000003,-375.4433,-0.04365619767441861,-6.653778
16,0.06875,-1424.037,-16.558569767441863,-372.7062,-0.04333793023255814,-7.200954
16,0.069,-1433.093,-16.663872093023258,-369.0687,-0.04291496511627907,-7.751333
16,0.06925,-1441.739,-16.764406976744187,-363.8832,-0.042311999999999995,-8.303491
16,0.0695,-1450.381,-16.86489534883721,-357.0097,-0.04151275581395349,-8.85599
16,0.06975,-1459.049,-16.965686046511628,-349.6472,-0.04065665116279069,-9.407063
16,0.07,-1467.028,-17.058465116279073,-341.521,-0.03971174418604652,-9.955157
16,0.07025,-1474.341,-17.1435,-332.1218,-0.03861881395348837,-10.49888
16,0.0705,-1481.486,-17.22658139534884,-321.2022,-0.037349093023255814,-11.03658
16,0.07075,-1488.264,-17.30539534883721,-309.4016,-0.03597693023255814,-11.56672
16,0.071,-1494.262,-17.375139534883722,-297.5203,-0.03459538372093023,-12.08796
16,0.07125,-1500.545,-17.44819767441861,-284.7588,-0.033111488372093024,-12.59924
16,0.0715,-1506.545,-17.517965116279072,-270.7643,-0.03148422093023256,-13.09939
16,0.07175,-1511.45,-17.575000000000003,-255.9975,-0.0297671511627907,-13.58714
16,0.072,-1516.462,-17.633279069767443,-241.356,-0.0280646511627907,-14.06145
16,0.07225,-1520.866,-17.68448837209302,-226.5585,-0.02634401162790698,-14.52151
16,0.0725,-1525.763,-17.74143023255814,-211.0626,-0.024542162790697673,-14.96669
16,0.07275,-1528.699,-17.775569767441862,-195.3418,-0.022714162790697674,-15.39633
16,0.073,-1532.408,-17.818697674418605,-180.3302,-0.020968627906976744,-15.81007
16,0.07325,-1535.524,-17.85493023255814,-165.9166,-0.019292627906976743,-16.20767
16,0.0735,-1537.353,-17.876197674418606,-151.6789,-0.017637081395348836,-16.5886
16,0.07375,-1540.064,-17.90772093023256,-137.5806,-0.015997744186046513,-16.95255
16,0.074,-1541.141,-17.920244186046514,-124.3802,-0.014462813953488373,-17.29954
16,0.07425,-1542.494,-17.935976744186046,-112.293,-0.01305732558139535,-17.62963
16,0.0745,-1542.898,-17.94067441860465,-100.5531,-0.011692220930232559,-17.94279
16,0.07475,-1543.01,-17.94197674418605,-88.83819,-0.010330022093023255,-18.23912
16,0.075,-1542.83,-17.939883720930233,-77.33262,-0.00899216511627907,-18.519
16,0.07525,-1541.881,-17.928848837209305,-66.37211,-0.007717687209302326,-18.78293
16,0.0755,-1541.971,-17.92989534883721,-55.91678,-0.006501951162790697,-19.03113
16,0.07575,-1540.436,-17.91204651162791,-45.70299,-0.005314301162790697,-19.26382
16,0.076,-1538.897,-17.8941511627907,-35.58751,-0.004138082558139535,-19.48157
16,0.07625,-1536.774,-17.86946511627907,-26.02981,-0.003026722093023256,-19.68493
16,0.0765,-1535.075,-17.849709302325582,-17.15306,-0.001994541860465116,-19.87431
16,0.07675,-1532.246,-17.816813953488374,-8.898529,-0.0010347126744186046,-20.05001
16,0.077,-1529.959,-17.79022093023256,-0.8347002,-9.705816279069766e-05,-20.21267
16,0.07725,-1526.159,-17.74603488372093,6.897249,0.0008020056976744187,-20.3629
16,0.0775,-1522.241,-17.700476744186048,14.06096,0.001634995348837209,-20.50107
16,0.07775,-1517.864,-17.64958139534884,20.46333,0.002379456976744186,-20.62777
16,0.078,-1513.855,-17.602965116279073,26.57534,0.003090155813953488,-20.74363
16,0.07825,-1508.456,-17.54018604651163,32.53436,0.0037830651162790697,-20.84909
16,0.0785,-1503.039,-17.47719767441861,37.9984,0.004418418604651163,-20.94455
16,0.07875,-1497.878,-17.41718604651163,42.69366,0.004964379069767442,-21.03062
16,0.079,-1491.627,-17.3445,46.73532,0.0054343395348837205,-21.10791
16,0.07925,-1484.808,-17.265209302325584,50.71311,0.005896873255813954,-21.1769
16,0.0795,-1478.378,-17.190441860465118,54.67326,0.006357355813953488,-21.23799
16,0.07975,-1471.139,-17.106267441860467,57.8292,0.006724325581395348,-21.29165
16,0.08,-1463.765,-17.02052325581396,60.41675,0.007025203488372093,-21.33846
16,0.08025,-1455.823,-16.92817441860465,62.89628,0.007313520930232558,-21.37893
16,0.0805,-1447.597,-16.832523255813953,65.34246,0.00759796046511628,-21.41339
16,0.08075,-1438.465,-16.726337209302326,67.19516,0.007813390697674418,-21.44237
16,0.081,-1430.132,-16.629441860465118,68.57866,0.007974262790697675,-21.46624
16,0.08125,-1420.924,-16.522372093023257,69.86221,0.008123512790697675,-21.48529
16,0.0815,-1411.569,-16.413593023255814,71.38407,0.008300473255813953,-21.50001
16,0.08175,-1401.312,-16.29432558139535,72.57884,0.0084394,-21.51075
16,0.082,-1390.412,-16.16758139534884,72.97139,0.00848504534883721,-21.51789
16,0.08225,-1380.274,-16.049697674418606,73.14636,0.008505390697674418,-21.52167
16,0.0825,-1368.45,-15.912209302325584,73.66702,0.008565932558139535,-21.52234
16,0.08275,-1357.444,-15.784232558139536,74.22396,0.008630693023255814,-21.5203
16,0.083,-1346.097,-15.65229069767442,74.41072,0.008652409302325581,-21.51583
16,0.08325,-1333.687,-15.507988372093022,74.13748,0.008620637209302326,-21.50908
16,0.0835,-1321.465,-15.365872093023256,73.99578,0.008604160465116278,-21.50017
16,0.08375,-1309.166,-15.22286046511628,73.97221,0.00860141976744186,-21.48932
16,0.084,-1295.961,-15.069313953488374,73.75984,0.008576725581395349,-21.47688
16,0.08425,-1283.058,-14.919279069767443,73.06423,0.00849584069767442,-21.46288
16,0.0845,-1270.009,-14.76754651162791,72.37307,0.008415473255813953,-21.4473
16,0.08475,-1255.914,-14.6036511627907,72.1073,0.00838456976744186,-21.43033
16,0.085,-1241.921,-14.440941860465118,71.80051,0.008348896511627908,-21.41214
16,0.08525,-1227.911,-14.278034883720931,70.96591,0.00825185,-21.39274
16,0.0855,-1212.771,-14.101988372093025,69.90751,0.00812878023255814,-21.37211
16,0.08575,-1198.256,-13.933209302325583,69.08504,0.008033144186046512,-21.35031
16,0.086,-1182.451,-13.749430232558142,68.58198,0.007974648837209303,-21.32743
16,0.08625,-1166.58,-13.564883720930233,67.92367,0.007898101162790699,-21.30349
16,0.0865,-1150.431,-13.377104651162792,66.70711,0.007756640697674419,-21.27851
16,0.08675,-1134.127,-13.187523255813954,65.31793,0.007595108139534884,-21.25253
16,0.087,-1117.636,-12.995767441860465,64.44981,0.007494163953488372,-21.22558
16,0.08725,-1100.686,-12.798674418604651,63.74808,0.007412567441860465,-21.19765
16,0.0875,-1083.294,-12.596441860465118,62.6454,0.007284348837209303,-21.16871
16,0.08775,-1066.028,-12.395674418604653,61.25598,0.007122788372093023,-21.13871
16,0.088,-1048.352,-12.190139534883723,60.25068,0.007005893023255814,-21.10771
16,0.08825,-1030.693,-11.984802325581397,59.53966,0.0069232162790697676,-21.07574
16,0.0885,-1012.475,-11.772965116279071,58.30968,0.006780195348837209,-21.04273
16,0.08875,-993.9204,-11.557213953488374,56.40259,0.006558440697674418,-21.0087
16,0.089,-975.5708,-11.343846511627907,54.97685,0.0063926569767441856,-20.9737
16,0.08925,-956.5658,-11.122858139534884,54.18833,0.006300968604651162,-20.93765
16,0.0895,-937.8571,-10.90531511627907,53.14796,0.006179995348837209,-20.90049
16,0.08975,-918.104,-10.675627906976747,51.26599,0.005961161627906977,-20.86218
16,0.09,-898.6862,-10.449839534883722,49.47217,0.005752577906976744,-20.82278
16,0.09025,-878.9412,-10.220246511627908,48.45041,0.005633768604651162,-20.78228
16,0.0905,-859.0123,-9.98851511627907,47.37488,0.005508706976744186,-20.74055
16,0.09075,-838.6904,-9.752213953488372,45.54051,0.005295408139534883,-20.6976
16,0.091,-818.5291,-9.51778023255814,43.5741,0.005066755813953488,-20.65346
16,0.09125,-797.3229,-9.271196511627908,42.29949,0.004918545348837209,-20.60813
16,0.0915,-777.0972,-9.036013953488373,41.34174,0.004807179069767443,-20.56158
16,0.09175,-756.1721,-8.792698837209304,39.68077,0.004614043023255815,-20.51367
16,0.092,-735.0242,-8.546793023255814,37.61194,0.004373481395348837,-20.46438
16,0.09225,-713.8149,-8.300173255813954,36.05229,0.004192126744186047,-20.41382
16,0.0925,-692.4466,-8.051704651162792,35.18286,0.004091030232558139,-20.36189
16,0.09275,-670.6402,-7.798141860465117,33.67954,0.003916225581395349,-20.3085
16,0.093,-648.6084,-7.541958139534884,31.51896,0.0036649953488372094,-20.25366
16,0.09325,-626.7964,-7.28833023255814,29.76281,0.003460791860465116,-20.19736
16,0.0935,-604.3625,-7.027470930232559,28.54202,0.003318839534883721,-20.13949
16,0.09375,-582.2223,-6.770026744186047,27.19652,0.003162386046511628,-20.07999
16,0.094,-558.9334,-6.49922558139535,25.40938,0.002954579069767442,-20.01883
16,0.09425,-536.2133,-6.235038372093024,23.59491,0.0027435941860465118,-19.95602
16,0.0945,-513.3356,-5.969018604651163,22.10437,0.002570275581395349,-19.89143
16,0.09475,-490.4392,-5.702781395348838,20.73893,0.002411503488372093,-19.82494
16,0.095,-467.5662,-5.436816279069768,19.06071,0.002216361627906977,-19.7566
16,0.09525,-443.7454,-5.15983023255814,17.31729,0.0020136383720930234,-19.68628
16,0.0955,-420.6657,-4.891461627906977,15.81465,0.0018389127906976745,-19.61389
16,0.09575,-397.277,-4.6195,14.51412,0.0016876883720930234,-19.53933
16,0.096,-374.1933,-4.35108488372093,13.12251,0.0015258732558139536,-19.46259
16,0.09625,-350.4561,-4.075070930232559,11.34129,0.001318754651162791,-19.38367
16,0.0965,-326.7808,-3.799776744186047,9.718952,0.0011301106976744186,-19.3024
16,0.09675,-303.4154,-3.528086046511628,8.285344,0.0009634120930232558,-19.21857
16,0.097,-279.8484,-3.2540511627906983,6.912805,0.0008038145348837209,-19.13219
16,0.09725,-256.2733,-2.979922093023256,5.45912,0.0006347813953488373,-19.04321
16,0.0975,-232.7079,-2.7059058139534886,3.759763,0.00043718174418604653,-18.95141
16,0.09775,-208.331,-2.422453488372093,2.220289,0.0002581731395348837,-18.85664
16,0.098,-184.1016,-2.1407162790697676,0.9670589,0.00011244870930232558,-18.75892
16,0.09825,-160.564,-1.8670232558139535,-0.2528233,-2.939805813953488e-05,-18.6582
16,0.0985,-136.1421,-1.5830476744186048,-1.717665,-0.00019972848837209302,-18.55424
16,0.09875,-112.2464,-1.3051906976744188,-3.324744,-0.00038659813953488374,-18.44683
16,0.099,-87.88676,-1.021939069767442,-4.55974,-0.0005302023255813953,-18.336
16,0.09925,-63.86345,-0.7425982558139536,-5.676876,-0.0006601018604651162,-18.22169
16,0.0995,-39.44254,-0.4586341860465117,-6.955958,-0.0008088323255813953,-18.10366
16,0.09975,-14.54452,-0.16912232558139537,-8.414705,-0.000978454069767442,-17.98174
16,0.1,5.150337,0.059887639534883734,-9.377168,-0.0010903683720930233,-17.86653
17,0.0,7.00745,0.08148197674418606,0.0,0.0,-10.51518
17,0.00025,29.49831,0.34300360465116286,6.991493,0.0008129643023255815,-10.39417
17,0.0005,54.26769,0.6310196511627908,14.29786,0.0016625418604651163,-10.2694
17,0.00075,76.69353,0.8917852325581396,22.08036,0.0025674837209302324,-10.14075
17,0.001,99.10621,1.1523977906976746,29.9155,0.003478546511627907,-10.00817
17,0.00125,121.2732,1.410153488372093,37.73596,0.004387902325581395,-9.871607
17,0.0015,143.6935,1.6708546511627909,45.73108,0.0053175674418604645,-9.730915
17,0.00175,165.3247,1.9223802325581398,54.17724,0.006299679069767442,-9.58601
17,0.002,187.394,2.1790000000000003,62.81437,0.007303996511627907,-9.436845
17,0.00225,209.8623,2.4402593023255816,71.34158,0.008295532558139534,-9.283277
17,0.0025,231.2058,2.688439534883721,79.92914,0.00929408604651163,-9.125079
17,0.00275,253.1247,2.9433104651162796,88.78024,0.010323283720930233,-8.962009
17,0.003,274.9736,3.197367441860465,97.88014,0.011381411627906977,-8.793966
17,0.00325,296.8889,3.452196511627907,107.2273,0.012468290697674418,-8.620791
17,0.0035,319.1583,3.711143023255814,116.7737,0.013578337209302328,-8.442191
17,0.00375,340.6775,3.9613662790697677,126.5699,0.01471743023255814,-8.258071
17,0.004,362.3948,4.213893023255814,136.6308,0.015887302325581394,-8.068264
17,0.00425,384.4757,4.470647674418605,147.0209,0.017095453488372093,-7.872518
17,0.0045,406.427,4.72589534883721,157.7453,0.018342476744186046,-7.670623
17,0.00475,427.7395,4.97371511627907,168.9021,0.01963977906976744,-7.462346
17,0.005,449.4198,5.225811627906977,180.5794,0.02099760465116279,-7.247572
17,0.00525,471.0125,5.476889534883721,192.8659,0.022426267441860465,-7.026158
17,0.0055,492.1316,5.722460465116279,205.881,0.0239396511627907,-6.797837
17,0.00575,512.8141,5.962954651162791,219.4936,0.025522511627906974,-6.562315
17,0.006,534.5339,6.21551046511628,233.6487,0.02716845348837209,-6.31948
17,0.00625,554.946,6.45286046511628,248.6284,0.02891027906976744,-6.0691
17,0.0065,575.5484,6.692423255813954,264.5158,0.030757651162790698,-5.810822
17,0.00675,595.9954,6.930179069767442,281.1338,0.03268997674418605,-5.544395
17,0.007,616.177,7.164848837209304,298.2676,0.034682279069767445,-5.269585
17,0.00725,636.6281,7.402652325581396,316.069,0.03675220930232558,-4.986176
17,0.0075,656.7479,7.636603488372093,334.8344,0.03893423255813954,-4.693838
17,0.00775,676.1905,7.86268023255814,354.2183,0.04118817441860465,-4.392319
17,0.008,696.2865,8.096354651162791,373.7048,0.04345404651162791,-4.081573
17,0.00825,715.7134,8.322248837209303,393.3284,0.04573586046511628,-3.76155
17,0.0085,735.2994,8.549993023255814,413.6863,0.04810305813953489,-3.432127
17,0.00875,754.0917,8.768508139534884,434.6918,0.05054555813953489,-3.093166
17,0.009,773.2633,8.991433720930232,455.9215,0.053014127906976745,-2.744809
17,0.00925,791.6013,9.204666279069768,477.5006,0.05552332558139535,-2.387249
17,0.0095,810.3206,9.422332558139537,500.1539,0.05815743023255814,-2.020608
17,0.00975,828.7077,9.636136046511629,524.4827,0.060986360465116275,-1.645068
17,0.01,846.3538,9.841323255813954,549.9934,0.06395272093023256,-1.260936
17,0.01025,864.9719,10.057812790697675,576.2963,0.0670111976744186,-0.8686458
17,0.0105,882.3349,10.259708139534883,603.6675,0.0701938953488372,-0.4685448
17,0.01075,900.4449,10.47028953488372,632.5913,0.07355712790697674,-0.06111391
17,0.011,917.4169,10.667638372093025,662.3297,0.07701508139534884,0.3529425
17,0.01125,934.6684,10.868237209302325,691.8083,0.08044282558139534,0.7728
17,0.0115,952.1616,11.07164651162791,720.8184,0.08381609302325581,1.197616
17,0.01175,969.4126,11.272239534883722,749.9984,0.08720911627906977,1.626477
17,0.012,985.8796,11.463716279069768,779.4863,0.09063794186046512,2.058091
17,0.01225,1002.341,11.655127906976746,808.8142,0.09404816279069768,2.491098
17,0.0125,1019.099,11.849988372093025,838.7624,0.09753051162790696,2.924116
17,0.01275,1036.136,12.048093023255815,869.8851,0.10114943023255814,3.355577
17,0.013,1051.303,12.224453488372095,902.2136,0.1049085581395349,3.783577
17,0.01325,1067.271,12.410127906976744,935.1548,0.10873893023255815,4.206296
17,0.0135,1082.797,12.590662790697676,967.4469,0.11249382558139535,4.62213
17,0.01375,1098.455,12.772732558139534,999.3374,0.11620202325581395,5.029347
17,0.014,1113.287,12.945197674418607,1030.327,0.11980546511627906,5.426388
17,0.01425,1127.437,13.109732558139534,1059.755,0.12322732558139536,5.811828
17,0.0145,1141.379,13.271848837209301,1087.594,0.12646441860465116,6.184692
17,0.01475,1155.583,13.43701162790698,1114.048,0.1295404651162791,6.544206
17,0.015,1169.913,13.60363953488372,1140.641,0.13263267441860466,6.889737
17,0.01525,1182.675,13.752034883720931,1167.549,0.13576151162790698,7.220946
17,0.0155,1195.51,13.901279069767442,1193.726,0.13880534883720932,7.537749
17,0.01575,1208.316,14.05018604651163,1219.317,0.1417810465116279,7.840342
17,0.016,1220.228,14.188697674418608,1244.98,0.14476511627906977,8.128793
17,0.01625,1232.262,14.328627906976743,1270.481,0.1477303488372093,8.403289
17,0.0165,1243.438,14.45858139534884,1294.654,0.15054116279069768,8.664315
17,0.01675,1254.752,14.590139534883722,1317.088,0.15314976744186046,8.912354
17,0.017,1265.295,14.712732558139535,1338.224,0.1556074418604651,9.147796
17,0.01725,1275.117,14.826941860465116,1358.511,0.15796639534883722,9.371052
17,0.0175,1285.029,14.942197674418605,1377.412,0.16016418604651161,9.582779
17,0.01775,1294.786,15.055651162790701,1394.634,0.1621667441860465,9.783603
17,0.018,1304.265,15.165872093023257,1410.642,0.16402813953488374,9.974112
17,0.01825,1313.74,15.276046511627909,1426.435,0.1658645348837209,10.15492
17,0.0185,1322.235,15.37482558139535,1442.196,0.16769720930232557,10.32669
17,0.01875,1330.827,15.474732558139536,1457.171,0.16943848837209305,10.48997
17,0.019,1338.683,15.566081395348839,1471.453,0.17109918604651164,10.64507
17,0.01925,1346.581,15.657918604651162,1485.505,0.17273313953488373,10.7925
17,0.0195,1354.608,15.751255813953488,1499.637,0.1743763953488372,10.9328
17,0.01975,1361.707,15.833802325581399,1513.252,0.17595953488372093,11.06625
17,0.02,1368.932,15.917813953488373,1526.022,0.17744441860465116,11.19307
17,0.02025,1376.201,16.002337209302326,1538.388,0.17888232558139536,11.31354
17,0.0205,1381.725,16.066569767441862,1550.687,0.1803124418604651,11.42805
17,0.02075,1387.956,16.139023255813953,1562.655,0.18170406976744186,11.53679
17,0.021,1394.176,16.211348837209304,1573.489,0.18296383720930232,11.63991
17,0.02125,1398.701,16.26396511627907,1583.791,0.18416174418604653,11.73762
17,0.0215,1403.653,16.321546511627908,1594.054,0.18535511627906978,11.83013
17,0.02175,1408.273,16.375267441860466,1603.835,0.18649244186046512,11.91761
17,0.022,1412.042,16.41909302325581,1612.723,0.18752593023255815,12.00014
17,0.02225,1416.157,16.46694186046512,1620.938,0.18848116279069768,12.07791
17,0.0225,1419.628,16.507302325581396,1628.663,0.18937941860465116,12.1512
17,0.02275,1422.907,16.54543023255814,1636.061,0.19023965116279068,12.22013
17,0.023,1425.443,16.574918604651163,1642.724,0.19101441860465115,12.28482
17,0.02325,1427.76,16.601860465116278,1648.667,0.19170546511627906,12.34546
17,0.0235,1429.848,16.62613953488372,1654.328,0.19236372093023257,12.40229
17,0.02375,1432.044,16.651674418604653,1659.838,0.19300441860465117,12.45535
17,0.024,1433.292,16.66618604651163,1664.704,0.19357023255813952,12.50473
17,0.02425,1435.281,16.689313953488373,1668.783,0.19404453488372092,12.5506
17,0.0245,1435.518,16.69206976744186,1672.482,0.1944746511627907,12.5931
17,0.02475,1435.923,16.69677906976744,1676.09,0.1948941860465116,12.63239
17,0.025,1435.872,16.69618604651163,1679.464,0.19528651162790697,12.66852
17,0.02525,1435.688,16.69404651162791,1682.228,0.1956079069767442,12.70156
17,0.0255,1435.116,16.68739534883721,1684.514,0.19587372093023253,12.7317
17,0.02575,1433.846,16.672627906976743,1686.569,0.19611267441860467,12.75901
17,0.026,1432.55,16.657558139534885,1688.271,0.19631058139534885,12.78353
17,0.02625,1431.123,16.640965116279073,1689.658,0.19647186046511628,12.80548
17,0.0265,1428.871,16.614779069767444,1690.9,0.19661627906976745,12.82505
17,0.02675,1426.594,16.588302325581395,1691.902,0.1967327906976744,12.8422
17,0.027,1423.73,16.555,1692.427,0.19679383720930232,12.85701
17,0.02725,1420.205,16.514011627906978,1692.648,0.19681953488372095,12.86965
17,0.0275,1417.351,16.48082558139535,1692.777,0.19683453488372094,12.88029
17,0.02775,1413.693,16.438290697674418,1692.666,0.19682162790697674,12.88892
17,0.028,1409.7,16.39186046511628,1692.262,0.1967746511627907,12.89551
17,0.02825,1404.661,16.333267441860468,1691.583,0.1966956976744186,12.90027
17,0.0285,1399.85,16.27732558139535,1690.837,0.1966089534883721,12.90333
17,0.02875,1394.512,16.215255813953487,1689.911,0.19650127906976744,12.90475
17,0.029,1389.12,16.152558139534882,1688.635,0.19635290697674418,12.90452
17,0.02925,1383.368,16.085674418604654,1687.077,0.19617174418604652,12.90269
17,0.0295,1376.801,16.009313953488373,1685.578,0.1959974418604651,12.89944
17,0.02975,1370.004,15.930279069767442,1683.998,0.19581372093023255,12.89477
17,0.03,1362.822,15.846767441860466,1682.122,0.19559558139534886,12.88873
17,0.03025,1356.159,15.769290697674421,1679.76,0.19532093023255812,12.88149
17,0.0305,1348.326,15.678209302325582,1677.433,0.19505034883720931,12.87311
17,0.03075,1339.843,15.579569767441862,1675.234,0.19479465116279068,12.86357
17,0.031,1331.781,15.48582558139535,1672.731,0.1945036046511628,12.85293
17,0.03125,1323.422,15.388627906976746,1669.974,0.19418302325581394,12.84127
17,0.0315,1314.558,15.285558139534885,1667.069,0.19384523255813954,12.82862
17,0.03175,1305.421,15.179313953488373,1664.209,0.19351267441860467,12.81498
17,0.032,1296.383,15.07422093023256,1661.165,0.19315872093023254,12.80038
17,0.03225,1286.139,14.95510465116279,1657.556,0.19273906976744187,12.78491
17,0.0325,1276.422,14.842116279069769,1653.854,0.19230860465116278,12.76858
17,0.03275,1265.978,14.720674418604652,1650.431,0.19191058139534883,12.75132
17,0.033,1255.036,14.593441860465118,1646.869,0.1914963953488372,12.73314
17,0.03325,1243.729,14.461965116279071,1642.886,0.19103325581395347,12.71411
17,0.0335,1233.041,14.337686046511628,1638.396,0.19051116279069769,12.69424
17,0.03375,1221.448,14.202883720930235,1634.076,0.19000883720930234,12.67345
17,0.034,1208.944,14.057488372093024,1629.688,0.1894986046511628,12.65167
17,0.03425,1196.481,13.91256976744186,1624.948,0.18894744186046514,12.62902
17,0.0345,1183.884,13.766093023255815,1619.746,0.1883425581395349,12.60557
17,0.03475,1171.251,13.619197674418604,1614.532,0.18773627906976742,12.58129
17,0.035,1157.798,13.462767441860466,1609.36,0.18713488372093023,12.55605
17,0.03525,1144.581,13.309081395348837,1603.87,0.18649651162790695,12.5299
17,0.0355,1130.764,13.148418604651162,1597.838,0.18579511627906975,12.50298
17,0.03575,1117.158,12.990209302325582,1591.811,0.18509430232558138,12.47514
17,0.036,1102.361,12.8181511627907,1585.978,0.1844160465116279,12.44624
17,0.03625,1088.079,12.652081395348837,1579.891,0.1837082558139535,12.41635
17,0.0365,1072.82,12.474651162790698,1573.249,0.18293593023255814,12.38556
17,0.03675,1057.797,12.29996511627907,1566.398,0.1821393023255814,12.3538
17,0.037,1042.432,12.121302325581397,1559.661,0.18135593023255814,12.32101
17,0.03725,1026.744,11.938883720930233,1552.881,0.1805675581395349,12.28727
17,0.0375,1010.503,11.75003488372093,1545.619,0.1797231395348837,12.2525
17,0.03775,994.6606,11.56582093023256,1538.096,0.17884837209302326,12.21668
17,0.038,977.6967,11.368566279069768,1530.424,0.17795627906976744,12.1798
17,0.03825,961.6724,11.182237209302327,1522.728,0.17706139534883722,12.14191
17,0.0385,944.8843,10.987026744186048,1514.846,0.17614488372093023,12.10305
17,0.03875,927.654,10.786674418604653,1506.68,0.1751953488372093,12.06316
17,0.039,910.4319,10.586417441860467,1498.476,0.17424139534883723,12.02221
17,0.03925,892.805,10.381453488372093,1490.372,0.17329906976744186,11.98024
17,0.0395,875.4329,10.179452325581396,1482.198,0.1723486046511628,11.9373
17,0.03975,858.3592,9.980920930232559,1473.698,0.17136023255813954,11.89328
17,0.04,840.1995,9.769761627906977,1464.899,0.17033709302325578,11.84809
17,0.04025,822.056,9.55879069767442,1456.023,0.169305,11.8018
17,0.0405,803.6613,9.344898837209303,1447.18,0.16827674418604652,11.7544
17,0.04075,784.5899,9.123138372093022,1438.135,0.16722499999999998,11.70587
17,0.041,765.7921,8.904559302325582,1428.86,0.16614651162790697,11.65606
17,0.04125,746.3971,8.679036046511628,1419.669,0.16507779069767442,11.60493
17,0.0415,726.7564,8.450655813953489,1410.52,0.16401395348837208,11.55264
17,0.04175,706.9451,8.220291860465117,1401.126,0.16292162790697676,11.49904
17,0.042,687.5997,7.99534534883721,1391.157,0.16176244186046512,11.444
17,0.04225,667.45,7.761046511627908,1380.904,0.16057023255813951,11.38763
17,0.0425,647.4614,7.528620930232559,1370.519,0.15936267441860463,11.32997
17,0.04275,627.0929,7.291777906976745,1359.658,0.15809976744186044,11.27095
17,0.043,607.0151,7.05831511627907,1348.165,0.15676337209302324,11.21046
17,0.04325,586.3574,6.818109302325582,1336.275,0.1553808139534884,11.14857
17,0.0435,565.4592,6.575106976744187,1324.163,0.1539724418604651,11.08532
17,0.04375,544.9499,6.336626744186046,1311.72,0.15252558139534886,11.02059
17,0.044,523.7406,6.090006976744187,1298.473,0.15098523255813953,10.95436
17,0.04425,503.0039,5.848882558139535,1284.66,0.14937906976744186,10.88666
17,0.0445,482.2672,5.607758139534885,1270.69,0.1477546511627907,10.81736
17,0.04475,460.9506,5.35989069767442,1256.831,0.1461431395348837,10.7465
17,0.045,439.1118,5.105951162790698,1242.836,0.14451581395348836,10.67407
17,0.04525,418.137,4.862058139534884,1228.386,0.14283558139534883,10.59996
17,0.0455,396.4471,4.609850000000001,1213.788,0.14113813953488372,10.5243
17,0.04575,374.6999,4.35697558139535,1199.333,0.13945732558139537,10.44698
17,0.046,353.1736,4.106669767441861,1184.923,0.1377817441860465,10.3679
17,0.04625,331.0076,3.8489255813953496,1170.517,0.13610662790697675,10.28713
17,0.0465,308.4212,3.586293023255814,1155.937,0.13441127906976744,10.20473
17,0.04675,287.2236,3.3398093023255813,1141.44,0.13272558139534885,10.12064
17,0.047,265.363,3.0856162790697677,1126.913,0.1310363953488372,10.03472
17,0.04725,243.2633,2.828643023255814,1112.52,0.12936279069767442,9.947068
17,0.0475,221.3267,2.5735662790697673,1098.222,0.12770023255813953,9.857792
17,0.04775,198.6284,2.3096325581395347,1083.902,0.12603511627906977,9.766779
17,0.048,176.5328,2.052706976744186,1069.316,0.12433906976744187,9.673799
17,0.04825,154.3151,1.794361627906977,1054.263,0.12258872093023254,9.57883
17,0.0485,131.7388,1.5318465116279072,1038.596,0.12076697674418604,9.481995
17,0.04875,109.8256,1.2770418604651164,1022.359,0.1188789534883721,9.383217
17,0.049,86.74229,1.0086312790697676,1005.565,0.11692616279069769,9.282352
17,0.04925,64.02622,0.7444909302325582,988.1286,0.11489867441860466,9.179358
17,0.0495,41.05236,0.47735302325581397,970.1058,0.11280300000000001,9.074325
17,0.04975,18.70755,0.21752965116279074,951.7559,0.11066929069767442,8.967245
17,0.05,-3.816558,-0.04437858139534884,933.6598,0.10856509302325582,8.858278
17,0.05025,-26.88159,-0.3125766279069767,914.878,0.10638116279069769,8.747525
17,0.0505,-49.22235,-0.5723529069767441,896.2137,0.10421089534883722,8.634777
17,0.05075,-71.51499,-0.8315696511627907,878.1842,0.10211444186046513,8.519985
17,0.051,-93.63441,-1.0887722093023258,860.4194,0.10004876744186048,8.403091
17,0.05125,-116.4487,-1.354054651162791,842.4961,0.09796466279069767,8.284122
17,0.0515,-138.7971,-1.6139197674418606,824.4348,0.09586451162790698,8.163081
17,0.05175,-160.8253,-1.8700616279069768,806.759,0.09380918604651163,8.039768
17,0.052,-183.3783,-2.1323058139534883,789.4648,0.09179823255813953,7.914087
17,0.05225,-205.3149,-2.3873825581395347,772.1807,0.0897884534883721,7.786098
17,0.0525,-227.4688,-2.644986046511628,754.7417,0.08776066279069768,7.655914
17,0.05275,-249.7685,-2.9042848837209303,737.0609,0.08570475581395348,7.523538
17,0.053,-271.5708,-3.157800000000001,719.2063,0.08362863953488373,7.388812
17,0.05325,-293.7936,-3.4162046511627913,700.6695,0.0814731976744186,7.251742
17,0.0535,-315.6922,-3.6708395348837213,681.3714,0.07922923255813955,7.112434
17,0.05375,-337.3644,-3.9228418604651165,661.1406,0.07687681395348836,6.970773
17,0.054,-359.7198,-4.182788372093024,640.5659,0.0744844069767442,6.826724
17,0.05425,-381.1681,-4.432187209302326,620.0099,0.07209417441860466,6.680347
17,0.0545,-403.0216,-4.686297674418604,599.3263,0.06968910465116278,6.531553
17,0.05475,-424.5166,-4.936239534883721,578.4984,0.06726725581395349,6.380286
17,0.055,-445.6944,-5.182493023255814,557.8352,0.06486455813953489,6.226427
17,0.05525,-467.0607,-5.430938372093023,537.8778,0.06254393023255814,6.069927
17,0.0555,-488.3991,-5.679059302325581,518.4269,0.06028219767441861,5.910905
17,0.05575,-509.6357,-5.925996511627908,499.1208,0.058037302325581394,5.749264
17,0.056,-530.5507,-6.1691941860465125,479.8243,0.05579352325581395,5.584983
17,0.05625,-551.1886,-6.40916976744186,461.3073,0.05364038372093023,5.41814
17,0.0565,-571.9993,-6.65115465116279,443.1814,0.051532720930232555,5.248739
17,0.05675,-592.8241,-6.893303488372094,424.9316,0.0494106511627907,5.076812
17,0.057,-613.3734,-7.1322488372093025,405.8716,0.047194372093023254,4.902255
17,0.05725,-633.3372,-7.36438604651163,386.593,0.044952674418604656,4.725034
17,0.0575,-653.6799,-7.600929069767442,367.3288,0.042712651162790695,4.545356
17,0.05775,-673.7921,-7.834791860465117,347.4904,0.04040586046511628,4.363027
17,0.058,-693.4277,-8.063112790697675,326.6273,0.037979918604651164,4.177895
17,0.05825,-713.24,-8.293488372093025,305.4225,0.03551424418604651,3.990082
17,0.0585,-732.0556,-8.512274418604653,284.8313,0.03311991860465117,3.799466
17,0.05875,-751.2658,-8.735648837209302,264.7548,0.030785441860465113,3.605818
17,0.059,-770.4111,-8.958268604651165,244.6717,0.0284501976744186,3.408999
17,0.05925,-788.9385,-9.173703488372093,224.6157,0.02611810465116279,3.208936
17,0.0595,-807.5494,-9.390109302325582,205.4392,0.023888279069767444,3.005706
17,0.05975,-825.6843,-9.60098023255814,187.1155,0.021757616279069768,2.799238
17,0.06,-843.4616,-9.807693023255815,169.0464,0.019656558139534885,2.58928
17,0.06025,-861.6643,-10.019352325581396,150.9796,0.017555767441860465,2.37597
17,0.0605,-879.3271,-10.224733720930233,133.4904,0.01552213953488372,2.159404
17,0.06075,-897.1075,-10.431482558139534,116.8435,0.013586453488372095,1.939426
17,0.061,-914.4117,-10.632694186046512,100.3016,0.011662976744186045,1.716023
17,0.06125,-931.5077,-10.831484883720933,83.1927,0.00967356976744186,1.48914
17,0.0615,-948.8803,-11.033491860465118,65.73165,0.00764321511627907,1.258914
17,0.06175,-965.3078,-11.224509302325583,48.38138,0.005625741860465116,1.025457
17,0.062,-982.2433,-11.421433720930233,31.0663,0.003612360465116279,0.788578
17,0.06225,-998.1871,-11.606826744186048,13.4377,0.0015625232558139535,0.5483053
17,0.0625,-1014.028,-11.791023255813954,-4.300994,-0.0005001155813953488,0.3046831
17,0.06275,-1029.795,-11.97436046511628,-21.58693,-0.0025101081395348837,0.05759595
17,0.063,-1045.255,-12.154127906976747,-38.16334,-0.004437597674418604,-0.1930098
17,0.06325,-1061.136,-12.338790697674419,-54.25256,-0.0063084372093023255,-0.4472053
17,0.0635,-1075.655,-12.507616279069769,-70.16569,-0.008158801162790698,-0.7049966
17,0.06375,-1089.823,-12.672360465116281,-85.51404,-0.009943493023255813,-0.9662673
17,0.064,-1104.668,-12.844976744186045,-99.90358,-0.01161669534883721,-1.231149
17,0.06425,-1118.709,-13.008244186046513,-113.5879,-0.01320789534883721,-1.499567
17,0.0645,-1132.59,-13.169651162790698,-126.9296,-0.014759255813953489,-1.771378
17,0.06475,-1146.095,-13.326686046511629,-139.9735,-0.016275988372093025,-2.046604
17,0.065,-1159.306,-13.480302325581397,-152.1103,-0.01768724418604651,-2.325118
17,0.06525,-1172.223,-13.6305,-163.4155,-0.019001802325581397,-2.606795
17,0.0655,-1185.414,-13.783883720930232,-174.2121,-0.020257220930232557,-2.891452
17,0.06575,-1197.609,-13.925686046511627,-184.7687,-0.021484732558139534,-3.178827
17,0.066,-1209.287,-14.061476744186047,-194.5866,-0.022626348837209303,-3.46901
17,0.06625,-1221.369,-14.201965116279071,-203.6315,-0.023678081395348837,-3.761927
17,0.0665,-1233.15,-14.338953488372095,-212.391,-0.024696627906976746,-4.057138
17,0.06675,-1244.546,-14.471465116279072,-221.1057,-0.025709965116279074,-4.35458
17,0.067,-1255.204,-14.59539534883721,-229.5239,-0.026688825581395348,-4.654171
17,0.06725,-1265.829,-14.718941860465117,-237.187,-0.02757988372093023,-4.955473
17,0.0675,-1276.575,-14.843895348837211,-244.2425,-0.02840029069767442,-5.258125
17,0.06775,-1286.114,-14.954813953488374,-251.1046,-0.02919820930232558,-5.561919
17,0.068,-1295.687,-15.066127906976744,-257.9148,-0.029990093023255816,-5.866612
17,0.06825,-1304.895,-15.173197674418605,-263.8799,-0.030683709302325585,-6.171709
17,0.0685,-1313.717,-15.275779069767445,-269.0421,-0.031283965116279074,-6.476479
17,0.06875,-1322.846,-15.38193023255814,-273.8489,-0.03184289534883721,-6.780451
17,0.069,-1331.06,-15.477441860465117,-278.5302,-0.032387232558139536,-7.083208
17,0.06925,-1339.572,-15.576418604651161,-282.6186,-0.03286262790697674,-7.384087
17,0.0695,-1347.535,-15.669011627906979,-285.7562,-0.03322746511627907,-7.682459
17,0.06975,-1355.328,-15.759627906976744,-288.4128,-0.03353637209302325,-7.977738
17,0.07,-1362.052,-15.837813953488372,-290.9447,-0.03383077906976744,-8.26944
17,0.07025,-1369.573,-15.925267441860468,-293.082,-0.034079302325581394,-8.557141
17,0.0705,-1376.247,-16.002872093023257,-294.4199,-0.034234872093023255,-8.840349
17,0.07075,-1382.547,-16.076127906976748,-295.3049,-0.03433777906976744,-9.118544
17,0.071,-1388.092,-16.140604651162793,-296.0091,-0.03441966279069768,-9.39134
17,0.07125,-1393.21,-16.200116279069768,-296.4243,-0.03446794186046512,-9.658305
17,0.0715,-1398.422,-16.26072093023256,-296.2483,-0.034447476744186044,-9.919027
17,0.07175,-1402.804,-16.311674418604653,-295.7965,-0.034394941860465114,-10.17338
17,0.072,-1407.128,-16.361953488372095,-295.1516,-0.03431995348837209,-10.4211
17,0.07225,-1410.441,-16.40047674418605,-294.4662,-0.03424025581395349,-10.66186
17,0.0725,-1414.617,-16.44903488372093,-293.5744,-0.03413655813953489,-10.89521
17,0.07275,-1417.8,-16.486046511627908,-292.1781,-0.0339741976744186,-11.12088
17,0.073,-1420.226,-16.514255813953493,-290.45,-0.03377325581395348,-11.33887
17,0.07325,-1423.275,-16.549709302325585,-288.7673,-0.03357759302325581,-11.54885
17,0.0735,-1425.667,-16.577523255813954,-287.38,-0.03341627906976744,-11.7505
17,0.07375,-1427.211,-16.59547674418605,-285.6748,-0.033218,-11.9438
17,0.074,-1429.023,-16.61654651162791,-283.5941,-0.032976058139534886,-12.12873
17,0.07425,-1430.375,-16.632267441860467,-281.4073,-0.03272177906976744,-12.30519
17,0.0745,-1431.27,-16.642674418604653,-279.5683,-0.03250794186046512,-12.47307
17,0.07475,-1431.741,-16.648151162790697,-277.7076,-0.03229158139534884,-12.63239
17,0.075,-1431.632,-16.646883720930234,-275.5711,-0.032043151162790696,-12.78339
17,0.07525,-1431.479,-16.645104651162793,-273.3308,-0.0317826511627907,-12.92608
17,0.0755,-1430.442,-16.63304651162791,-271.3717,-0.0315548488372093,-13.06038
17,0.07575,-1429.547,-16.62263953488372,-269.7561,-0.03136698837209302,-13.18653
17,0.076,-1428.669,-16.61243023255814,-267.7832,-0.03113758139534884,-13.30473
17,0.07625,-1426.892,-16.591767441860465,-265.4733,-0.030868988372093023,-13.41508
17,0.0765,-1424.791,-16.567337209302323,-263.3915,-0.030626918604651165,-13.51765
17,0.07675,-1422.398,-16.539511627906975,-261.9589,-0.03046033720930233,-13.61259
17,0.077,-1419.575,-16.50668604651163,-260.4427,-0.03028403488372093,-13.70023
17,0.07725,-1416.601,-16.472104651162795,-258.367,-0.030042674418604653,-13.78075
17,0.0775,-1412.983,-16.430034883720932,-256.3041,-0.0298028023255814,-13.85432
17,0.07775,-1409.193,-16.385965116279074,-254.8923,-0.029638639534883722,-13.92124
17,0.078,-1405.252,-16.340139534883722,-253.5365,-0.029480988372093023,-13.98173
17,0.07825,-1400.518,-16.285093023255815,-251.7664,-0.029275162790697674,-14.03608
17,0.0785,-1395.856,-16.230883720930233,-250.1029,-0.029081732558139537,-14.08461
17,0.07875,-1390.16,-16.1646511627907,-248.747,-0.028924069767441864,-14.12768
17,0.079,-1384.575,-16.099709302325582,-247.6656,-0.02879832558139535,-14.16564
17,0.07925,-1378.061,-16.023965116279072,-246.2328,-0.02863172093023256,-14.19874
17,0.0795,-1372.245,-15.956337209302326,-244.6832,-0.028451534883720927,-14.22715
17,0.07975,-1365.854,-15.882023255813955,-243.3434,-0.028295744186046513,-14.25124
17,0.08,-1358.462,-15.796069767441862,-242.4892,-0.028196418604651163,-14.27135
17,0.08025,-1350.811,-15.707104651162792,-241.5415,-0.028086220930232556,-14.28766
17,0.0805,-1343.159,-15.618127906976746,-240.1837,-0.027928337209302323,-14.30035
17,0.08075,-1335.448,-15.528465116279072,-238.8172,-0.02776944186046512,-14.30972
17,0.081,-1327.128,-15.43172093023256,-237.8578,-0.02765788372093023,-14.31607
17,0.08125,-1318.394,-15.330162790697676,-237.0097,-0.027559267441860463,-14.31961
17,0.0815,-1309.539,-15.227197674418605,-235.9132,-0.02743176744186046,-14.32043
17,0.08175,-1300.877,-15.126476744186048,-234.5774,-0.027276441860465114,-14.31876
17,0.082,-1291.221,-15.014197674418607,-233.5212,-0.02715362790697674,-14.31486
17,0.08225,-1281.635,-14.902732558139537,-232.6075,-0.02704738372093023,-14.30883
17,0.0825,-1271.09,-14.780116279069768,-231.4881,-0.02691722093023256,-14.30085
17,0.08275,-1260.735,-14.659709302325583,-230.2238,-0.026770209302325584,-14.29117
17,0.083,-1249.528,-14.52939534883721,-229.0612,-0.026635023255813958,-14.27994
17,0.08325,-1239.048,-14.407534883720931,-228.0251,-0.02651454651162791,-14.26718
17,0.0835,-1227.483,-14.273058139534884,-227.045,-0.026400581395348836,-14.25296
17,0.08375,-1215.841,-14.137686046511629,-225.7726,-0.026252627906976748,-14.2374
17,0.084,-1203.624,-13.995627906976747,-224.2159,-0.026071616279069766,-14.22067
17,0.08425,-1191.086,-13.849837209302326,-222.9384,-0.02592306976744186,-14.20274
17,0.0845,-1178.741,-13.70629069767442,-221.8083,-0.025791662790697674,-14.1836
17,0.08475,-1165.67,-13.554302325581396,-220.5646,-0.025647046511627906,-14.16341
17,0.085,-1152.507,-13.401244186046513,-218.9376,-0.025457860465116278,-14.14217
17,0.08525,-1138.659,-13.24022093023256,-217.3997,-0.025279034883720932,-14.11989
17,0.0855,-1125.449,-13.08661627906977,-216.0924,-0.02512702325581395,-14.09656
17,0.08575,-1111.242,-12.921418604651164,-214.6749,-0.024962197674418606,-14.07223
17,0.086,-1097.09,-12.75686046511628,-212.8861,-0.024754197674418606,-14.04701
17,0.08625,-1082.592,-12.588279069767445,-211.1088,-0.024547534883720933,-14.02086
17,0.0865,-1067.55,-12.413372093023256,-209.5988,-0.024371953488372095,-13.99375
17,0.08675,-1052.313,-12.236197674418607,-208.2019,-0.024209523255813954,-13.96576
17,0.087,-1037.207,-12.060546511627908,-206.583,-0.02402127906976744,-13.93692
17,0.08725,-1021.448,-11.877302325581397,-204.5493,-0.023784802325581396,-13.90717
17,0.0875,-1004.842,-11.684209302325582,-202.758,-0.023576511627906978,-13.87641
17,0.08775,-989.3088,-11.503590697674419,-201.2171,-0.023397337209302326,-13.84474
17,0.088,-973.0703,-11.314770930232559,-199.5349,-0.023201732558139534,-13.81223
17,0.08825,-956.2776,-11.119506976744187,-197.3912,-0.02295246511627907,-13.77878
17,0.0885,-939.4976,-10.92439069767442,-195.3358,-0.02271346511627907,-13.74428
17,0.08875,-922.243,-10.72375581395349,-193.5575,-0.02250668604651163,-13.70875
17,0.089,-905.3648,-10.527497674418605,-191.75,-0.022296511627906978,-13.6722
17,0.08925,-888.3361,-10.329489534883722,-189.5369,-0.022039174418604653,-13.6346
17,0.0895,-870.2063,-10.118677906976746,-187.1426,-0.02176076744186046,-13.5959
17,0.08975,-852.3981,-9.91160581395349,-184.9975,-0.021511337209302327,-13.55611
17,0.09,-834.677,-9.705546511627908,-182.9676,-0.021275302325581395,-13.51529
17,0.09025,-816.4819,-9.493975581395349,-180.7696,-0.021019720930232556,-13.47334
17,0.0905,-798.6864,-9.2870511627907,-178.2065,-0.020721686046511627,-13.43026
17,0.09075,-779.1506,-9.05989069767442,-175.7475,-0.02043575581395349,-13.38611
17,0.091,-760.6662,-8.84495581395349,-173.4377,-0.020167174418604654,-13.34091
17,0.09125,-740.5145,-8.610633720930233,-170.8847,-0.019870313953488372,-13.29449
17,0.0915,-721.4401,-8.388838372093025,-168.1123,-0.019547941860465115,-13.24681
17,0.09175,-702.156,-8.164604651162792,-165.1489,-0.019203360465116278,-13.19808
17,0.092,-681.8458,-7.928439534883722,-162.5666,-0.018903093023255813,-13.14828
17,0.09225,-662.2431,-7.700501162790699,-159.8779,-0.018590453488372096,-13.09722
17,0.0925,-642.3223,-7.468863953488373,-156.9425,-0.018249127906976744,-13.04482
17,0.09275,-621.8308,-7.230590697674419,-153.7555,-0.01787854651162791,-12.9911
17,0.093,-601.2779,-6.991603488372094,-150.6005,-0.01751168604651163,-12.93612
17,0.09325,-581.1065,-6.757052325581396,-147.5858,-0.017161139534883723,-12.87971
17,0.0935,-560.1479,-6.513347674418606,-144.5642,-0.01680979069767442,-12.82175
17,0.09375,-539.6792,-6.275339534883722,-140.9159,-0.01638556976744186,-12.76234
17,0.094,-519.2631,-6.0379430232558144,-137.2676,-0.0159613488372093,-12.70148
17,0.09425,-498.4413,-5.795829069767443,-134.0439,-0.015586500000000001,-12.63901
17,0.0945,-477.0335,-5.546901162790698,-130.836,-0.015213488372093025,-12.57489
17,0.09475,-455.6611,-5.298384883720931,-127.037,-0.014771744186046513,-12.50912
17,0.095,-434.3602,-5.050700000000001,-122.9195,-0.014292965116279071,-12.44171
17,0.09525,-412.96,-4.801860465116279,-119.0685,-0.013845174418604653,-12.37256
17,0.0955,-391.4129,-4.551312790697674,-115.507,-0.013431046511627907,-12.30144
17,0.09575,-369.335,-4.294593023255814,-111.4269,-0.012956616279069768,-12.22845
17,0.096,-347.4151,-4.039710465116279,-106.8461,-0.01242396511627907,-12.15359
17,0.09625,-326.2302,-3.793374418604652,-102.3347,-0.011899383720930232,-12.07666
17,0.0965,-304.5003,-3.5407011627906977,-98.1002,-0.011407,-11.99751
17,0.09675,-281.9883,-3.2789337209302327,-93.70976,-0.010896483720930232,-11.91605
17,0.097,-260.1799,-3.0253476744186045,-88.50867,-0.010291705813953488,-11.83232
17,0.09725,-238.4646,-2.7728441860465116,-83.18191,-0.00967231511627907,-11.74622
17,0.0975,-216.4399,-2.516743023255814,-78.23917,-0.009097577906976744,-11.65745
17,0.09775,-193.9604,-2.255353488372093,-73.2263,-0.008514686046511627,-11.56604
17,0.098,-171.4819,-1.9939755813953488,-67.47074,-0.007845434883720932,-11.47202
17,0.09825,-149.2835,-1.7358546511627908,-61.24268,-0.007121241860465117,-11.37526
17,0.0985,-126.7031,-1.4732918604651166,-55.35623,-0.006436770930232557,-11.27564
17,0.09875,-104.1805,-1.2114011627906978,-49.60576,-0.005768111627906977,-11.17314
17,0.099,-81.41788,-0.946719534883721,-43.40461,-0.005047047674418604,-11.06774
17,0.09925,-59.03306,-0.6864309302325582,-36.49578,-0.00424369534883721,-10.95928
17,0.0995,-36.51554,-0.42459930232558146,-29.58286,-0.0034398674418604654,-10.84759
17,0.09975,-14.47969,-0.16836848837209303,-22.88412,-0.0026609441860465117,-10.73267
17,0.1,5.364582,0.06237886046511629,-16.3589,-0.0019021976744186043,-10.62459
18,0.0,6.600683,0.07675212790697675,0.0,0.0,-6.590426
18,0.00025,26.66197,0.3100229069767442,9.69885,0.0011277732558139535,-6.484053
18,0.0005,48.92827,0.5689333720930233,19.63986,0.0022837046511627905,-6.374919
18,0.00075,70.46219,0.8193277906976746,29.86165,0.0034722848837209306,-6.262964
18,0.001,90.11045,1.0477959302325583,40.19327,0.004673636046511628,-6.148193
18,0.00125,111.5365,1.2969360465116282,50.77457,0.00590401976744186,-6.03054
18,0.0015,131.2121,1.5257220930232558,61.45417,0.007145833720930232,-5.909806
18,0.00175,151.8728,1.7659627906976747,72.24632,0.00840073488372093,-5.78596
18,0.002,173.1033,2.012829069767442,83.51846,0.009711448837209303,-5.659099
18,0.00225,193.1705,2.2461686046511633,94.87095,0.011031505813953487,-5.529068
18,0.0025,213.6514,2.484318604651163,106.256,0.012355348837209302,-5.395742
18,0.00275,234.3415,2.724901162790698,117.6331,0.013678267441860466,-5.259042
18,0.003,254.28,2.956744186046512,129.2393,0.015027825581395347,-5.118945
18,0.00325,275.0815,3.198622093023256,141.2053,0.016419220930232556,-4.97546
18,0.0035,295.687,3.438220930232559,153.0332,0.017794558139534882,-4.828393
18,0.00375,316.1533,3.676201162790698,164.8806,0.019172162790697674,-4.677666
18,0.004,336.3926,3.9115418604651166,177.482,0.020637441860465115,-4.523315
18,0.00425,356.8968,4.149962790697675,190.4579,0.022146267441860462,-4.365237
18,0.0045,376.4012,4.376758139534885,203.1721,0.023624662790697675,-4.203246
18,0.00475,396.8548,4.614590697674419,216.0425,0.025121220930232557,-4.037267
18,0.005,416.4215,4.84211046511628,229.6748,0.026706372093023255,-3.867297
18,0.00525,435.7801,5.06721046511628,243.9753,0.028369220930232558,-3.693385
18,0.0055,455.2186,5.293239534883721,258.4635,0.030053895348837213,-3.515415
18,0.00575,474.523,5.517709302325582,273.067,0.03175197674418605,-3.333211
18,0.006,493.7488,5.741265116279071,288.2798,0.03352090697674419,-3.146841
18,0.00625,513.1925,5.967354651162791,304.5215,0.03540947674418604,-2.95631
18,0.0065,532.2527,6.188984883720931,321.0551,0.03733198837209302,-2.761603
18,0.00675,551.2694,6.410109302325583,337.5619,0.03925138372093023,-2.562791
18,0.007,569.9467,6.6272872093023265,354.7755,0.04125296511627907,-2.359896
18,0.00725,588.9213,6.847922093023256,372.7725,0.04334563953488372,-2.153039
18,0.0075,607.4492,7.063362790697675,390.7287,0.04543356976744186,-1.94226
18,0.00775,625.7867,7.276589534883721,408.4503,0.04749422093023256,-1.727521
18,0.008,644.3556,7.4925069767441865,426.3971,0.04958105813953488,-1.508994
18,0.00825,662.3684,7.701958139534884,444.7895,0.051719709302325584,-1.286825
18,0.0085,679.8701,7.905466279069768,463.2918,0.05387113953488372,-1.061026
18,0.00875,698.1028,8.117474418604651,481.3356,0.05596925581395349,-0.8317273
18,0.009,715.6055,8.320994186046512,499.7304,0.05810818604651163,-0.5991835
18,0.00925,733.2643,8.526329069767444,518.799,0.06032546511627907,-0.3636486
18,0.0095,750.0418,8.721416279069768,538.0719,0.06256650000000001,-0.1252778
18,0.00975,767.5233,8.92468953488372,557.1189,0.06478126744186047,0.1157703
18,0.01,784.2612,9.119316279069768,576.6625,0.06705377906976745,0.3591313
18,0.01025,800.985,9.313779069767442,597.2605,0.0694488953488372,0.6043656
18,0.0105,817.1284,9.501493023255815,618.3957,0.07190647674418606,0.8512513
18,0.01075,833.8152,9.69552558139535,639.5875,0.07437063953488372,1.09951
18,0.011,850.6408,9.891172093023258,661.0743,0.0768691046511628,1.348702
18,0.01125,866.383,10.07422093023256,683.1488,0.0794359069767442,1.598377
18,0.0115,882.6215,10.26304069767442,705.4468,0.08202869767441862,1.848143
18,0.01175,897.7909,10.439429069767442,727.2789,0.08456731395348838,2.09764
18,0.012,913.5924,10.623167441860465,748.6678,0.08705439534883722,2.346405
18,0.01225,927.884,10.789348837209303,769.8047,0.08951217441860465,2.593929
18,0.0125,942.7353,10.962038372093025,790.6225,0.0919328488372093,2.839826
18,0.01275,957.2847,11.131217441860466,811.0271,0.09430547674418605,3.08378
18,0.013,971.7298,11.299183720930232,830.9954,0.09662737209302326,3.325261
18,0.01325,985.3057,11.457043023255816,851.0395,0.09895808139534883,3.563782
18,0.0135,999.2676,11.61939069767442,871.2736,0.10131088372093022,3.798967
18,0.01375,1012.433,11.772476744186047,891.5218,0.10366532558139534,4.030515
18,0.014,1025.773,11.927593023255813,911.6974,0.10601132558139535,4.258115
18,0.01425,1039.611,12.088500000000002,931.8431,0.1083538488372093,4.481272
18,0.0145,1051.927,12.231709302325582,952.235,0.11072499999999999,4.699727
18,0.01475,1064.303,12.375616279069769,972.7666,0.11311239534883721,4.913318
18,0.015,1077.034,12.523651162790701,992.7719,0.1154385930232558,5.121678
18,0.01525,1089.114,12.66411627906977,1012.293,0.11770848837209304,5.324623
18,0.0155,1100.998,12.802302325581397,1031.547,0.11994732558139536,5.522066
18,0.01575,1112.238,12.933000000000002,1050.441,0.12214430232558139,5.713943
18,0.016,1124.182,13.071883720930234,1068.635,0.12425988372093022,5.900119
18,0.01625,1134.729,13.194523255813953,1085.601,0.12623267441860467,6.080445
18,0.0165,1145.381,13.318383720930235,1101.759,0.12811151162790696,6.255062
18,0.01675,1155.717,13.438569767441862,1117.412,0.12993162790697677,6.424124
18,0.017,1166.027,13.558453488372095,1132.455,0.13168081395348838,6.587552
18,0.01725,1175.32,13.666511627906978,1147.017,0.13337406976744187,6.745352
18,0.0175,1185.065,13.77982558139535,1160.944,0.13499348837209302,6.897699
18,0.01775,1194.023,13.883988372093024,1174.537,0.13657406976744188,7.044697
18,0.018,1203.012,13.988511627906977,1187.937,0.13813220930232556,7.186412
18,0.01825,1211.297,14.084848837209304,1201.267,0.13968220930232558,7.322892
18,0.0185,1219.713,14.182709302325582,1214.159,0.14118127906976746,7.454264
18,0.01875,1227.567,14.274034883720931,1226.769,0.1426475581395349,7.580701
18,0.019,1235.548,14.366837209302327,1239.117,0.14408337209302324,7.702225
18,0.01925,1242.554,14.448302325581396,1251.002,0.1454653488372093,7.818926
18,0.0195,1249.8,14.532558139534883,1262.416,0.14679255813953487,7.930971
18,0.01975,1256.469,14.610104651162793,1273.639,0.14809755813953487,8.038436
18,0.02,1262.845,14.684244186046513,1284.829,0.14939872093023254,8.141407
18,0.02025,1269.73,14.764302325581397,1295.497,0.15063918604651164,8.239958
18,0.0205,1274.709,14.822197674418607,1305.636,0.1518181395348837,8.334232
18,0.02075,1280.359,14.88789534883721,1315.325,0.15294476744186047,8.424344
18,0.021,1285.066,14.942627906976746,1324.794,0.15404581395348838,8.510316
18,0.02125,1290.279,15.003244186046514,1333.726,0.15508441860465116,8.592255
18,0.0215,1294.37,15.050813953488372,1342.126,0.15606116279069768,8.670365
18,0.02175,1298.954,15.104116279069768,1350.087,0.15698686046511628,8.744692
18,0.022,1302.482,15.145139534883722,1357.797,0.15788337209302325,8.81524
18,0.02225,1306.673,15.193872093023257,1365.124,0.1587353488372093,8.882094
18,0.0225,1310.082,15.23351162790698,1371.846,0.15951697674418605,8.945353
18,0.02275,1313.005,15.267500000000002,1378.086,0.1602425581395349,9.005165
18,0.023,1316.132,15.30386046511628,1383.946,0.16092395348837207,9.061561
18,0.02325,1318.682,15.33351162790698,1389.567,0.1615775581395349,9.114585
18,0.0235,1320.712,15.35711627906977,1394.675,0.16217151162790697,9.164424
18,0.02375,1322.6,15.37906976744186,1399.262,0.16270488372093023,9.211074
18,0.024,1324.039,15.395802325581396,1403.514,0.16319930232558139,9.254526
18,0.02425,1324.783,15.404453488372093,1407.453,0.16365732558139534,9.294974
18,0.0245,1325.798,15.41625581395349,1410.809,0.16404755813953487,9.332534
18,0.02475,1326.295,15.422034883720933,1413.938,0.16441139534883722,9.367309
18,0.025,1326.182,15.420720930232559,1416.94,0.16476046511627906,9.399342
18,0.02525,1325.27,15.410116279069769,1419.591,0.16506872093023256,9.428651
18,0.0255,1325.151,15.408732558139537,1421.648,0.1653079069767442,9.455479
18,0.02575,1324.059,15.396034883720931,1423.516,0.16552511627906977,9.479872
18,0.026,1322.846,15.38193023255814,1425.545,0.16576104651162793,9.501748
18,0.02625,1320.744,15.357488372093023,1427.195,0.16595290697674417,9.521341
18,0.0265,1318.684,15.333534883720931,1428.25,0.16607558139534884,9.538789
18,0.02675,1316.549,15.308709302325582,1428.962,0.16615837209302325,9.55402
18,0.027,1314.474,15.284581395348837,1429.795,0.16625523255813954,9.567117
18,0.02725,1311.514,15.250162790697674,1430.306,0.1663146511627907,9.578177
18,0.0275,1308.187,15.211476744186045,1430.515,0.1663389534883721,9.58737
18,0.02775,1304.818,15.172302325581397,1430.408,0.16632651162790696,9.59482
18,0.028,1300.352,15.120372093023258,1430.407,0.1663263953488372,9.600424
18,0.02825,1296.554,15.076209302325584,1430.222,0.16630488372093025,9.604304
18,0.0285,1292.376,15.027627906976745,1429.586,0.16623093023255814,9.60669
18,0.02875,1287.77,14.974069767441861,1428.779,0.16613709302325583,9.607603
18,0.029,1282.519,14.913011627906979,1428.017,0.16604848837209302,9.607083
18,0.02925,1276.642,14.844674418604653,1427.107,0.16594267441860464,9.605181
18,0.0295,1271.389,14.783593023255813,1425.748,0.1657846511627907,9.602022
18,0.02975,1265.487,14.714965116279073,1424.198,0.16560441860465117,9.597699
18,0.03,1258.958,14.639046511627908,1422.806,0.1654425581395349,9.592109
18,0.03025,1252.294,14.561558139534885,1421.305,0.16526802325581397,9.585365
18,0.0305,1245.292,14.48013953488372,1419.419,0.16504872093023257,9.577658
18,0.03075,1238.121,14.39675581395349,1417.319,0.16480453488372093,9.568936
18,0.031,1230.742,14.310953488372094,1415.263,0.16456546511627906,9.559221
18,0.03125,1222.815,14.218779069767445,1413.239,0.1643301162790698,9.548563
18,0.0315,1214.991,14.127802325581397,1410.744,0.16404,9.536968
18,0.03175,1206.475,14.028779069767443,1407.952,0.1637153488372093,9.524515
18,0.032,1197.326,13.92239534883721,1405.293,0.16340616279069767,9.511124
18,0.03225,1188.174,13.815976744186047,1402.755,0.16311104651162792,9.496898
18,0.0325,1178.158,13.699511627906977,1399.735,0.16275988372093023,9.481978
18,0.03275,1168.547,13.58775581395349,1396.315,0.1623622093023256,9.466266
18,0.033,1158.281,13.468383720930232,1393.008,0.16197767441860467,9.449684
18,0.03325,1147.905,13.347732558139537,1389.74,0.16159767441860465,9.432261
18,0.0335,1137.901,13.23140697674419,1386.113,0.16117593023255813,9.414115
18,0.03375,1126.861,13.103034883720934,1382.047,0.16070313953488374,9.395312
18,0.034,1115.105,12.966337209302326,1377.991,0.16023151162790697,9.375638
18,0.03425,1103.828,12.835209302325582,1374.053,0.1597736046511628,9.355077
18,0.0345,1092.368,12.701953488372094,1369.673,0.1592643023255814,9.333856
18,0.03475,1080.409,12.562895348837213,1364.813,0.15869918604651162,9.311911
18,0.035,1068.608,12.42567441860465,1360.071,0.1581477906976744,9.289067
18,0.03525,1056.554,12.28551162790698,1355.564,0.15762372093023258,9.265382
18,0.0355,1043.518,12.133930232558141,1350.756,0.15706465116279072,9.240906
18,0.03575,1031.058,11.989046511627908,1345.261,0.1564256976744186,9.215682
18,0.036,1017.679,11.833476744186047,1339.673,0.15577593023255815,9.189625
18,0.03625,1004.495,11.680174418604652,1334.365,0.15515872093023256,9.162616
18,0.0365,990.9288,11.522427906976745,1328.972,0.15453162790697675,9.134876
18,0.03675,977.0059,11.360533720930235,1322.993,0.1538363953488372,9.106356
18,0.037,962.967,11.19729069767442,1316.675,0.1531017441860465,9.076916
18,0.03725,948.0995,11.024412790697676,1310.343,0.15236546511627908,9.046637
18,0.0375,933.7294,10.857318604651164,1304.09,0.15163837209302325,9.015496
18,0.03775,918.9682,10.685676744186049,1297.418,0.15086255813953486,8.983496
18,0.038,903.6424,10.50746976744186,1290.327,0.15003802325581395,8.950655
18,0.03825,888.3808,10.330009302325584,1283.286,0.14921930232558142,8.916868
18,0.0385,872.7232,10.147944186046512,1276.525,0.14843313953488374,8.882204
18,0.03875,856.6736,9.961320930232558,1269.455,0.1476110465116279,8.846684
18,0.039,841.2054,9.781458139534886,1261.832,0.1467246511627907,8.810197
18,0.03925,824.3631,9.585617441860466,1254.116,0.14582744186046512,8.772758
18,0.0395,808.4552,9.400641860465116,1246.572,0.14495023255813952,8.734465
18,0.03975,791.9492,9.208711627906977,1239.059,0.14407662790697673,8.695246
18,0.04,774.9651,9.011222093023257,1231.056,0.1431460465116279,8.654897
18,0.04025,757.3291,8.806152325581397,1222.908,0.14219860465116277,8.613487
18,0.0405,740.9523,8.615724418604652,1214.694,0.14124348837209302,8.571237
18,0.04075,723.0849,8.407963953488371,1206.613,0.14030383720930234,8.528016
18,0.041,705.9402,8.208606976744186,1198.443,0.13935383720930233,8.483627
18,0.04125,688.5139,8.005975581395349,1189.932,0.13836418604651163,8.43822
18,0.0415,669.9657,7.790298837209303,1181.177,0.13734616279069767,8.391813
18,0.04175,652.3293,7.585224418604652,1172.729,0.13636383720930234,8.344316
18,0.042,634.0941,7.373187209302326,1164.085,0.13535872093023255,8.295717
18,0.04225,615.8691,7.1612686046511635,1155.049,0.13430802325581395,8.245946
18,0.0425,597.7297,6.950345348837209,1145.626,0.13321232558139534,8.195035
18,0.04275,578.794,6.730162790697674,1136.394,0.13213883720930233,8.142996
18,0.043,560.2828,6.514916279069768,1127.218,0.1310718604651163,8.089733
18,0.04325,541.7909,6.299894186046512,1117.52,0.12994418604651162,8.03523
18,0.0435,522.8006,6.079076744186047,1107.322,0.12875837209302327,7.979544
18,0.04375,504.3152,5.86413023255814,1097.066,0.12756581395348837,7.922568
18,0.044,484.7409,5.636522093023256,1086.757,0.12636709302325583,7.864243
18,0.04425,465.3717,5.411298837209302,1076.086,0.12512627906976745,7.804673
18,0.0445,445.4951,5.180175581395349,1064.779,0.12381151162790699,7.743852
18,0.04475,426.3665,4.95775,1053.199,0.122465,7.681713
18,0.045,406.1666,4.722867441860466,1041.501,0.12110476744186045,7.618163
18,0.04525,386.3041,4.491908139534884,1029.504,0.11970976744186046,7.55318
18,0.0455,366.2912,4.259200000000001,1017.004,0.11825627906976745,7.486951
18,0.04575,346.256,4.026232558139535,1004.317,0.1167810465116279,7.419396
18,0.046,325.845,3.78889534883721,991.7323,0.11531770930232557,7.350328
18,0.04625,306.259,3.561151162790698,978.8964,0.11382516279069767,7.279847
18,0.0465,285.5638,3.320509302325582,965.4805,0.11226517441860465,7.207956
18,0.04675,265.0566,3.0820534883720936,952.0614,0.11070481395348838,7.134564
18,0.047,245.2017,2.851182558139535,938.8618,0.10916997674418605,7.059616
18,0.04725,224.391,2.609197674418605,925.7038,0.10763997674418604,6.983047
18,0.0475,203.0475,2.3610174418604655,912.257,0.1060763953488372,6.90495
18,0.04775,183.5948,2.1348232558139535,898.7846,0.10450983720930232,6.825351
18,0.048,162.7401,1.892326744186047,885.3388,0.10294637209302326,6.744034
18,0.04825,142.2348,1.6538930232558142,871.9443,0.10138887209302325,6.661064
18,0.0485,121.2079,1.4093941860465118,858.6531,0.09984338372093023,6.576516
18,0.04875,100.6708,1.1705906976744187,845.3268,0.09829381395348837,6.490355
18,0.049,79.7502,0.9273279069767443,831.8681,0.09672884883720931,6.402542
18,0.04925,59.38728,0.6905497674418605,817.9897,0.09511508139534884,6.312936
18,0.0495,38.2773,0.44508488372093025,803.9826,0.09348634883720931,6.221665
18,0.04975,18.09014,0.2103504651162791,789.8517,0.09184322093023256,6.128773
18,0.05,-3.18142,-0.0369932558139535,775.5938,0.09018532558139535,6.03427
18,0.05025,-23.43746,-0.2725286046511628,760.8068,0.08846590697674418,5.938204
18,0.0505,-44.42083,-0.5165212790697675,745.9336,0.08673646511627905,5.84045
18,0.05075,-65.49029,-0.761515,730.5308,0.08494544186046511,5.74106
18,0.051,-85.24694,-0.991243488372093,714.5872,0.08309153488372094,5.639942
18,0.05125,-106.3671,-1.2368267441860463,698.1899,0.08118487209302325,5.537033
18,0.0515,-127.1058,-1.4779744186046515,681.6115,0.0792571511627907,5.432415
18,0.05175,-147.4611,-1.714663953488372,665.1617,0.07734438372093022,5.326051
18,0.052,-168.2611,-1.9565244186046513,648.5081,0.07540791860465117,5.217744
18,0.05225,-188.9254,-2.196806976744186,631.7875,0.07346366279069767,5.107561
18,0.0525,-209.6813,-2.4381546511627907,615.2288,0.07153823255813954,4.995672
18,0.05275,-230.411,-2.679197674418605,598.8607,0.06963496511627906,4.881975
18,0.053,-250.6746,-2.9148209302325587,582.5095,0.06773366279069767,4.766303
18,0.05325,-271.3961,-3.155768604651163,566.2649,0.06584475581395348,4.648549
18,0.0535,-292.0168,-3.3955441860465116,550.1952,0.06397618604651162,4.528941
18,0.05375,-312.323,-3.6316627906976744,534.3306,0.06213146511627907,4.407599
18,0.054,-332.5674,-3.867062790697675,518.5465,0.060296104651162793,4.284271
18,0.05425,-352.48,-4.098604651162791,502.8048,0.058465674418604646,4.158811
18,0.0545,-372.3537,-4.329694186046512,487.1259,0.05664254651162791,4.031402
18,0.05475,-392.007,-4.558220930232558,471.3712,0.05481060465116279,3.902243
18,0.055,-411.634,-4.786441860465116,455.3818,0.05295137209302325,3.771168
18,0.05525,-431.0548,-5.01226511627907,439.0064,0.05104725581395349,3.638101
18,0.0555,-450.7299,-5.2410453488372095,422.1715,0.049089709302325577,3.503186
18,0.05575,-469.9892,-5.464990697674419,404.9406,0.04708611627906977,3.366389
18,0.056,-488.8038,-5.683765116279071,387.3595,0.0450418023255814,3.227651
18,0.05625,-508.5939,-5.913882558139536,369.601,0.04297686046511628,3.086905
18,0.0565,-527.9985,-6.139517441860465,351.8093,0.04090805813953488,2.944258
18,0.05675,-546.4332,-6.3538744186046525,334.0728,0.03884567441860465,2.799729
18,0.057,-565.4818,-6.5753697674418605,316.4538,0.03679695348837209,2.653153
18,0.05725,-583.8425,-6.788866279069768,299.0,0.03476744186046512,2.504548
18,0.0575,-602.6834,-7.007946511627908,281.9058,0.03277974418604651,2.354003
18,0.05775,-621.0564,-7.2215860465116295,265.1532,0.030831767441860468,2.201534
18,0.058,-639.2596,-7.433251162790698,248.5674,0.02890318604651163,2.04709
18,0.05825,-657.4618,-7.6449046511627925,232.343,0.02701662790697674,1.890627
18,0.0585,-675.4209,-7.853731395348837,216.5451,0.025179662790697672,1.732207
18,0.05875,-692.7606,-8.055355813953488,200.8999,0.023360453488372093,1.572025
18,0.059,-710.2983,-8.259282558139535,185.372,0.021554883720930236,1.409884
18,0.05925,-728.7037,-8.473298837209304,170.0406,0.019772162790697677,1.245684
18,0.0595,-745.3829,-8.667243023255814,154.9746,0.018020302325581397,1.07967
18,0.05975,-761.6767,-8.85670581395349,139.7349,0.016248244186046513,0.9119093
18,0.06,-779.1343,-9.059701162790699,124.3587,0.01446031395348837,0.7422611
18,0.06025,-796.1038,-9.257020930232558,108.6304,0.012631441860465114,0.5706221
18,0.0605,-812.3246,-9.445634883720931,92.75538,0.010785509302325582,0.3972018
18,0.06075,-828.59,-9.634767441860465,76.73636,0.008922832558139537,0.2221128
18,0.061,-845.1315,-9.827110465116279,60.80071,0.00706985,0.04517295
18,0.06125,-860.9557,-10.011112790697675,44.85011,0.005215129069767442,-0.1335915
18,0.0615,-876.7582,-10.194862790697675,28.94696,0.0033659255813953486,-0.3140613
18,0.06175,-891.8779,-10.370673255813953,13.20783,0.0015357941860465118,-0.4961227
18,0.062,-907.2372,-10.549269767441862,-2.036127,-0.00023675895348837208,-0.6798203
18,0.06225,-921.777,-10.718337209302327,-16.84199,-0.0019583709302325577,-0.8652006
18,0.0625,-936.9317,-10.89455465116279,-31.31074,-0.0036407837209302325,-1.052077
18,0.06275,-950.8612,-11.05652558139535,-45.36875,-0.0052754360465116275,-1.240256
18,0.063,-964.462,-11.214674418604652,-58.99767,-0.0068601941860465115,-1.429721
18,0.06325,-979.1238,-11.38516046511628,-72.26937,-0.008403415116279069,-1.620534
18,0.0635,-992.1644,-11.53679534883721,-85.04299,-0.00988871976744186,-1.812482
18,0.06375,-1005.926,-11.696813953488373,-97.57394,-0.011345806976744185,-2.005405
18,0.064,-1019.325,-11.85261627906977,-109.5677,-0.012740430232558138,-2.199468
18,0.06425,-1032.073,-12.000848837209306,-121.3209,-0.014107081395348836,-2.394621
18,0.0645,-1045.38,-12.15558139534884,-132.728,-0.015433488372093023,-2.590638
18,0.06475,-1057.782,-12.299790697674418,-143.7748,-0.016718,-2.787375
18,0.065,-1070.188,-12.444046511627908,-154.5201,-0.017967453488372094,-2.984946
18,0.06525,-1081.926,-12.580534883720931,-164.9279,-0.019177662790697676,-3.183271
18,0.0655,-1093.783,-12.718406976744186,-175.0702,-0.020357,-3.382021
18,0.06575,-1106.202,-12.862813953488374,-185.3181,-0.021548616279069763,-3.58098
18,0.066,-1116.879,-12.986965116279071,-195.3818,-0.022718813953488372,-3.780111
18,0.06625,-1127.582,-13.111418604651165,-205.18,-0.02385813953488372,-3.979393
18,0.0665,-1138.536,-13.23879069767442,-214.6952,-0.024964558139534885,-4.17844
18,0.06675,-1148.82,-13.358372093023256,-224.0439,-0.026051616279069767,-4.376981
18,0.067,-1159.193,-13.478988372093024,-233.2081,-0.027117220930232562,-4.574965
18,0.06725,-1168.984,-13.592837209302326,-241.9018,-0.02812811627906977,-4.772299
18,0.0675,-1178.564,-13.704232558139536,-250.1958,-0.029092534883720933,-4.968656
18,0.06775,-1187.525,-13.808430232558141,-258.423,-0.030049186046511626,-5.163791
18,0.068,-1196.468,-13.912418604651164,-266.5061,-0.03098908139534884,-5.357573
18,0.06825,-1204.396,-14.004604651162792,-274.1046,-0.031872627906976744,-5.549767
18,0.0685,-1213.564,-14.111209302325584,-281.2847,-0.032707523255813956,-5.740152
18,0.06875,-1221.709,-14.205918604651163,-288.2049,-0.033512197674418605,-5.928489
18,0.069,-1229.218,-14.293232558139536,-294.7629,-0.034274755813953485,-6.114579
18,0.06925,-1236.463,-14.377476744186048,-301.0221,-0.035002569767441864,-6.298228
18,0.0695,-1243.773,-14.462476744186047,-306.801,-0.03567453488372093,-6.479185
18,0.06975,-1250.831,-14.544546511627907,-312.3006,-0.03631402325581395,-6.657293
18,0.07,-1257.034,-14.616674418604655,-317.4474,-0.03691248837209302,-6.832348
18,0.07025,-1263.332,-14.689906976744188,-322.3505,-0.03748261627906977,-7.004195
18,0.0705,-1269.15,-14.757558139534886,-326.8041,-0.038000476744186044,-7.172557
18,0.07075,-1274.289,-14.817313953488373,-330.9446,-0.03848193023255814,-7.337142
18,0.071,-1279.965,-14.883313953488372,-334.8271,-0.03893338372093023,-7.497942
18,0.07125,-1284.173,-14.932244186046514,-338.4316,-0.039352511627906976,-7.654839
18,0.0715,-1289.38,-14.99279069767442,-341.7647,-0.03974008139534884,-7.807529
18,0.07175,-1293.392,-15.039441860465118,-344.8929,-0.04010382558139535,-7.955824
18,0.072,-1297.748,-15.090093023255815,-347.7982,-0.0404416511627907,-8.099759
18,0.07225,-1301.196,-15.130186046511628,-350.3044,-0.04073306976744186,-8.239227
18,0.0725,-1304.444,-15.167953488372094,-352.5817,-0.04099787209302326,-8.373966
18,0.07275,-1307.737,-15.206244186046513,-354.7958,-0.04125532558139535,-8.503881
18,0.073,-1310.768,-15.241488372093025,-356.7015,-0.041476918604651164,-8.629101
18,0.07325,-1313.497,-15.273220930232561,-358.3885,-0.04167308139534884,-8.749642
18,0.0735,-1315.561,-15.297220930232559,-359.8583,-0.04184398837209302,-8.865195
18,0.07375,-1317.359,-15.318127906976745,-361.2375,-0.042004360465116276,-8.975636
18,0.074,-1318.679,-15.333476744186049,-362.5059,-0.0421518488372093,-9.081109
18,0.07425,-1320.021,-15.349081395348838,-363.4101,-0.042256988372093025,-9.181641
18,0.0745,-1320.706,-15.357046511627907,-364.1478,-0.04234276744186047,-9.277055
18,0.07475,-1321.054,-15.361093023255817,-364.8829,-0.04242824418604651,-9.367309
18,0.075,-1320.923,-15.359569767441862,-365.5464,-0.04250539534883721,-9.452555
18,0.07525,-1320.414,-15.3536511627907,-366.0223,-0.04256073255813953,-9.532795
18,0.0755,-1320.159,-15.35068604651163,-366.2811,-0.04259082558139535,-9.607953
18,0.07575,-1318.404,-15.330279069767442,-366.5346,-0.0426203023255814,-9.678231
18,0.076,-1317.227,-15.316593023255816,-366.7468,-0.04264497674418605,-9.743741
18,0.07625,-1316.182,-15.304441860465118,-366.8462,-0.042656534883720926,-9.804463
18,0.0765,-1313.837,-15.277174418604652,-366.5899,-0.042626732558139535,-9.86046
18,0.07675,-1311.558,-15.250674418604653,-366.2752,-0.04259013953488372,-9.911869
18,0.077,-1308.793,-15.218523255813954,-366.0889,-0.042568476744186054,-9.958979
18,0.07725,-1306.479,-15.19161627906977,-365.8469,-0.04254033720930232,-10.00192
18,0.0775,-1302.91,-15.150116279069769,-365.2826,-0.04247472093023256,-10.04066
18,0.07775,-1299.795,-15.113895348837211,-364.5676,-0.04239158139534884,-10.07537
18,0.078,-1295.787,-15.06729069767442,-364.0162,-0.04232746511627908,-10.10634
18,0.07825,-1291.385,-15.016104651162792,-363.4917,-0.04226647674418604,-10.1337
18,0.0785,-1287.448,-14.97032558139535,-362.7296,-0.042177860465116276,-10.15749
18,0.07875,-1282.339,-14.910918604651163,-361.691,-0.04205709302325581,-10.17776
18,0.079,-1277.343,-14.85282558139535,-360.7778,-0.04195090697674419,-10.19491
18,0.07925,-1272.127,-14.792174418604652,-359.9108,-0.04185009302325581,-10.20915
18,0.0795,-1266.263,-14.723988372093023,-358.9707,-0.04174077906976745,-10.22042
18,0.07975,-1260.053,-14.651779069767445,-357.8092,-0.041605720930232556,-10.22894
18,0.08,-1253.739,-14.57836046511628,-356.5745,-0.0414621511627907,-10.23498
18,0.08025,-1246.904,-14.498883720930232,-355.5182,-0.041339325581395345,-10.23869
18,0.0805,-1239.767,-14.415895348837212,-354.4776,-0.04121832558139535,-10.24014
18,0.08075,-1232.963,-14.336779069767443,-353.0424,-0.04105144186046512,-10.23948
18,0.081,-1225.437,-14.249267441860466,-351.519,-0.040874302325581396,-10.23699
18,0.08125,-1217.505,-14.157034883720932,-350.1831,-0.04071896511627907,-10.2327
18,0.0815,-1209.547,-14.064500000000002,-348.9383,-0.04057422093023256,-10.22665
18,0.08175,-1200.384,-13.957953488372093,-347.431,-0.040398953488372094,-10.21903
18,0.082,-1191.849,-13.858709302325583,-345.5904,-0.04018493023255813,-10.20994
18,0.08225,-1183.132,-13.757348837209303,-343.9913,-0.03999898837209303,-10.19943
18,0.0825,-1173.612,-13.6466511627907,-342.521,-0.03982802325581396,-10.18754
18,0.08275,-1163.044,-13.523767441860468,-340.958,-0.03964627906976745,-10.17435
18,0.083,-1153.514,-13.412953488372093,-338.8088,-0.039396372093023255,-10.16002
18,0.08325,-1143.175,-13.292732558139535,-336.8189,-0.03916498837209302,-10.14462
18,0.0835,-1132.52,-13.168837209302326,-335.2278,-0.038979976744186046,-10.12807
18,0.08375,-1120.958,-13.034395348837212,-333.4142,-0.03876909302325581,-10.1104
18,0.084,-1110.067,-12.907755813953491,-331.2079,-0.0385125465116279,-10.09189
18,0.08425,-1098.051,-12.768034883720931,-328.9477,-0.03824973255813953,-10.07246
18,0.0845,-1087.421,-12.644430232558141,-326.9555,-0.03801808139534884,-10.05192
18,0.08475,-1075.225,-12.502616279069768,-324.9227,-0.037781709302325585,-10.03041
18,0.085,-1063.596,-12.36739534883721,-322.5468,-0.03750544186046512,-10.00808
18,0.08525,-1051.28,-12.224186046511628,-319.9131,-0.0371991976744186,-9.984914
18,0.0855,-1038.502,-12.075604651162791,-317.4335,-0.03691087209302325,-9.960803
18,0.08575,-1025.453,-11.923872093023256,-315.1351,-0.03664361627906977,-9.935819
18,0.086,-1012.612,-11.774558139534884,-312.4841,-0.03633536046511628,-9.910008
18,0.08625,-999.0405,-11.61675,-309.6929,-0.0360108023255814,-9.883345
18,0.0865,-985.2311,-11.45617558139535,-306.788,-0.03567302325581396,-9.8558
18,0.08675,-971.9028,-11.30119534883721,-303.9435,-0.03534226744186046,-9.827318
18,0.087,-957.4289,-11.132894186046514,-301.1603,-0.035018639534883725,-9.79794
18,0.08725,-942.5431,-10.959803488372094,-298.0611,-0.03465826744186047,-9.767718
18,0.0875,-928.1006,-10.791867441860466,-294.7441,-0.03427256976744186,-9.736576
18,0.08775,-913.3182,-10.619979069767444,-291.4594,-0.03389062790697674,-9.704489
18,0.088,-898.1539,-10.443650000000002,-288.2797,-0.033520895348837204,-9.671616
18,0.08825,-882.8923,-10.26618953488372,-284.886,-0.03312627906976744,-9.63791
18,0.0885,-867.3537,-10.085508139534884,-281.3105,-0.03271052325581395,-9.603187
18,0.08875,-851.8566,-9.905309302325582,-277.6275,-0.03228226744186046,-9.567495
18,0.089,-835.6535,-9.716901162790698,-274.0518,-0.03186648837209302,-9.530955
18,0.08925,-819.3952,-9.527851162790698,-270.4183,-0.03144398837209302,-9.493503
18,0.0895,-803.2088,-9.339637209302326,-266.3258,-0.03096811627906977,-9.455047
18,0.08975,-786.2753,-9.14273604651163,-262.1459,-0.030482081395348835,-9.415601
18,0.09,-769.7572,-8.95066511627907,-258.1734,-0.030020162790697677,-9.375233
18,0.09025,-752.8789,-8.75440581395349,-254.3706,-0.02957797674418605,-9.333966
18,0.0905,-735.6426,-8.553983720930233,-250.1342,-0.029085372093023254,-9.291656
18,0.09075,-717.9813,-8.348619767441862,-245.5742,-0.02855513953488372,-9.248226
18,0.091,-700.4598,-8.144881395348838,-241.0858,-0.028033232558139533,-9.20379
18,0.09125,-682.6713,-7.938038372093024,-236.9962,-0.027557697674418607,-9.158414
18,0.0915,-664.8115,-7.730366279069768,-232.5338,-0.027038813953488373,-9.111957
18,0.09175,-647.1117,-7.524554651162791,-227.5661,-0.026461174418604655,-9.064332
18,0.092,-629.0422,-7.314444186046512,-222.6925,-0.025894476744186042,-9.015696
18,0.09225,-610.3816,-7.09746046511628,-218.1578,-0.025367186046511628,-8.966023
18,0.0925,-592.5349,-6.88994069767442,-213.5331,-0.02482943023255814,-8.915107
18,0.09275,-573.8358,-6.672509302325581,-208.4325,-0.02423633720930233,-8.862911
18,0.093,-554.81,-6.451279069767442,-203.0955,-0.023615755813953487,-8.809688
18,0.09325,-536.5865,-6.2393779069767445,-198.1089,-0.023035918604651165,-8.755427
18,0.0935,-517.733,-6.020151162790698,-193.278,-0.022474186046511628,-8.699842
18,0.09375,-498.6884,-5.798702325581395,-188.0558,-0.02186695348837209,-8.642904
18,0.094,-479.3978,-5.574393023255815,-182.4014,-0.02120946511627907,-8.584689
18,0.09425,-460.2514,-5.351760465116279,-177.0097,-0.020582523255813955,-8.525244
18,0.0945,-440.5677,-5.12288023255814,-171.6817,-0.019962988372093024,-8.464318
18,0.09475,-420.7255,-4.892156976744187,-166.2423,-0.0193305,-8.401846
18,0.095,-401.0053,-4.662852325581396,-160.325,-0.018642441860465115,-8.337964
18,0.09525,-381.0314,-4.430597674418605,-154.407,-0.017954302325581397,-8.272614
18,0.0955,-360.7085,-4.194284883720931,-148.6203,-0.017281430232558136,-8.205635
18,0.09575,-341.1879,-3.967301162790698,-142.6244,-0.016584232558139535,-8.137002
18,0.096,-320.7444,-3.729586046511628,-136.2734,-0.015845744186046513,-8.066821
18,0.09625,-300.1794,-3.4904581395348835,-129.7742,-0.015090023255813956,-7.995045
18,0.0965,-280.5894,-3.2626674418604655,-123.3318,-0.014340906976744188,-7.921445
18,0.09675,-260.0791,-3.024175581395349,-116.7823,-0.013579337209302328,-7.845919
18,0.097,-239.7542,-2.7878395348837213,-109.9795,-0.012788313953488372,-7.768662
18,0.09725,-218.9025,-2.545377906976744,-102.9415,-0.011969941860465117,-7.689617
18,0.0975,-198.5041,-2.308187209302326,-95.83202,-0.011143258139534885,-7.608542
18,0.09775,-178.0774,-2.0706674418604654,-88.54457,-0.01029588023255814,-7.525379
18,0.098,-157.796,-1.8348372093023255,-80.95788,-0.009413706976744186,-7.440198
18,0.09825,-136.9874,-1.5928767441860467,-73.05155,-0.008494366279069769,-7.35298
18,0.0985,-115.9919,-1.348743023255814,-65.02343,-0.007560863953488373,-7.263541
18,0.09875,-95.70899,-1.1128952325581396,-56.73553,-0.0065971546511627895,-7.171692
18,0.099,-74.74943,-0.8691794186046512,-48.31756,-0.005618320930232558,-7.077545
18,0.09925,-54.09276,-0.6289855813953489,-39.41819,-0.0045835104651162795,-6.981121
18,0.0995,-33.4771,-0.3892686046511628,-30.2159,-0.0035134767441860467,-6.882167
18,0.09975,-12.51197,-0.14548802325581398,-20.86288,-0.0024259162790697675,-6.78065
18,0.1,5.277972,0.06137176744186047,-11.96382,-0.0013911418604651163,-6.686086
