table,t_s,V,E_kV_cm,D_nm,S_%,P_uC_cm2
1,0.0,4.433915,0.056845064102564104,0.0,0.0,-0.1900182
1,0.00025,10.19295,0.13067884615384615,1.957566,0.00025097,-0.1764331
1,0.0005,17.23619,0.2209767948717949,3.279212,0.00042041179487179483,-0.1626533
1,0.00075,23.4954,0.3012230769230769,5.341294,0.0006847812820512822,-0.1488026
1,0.001,29.30382,0.37569,7.20356,0.0009235333333333334,-0.1350465
1,0.00125,35.64608,0.45700102564102557,8.841304,0.0011335005128205128,-0.1211878
1,0.0015,41.25242,0.5288771794871795,10.94319,0.0014029730769230767,-0.10714
1,0.00175,47.29484,0.6063441025641026,12.94527,0.00165965,-0.09307427
1,0.002,53.06275,0.6802916666666666,14.9646,0.0019185384615384615,-0.07899126
1,0.00225,58.90511,0.7551937179487179,16.97943,0.00217685,-0.06478793
1,0.0025,64.72721,0.8298360256410257,18.62796,0.0023882000000000005,-0.05047925
1,0.00275,70.47688,0.9035497435897436,20.58376,0.0026389435897435903,-0.03609397
1,0.003,76.39065,0.9793673076923076,22.59937,0.0028973551282051283,-0.02170411
1,0.00325,83.04998,1.0647433333333334,24.22162,0.0031053358974358976,-0.007281762
1,0.0035,88.66037,1.1366714102564104,26.21781,0.003361257692307692,0.00728008
1,0.00375,95.37693,1.2227811538461537,28.10538,0.0036032538461538465,0.02183191
1,0.004,101.0653,1.2957089743589743,30.00843,0.0038472346153846154,0.03637505
1,0.00425,106.9365,1.3709807692307694,31.85148,0.004083523076923077,0.05097484
1,0.0045,113.1887,1.4511371794871795,33.79493,0.0043326833333333335,0.06557581
1,0.00475,118.9277,1.5247141025641027,35.51365,0.004553032051282052,0.08016066
1,0.005,125.0218,1.6028435897435898,37.51711,0.004809885897435898,0.09465542
1,0.00525,131.0581,1.6802320512820512,38.8713,0.0049835,0.1091252
1,0.0055,136.516,1.750205128205128,41.13065,0.005273160256410257,0.1236183
1,0.00575,142.0616,1.821302564102564,43.05312,0.0055196307692307696,0.1380659
1,0.006,147.9698,1.8970487179487179,44.77106,0.0057398794871794875,0.1524129
1,0.00625,153.5047,1.9680089743589744,46.79706,0.005999623076923077,0.1667213
1,0.0065,159.6322,2.0465666666666666,48.74051,0.006248783333333333,0.1810955
1,0.00675,165.2852,2.1190410256410255,50.2255,0.006439166666666667,0.1954537
1,0.007,170.5582,2.18664358974359,51.86971,0.006649962820512821,0.2097098
1,0.00725,175.7883,2.2536961538461537,53.20783,0.006821516666666667,0.2239667
1,0.0075,181.5562,2.3276435897435896,55.03774,0.0070561205128205125,0.238275
1,0.00775,187.0374,2.3979153846153847,56.70529,0.007269908974358975,0.2525192
1,0.008,191.8592,2.4597333333333333,58.88091,0.007548834615384616,0.2667037
1,0.00825,197.6109,2.5334730769230767,60.91436,0.007809533333333334,0.2809185
1,0.0085,202.8682,2.600874358974359,62.36249,0.007995191025641024,0.2951108
1,0.00875,207.6961,2.662770512820513,63.86434,0.008187735897435898,0.3092367
1,0.009,213.2224,2.733620512820513,66.16683,0.008482926923076924,0.3232607
1,0.00925,218.3131,2.7988858974358974,67.83261,0.008696488461538462,0.3372538
1,0.0095,223.3127,2.8629833333333337,69.16916,0.008867841025641025,0.3512594
1,0.00975,228.5771,2.930475641025641,70.64827,0.009057470512820513,0.3652004
1,0.01,233.1229,2.988755128205128,73.28685,0.00939575,0.3789907
1,0.01025,237.8125,3.0488782051282053,74.6887,0.00957547435897436,0.3927234
1,0.0105,242.7128,3.111702564102564,76.35703,0.00978936282051282,0.4064409
1,0.01075,247.8258,3.177253846153846,77.94301,0.009992693589743591,0.420028
1,0.011,252.4784,3.236902564102564,79.81704,0.010232953846153848,0.433508
1,0.01125,257.4212,3.300271794871795,81.30223,0.01042336282051282,0.4468792
1,0.0115,262.3392,3.3633230769230766,82.47563,0.010573798717948717,0.4601454
1,0.01175,266.5765,3.417647435897436,84.04611,0.010775142307692307,0.4732978
1,0.012,271.3978,3.4794589743589746,85.72602,0.010990515384615384,0.4862801
1,0.01225,275.9091,3.537296153846154,87.77123,0.011252721794871795,0.4990773
1,0.0125,280.3652,3.594425641025641,88.4148,0.01133523076923077,0.5117805
1,0.01275,284.6521,3.6493858974358977,90.31864,0.01157931282051282,0.5243158
1,0.013,289.285,3.7087820512820517,92.13443,0.01181210641025641,0.5366098
1,0.01325,292.8168,3.7540615384615386,93.02037,0.011925688461538462,0.5487448
1,0.0135,297.4856,3.8139179487179486,94.48182,0.012113053846153845,0.5607949
1,0.01375,300.9555,3.8584038461538457,95.80739,0.01228299871794872,0.5727091
1,0.014,305.0601,3.9110269230769226,97.38651,0.012485449999999999,0.5843663
1,0.01425,308.5377,3.9556115384615382,98.94915,0.012685788461538464,0.5958501
1,0.0145,312.4128,4.005292307692308,100.1343,0.01283773076923077,0.6073242
1,0.01475,316.1219,4.052844871794872,101.0252,0.01295194871794872,0.6186813
1,0.015,319.5604,4.096928205128205,102.2493,0.013108884615384618,0.6298137
1,0.01525,323.0562,4.141746153846154,103.8888,0.013319076923076925,0.6408165
1,0.0155,326.5829,4.186960256410256,104.6822,0.013420794871794872,0.6517462
1,0.01575,330.5857,4.238278205128204,106.1553,0.013609653846153846,0.6625568
1,0.016,332.9687,4.268829487179487,107.4787,0.013779320512820513,0.6731432
1,0.01625,336.459,4.313576923076923,108.8338,0.013953051282051283,0.6835853
1,0.0165,339.3323,4.350414102564102,110.0522,0.014109256410256411,0.6938832
1,0.01675,342.4578,4.390484615384616,111.3197,0.01427175641025641,0.7039451
1,0.017,345.3646,4.427751282051282,112.4509,0.014416782051282051,0.7138005
1,0.01725,348.6198,4.469484615384616,113.79,0.01458846153846154,0.7234453
1,0.0175,351.448,4.50574358974359,114.9411,0.014736038461538462,0.7329074
1,0.01775,354.3355,4.542762820512821,115.7272,0.014836820512820512,0.7421652
1,0.018,356.8264,4.574697435897436,117.0888,0.015011384615384616,0.7510894
1,0.01825,359.0347,4.603008974358974,118.0422,0.015133615384615384,0.7597571
1,0.0185,361.6705,4.636801282051282,118.7215,0.01522070512820513,0.7683279
1,0.01875,364.0009,4.666678205128205,119.8884,0.015370307692307692,0.7766795
1,0.019,366.9395,4.704352564102565,121.172,0.015534871794871796,0.7846385
1,0.01925,368.4139,4.723255128205128,121.8905,0.01562698717948718,0.792351
1,0.0195,370.4677,4.749585897435897,122.4537,0.015699192307692306,0.7999314
1,0.01975,372.9277,4.781124358974359,123.1602,0.015789769230769232,0.8072342
1,0.02,374.7972,4.805092307692307,124.1934,0.01592223076923077,0.8142606
1,0.02025,376.9143,4.832234615384616,125.046,0.01603153846153846,0.8210541
1,0.0205,378.7169,4.855344871794872,126.4447,0.016210858974358974,0.8276528
1,0.02075,380.3529,4.876319230769231,126.811,0.016257820512820514,0.8340287
1,0.021,381.4687,4.8906243589743585,128.0673,0.016418884615384613,0.8400389
1,0.02125,382.7886,4.907546153846154,128.6674,0.01649582051282051,0.8458647
1,0.0215,383.8948,4.921728205128205,129.0627,0.0165465,0.8515599
1,0.02175,384.9756,4.935584615384615,129.5735,0.016611987179487177,0.8569555
1,0.022,386.1162,4.950207692307692,130.371,0.01671423076923077,0.8620924
1,0.02225,387.1798,4.963843589743591,131.1336,0.016812,0.8670264
1,0.0225,388.2865,4.97803205128205,132.1685,0.01694467948717949,0.8717889
1,0.02275,388.9683,4.986773076923076,132.6529,0.01700678205128205,0.8763282
1,0.023,389.3968,4.992266666666667,133.482,0.017113076923076922,0.8805873
1,0.02325,390.2259,5.002896153846154,133.9757,0.017176371794871793,0.8846501
1,0.0235,390.8691,5.011142307692308,134.481,0.017241153846153847,0.8885238
1,0.02375,391.9738,5.025305128205129,134.7636,0.017277384615384615,0.892126
1,0.024,391.8102,5.023207692307692,135.0044,0.01730825641025641,0.8954515
1,0.02425,392.3673,5.03035,136.3182,0.017476692307692304,0.8985234
1,0.0245,392.9007,5.037188461538461,136.4678,0.017495871794871797,0.90138
1,0.02475,393.0982,5.039720512820513,137.0173,0.017566320512820515,0.9039362
1,0.025,392.9239,5.037485897435897,137.3487,0.017608807692307694,0.9061692
1,0.02525,393.0318,5.03886923076923,137.652,0.017647692307692305,0.9081619
1,0.0255,392.5537,5.032739743589744,137.7959,0.017666141025641024,0.9099221
1,0.02575,392.7831,5.035680769230769,137.9307,0.017683423076923076,0.9113962
1,0.026,392.2022,5.0282333333333336,137.6008,0.0176411282051282,0.9125495
1,0.02625,391.6886,5.021648717948718,137.8104,0.017668,0.9134745
1,0.0265,391.1639,5.014921794871795,137.4194,0.017617871794871794,0.9142431
1,0.02675,390.6665,5.008544871794872,137.735,0.017658333333333335,0.9147429
1,0.027,389.5923,4.994773076923077,137.8483,0.01767285897435897,0.9149042
1,0.02725,389.2327,4.990162820512821,137.9159,0.01768152564102564,0.9148764
1,0.0275,388.1169,4.9758576923076925,137.672,0.01765025641025641,0.9147287
1,0.02775,386.9342,4.960694871794872,137.7032,0.01765425641025641,0.9143342
1,0.028,385.4497,4.941662820512821,137.1224,0.01757979487179487,0.9136949
1,0.02825,384.5405,4.93000641025641,137.039,0.017569102564102563,0.9129067
1,0.0285,383.2161,4.913026923076923,137.0353,0.017568628205128205,0.9119278
1,0.02875,381.2635,4.88799358974359,136.9606,0.017559051282051284,0.9107018
1,0.029,379.973,4.871448717948717,136.8714,0.017547615384615384,0.9092776
1,0.02925,377.8736,4.844533333333334,136.2829,0.01747216666666667,0.9077007
1,0.0295,376.6879,4.829332051282052,136.1711,0.017457833333333332,0.9059816
1,0.02975,374.9658,4.807253846153846,135.7529,0.01740421794871795,0.9040785
1,0.03,372.7996,4.779482051282051,135.2838,0.017344076923076924,0.9019136
1,0.03025,371.0036,4.75645641025641,134.9013,0.01729503846153846,0.8995531
1,0.0305,369.0511,4.731424358974359,134.6722,0.01726566666666667,0.8970573
1,0.03075,366.5318,4.699125641025641,134.2959,0.017217423076923075,0.8944196
1,0.031,364.3068,4.6706,134.2298,0.01720894871794872,0.891547
1,0.03125,362.3112,4.645015384615385,133.8426,0.017159307692307692,0.8884491
1,0.0315,360.3242,4.619541025641026,133.6961,0.01714052564102564,0.8852313
1,0.03175,357.5598,4.5841,132.9411,0.01704373076923077,0.8818244
1,0.032,355.2315,4.55425,132.7111,0.01701424358974359,0.8781605
1,0.03225,352.6975,4.52176282051282,131.7554,0.01689171794871795,0.8743294
1,0.0325,349.9848,4.486984615384616,131.2132,0.01682220512820513,0.8703727
1,0.03275,347.2214,4.45155641025641,130.6289,0.016747294871794872,0.8662036
1,0.033,344.1647,4.412367948717949,130.1745,0.016689038461538463,0.8617736
1,0.03325,342.1762,4.386874358974359,129.5423,0.01660798717948718,0.8571835
1,0.0335,338.4849,4.33955,128.9213,0.016528371794871797,0.8525206
1,0.03375,335.0965,4.296108974358974,127.9577,0.016404833333333334,0.8476939
1,0.034,331.04,4.2441025641025645,126.999,0.016281923076923076,0.8425819
1,0.03425,328.4868,4.211369230769231,126.0613,0.016161705128205126,0.8373213
1,0.0345,324.5529,4.160934615384615,125.2232,0.01605425641025641,0.8320955
1,0.03475,320.9198,4.114356410256411,124.6691,0.01598321794871795,0.8267114
1,0.035,317.3141,4.068129487179487,123.7004,0.01585902564102564,0.8210974
1,0.03525,313.554,4.019923076923076,123.1394,0.015787102564102564,0.8153969
1,0.0355,309.8763,3.972773076923077,122.0431,0.01564655128205128,0.8096505
1,0.03575,305.247,3.913423076923077,120.9936,0.015512,0.8037298
1,0.036,302.1868,3.8741897435897434,120.1931,0.015409371794871795,0.7975623
1,0.03625,298.1815,3.822839743589744,119.3154,0.015296846153846154,0.7912927
1,0.0365,294.3038,3.7731256410256413,118.1962,0.015153358974358974,0.7850018
1,0.03675,290.3177,3.722021794871795,117.58,0.015074358974358975,0.7785017
1,0.037,286.1432,3.6685025641025635,116.6696,0.014957641025641026,0.7717633
1,0.03725,281.6102,3.6103871794871796,115.7443,0.01483901282051282,0.7649292
1,0.0375,276.6673,3.547016666666667,114.7583,0.014712602564102565,0.7579606
1,0.03775,272.9664,3.499569230769231,113.4229,0.014541397435897436,0.750819
1,0.038,268.9915,3.448608974358974,112.3566,0.014404692307692308,0.7434327
1,0.03825,264.0963,3.38585,111.0699,0.01423973076923077,0.7358868
1,0.0385,259.5951,3.328142307692308,110.351,0.014147564102564103,0.7282956
1,0.03875,255.0215,3.26950641025641,109.2209,0.014002679487179487,0.7205533
1,0.039,250.4433,3.2108115384615386,108.1207,0.013861628205128205,0.7125463
1,0.03925,245.3035,3.144916666666667,107.1669,0.013739346153846154,0.7043916
1,0.0395,240.6888,3.085753846153846,106.0274,0.01359325641025641,0.6961739
1,0.03975,236.0215,3.0259166666666664,104.7187,0.013425474358974359,0.6877865
1,0.04,230.7378,2.958176923076923,103.2347,0.013235217948717948,0.6791793
1,0.04025,226.5188,2.9040871794871794,102.0833,0.013087602564102564,0.670429
1,0.0405,221.114,2.834794871794872,100.6916,0.012909179487179486,0.6616281
1,0.04075,215.614,2.764282051282051,99.62154,0.012771992307692307,0.6526668
1,0.041,210.3425,2.696698717948718,98.17734,0.012586838461538461,0.6434743
1,0.04125,205.4751,2.6342961538461536,96.75706,0.012404751282051282,0.6341874
1,0.0415,200.3231,2.568244871794872,95.45757,0.01223815,0.6248436
1,0.04175,194.9275,2.4990705128205133,94.12278,0.012067023076923077,0.6153285
1,0.042,188.8987,2.4217782051282053,92.85075,0.011903942307692308,0.6056589
1,0.04225,183.7042,2.3551820512820507,91.21555,0.01169430128205128,0.5958834
1,0.0425,178.111,2.2834743589743587,89.90901,0.011526796153846153,0.5860273
1,0.04275,172.2069,2.2077807692307694,88.18518,0.011305792307692308,0.5760862
1,0.043,166.7854,2.138274358974359,87.67692,0.011240630769230769,0.5659492
1,0.04325,161.0833,2.065170512820513,86.1982,0.011051051282051283,0.555707
1,0.0435,155.1154,1.9886589743589744,85.01166,0.01089893076923077,0.5454158
1,0.04375,149.6433,1.9185038461538464,83.54314,0.010710658974358973,0.5349244
1,0.044,144.0141,1.8463346153846154,82.00697,0.010513714102564102,0.5242572
1,0.04425,138.4189,1.7746012820512822,80.82612,0.010362323076923077,0.5135026
1,0.0445,132.9894,1.7049923076923075,78.87306,0.01011193076923077,0.5026553
1,0.04475,127.4565,1.6340576923076924,77.44161,0.009928411538461537,0.4916139
1,0.045,121.3786,1.5561358974358974,75.96721,0.009739385897435896,0.4803057
1,0.04525,115.5134,1.4809410256410256,74.51928,0.009553753846153845,0.4688687
1,0.0455,109.8484,1.4083128205128206,72.86134,0.009341197435897435,0.4573612
1,0.04575,103.9467,1.3326500000000001,71.03417,0.009106944871794873,0.4456673
1,0.046,97.38313,1.2485016666666666,69.54016,0.008915405128205128,0.4337425
1,0.04625,91.96217,1.1790021794871794,67.89065,0.008703929487179487,0.4216818
1,0.0465,85.87568,1.1009702564102566,65.77837,0.008433124358974357,0.4096005
1,0.04675,79.47619,1.0189255128205128,64.31084,0.008244979487179487,0.3973836
1,0.047,73.69511,0.9448091025641026,62.28268,0.007984958974358974,0.3849648
1,0.04725,67.75298,0.8686279487179486,60.57925,0.007766570512820513,0.3724764
1,0.0475,61.98456,0.7946738461538462,58.66149,0.007520703846153847,0.3599486
1,0.04775,55.28978,0.7088433333333334,57.00864,0.0073088,0.3473177
1,0.048,49.24432,0.631337435897436,55.28697,0.007088073076923078,0.3345696
1,0.04825,43.32953,0.5555067948717948,53.25607,0.006827701282051282,0.3217385
1,0.0485,37.34789,0.47881910256410254,51.68441,0.00662620641025641,0.3088192
1,0.04875,30.94991,0.39679371794871793,49.49036,0.00634491794871795,0.2957949
1,0.049,25.17795,0.32279423076923075,47.45083,0.006083439743589744,0.2827048
1,0.04925,19.094,0.24479487179487183,45.66013,0.005853862820512821,0.2695608
1,0.0495,12.86772,0.16497076923076923,43.62374,0.0055927871794871796,0.2563466
1,0.04975,6.269679,0.0803805,41.93246,0.005375956410256411,0.2430496
1,0.05,0.1963604,0.0025174410256410254,40.04471,0.005133937179487179,0.2295293
1,0.05025,-6.006113,-0.07700144871794871,38.38912,0.004921682051282052,0.2158895
1,0.0505,-12.12654,-0.15546846153846156,36.35763,0.004661234615384615,0.2022907
1,0.05075,-18.29052,-0.23449384615384616,34.4932,0.004422205128205128,0.1885662
1,0.051,-24.12123,-0.3092465384615385,32.82448,0.004208266666666667,0.1746946
1,0.05125,-30.01727,-0.3848367948717949,30.91868,0.003963933333333333,0.1607805
1,0.0515,-35.56739,-0.45599217948717957,29.13955,0.0037358397435897435,0.1468993
1,0.05175,-42.40753,-0.5436862820512821,26.8055,0.003436602564102564,0.1330557
1,0.052,-48.27673,-0.6189324358974359,25.07069,0.0032141910256410257,0.1190663
1,0.05225,-53.61615,-0.6873865384615384,23.10959,0.0029627679487179487,0.1050106
1,0.0525,-59.76645,-0.7662365384615384,21.69127,0.0027809320512820514,0.09100471
1,0.05275,-65.26035,-0.8366711538461539,19.77802,0.00253564358974359,0.07693961
1,0.053,-71.48106,-0.9164238461538462,17.50887,0.0022447269230769233,0.0628037
1,0.05325,-77.56045,-0.9943647435897436,15.37502,0.00197115641025641,0.04866857
1,0.0535,-83.59528,-1.071734358974359,13.47648,0.0017277538461538465,0.03450074
1,0.05375,-89.6377,-1.149201282051282,11.80814,0.0015138641025641026,0.02019811
1,0.054,-96.20383,-1.233382435897436,9.94882,0.0012754897435897435,0.005838129
1,0.05425,-101.9945,-1.307621794871795,7.771437,0.0009963380769230769,-0.008488659
1,0.0545,-108.0501,-1.3852576923076925,5.790144,0.0007423261538461538,-0.02288952
1,0.05475,-113.9031,-1.4602961538461539,3.993764,0.0005120210256410256,-0.03738548
1,0.055,-119.8812,-1.5369384615384616,1.984234,0.0002543889743589744,-0.05197997
1,0.05525,-126.0021,-1.6154115384615384,-0.1253015,-1.6064294871794873e-05,-0.06664333
1,0.0555,-131.3704,-1.6842358974358975,-2.121105,-0.00027193653846153845,-0.08125281
1,0.05575,-137.037,-1.7568846153846154,-4.263584,-0.0005466133333333333,-0.09586505
1,0.056,-142.8951,-1.8319884615384616,-6.2788,-0.0008049743589743591,-0.1106152
1,0.05625,-148.7167,-1.906624358974359,-8.273623,-0.0010607208974358975,-0.1254015
1,0.0565,-154.1493,-1.976273076923077,-10.44061,-0.0013385397435897435,-0.1401122
1,0.05675,-159.9861,-2.051103846153846,-12.62741,-0.0016188987179487177,-0.1548453
1,0.057,-164.9203,-2.1143628205128207,-14.61851,-0.0018741679487179488,-0.1696163
1,0.05725,-170.4882,-2.185746153846154,-16.50979,-0.0021166397435897436,-0.1843768
1,0.0575,-176.1917,-2.2588679487179486,-18.68659,-0.0023957166666666663,-0.1990973
1,0.05775,-182.0665,-2.3341858974358973,-20.69651,-0.0026533987179487182,-0.2137504
1,0.058,-186.8093,-2.394991025641026,-22.79683,-0.0029226705128205127,-0.2283587
1,0.05825,-192.1922,-2.464002564102564,-24.7944,-0.0031787692307692307,-0.2430203
1,0.0585,-197.3706,-2.5303923076923076,-27.08708,-0.003472702564102564,-0.2576249
1,0.05875,-202.8569,-2.600729487179487,-28.69404,-0.003678723076923077,-0.272126
1,0.059,-208.3559,-2.671229487179487,-30.70631,-0.00393670641025641,-0.2866147
1,0.05925,-213.2111,-2.733475641025641,-32.65055,-0.0041859679487179485,-0.3009946
1,0.0595,-217.7994,-2.7922999999999996,-34.69204,-0.004447697435897436,-0.3152046
1,0.05975,-222.7589,-2.8558833333333338,-36.74608,-0.004711035897435897,-0.3293791
1,0.06,-228.3652,-2.9277589743589743,-38.56364,-0.00494405641025641,-0.3436358
1,0.06025,-233.0305,-2.9875705128205126,-40.39159,-0.005178408974358974,-0.3578064
1,0.0605,-237.6381,-3.046642307692308,-42.2266,-0.0054136666666666665,-0.3718101
1,0.06075,-242.3844,-3.1074923076923078,-44.39418,-0.005691561538461539,-0.3857634
1,0.061,-247.2011,-3.169244871794872,-46.00447,-0.0058980089743589734,-0.399723
1,0.06125,-252.2954,-3.23455641025641,-47.62868,-0.006106241025641026,-0.41358
1,0.0615,-256.5382,-3.2889512820512823,-49.57115,-0.006355275641025642,-0.4272942
1,0.06175,-261.1169,-3.3476525641025643,-51.18614,-0.0065623256410256405,-0.4410671
1,0.062,-266.3292,-3.4144769230769234,-52.69408,-0.006755651282051282,-0.4548077
1,0.06225,-270.6774,-3.470223076923077,-54.71988,-0.0070153692307692314,-0.4683731
1,0.0625,-275.4602,-3.5315410256410256,-56.44861,-0.007237001282051282,-0.4818778
1,0.06275,-279.7451,-3.586475641025641,-58.5356,-0.007504564102564103,-0.4952815
1,0.063,-283.992,-3.640923076923077,-60.10196,-0.007705379487179487,-0.5085672
1,0.06325,-288.3164,-3.696364102564102,-61.80324,-0.007923492307692308,-0.5217406
1,0.0635,-291.448,-3.73651282051282,-63.31803,-0.008117696153846153,-0.5347233
1,0.06375,-296.2339,-3.797870512820513,-65.21305,-0.008360647435897435,-0.5475268
1,0.064,-299.7585,-3.843057692307693,-66.74235,-0.008556711538461539,-0.5602806
1,0.06425,-303.6985,-3.893570512820513,-68.57932,-0.008792220512820513,-0.5728849
1,0.0645,-307.2399,-3.938973076923077,-70.34276,-0.009018302564102564,-0.5851827
1,0.06475,-310.9945,-3.9871089743589745,-72.2366,-0.009261102564102563,-0.5972472
1,0.065,-314.1464,-4.027517948717949,-73.4149,-0.009412166666666668,-0.6091711
1,0.06525,-318.1122,-4.078361538461539,-75.19912,-0.00964091282051282,-0.6209531
1,0.0655,-321.0569,-4.116114102564103,-76.95197,-0.00986563717948718,-0.6324698
1,0.06575,-324.728,-4.163179487179487,-78.27146,-0.010034802564102566,-0.643782
1,0.066,-327.694,-4.201205128205129,-79.45055,-0.01018596794871795,-0.6549129
1,0.06625,-331.602,-4.251307692307693,-80.72651,-0.010349552564102565,-0.6658018
1,0.0665,-334.6552,-4.290451282051282,-82.57465,-0.01058649358974359,-0.6764795
1,0.06675,-337.4966,-4.326879487179487,-83.79453,-0.010742888461538461,-0.6869614
1,0.067,-340.4479,-4.364716666666667,-84.85087,-0.010878316666666667,-0.6972634
1,0.06725,-343.4032,-4.402605128205129,-86.36841,-0.011072873076923076,-0.7073271
1,0.0675,-346.4396,-4.441533333333333,-88.04164,-0.011287389743589744,-0.7170842
1,0.06775,-349.314,-4.478384615384615,-88.87718,-0.011394510256410256,-0.7267153
1,0.068,-351.6023,-4.507721794871795,-89.86449,-0.011521088461538462,-0.7362366
1,0.06825,-354.1601,-4.540514102564102,-90.89279,-0.011652921794871795,-0.7454555
1,0.0685,-356.6373,-4.572273076923077,-92.2662,-0.011829,-0.7543888
1,0.06875,-359.2863,-4.606234615384616,-93.27038,-0.011957741025641027,-0.7631497
1,0.069,-361.1167,-4.629701282051282,-94.20416,-0.01207745641025641,-0.7717199
1,0.06925,-363.5585,-4.661006410256411,-95.05715,-0.012186814102564102,-0.7800501
1,0.0695,-365.9142,-4.691207692307692,-96.17506,-0.012330135897435897,-0.7881245
1,0.06975,-367.6433,-4.713375641025641,-97.25944,-0.012469158974358975,-0.7959476
1,0.07,-370.1251,-4.7451935897435895,-97.79006,-0.01253718717948718,-0.8036218
1,0.07025,-372.2438,-4.77235641025641,-98.65168,-0.012647651282051283,-0.811068
1,0.0705,-373.311,-4.786038461538461,-99.57507,-0.012766034615384616,-0.8181677
1,0.07075,-375.3871,-4.812655128205128,-100.7332,-0.01291451282051282,-0.8249979
1,0.071,-377.0483,-4.833952564102564,-101.632,-0.01302974358974359,-0.8316054
1,0.07125,-377.9312,-4.8452717948717945,-101.8817,-0.013061756410256408,-0.8379651
1,0.0715,-379.3686,-4.8637,-102.5066,-0.013141871794871796,-0.8439759
1,0.07175,-380.4104,-4.877056410256411,-103.5335,-0.013273525641025642,-0.8496568
1,0.072,-380.7948,-4.881984615384615,-103.9732,-0.013329897435897436,-0.8551648
1,0.07225,-382.2647,-4.900829487179487,-104.0689,-0.013342166666666667,-0.8603847
1,0.0725,-382.6167,-4.905342307692307,-104.6387,-0.01341521794871795,-0.8652289
1,0.07275,-383.4823,-4.916439743589743,-105.273,-0.013496538461538463,-0.8697823
1,0.073,-384.5905,-4.930647435897437,-105.9788,-0.013587025641025643,-0.8741224
1,0.07325,-385.4368,-4.9414974358974355,-105.8607,-0.013571884615384616,-0.8782352
1,0.0735,-385.9514,-4.948094871794871,-106.5221,-0.013656679487179487,-0.8820339
1,0.07375,-386.0593,-4.949478205128205,-106.5247,-0.01365701282051282,-0.8856333
1,0.074,-386.895,-4.960192307692307,-107.0763,-0.013727730769230768,-0.8890251
1,0.07425,-387.0525,-4.962211538461539,-107.3028,-0.013756769230769232,-0.8920597
1,0.0745,-387.4461,-4.967257692307692,-107.262,-0.013751538461538463,-0.8948503
1,0.07475,-387.6983,-4.970491025641026,-107.3392,-0.013761435897435899,-0.8975176
1,0.075,-387.8548,-4.972497435897436,-107.7342,-0.013812076923076923,-0.899939
1,0.07525,-388.2028,-4.976958974358975,-107.9344,-0.01383774358974359,-0.9020529
1,0.0755,-388.3512,-4.978861538461539,-107.8699,-0.013829474358974359,-0.9039362
1,0.07575,-387.6563,-4.969952564102564,-107.9187,-0.01383573076923077,-0.9056066
1,0.076,-387.054,-4.962230769230769,-107.5424,-0.01378748717948718,-0.9070756
1,0.07625,-386.1064,-4.950082051282051,-107.7032,-0.013808102564102564,-0.908256
1,0.0765,-385.6409,-4.944114102564103,-107.8087,-0.013821628205128205,-0.9090892
1,0.07675,-385.0549,-4.9366012820512815,-107.6144,-0.01379671794871795,-0.9097602
1,0.077,-384.6102,-4.9309,-107.5602,-0.013789769230769229,-0.9102964
1,0.07725,-383.5172,-4.916887179487179,-107.3151,-0.013758346153846154,-0.9105434
1,0.0775,-382.5291,-4.904219230769232,-107.1698,-0.013739717948717946,-0.9104863
1,0.07775,-381.5627,-4.8918294871794865,-106.8273,-0.013695807692307691,-0.9101848
1,0.078,-380.2914,-4.87553076923077,-106.4566,-0.01364828205128205,-0.9096576
1,0.07825,-379.1797,-4.8612782051282055,-106.0676,-0.013598410256410258,-0.9089094
1,0.0785,-377.918,-4.8451025641025645,-105.848,-0.013570256410256411,-0.9079345
1,0.07875,-376.4451,-4.826219230769231,-105.5821,-0.013536166666666667,-0.9066569
1,0.079,-374.8522,-4.8057974358974365,-105.2489,-0.013493448717948718,-0.9052136
1,0.07925,-373.0937,-4.783252564102564,-104.6726,-0.013419564102564103,-0.9035734
1,0.0795,-371.7287,-4.765752564102564,-104.2024,-0.01335928205128205,-0.9016145
1,0.07975,-369.8749,-4.741985897435898,-103.5006,-0.013269307692307693,-0.899508
1,0.08,-367.6545,-4.71351923076923,-103.1178,-0.013220230769230769,-0.8972096
1,0.08025,-365.6574,-4.687915384615385,-102.558,-0.013148461538461538,-0.8946387
1,0.0805,-363.6689,-4.662421794871795,-101.5124,-0.013014410256410256,-0.8918753
1,0.08075,-361.3988,-4.6333179487179486,-101.1406,-0.01296674358974359,-0.8889754
1,0.081,-359.2893,-4.6062730769230775,-100.451,-0.012878333333333334,-0.8859689
1,0.08125,-357.3261,-4.581103846153846,-99.7988,-0.012794717948717949,-0.8827171
1,0.0815,-354.8459,-4.549306410256411,-99.11621,-0.012707206410256409,-0.879284
1,0.08175,-352.6624,-4.52131282051282,-98.57618,-0.012637971794871795,-0.8757625
1,0.082,-349.8742,-4.485566666666666,-97.70809,-0.012526678205128204,-0.8720503
1,0.08225,-348.3142,-4.465566666666667,-96.62921,-0.012388360256410257,-0.8681866
1,0.0825,-345.1851,-4.42545,-95.70209,-0.012269498717948718,-0.8641604
1,0.08275,-342.0545,-4.385314102564102,-95.04166,-0.012184828205128204,-0.8599592
1,0.083,-339.0717,-4.347073076923077,-94.2626,-0.01208494871794872,-0.8556211
1,0.08325,-336.0748,-4.308651282051281,-93.53569,-0.011991755128205129,-0.8511128
1,0.0835,-333.1463,-4.271106410256411,-92.87153,-0.01190660641025641,-0.846353
1,0.08375,-330.3915,-4.235788461538462,-92.04796,-0.011801020512820512,-0.8414025
1,0.084,-326.177,-4.18175641025641,-91.22575,-0.011695608974358975,-0.8363703
1,0.08425,-322.9947,-4.140957692307693,-90.24883,-0.01157036282051282,-0.8311682
1,0.0845,-319.6332,-4.0978615384615384,-89.21799,-0.011438203846153846,-0.8256771
1,0.08475,-315.636,-4.046615384615385,-88.28126,-0.011318110256410257,-0.8200034
1,0.085,-312.242,-4.003102564102565,-87.45631,-0.011212347435897437,-0.8142278
1,0.08525,-308.6297,-3.956791025641026,-86.24722,-0.011057335897435898,-0.808256
1,0.0855,-304.9045,-3.9090320512820513,-85.86936,-0.011008892307692308,-0.801967
1,0.08575,-300.5993,-3.85383717948718,-84.6689,-0.010854987179487179,-0.7955583
1,0.086,-297.1314,-3.809376923076923,-83.17312,-0.010663220512820513,-0.7891326
1,0.08625,-293.1448,-3.7582666666666666,-82.076,-0.010522564102564101,-0.7824726
1,0.0865,-289.0898,-3.7062794871794877,-81.12849,-0.010401088461538461,-0.7755807
1,0.08675,-285.3859,-3.6587935897435897,-80.03823,-0.010261311538461538,-0.7685751
1,0.087,-281.0265,-3.602903846153846,-78.67462,-0.010086489743589744,-0.7614606
1,0.08725,-276.6707,-3.5470602564102562,-77.66103,-0.009956542307692308,-0.7541586
1,0.0875,-272.439,-3.4928076923076925,-76.58058,-0.009818023076923076,-0.7466661
1,0.08775,-268.2255,-3.438788461538462,-75.6919,-0.009704089743589744,-0.7390179
1,0.088,-263.4614,-3.3777102564102566,-74.14514,-0.009505787179487179,-0.7313059
1,0.08825,-259.3315,-3.3247628205128206,-72.65133,-0.009314273076923077,-0.7234633
1,0.0885,-254.2296,-3.259353846153846,-71.85716,-0.00921245641025641,-0.7153915
1,0.08875,-249.7811,-3.202321794871795,-70.30962,-0.009014053846153846,-0.7072076
1,0.089,-245.2866,-3.1447,-69.06955,-0.008855070512820513,-0.6989097
1,0.08925,-240.5473,-3.0839397435897435,-67.88242,-0.008702874358974358,-0.6904729
1,0.0895,-235.4495,-3.0185833333333334,-66.60548,-0.008539164102564103,-0.6818726
1,0.08975,-231.3064,-2.965466666666667,-65.38953,-0.008383273076923076,-0.6730658
1,0.09,-226.5692,-2.904733333333333,-64.12043,-0.008220567948717948,-0.6642452
1,0.09025,-220.7669,-2.8303448717948716,-62.69643,-0.008038003846153847,-0.6553348
1,0.0905,-216.1543,-2.7712089743589745,-61.36478,-0.007867279487179487,-0.6461429
1,0.09075,-210.9248,-2.7041641025641026,-59.85352,-0.007673528205128206,-0.6367757
1,0.091,-205.44,-2.6338461538461537,-58.02145,-0.007438647435897436,-0.6272777
1,0.09125,-200.3867,-2.5690602564102565,-56.81549,-0.007284037179487179,-0.6176731
1,0.0915,-195.2986,-2.503828205128205,-55.47149,-0.0071117294871794875,-0.60785
1,0.09175,-189.2815,-2.4266858974358976,-54.15161,-0.0069425141025641025,-0.5977865
1,0.092,-183.78,-2.356153846153846,-52.16228,-0.0066874717948717955,-0.5876466
1,0.09225,-177.8925,-2.280673076923077,-50.75965,-0.006507647435897435,-0.5773573
1,0.0925,-172.1925,-2.2075961538461537,-49.26897,-0.006316534615384615,-0.5668188
1,0.09275,-166.89,-2.1396153846153845,-48.00968,-0.0061550871794871795,-0.5561825
1,0.093,-161.5005,-2.0705192307692304,-46.20703,-0.005923978205128206,-0.545438
1,0.09325,-155.9144,-1.9989025641025642,-44.51771,-0.0057073987179487185,-0.5345172
1,0.0935,-149.951,-1.9224487179487177,-43.10332,-0.005526066666666667,-0.5234217
1,0.09375,-144.8689,-1.8572935897435898,-41.56832,-0.005329271794871795,-0.5122838
1,0.094,-138.7966,-1.7794435897435898,-39.83097,-0.005106534615384615,-0.5010603
1,0.09425,-133.8938,-1.7165871794871796,-37.87105,-0.00485526282051282,-0.4896078
1,0.0945,-127.9851,-1.6408346153846156,-36.83726,-0.004722725641025641,-0.4780539
1,0.09475,-121.9249,-1.5631397435897436,-35.17069,-0.00450906282051282,-0.4664598
1,0.095,-116.4442,-1.492874358974359,-33.32745,-0.00427275,-0.4548128
1,0.09525,-110.6783,-1.4189525641025642,-31.62696,-0.0040547384615384615,-0.4430281
1,0.0955,-104.9778,-1.3458692307692308,-30.30237,-0.0038849192307692307,-0.4310896
1,0.09575,-98.76819,-1.2662588461538462,-28.73953,-0.0036845551282051283,-0.4190315
1,0.096,-93.0246,-1.192623076923077,-27.17532,-0.0034840153846153847,-0.4069605
1,0.09625,-86.50303,-1.1090132051282051,-25.17795,-0.003227942307692308,-0.3947923
1,0.0965,-80.75235,-1.0352865384615386,-23.76355,-0.0030466089743589743,-0.3824109
1,0.09675,-74.87099,-0.9598844871794873,-22.13738,-0.0028381256410256414,-0.3699641
1,0.097,-68.52265,-0.8784955128205127,-20.31413,-0.002604375641025641,-0.3574801
1,0.09725,-62.82869,-0.8054960256410256,-18.48932,-0.0023704256410256408,-0.344865
1,0.0975,-56.60849,-0.7257498717948718,-16.85746,-0.0021612128205128205,-0.3320981
1,0.09775,-50.78791,-0.6511270512820512,-15.27501,-0.001958334615384615,-0.3192143
1,0.098,-44.5515,-0.571173076923077,-13.60041,-0.0017436423076923077,-0.3062383
1,0.09825,-38.55517,-0.49429705128205126,-12.27954,-0.0015743000000000003,-0.2931795
1,0.0985,-32.17796,-0.41253794871794874,-10.00431,-0.0012826038461538462,-0.2799833
1,0.09875,-25.72123,-0.329759358974359,-8.607172,-0.0011034835897435898,-0.2666246
1,0.099,-19.66108,-0.25206512820512816,-6.718826,-0.0008613879487179486,-0.253309
1,0.09925,-13.83695,-0.17739679487179486,-4.805576,-0.0006160994871794872,-0.2399482
1,0.0995,-7.355402,-0.09430002564102564,-2.831735,-0.00036304294871794876,-0.226338
1,0.09975,-0.5821143,-0.007463003846153846,-1.12987,-0.0001448551282051282,-0.2126472
1,0.1,3.53666,0.04534179487179487,0.3088417,3.959508974358974e-05,-0.2013035
2,0.0,3.985824,0.051100307692307695,0.0,0.0,-0.3221759
2,0.00025,10.86962,0.13935410256410255,2.737416,0.00035095076923076924,-0.3042351
2,0.0005,19.14718,0.24547666666666665,5.418946,0.0006947366666666666,-0.2860928
2,0.00075,26.99119,0.34604089743589744,8.307743,0.0010650952564102564,-0.267884
2,0.001,33.3917,0.42809871794871796,11.1183,0.001425423076923077,-0.2496523
2,0.00125,41.47679,0.531753717948718,14.07161,0.001804052564102564,-0.2312749
2,0.0015,48.94347,0.6274803846153846,16.62333,0.002131196153846154,-0.2127686
2,0.00175,56.59855,0.7256224358974359,19.15877,0.0024562525641025645,-0.1941991
2,0.002,63.85756,0.8186866666666666,21.73618,0.0027866897435897438,-0.1756548
2,0.00225,71.08466,0.9113417948717948,24.69753,0.00316635,-0.1571051
2,0.0025,77.46137,0.9930944871794872,27.01139,0.003462998717948718,-0.1384202
2,0.00275,85.51,1.0962820512820513,29.69527,0.0038070858974358973,-0.1195744
2,0.003,92.72545,1.1887878205128204,32.43916,0.004158866666666667,-0.1006031
2,0.00325,100.0224,1.2823384615384616,35.35541,0.0045327448717948715,-0.08148564
2,0.0035,107.6299,1.3798705128205129,37.77045,0.004842365384615384,-0.06232408
2,0.00375,114.6641,1.4700525641025644,40.20824,0.005154902564102564,-0.04311446
2,0.004,121.7473,1.5608628205128205,42.56074,0.005456505128205129,-0.02384251
2,0.00425,129.0256,1.654174358974359,45.26246,0.005802879487179487,-0.004541261
2,0.0045,136.0698,1.7444846153846152,48.23695,0.006184224358974358,0.01484801
2,0.00475,142.6289,1.8285756410256409,50.84181,0.00651818076923077,0.03427559
2,0.005,149.5718,1.9175871794871793,53.32666,0.006836751282051281,0.05374728
2,0.00525,156.689,2.0088333333333335,56.37782,0.007227925641025641,0.07328568
2,0.0055,163.3727,2.094521794871795,58.55815,0.007507455128205128,0.09286222
2,0.00575,170.1475,2.181378205128205,61.26615,0.007854634615384616,0.1124791
2,0.006,176.7683,2.2662602564102565,63.58491,0.008151911538461539,0.1320926
2,0.00625,183.2397,2.349226923076923,66.01564,0.008463543589743591,0.1517045
2,0.0065,189.7162,2.4322589743589744,68.88346,0.00883121282051282,0.1714525
2,0.00675,196.9884,2.525492307692308,71.49479,0.009165998717948718,0.1912484
2,0.007,203.1058,2.6039205128205127,73.77061,0.009457770512820513,0.2109934
2,0.00725,210.0594,2.693069230769231,76.35056,0.009788533333333333,0.2308113
2,0.0075,216.7926,2.7793923076923073,78.96778,0.01012407435897436,0.2506775
2,0.00775,223.2215,2.8618141025641024,81.52283,0.010451644871794872,0.2704549
2,0.008,229.6104,2.9437230769230767,83.81963,0.01074610641025641,0.2901778
2,0.00825,236.3892,3.0306307692307692,86.02133,0.01102837564102564,0.3099299
2,0.0085,242.9452,3.1146820512820512,88.51677,0.011348303846153845,0.329714
2,0.00875,249.2055,3.194942307692308,90.72729,0.011631703846153845,0.3494483
2,0.009,255.0058,3.2693051282051284,93.70864,0.012013928205128204,0.3690025
2,0.00925,261.7436,3.3556871794871794,95.89642,0.01229441282051282,0.3884656
2,0.0095,267.862,3.4341282051282054,98.20204,0.012590005128205128,0.4079236
2,0.00975,273.8224,3.51054358974359,100.4339,0.012876141025641025,0.4272885
2,0.01,279.9707,3.589367948717949,102.7623,0.013174653846153846,0.446493
2,0.01025,286.0156,3.666866666666667,104.8656,0.013444307692307691,0.465572
2,0.0105,291.3378,3.7351000000000005,106.9098,0.013706384615384617,0.4846581
2,0.01075,296.7578,3.804587179487179,108.8884,0.013960051282051284,0.5037242
2,0.011,303.1294,3.8862743589743585,111.385,0.014280128205128206,0.5226138
2,0.01125,308.4136,3.9540205128205126,113.5916,0.014563025641025643,0.5413362
2,0.0115,313.8422,4.023617948717948,115.4393,0.014799910256410255,0.5599934
2,0.01175,319.5493,4.096785897435898,117.5559,0.01507126923076923,0.5785877
2,0.012,324.7459,4.163408974358974,119.8935,0.01537096153846154,0.5970353
2,0.01225,330.2463,4.233926923076924,121.695,0.015601923076923076,0.6153789
2,0.0125,335.1431,4.29670641025641,123.9496,0.01589097435897436,0.6336491
2,0.01275,340.1047,4.360316666666667,125.7562,0.016122589743589745,0.6516303
2,0.013,344.8282,4.420874358974359,127.8201,0.016387192307692307,0.6693731
2,0.01325,350.1367,4.488932051282052,129.7082,0.01662925641025641,0.68707
2,0.0135,354.8987,4.5499833333333335,132.2005,0.01694878205128205,0.7046195
2,0.01375,359.9474,4.614710256410257,133.9251,0.017169884615384615,0.7219399
2,0.014,364.2075,4.669326923076923,135.9282,0.017426692307692306,0.7390542
2,0.01425,369.1731,4.7329884615384605,137.5004,0.017628256410256414,0.7560138
2,0.0145,373.1972,4.784579487179487,139.0015,0.017820705128205126,0.7728195
2,0.01475,378.5042,4.852617948717949,141.2006,0.018102641025641027,0.7893532
2,0.015,383.3265,4.914442307692307,143.0621,0.01834129487179487,0.8055933
2,0.01525,387.2462,4.964694871794872,144.9609,0.01858473076923077,0.8216353
2,0.0155,391.368,5.017538461538462,146.7061,0.01880847435897436,0.8374724
2,0.01575,395.4027,5.069265384615385,148.4358,0.019030230769230768,0.8530654
2,0.016,399.4035,5.120557692307693,150.3902,0.01928079487179487,0.8683976
2,0.01625,404.1736,5.181712820512821,151.9023,0.019474653846153846,0.8834365
2,0.0165,407.5412,5.22488717948718,153.2176,0.019643282051282053,0.8981873
2,0.01675,410.7316,5.265789743589744,155.454,0.019930000000000003,0.9126266
2,0.017,414.7582,5.31741282051282,156.6037,0.020077397435897437,0.9267952
2,0.01725,418.2449,5.362114102564102,157.6104,0.020206461538461538,0.9406736
2,0.0175,421.3932,5.4024769230769225,159.0966,0.020397,0.9542384
2,0.01775,424.7386,5.445366666666667,160.5947,0.0205890641025641,0.9675199
2,0.018,427.9968,5.4871384615384615,162.1897,0.02079355128205128,0.9804516
2,0.01825,430.7724,5.522723076923078,163.0284,0.02090107692307692,0.993055
2,0.0185,434.2606,5.56744358974359,164.0779,0.021035628205128203,1.005408
2,0.01875,435.966,5.589307692307693,165.0583,0.021161320512820513,1.017473
2,0.019,438.9127,5.627085897435897,166.59,0.021357692307692307,1.029214
2,0.01925,441.4735,5.659916666666667,168.1385,0.021556217948717947,1.040704
2,0.0195,444.006,5.692384615384615,169.0744,0.021676205128205128,1.0519
2,0.01975,446.6615,5.726429487179487,170.0035,0.021795320512820515,1.062749
2,0.02,448.5269,5.750344871794872,171.4367,0.021979064102564103,1.073263
2,0.02025,451.0148,5.782241025641026,172.4654,0.022110948717948716,1.083479
2,0.0205,453.1213,5.8092474358974355,173.0992,0.022192205128205127,1.093359
2,0.02075,454.9882,5.833182051282051,173.9398,0.022299974358974357,1.102878
2,0.021,456.6829,5.854908974358975,175.023,0.022438846153846153,1.112024
2,0.02125,458.8522,5.882720512820512,176.26,0.022597435897435895,1.120851
2,0.0215,460.5332,5.9042717948717955,176.9888,0.022690871794871795,1.129351
2,0.02175,461.9048,5.92185641025641,177.6265,0.022772628205128206,1.137442
2,0.022,463.3934,5.940941025641026,178.4432,0.022877333333333333,1.145145
2,0.02225,464.6515,5.957070512820513,178.9799,0.022946141025641024,1.152483
2,0.0225,466.3265,5.978544871794872,180.048,0.023083076923076925,1.159508
2,0.02275,466.7362,5.983797435897436,180.089,0.023088333333333332,1.16619
2,0.023,467.776,5.997128205128205,180.5494,0.023147358974358975,1.172523
2,0.02325,469.0656,6.013661538461539,181.4385,0.023261346153846153,1.178491
2,0.0235,470.0097,6.025765384615385,182.3446,0.02337751282051282,1.184084
2,0.02375,470.3875,6.030608974358975,182.4827,0.023395217948717947,1.18937
2,0.024,470.9056,6.037251282051282,183.1963,0.02348670512820513,1.194297
2,0.02425,471.3063,6.042388461538462,183.3182,0.023502333333333333,1.198839
2,0.0245,471.597,6.046115384615384,183.7726,0.023560589743589745,1.203034
2,0.02475,471.5727,6.045803846153846,184.0292,0.02359348717948718,1.206898
2,0.025,471.2571,6.0417576923076926,184.122,0.02360538461538462,1.210437
2,0.02525,471.4471,6.04419358974359,184.3102,0.02362951282051282,1.213616
2,0.0255,471.2815,6.042070512820513,184.8395,0.023697371794871795,1.216466
2,0.02575,470.4169,6.030985897435897,184.874,0.02370179487179487,1.219004
2,0.026,469.6607,6.021291025641026,184.9462,0.023711051282051282,1.22116
2,0.02625,468.8376,6.010738461538462,184.9297,0.023708935897435897,1.222989
2,0.0265,468.2739,6.003511538461539,184.8628,0.023700358974358973,1.224622
2,0.02675,467.2463,5.99033717948718,184.8189,0.02369473076923077,1.22595
2,0.027,466.8902,5.985771794871795,185.273,0.023752948717948717,1.226848
2,0.02725,465.3778,5.966382051282051,185.0336,0.02372225641025641,1.227473
2,0.0275,464.3507,5.953214102564103,184.9722,0.023714384615384613,1.227894
2,0.02775,462.9087,5.934726923076924,185.4291,0.023772961538461538,1.227942
2,0.028,462.0983,5.924337179487179,185.2826,0.023754179487179488,1.227674
2,0.02825,460.5783,5.904850000000001,184.7405,0.023684679487179488,1.227179
2,0.0285,459.0816,5.885661538461538,184.6185,0.023669038461538464,1.226433
2,0.02875,457.4285,5.864467948717948,183.9153,0.023578884615384616,1.225421
2,0.029,455.6623,5.841824358974359,184.1155,0.023604551282051283,1.224
2,0.02925,454.0213,5.820785897435898,183.3353,0.023504525641025637,1.222257
2,0.0295,452.004,5.7949230769230775,182.7611,0.023430910256410257,1.220367
2,0.02975,450.1517,5.771175641025641,182.8382,0.023440794871794873,1.21817
2,0.03,447.2936,5.734533333333334,182.5515,0.023404038461538462,1.215656
2,0.03025,445.0904,5.706287179487179,182.2015,0.023359166666666667,1.212958
2,0.0305,442.3655,5.671352564102564,181.6599,0.023289730769230767,1.210053
2,0.03075,439.9384,5.640235897435898,180.7689,0.023175499999999998,1.206931
2,0.031,437.3233,5.606708974358975,180.3759,0.023125115384615386,1.20354
2,0.03125,435.1252,5.5785282051282055,179.9198,0.02306664102564103,1.19989
2,0.0315,431.3417,5.530021794871795,178.9715,0.0229450641025641,1.196084
2,0.03175,428.5778,5.49458717948718,178.4285,0.02287544871794872,1.192073
2,0.032,425.24,5.451794871794872,177.9975,0.02282019230769231,1.187824
2,0.03225,422.5718,5.417587179487179,177.712,0.022783589743589742,1.183384
2,0.0325,419.0158,5.371997435897436,176.6068,0.022641897435897434,1.178815
2,0.03275,415.1492,5.322425641025641,175.6019,0.022513064102564102,1.17395
2,0.033,411.8388,5.279984615384616,174.5983,0.022384397435897437,1.168781
2,0.03325,408.3354,5.235069230769231,174.1971,0.022332961538461538,1.163513
2,0.0335,404.3109,5.183473076923077,172.9188,0.022169076923076923,1.158082
2,0.03375,400.5299,5.134998717948718,172.1731,0.02207347435897436,1.152412
2,0.034,396.286,5.080589743589743,171.4312,0.021978358974358975,1.146504
2,0.03425,392.0396,5.026148717948717,170.7143,0.02188644871794872,1.140444
2,0.0345,388.0682,4.975233333333334,169.9168,0.021784205128205128,1.134254
2,0.03475,383.6846,4.919033333333333,169.1362,0.021684128205128207,1.127791
2,0.035,379.8747,4.870188461538461,167.7457,0.021505858974358975,1.121106
2,0.03525,375.4075,4.812916666666667,166.9278,0.021401,1.114246
2,0.0355,371.1186,4.75793076923077,165.8562,0.021263615384615384,1.107223
2,0.03575,366.7597,4.702047435897436,165.0934,0.021165820512820514,1.100016
2,0.036,362.2909,4.644755128205128,164.3912,0.02107579487179487,1.092532
2,0.03625,357.7958,4.587125641025641,163.2263,0.02092644871794872,1.084854
2,0.0365,352.8718,4.523997435897436,162.1215,0.020784807692307693,1.07698
2,0.03675,348.2865,4.4652115384615385,160.6724,0.020599025641025642,1.068865
2,0.037,343.0388,4.3979333333333335,159.7129,0.02047601282051282,1.060541
2,0.03725,338.1521,4.335283333333334,158.296,0.020294358974358974,1.05202
2,0.0375,332.9404,4.268466666666667,156.8931,0.0201145,1.043286
2,0.03775,327.4348,4.197882051282051,155.7711,0.019970653846153846,1.034427
2,0.038,322.1299,4.129870512820513,154.8728,0.01985548717948718,1.025319
2,0.03825,316.5944,4.0589025641025644,153.4884,0.019678,1.015945
2,0.0385,310.7283,3.9836961538461537,152.0864,0.01949825641025641,1.006447
2,0.03875,304.7573,3.9071448717948716,151.3034,0.019397871794871794,0.9967304
2,0.039,299.5034,3.839787179487179,149.8235,0.019208141025641026,0.9868234
2,0.03925,293.5193,3.7630679487179486,148.085,0.01898525641025641,0.9767942
2,0.0395,287.8273,3.690093589743589,146.4217,0.01877201282051282,0.9665656
2,0.03975,282.2625,3.61875,145.1587,0.018610089743589745,0.9561183
2,0.04,276.0823,3.5395166666666666,144.2485,0.018493397435897438,0.9455021
2,0.04025,269.9791,3.461270512820513,142.7556,0.018302,0.9347458
2,0.0405,264.5055,3.3910961538461537,141.012,0.01807846153846154,0.9238178
2,0.04075,257.9227,3.306701282051282,139.3274,0.017862487179487182,0.9126277
2,0.041,251.276,3.2214871794871796,138.3164,0.017732871794871794,0.9012053
2,0.04125,245.4681,3.147026923076923,136.4264,0.017490564102564103,0.8896473
2,0.0415,239.2833,3.067734615384615,134.323,0.017220897435897435,0.877921
2,0.04175,232.7851,2.9844243589743593,132.6509,0.017006525641025644,0.8659473
2,0.042,226.7381,2.9068987179487182,131.5966,0.016871358974358975,0.8537336
2,0.04225,219.942,2.819769230769231,129.8602,0.01664874358974359,0.8413386
2,0.0425,213.619,2.7387051282051282,128.0273,0.01641375641025641,0.8288054
2,0.04275,207.0493,2.654478205128205,126.2155,0.016181474358974362,0.8160995
2,0.043,200.2213,2.5669397435897436,124.6134,0.015976076923076923,0.8031823
2,0.04325,193.8294,2.4849923076923077,122.8617,0.0157515,0.7900797
2,0.0435,187.244,2.4005641025641027,121.074,0.015522307692307691,0.7768111
2,0.04375,180.3198,2.3117923076923077,118.8754,0.015240435897435897,0.7634047
2,0.044,173.6747,2.226598717948718,117.5193,0.015066576923076922,0.7497958
2,0.04425,166.4359,2.1337935897435902,115.2899,0.01478075641025641,0.7359545
2,0.0445,160.0617,2.052073076923077,113.5549,0.014558320512820513,0.7219892
2,0.04475,152.71,1.9578205128205128,111.8107,0.014334705128205127,0.7078631
2,0.045,145.7033,1.8679910256410257,109.5402,0.014043615384615385,0.6934919
2,0.04525,138.7481,1.7788217948717948,107.5991,0.01379475641025641,0.6789524
2,0.0455,131.2977,1.683303846153846,105.5558,0.013532794871794871,0.664296
2,0.04575,124.0377,1.5902269230769233,103.3853,0.013254525641025642,0.6494712
2,0.046,116.5426,1.4941358974358974,101.4207,0.013002653846153844,0.6344499
2,0.04625,108.9078,1.396253846153846,99.85489,0.012801908974358974,0.6192321
2,0.0465,102.3771,1.3125269230769232,97.74182,0.012531002564102566,0.6039423
2,0.04675,94.76002,1.2148720512820512,95.89387,0.0122940858974359,0.5885694
2,0.047,87.00769,1.115483205128205,94.08102,0.01206166923076923,0.5729018
2,0.04725,80.31949,1.0297370512820512,92.08188,0.011805369230769231,0.5570905
2,0.0475,73.04934,0.93653,89.86469,0.011521114102564102,0.5412326
2,0.04775,65.64952,0.8416605128205127,87.53965,0.01122303205128205,0.5251599
2,0.048,58.58551,0.7510962820512821,85.58326,0.01097221282051282,0.5089091
2,0.04825,51.37259,0.6586229487179487,83.21626,0.010668751282051282,0.4925708
2,0.0485,44.31162,0.5680976923076922,81.07751,0.010394552564102565,0.4761257
2,0.04875,36.41949,0.46691653846153847,79.12426,0.010144135897435898,0.4594371
2,0.049,29.67862,0.3804951282051282,77.16944,0.009893517948717947,0.4424941
2,0.04925,22.99701,0.2948334615384615,74.70811,0.009577962820512822,0.4254415
2,0.0495,15.34901,0.1967821794871795,72.04227,0.009236188461538461,0.4082895
2,0.04975,7.720772,0.0989842564102564,69.99725,0.00897400641025641,0.39095
2,0.05,0.2520743,0.0032317217948717946,67.58123,0.008664260256410256,0.3733894
2,0.05025,-7.640555,-0.09795583333333333,65.18599,0.008357178205128206,0.3557154
2,0.0505,-14.27203,-0.1829747435897436,62.63976,0.008030738461538461,0.3380837
2,0.05075,-22.29229,-0.2857985897435898,60.37433,0.0077402987179487175,0.320349
2,0.051,-29.01949,-0.37204474358974365,57.66652,0.0073931435897435895,0.3023208
2,0.05125,-36.26736,-0.4649661538461538,55.24854,0.007083146153846154,0.2841186
2,0.0515,-44.03336,-0.5645302564102564,52.33582,0.006709720512820512,0.265859
2,0.05175,-51.09636,-0.6550815384615385,49.89626,0.006396956410256409,0.2474258
2,0.052,-58.80666,-0.7539315384615385,47.21826,0.006053623076923077,0.2288654
2,0.05225,-65.64325,-0.8415801282051282,44.68733,0.005729144871794872,0.210304
2,0.0525,-73.30087,-0.9397547435897436,41.63166,0.005337392307692307,0.1916804
2,0.05275,-80.18306,-1.0279879487179486,39.33133,0.005042478205128206,0.172891
2,0.053,-87.51601,-1.122000128205128,36.43057,0.004670585897435898,0.1538886
2,0.05325,-94.88189,-1.2164344871794872,33.85768,0.0043407282051282055,0.1348084
2,0.0535,-102.2452,-1.3108358974358973,31.16536,0.003995558974358974,0.1157337
2,0.05375,-109.4708,-1.4034717948717947,28.58305,0.0036644935897435895,0.09652537
2,0.054,-116.6513,-1.4955294871794873,25.98094,0.003330889743589744,0.07716473
2,0.05425,-123.8724,-1.5881076923076924,23.50589,0.003013575641025641,0.05773284
2,0.0545,-130.7069,-1.675729487179487,20.45924,0.0026229794871794874,0.03831694
2,0.05475,-138.1701,-1.7714115384615383,17.5979,0.0022561410256410255,0.01886996
2,0.055,-144.6531,-1.854526923076923,15.43189,0.0019784474358974357,-0.0007444202
2,0.05525,-151.7288,-1.9452410256410257,12.698,0.001627948717948718,-0.02046763
2,0.0555,-158.6074,-2.0334282051282053,10.21197,0.0013092269230769232,-0.0401649
2,0.05575,-164.8692,-2.1137076923076923,7.227876,0.0009266507692307693,-0.05991048
2,0.056,-171.5847,-2.1998038461538463,4.721258,0.0006052894871794871,-0.07970819
2,0.05625,-178.6396,-2.290251282051282,2.305626,0.00029559307692307693,-0.09945445
2,0.0565,-184.9272,-2.3708615384615386,-0.8184795,-0.00010493326923076924,-0.119196
2,0.05675,-191.5323,-2.4555423076923075,-3.286664,-0.00042136717948717953,-0.1390189
2,0.057,-198.5335,-2.545301282051282,-6.13938,-0.0007871,-0.158956
2,0.05725,-204.7096,-2.624482051282051,-8.860521,-0.0011359642307692307,-0.1788661
2,0.0575,-211.4004,-2.7102615384615385,-11.02869,-0.0014139346153846154,-0.1986758
2,0.05775,-218.1336,-2.7965846153846154,-13.86003,-0.0017769269230769231,-0.2185149
2,0.058,-224.799,-2.8820384615384613,-16.81962,-0.0021563615384615387,-0.2384821
2,0.05825,-231.5019,-2.967973076923077,-19.76136,-0.0025335076923076925,-0.2585151
2,0.0585,-237.9956,-3.051225641025641,-22.55348,-0.002891471794871795,-0.2785113
2,0.05875,-244.3237,-3.132355128205128,-25.4915,-0.0032681410256410253,-0.2985109
2,0.059,-250.1641,-3.207232051282051,-28.18499,-0.003613460256410256,-0.3186109
2,0.05925,-256.3078,-3.285997435897436,-30.82867,-0.00395239358974359,-0.3386981
2,0.0595,-262.8314,-3.3696333333333333,-33.35392,-0.00427614358974359,-0.3586289
2,0.05975,-268.8545,-3.446852564102564,-36.08486,-0.004626264102564103,-0.3785878
2,0.06,-274.8706,-3.5239820512820517,-38.89542,-0.004986592307692308,-0.3985904
2,0.06025,-280.5124,-3.5963128205128205,-41.47459,-0.005317255128205129,-0.4184234
2,0.0605,-286.4024,-3.6718256410256407,-44.05023,-0.005647465384615385,-0.4381665
2,0.06075,-291.5605,-3.7379551282051278,-46.47136,-0.005957866666666666,-0.4579155
2,0.061,-297.7943,-3.8178756410256414,-48.96405,-0.0062774423076923085,-0.4775562
2,0.06125,-303.7046,-3.8936487179487185,-51.34635,-0.006582865384615385,-0.4969974
2,0.0615,-309.1347,-3.9632653846153847,-53.47863,-0.006856234615384616,-0.5162639
2,0.06175,-314.55,-4.032692307692308,-56.1284,-0.007195948717948718,-0.535441
2,0.062,-319.6053,-4.097503846153846,-58.57383,-0.0075094653846153854,-0.5545809
2,0.06225,-325.7389,-4.176139743589744,-61.05869,-0.007828037179487178,-0.5736276
2,0.0625,-330.2603,-4.23410641025641,-63.23607,-0.008107188461538462,-0.5925461
2,0.06275,-335.5187,-4.301521794871795,-65.72308,-0.008426035897435897,-0.6112773
2,0.063,-340.5492,-4.366015384615384,-67.6526,-0.008673410256410257,-0.6298657
2,0.06325,-344.7733,-4.420170512820513,-69.2727,-0.008881115384615385,-0.6483582
2,0.0635,-350.2201,-4.490001282051282,-72.0407,-0.00923598717948718,-0.6666731
2,0.06375,-354.4832,-4.544656410256411,-74.2877,-0.009524064102564104,-0.6847736
2,0.064,-359.1915,-4.605019230769232,-75.97035,-0.009739788461538461,-0.7027253
2,0.06425,-363.8097,-4.6642269230769235,-77.85555,-0.009981480769230769,-0.7204835
2,0.0645,-368.1215,-4.71950641025641,-80.25766,-0.01028944358974359,-0.7379647
2,0.06475,-372.7179,-4.778434615384615,-82.48543,-0.010575055128205127,-0.7552741
2,0.065,-377.5543,-4.8404397435897435,-83.89297,-0.010755508974358976,-0.772476
2,0.06525,-381.8402,-4.895387179487179,-85.56365,-0.010969698717948718,-0.7893869
2,0.0655,-385.878,-4.947153846153846,-87.65868,-0.011238292307692308,-0.8059815
2,0.06575,-390.1391,-5.001783333333333,-89.79782,-0.011512541025641025,-0.822427
2,0.066,-394.5541,-5.0583858974358975,-91.30223,-0.011705414102564102,-0.8388345
2,0.06625,-398.3513,-5.1070679487179484,-93.06449,-0.011931344871794872,-0.8550477
2,0.0665,-402.701,-5.162833333333334,-94.74086,-0.012146264102564103,-0.8708257
2,0.06675,-406.3776,-5.2099692307692305,-96.77784,-0.012407415384615384,-0.8863273
2,0.067,-409.9099,-5.255255128205128,-98.1689,-0.012585756410256409,-0.9016972
2,0.06725,-412.9919,-5.294767948717949,-99.73586,-0.012786648717948717,-0.9167146
2,0.0675,-416.6579,-5.341767948717949,-101.3028,-0.012987538461538462,-0.9313977
2,0.06775,-419.7672,-5.381630769230769,-102.7419,-0.013172038461538462,-0.9458565
2,0.068,-422.7438,-5.419792307692308,-104.1926,-0.013358025641025641,-0.959998
2,0.06825,-425.4485,-5.454467948717949,-105.186,-0.013485384615384618,-0.9737868
2,0.0685,-428.3041,-5.491078205128205,-106.6994,-0.013679410256410255,-0.9871289
2,0.06875,-431.1252,-5.5272461538461535,-108.0577,-0.013853551282051282,-1.000165
2,0.069,-434.3333,-5.568375641025641,-109.1501,-0.013993602564102564,-1.012962
2,0.06925,-436.295,-5.593525641025642,-109.9068,-0.014090615384615385,-1.025336
2,0.0695,-438.636,-5.623538461538462,-111.4169,-0.014284217948717946,-1.037229
2,0.06975,-441.4272,-5.659323076923077,-112.1036,-0.01437225641025641,-1.048829
2,0.07,-444.0291,-5.692680769230769,-113.4576,-0.014545846153846152,-1.060209
2,0.07025,-445.8661,-5.716232051282051,-113.7667,-0.01458547435897436,-1.071234
2,0.0705,-448.0243,-5.743901282051282,-115.2081,-0.014770269230769231,-1.081783
2,0.07075,-450.2072,-5.771887179487179,-116.167,-0.014893205128205128,-1.091983
2,0.071,-451.714,-5.791205128205128,-116.9775,-0.014997115384615385,-1.101981
2,0.07125,-453.4584,-5.813569230769231,-117.5295,-0.015067884615384617,-1.111645
2,0.0715,-455.5563,-5.840465384615385,-118.6199,-0.015207679487179486,-1.120884
2,0.07175,-457.056,-5.859692307692308,-119.5878,-0.01533176923076923,-1.129829
2,0.072,-458.2822,-5.87541282051282,-119.9423,-0.01537721794871795,-1.13841
2,0.07225,-459.475,-5.890705128205129,-120.4253,-0.015439141025641026,-1.146511
2,0.0725,-460.5751,-5.904808974358974,-120.9297,-0.015503807692307693,-1.154211
2,0.07275,-461.6195,-5.918198717948718,-121.6456,-0.015595589743589742,-1.161603
2,0.073,-463.2063,-5.938542307692308,-122.5313,-0.015709141025641027,-1.168725
2,0.07325,-464.0202,-5.9489769230769225,-122.9392,-0.015761435897435897,-1.175413
2,0.0735,-464.9425,-5.960801282051282,-123.0329,-0.01577344871794872,-1.181587
2,0.07375,-465.1259,-5.963152564102564,-124.2679,-0.015931782051282053,-1.187452
2,0.074,-466.2503,-5.977567948717948,-124.6605,-0.015982115384615386,-1.193106
2,0.07425,-466.4585,-5.98023717948718,-124.6367,-0.015979064102564104,-1.19835
2,0.0745,-466.5334,-5.981197435897435,-125.0617,-0.016033551282051285,-1.203034
2,0.07475,-466.3496,-5.978841025641026,-125.1954,-0.01605069230769231,-1.207355
2,0.075,-465.953,-5.97375641025641,-125.7376,-0.016120205128205126,-1.21147
2,0.07525,-466.0168,-5.974574358974359,-125.6195,-0.016105064102564102,-1.215204
2,0.0755,-466.1156,-5.975841025641025,-125.634,-0.016106923076923078,-1.218454
2,0.07575,-465.326,-5.965717948717949,-125.6162,-0.016104641025641027,-1.221368
2,0.076,-464.43,-5.95423076923077,-125.6046,-0.016103153846153847,-1.223884
2,0.07625,-463.5684,-5.943184615384616,-125.2697,-0.01606021794871795,-1.225911
2,0.0765,-463.0017,-5.9359192307692314,-125.1946,-0.016050589743589742,-1.227632
2,0.07675,-462.3589,-5.927678205128205,-124.6189,-0.01597678205128205,-1.229057
2,0.077,-461.5035,-5.916711538461538,-124.9217,-0.016015602564102567,-1.230132
2,0.07725,-460.0954,-5.898658974358974,-124.7167,-0.015989320512820513,-1.230833
2,0.0775,-459.3438,-5.889023076923077,-124.031,-0.01590141025641026,-1.231101
2,0.07775,-458.1566,-5.873802564102564,-123.7,-0.01585897435897436,-1.231066
2,0.078,-457.2419,-5.8620756410256405,-123.7506,-0.015865461538461537,-1.230856
2,0.07825,-455.5411,-5.840270512820513,-123.5869,-0.015844474358974358,-1.230342
2,0.0785,-453.777,-5.817653846153846,-123.2819,-0.015805371794871792,-1.229436
2,0.07875,-452.4849,-5.801088461538461,-122.5784,-0.015715179487179487,-1.228268
2,0.079,-450.697,-5.778166666666667,-122.2856,-0.015677641025641027,-1.226954
2,0.07925,-448.898,-5.755102564102565,-122.2878,-0.01567792307692308,-1.225322
2,0.0795,-446.3321,-5.722206410256411,-121.8042,-0.015615923076923078,-1.223252
2,0.07975,-444.412,-5.697589743589743,-121.1944,-0.01553774358974359,-1.220986
2,0.08,-442.6327,-5.674778205128205,-120.6975,-0.015474038461538463,-1.218495
2,0.08025,-440.0207,-5.641291025641025,-120.1225,-0.015400320512820514,-1.215664
2,0.0805,-437.7056,-5.611610256410256,-119.7757,-0.015355858974358975,-1.212612
2,0.08075,-434.5592,-5.5712717948717945,-119.0433,-0.015261961538461538,-1.209319
2,0.081,-432.8812,-5.549758974358975,-118.3171,-0.015168858974358974,-1.20575
2,0.08125,-429.3556,-5.504558974358974,-118.162,-0.015148974358974358,-1.201853
2,0.0815,-426.2938,-5.465305128205128,-117.6316,-0.015080974358974358,-1.19765
2,0.08175,-423.3253,-5.427247435897436,-116.5065,-0.014936730769230768,-1.193282
2,0.082,-420.49,-5.390897435897435,-116.0586,-0.014879307692307692,-1.188778
2,0.08225,-417.1031,-5.347475641025641,-115.3146,-0.014783923076923076,-1.184019
2,0.0825,-414.0373,-5.308170512820513,-114.6565,-0.01469955128205128,-1.178933
2,0.08275,-409.5893,-5.251144871794872,-113.6961,-0.014576423076923075,-1.173634
2,0.083,-406.6755,-5.213788461538462,-112.8431,-0.014467064102564103,-1.168183
2,0.08325,-403.4547,-5.172496153846154,-111.8654,-0.014341717948717947,-1.162506
2,0.0835,-399.2103,-5.11808076923077,-111.0563,-0.01423798717948718,-1.156584
2,0.08375,-395.1007,-5.06539358974359,-110.2171,-0.014130397435897436,-1.150424
2,0.084,-391.3506,-5.017315384615385,-109.0395,-0.013979423076923077,-1.144071
2,0.08425,-387.5469,-4.9685500000000005,-107.8152,-0.013822461538461539,-1.137536
2,0.0845,-382.7519,-4.90707564102564,-106.7949,-0.013691653846153846,-1.130758
2,0.08475,-378.6681,-4.854719230769231,-105.9729,-0.013586269230769232,-1.123802
2,0.085,-375.2037,-4.810303846153846,-104.6711,-0.013419371794871796,-1.116709
2,0.08525,-370.5227,-4.750291025641025,-103.4267,-0.013259833333333334,-1.109338
2,0.0855,-366.1203,-4.693849999999999,-102.4643,-0.013136448717948718,-1.101734
2,0.08575,-361.765,-4.63801282051282,-101.3587,-0.012994705128205128,-1.093974
2,0.086,-357.2218,-4.579766666666666,-100.382,-0.012869487179487181,-1.086112
2,0.08625,-352.7176,-4.522020512820513,-99.06621,-0.012700796153846153,-1.078115
2,0.0865,-347.7104,-4.457825641025641,-98.19106,-0.012588597435897434,-1.06975
2,0.08675,-343.1956,-4.3999435897435895,-96.84177,-0.012415611538461538,-1.061183
2,0.087,-337.4657,-4.326483333333334,-95.75719,-0.01227656282051282,-1.052571
2,0.08725,-332.7345,-4.265826923076924,-94.16906,-0.01207295641025641,-1.043688
2,0.0875,-327.2103,-4.195003846153846,-93.16547,-0.011944291025641025,-1.03454
2,0.08775,-322.1337,-4.1299192307692305,-91.70951,-0.011757629487179486,-1.025215
2,0.088,-316.9817,-4.063867948717949,-90.42041,-0.011592360256410257,-1.01566
2,0.08825,-311.3485,-3.991647435897436,-88.81071,-0.011385988461538462,-1.005837
2,0.0885,-305.6404,-3.9184666666666668,-87.87399,-0.011265896153846154,-0.9957496
2,0.08875,-299.9373,-3.84535,-86.36841,-0.011072873076923076,-0.9854836
2,0.089,-294.4616,-3.7751487179487175,-84.82479,-0.010874973076923075,-0.9750333
2,0.08925,-288.715,-3.7014743589743584,-83.36313,-0.010687580769230768,-0.9643179
2,0.0895,-282.4249,-3.620832051282051,-81.80128,-0.01048734358974359,-0.953332
2,0.08975,-276.8383,-3.5492089743589745,-80.37688,-0.010304728205128205,-0.9421767
2,0.09,-271.118,-3.4758717948717948,-78.61991,-0.010079475641025641,-0.9309595
2,0.09025,-264.8214,-3.3951461538461536,-77.28925,-0.009908878205128206,-0.9195476
2,0.0905,-258.7921,-3.317847435897436,-75.71857,-0.009707508974358974,-0.9077878
2,0.09075,-252.8723,-3.2419525641025637,-74.11377,-0.009501765384615384,-0.8958548
2,0.091,-247.191,-3.1691153846153846,-71.72068,-0.009194958974358975,-0.8838859
2,0.09125,-240.4916,-3.083225641025641,-70.0247,-0.00897752564102564,-0.8717528
2,0.0915,-233.9726,-2.999648717948718,-68.86581,-0.008828949999999999,-0.8593278
2,0.09175,-226.8184,-2.907928205128205,-66.94785,-0.008583057692307692,-0.8467346
2,0.092,-221.5276,-2.840097435897436,-65.10284,-0.00834651794871795,-0.8340411
2,0.09225,-214.6748,-2.752241025641026,-63.14763,-0.00809585,-0.821052
2,0.0925,-208.0748,-2.667625641025641,-61.9405,-0.007941089743589744,-0.8077705
2,0.09275,-201.772,-2.5868205128205126,-59.84254,-0.007672120512820513,-0.7943947
2,0.093,-194.9329,-2.4991397435897436,-57.95576,-0.007430225641025641,-0.7809572
2,0.09325,-188.6929,-2.419139743589744,-56.06153,-0.007187375641025641,-0.7672955
2,0.0935,-182.1445,-2.3351858974358977,-54.27809,-0.006958729487179486,-0.7533482
2,0.09375,-175.0856,-2.2446871794871797,-52.14738,-0.006685561538461539,-0.739266
2,0.094,-168.4232,-2.159271794871795,-50.40786,-0.006462546153846154,-0.725094
2,0.09425,-161.5263,-2.07085,-48.46442,-0.006213387179487179,-0.710724
2,0.0945,-154.5869,-1.9818833333333334,-46.76902,-0.005996028205128205,-0.6961075
2,0.09475,-147.0179,-1.8848448717948718,-44.98323,-0.005767080769230769,-0.6812892
2,0.095,-140.0866,-1.7959820512820512,-42.59446,-0.005460828205128204,-0.6663638
2,0.09525,-133.7909,-1.7152679487179487,-40.41355,-0.005181224358974359,-0.6513059
2,0.0955,-125.9439,-1.6146653846153847,-38.30029,-0.0049102935897435895,-0.6359885
2,0.09575,-119.1017,-1.5269448717948717,-36.45842,-0.00467415641025641,-0.620513
2,0.096,-111.4674,-1.4290692307692308,-34.07573,-0.004368683333333334,-0.6048591
2,0.09625,-104.2256,-1.336225641025641,-31.82834,-0.00408055641025641,-0.5889251
2,0.0965,-96.91798,-1.2425382051282052,-29.5588,-0.0037895897435897435,-0.5728424
2,0.09675,-90.03225,-1.1542596153846154,-27.24238,-0.0034926128205128204,-0.5566631
2,0.097,-82.86543,-1.0623773076923078,-25.21227,-0.003232342307692308,-0.5403433
2,0.09725,-74.9966,-0.9614948717948718,-22.73643,-0.0029149269230769226,-0.5238502
2,0.0975,-67.83129,-0.869631923076923,-20.12059,-0.0025795628205128205,-0.5071529
2,0.09775,-61.16639,-0.7841844871794872,-18.10734,-0.002321453846153846,-0.4903047
2,0.098,-53.4951,-0.6858346153846154,-15.66719,-0.0020086141025641023,-0.4734151
2,0.09825,-46.33738,-0.5940689743589744,-13.09822,-0.0016792589743589742,-0.4564531
2,0.0985,-39.19487,-0.5024983333333334,-10.84024,-0.001389774358974359,-0.4393144
2,0.09875,-31.89483,-0.4089080769230769,-8.521677,-0.0010925226923076924,-0.4220396
2,0.099,-24.54617,-0.31469448717948717,-6.185265,-0.0007929826923076923,-0.404792
2,0.09925,-17.392,-0.22297435897435897,-3.860031,-0.0004948757692307692,-0.3874224
2,0.0995,-9.605229,-0.12314396153846154,-1.761672,-0.0002258553846153846,-0.36978
2,0.09975,-2.723553,-0.03491734615384615,1.058494,0.00013570435897435897,-0.3520883
2,0.1,3.338623,0.042802858974358975,2.789576,0.0003576379487179487,-0.3371951
3,0.0,4.330356,0.055517384615384614,0.0,0.0,-0.5033276
3,0.00025,12.74566,0.16340589743589745,2.202678,0.0002823946153846154,-0.4805045
3,0.0005,22.38872,0.28703487179487175,5.129321,0.0006576052564102563,-0.4574597
3,0.00075,31.20316,0.40004051282051284,8.139498,0.0010435253846153845,-0.4341645
3,0.001,39.28825,0.5036955128205128,11.23105,0.0014398782051282051,-0.4108054
3,0.00125,48.19133,0.6178375641025641,14.14907,0.0018139833333333333,-0.3873595
3,0.0015,56.67402,0.7265900000000001,16.73667,0.002145726923076923,-0.3636008
3,0.00175,65.33449,0.8376216666666667,20.16413,0.0025851448717948717,-0.3396777
3,0.002,73.66726,0.9444520512820512,23.4,0.0029999999999999996,-0.3157388
3,0.00225,82.40572,1.0564835897435898,26.44136,0.003389917948717949,-0.291669
3,0.0025,91.10418,1.1680023076923078,29.41741,0.0037714628205128206,-0.2673858
3,0.00275,99.78845,1.2793391025641025,32.46387,0.004162034615384615,-0.2429782
3,0.003,108.336,1.388923076923077,35.62896,0.004567815384615385,-0.2184299
3,0.00325,116.5847,1.494675641025641,38.73835,0.004966455128205128,-0.1936878
3,0.0035,125.1195,1.6040961538461538,41.83991,0.005364091025641026,-0.1688087
3,0.00375,132.922,1.7041282051282052,45.4762,0.0058302820512820515,-0.143872
3,0.004,141.4052,1.8128871794871795,48.9815,0.006279679487179487,-0.1187382
3,0.00425,149.7491,1.9198602564102565,51.84658,0.006646997435897437,-0.09337196
3,0.0045,157.5116,2.0193794871794872,54.67321,0.007009385897435897,-0.06795787
3,0.00475,165.6336,2.123507692307692,57.85497,0.007417303846153846,-0.0424349
3,0.005,173.6352,2.2260923076923076,61.15634,0.00784055641025641,-0.01673334
3,0.00525,181.8246,2.3310846153846154,64.50987,0.008270496153846155,0.009080525
3,0.0055,189.6777,2.4317653846153844,68.02713,0.008721426923076923,0.03497275
3,0.00575,197.897,2.5371410256410254,71.23399,0.009132562820512821,0.06095617
3,0.006,205.6798,2.6369205128205127,74.44653,0.009544426923076922,0.08701907
3,0.00625,213.8221,2.7413089743589745,78.09204,0.0100118,0.1131368
3,0.0065,221.5339,2.840178205128205,81.47067,0.010444957692307693,0.1393438
3,0.00675,229.2736,2.939405128205128,84.67262,0.010855464102564102,0.1655753
3,0.007,237.2427,3.0415730769230773,87.89222,0.011268233333333332,0.1917373
3,0.00725,244.8704,3.139364102564102,91.67539,0.011753255128205128,0.2179982
3,0.0075,253.0548,3.2442923076923074,95.09794,0.012192043589743589,0.2444492
3,0.00775,260.6856,3.342123076923077,98.62893,0.012644734615384614,0.2708499
3,0.008,268.06,3.4366666666666665,102.1278,0.013093307692307692,0.2971661
3,0.00825,276.1705,3.5406474358974362,105.255,0.013494230769230767,0.3236004
3,0.0085,283.3576,3.6327897435897434,108.5507,0.013916756410256411,0.3501292
3,0.00875,290.4059,3.7231525641025636,112.037,0.01436371794871795,0.3766677
3,0.009,297.3276,3.811892307692308,115.1552,0.014763487179487179,0.4031032
3,0.00925,304.9776,3.9099692307692306,118.4881,0.015190782051282051,0.4294834
3,0.0095,312.0735,4.000942307692308,121.8758,0.015625102564102565,0.4559461
3,0.00975,319.2469,4.092908974358974,125.6376,0.016107384615384614,0.4823389
3,0.01,326.2071,4.182142307692309,129.186,0.016562307692307692,0.508627
3,0.01025,332.7428,4.265933333333334,132.1097,0.016937141025641027,0.5348656
3,0.0105,339.4645,4.352108974358974,135.5289,0.0173755,0.5610163
3,0.01075,346.2048,4.438523076923077,138.4275,0.017747115384615385,0.5870247
3,0.011,353.1422,4.527464102564102,141.2954,0.018114794871794872,0.6129172
3,0.01125,358.9557,4.601996153846154,144.0991,0.01847424358974359,0.6387693
3,0.0115,365.885,4.690833333333333,147.1175,0.018861217948717948,0.6645066
3,0.01175,372.3372,4.773553846153846,150.751,0.019327051282051283,0.6900157
3,0.012,378.5189,4.85280641025641,153.879,0.01972807692307692,0.715382
3,0.01225,384.4119,4.928357692307692,156.6202,0.02007951282051282,0.7407104
3,0.0125,390.6594,5.008453846153846,159.135,0.020401923076923078,0.7659206
3,0.01275,396.4562,5.082771794871795,162.0574,0.020776589743589743,0.7909252
3,0.013,402.3133,5.157862820512821,165.2734,0.021188897435897438,0.8157152
3,0.01325,408.0893,5.231914102564102,167.8381,0.021517705128205125,0.8403572
3,0.0135,413.9397,5.306919230769231,170.4255,0.02184942307692308,0.8648381
3,0.01375,419.5304,5.3785948717948715,173.5149,0.0222455,0.8890694
3,0.014,425.3813,5.453606410256411,176.5323,0.022632346153846152,0.9129579
3,0.01425,430.7197,5.522047435897436,178.7756,0.022919948717948717,0.9366266
3,0.0145,436.1382,5.591515384615384,181.192,0.02322974358974359,0.9600994
3,0.01475,441.5855,5.661352564102565,183.7067,0.023552141025641026,0.9832123
3,0.015,446.975,5.730448717948719,186.751,0.023942435897435898,1.005998
3,0.01525,451.6889,5.790883333333333,189.1386,0.02424853846153846,1.028471
3,0.0155,457.3353,5.863273076923077,191.1199,0.024502551282051283,1.050684
3,0.01575,461.527,5.91701282051282,193.4727,0.024804192307692305,1.072595
3,0.016,466.3807,5.979239743589743,196.0443,0.025133884615384613,1.094144
3,0.01625,470.5491,6.032680769230769,198.3424,0.025428512820512818,1.11547
3,0.0165,475.0923,6.090926923076923,200.7612,0.025738615384615384,1.136466
3,0.01675,479.0085,6.141134615384616,202.5278,0.025965102564102567,1.157072
3,0.017,483.3354,6.196607692307692,204.8158,0.026258435897435897,1.177346
3,0.01725,487.0941,6.2447961538461545,206.8543,0.02651978205128205,1.197216
3,0.0175,490.4136,6.287353846153845,208.9513,0.026788628205128208,1.2167
3,0.01775,494.7,6.342307692307692,210.6998,0.027012794871794872,1.235777
3,0.018,498.1502,6.386541025641025,213.058,0.027315128205128204,1.254397
3,0.01825,501.917,6.434833333333333,214.9487,0.02755752564102564,1.272654
3,0.0185,505.2892,6.478066666666667,217.1751,0.027842961538461535,1.290453
3,0.01875,508.8468,6.5236769230769225,218.3548,0.027994205128205128,1.307736
3,0.019,512.0032,6.56414358974359,220.0074,0.028206076923076924,1.324536
3,0.01925,514.5443,6.5967217948717956,221.6389,0.02841524358974359,1.340865
3,0.0195,517.7164,6.637389743589744,223.0962,0.028602076923076925,1.356829
3,0.01975,520.8648,6.677753846153845,225.1748,0.028868564102564106,1.372301
3,0.02,523.4848,6.711343589743589,226.0772,0.02898425641025641,1.387297
3,0.02025,525.9459,6.7428961538461545,227.3206,0.029143666666666672,1.401951
3,0.0205,528.4333,6.774785897435898,229.2099,0.02938588461538462,1.416174
3,0.02075,531.1683,6.80985,230.93,0.029606410256410257,1.429904
3,0.021,532.7678,6.830356410256409,231.8852,0.029728871794871794,1.443137
3,0.02125,534.8525,6.857083333333333,232.9039,0.02985947435897436,1.455903
3,0.0215,537.0871,6.885732051282051,233.7588,0.02996907692307692,1.468263
3,0.02175,538.7525,6.907083333333334,235.3652,0.03017502564102564,1.480087
3,0.022,540.5794,6.930505128205128,236.538,0.03032538461538462,1.491342
3,0.02225,541.9353,6.9478884615384615,237.5561,0.030455910256410253,1.502118
3,0.0225,543.592,6.9691282051282055,238.525,0.030580128205128204,1.512387
3,0.02275,545.039,6.987679487179487,239.6735,0.030727371794871793,1.522148
3,0.023,546.0794,7.001017948717949,240.2633,0.03080298717948718,1.531417
3,0.02325,547.3593,7.017426923076922,240.8351,0.030876294871794874,1.540185
3,0.0235,547.7857,7.022893589743591,241.1518,0.03091689743589744,1.548442
3,0.02375,548.2998,7.029484615384615,241.9326,0.031017000000000003,1.556198
3,0.024,548.8083,7.036003846153847,242.7719,0.031124602564102564,1.563547
3,0.02425,548.936,7.037641025641026,243.4633,0.03121324358974359,1.570449
3,0.0245,549.25,7.041666666666667,243.5818,0.031228435897435895,1.576853
3,0.02475,549.0859,7.039562820512821,244.3881,0.031331807692307694,1.58277
3,0.025,548.5606,7.032828205128205,244.6173,0.03136119230769231,1.588187
3,0.02525,548.6858,7.034433333333333,244.8673,0.03139324358974359,1.59316
3,0.0255,548.2476,7.028815384615386,244.7107,0.03137316666666667,1.597672
3,0.02575,547.9265,7.024698717948719,245.2768,0.03144574358974359,1.601712
3,0.026,547.3729,7.017601282051282,245.736,0.03150461538461538,1.605278
3,0.02625,547.1283,7.014465384615384,245.7113,0.03150144871794872,1.608359
3,0.0265,546.3047,7.003906410256411,245.6574,0.031494538461538456,1.611016
3,0.02675,545.6934,6.996069230769231,245.5436,0.031479948717948715,1.613251
3,0.027,544.5052,6.980835897435897,245.648,0.03149333333333333,1.614997
3,0.02725,543.5408,6.968471794871794,245.4072,0.031462461538461536,1.616299
3,0.0275,542.0958,6.949946153846154,244.9905,0.03140903846153846,1.617295
3,0.02775,540.8554,6.93404358974359,244.7532,0.03137861538461539,1.617925
3,0.028,539.6474,6.918556410256409,244.2802,0.03131797435897436,1.618047
3,0.02825,537.6792,6.893323076923077,243.8596,0.03126405128205128,1.617779
3,0.0285,535.6436,6.867225641025642,244.1051,0.03129552564102564,1.617268
3,0.02875,533.9641,6.845693589743591,243.5747,0.03122752564102564,1.616387
3,0.029,531.1313,6.809375641025641,243.0474,0.031159923076923078,1.615045
3,0.02925,528.8521,6.780155128205128,242.4633,0.031085038461538463,1.61343
3,0.0295,526.459,6.749474358974359,242.145,0.03104423076923077,1.611552
3,0.02975,524.4735,6.724019230769231,241.6501,0.03098078205128205,1.609269
3,0.03,521.8783,6.690747435897436,240.7288,0.03086266666666667,1.606651
3,0.03025,518.6707,6.649624358974359,239.8315,0.030747628205128205,1.603719
3,0.0305,515.651,6.610910256410256,239.567,0.03071371794871795,1.600436
3,0.03075,513.0805,6.5779551282051285,239.1893,0.030665294871794875,1.596818
3,0.031,510.1935,6.5409423076923074,238.2489,0.03054473076923077,1.592943
3,0.03125,506.8335,6.497865384615385,237.1628,0.03040548717948718,1.588815
3,0.0315,502.9376,6.447917948717948,236.2005,0.030282115384615386,1.584385
3,0.03175,499.2863,6.40110641025641,235.1585,0.03014852564102564,1.579696
3,0.032,496.026,6.359307692307692,234.1889,0.030024217948717943,1.574795
3,0.03225,492.0592,6.308451282051282,233.0631,0.029879884615384614,1.569671
3,0.0325,488.1683,6.258567948717949,232.385,0.029792948717948717,1.564283
3,0.03275,483.7183,6.201516666666667,231.5889,0.029690884615384612,1.558618
3,0.033,479.8138,6.151458974358975,230.3951,0.029537833333333333,1.552692
3,0.03325,475.0629,6.09055,229.2146,0.029386487179487178,1.546551
3,0.0335,471.6304,6.04654358974359,227.8202,0.02920771794871795,1.54024
3,0.03375,466.7894,5.984479487179487,226.8359,0.02908152564102564,1.533632
3,0.034,462.6828,5.931830769230769,225.518,0.028912564102564105,1.526626
3,0.03425,458.1497,5.873714102564102,224.2104,0.028744923076923078,1.51939
3,0.0345,453.4976,5.814071794871794,223.3625,0.028636217948717946,1.512019
3,0.03475,448.616,5.75148717948718,222.0074,0.028462487179487177,1.504401
3,0.035,443.8049,5.68980641025641,220.53,0.02827307692307692,1.496504
3,0.03525,438.937,5.627397435897437,219.4074,0.028129153846153845,1.488378
3,0.0355,433.709,5.560371794871795,217.8538,0.02792997435897436,1.480049
3,0.03575,428.1579,5.4892038461538455,216.5674,0.027765051282051284,1.471494
3,0.036,422.4913,5.416555128205128,215.0709,0.02757319230769231,1.462628
3,0.03625,416.9133,5.345042307692308,213.3098,0.027347410256410257,1.45357
3,0.0365,411.4372,5.274835897435898,211.965,0.027175,1.444335
3,0.03675,405.4545,5.198134615384615,210.9814,0.027048897435897435,1.434783
3,0.037,399.523,5.122089743589744,209.7817,0.026895089743589742,1.424907
3,0.03725,393.4309,5.043985897435897,207.9644,0.026662102564102563,1.414728
3,0.0375,387.0882,4.96266923076923,206.3162,0.026450794871794876,1.404312
3,0.03775,381.1805,4.886929487179487,204.5173,0.02622016666666667,1.393687
3,0.038,374.5612,4.802066666666667,203.0723,0.026034910256410262,1.38285
3,0.03825,368.3308,4.722189743589744,200.9273,0.025759910256410258,1.371786
3,0.0385,362.0458,4.641612820512821,199.7188,0.02560497435897436,1.360404
3,0.03875,356.0637,4.56491923076923,197.7748,0.025355743589743587,1.348714
3,0.039,349.3294,4.478582051282052,195.9868,0.025126512820512818,1.336852
3,0.03925,342.5232,4.391323076923077,194.3891,0.024921679487179486,1.32477
3,0.0395,335.6374,4.30304358974359,192.7019,0.024705371794871797,1.312437
3,0.03975,328.6271,4.213167948717948,190.6579,0.024443320512820513,1.299855
3,0.04,322.0022,4.128233333333333,188.7327,0.0241965,1.287028
3,0.04025,314.7209,4.034883333333333,186.9482,0.02396771794871795,1.274052
3,0.0405,307.8403,3.9466705128205133,184.8809,0.023702679487179485,1.260891
3,0.04075,300.5514,3.8532230769230766,183.4143,0.023514653846153845,1.247489
3,0.041,293.2447,3.759547435897436,181.6405,0.02328724358974359,1.233789
3,0.04125,285.9199,3.665639743589743,179.427,0.023003461538461535,1.21985
3,0.0415,279.1998,3.579484615384615,177.464,0.02275179487179487,1.20578
3,0.04175,271.5938,3.4819717948717948,175.4634,0.022495307692307693,1.191386
3,0.042,264.4493,3.390375641025641,173.1219,0.022195115384615386,1.176593
3,0.04225,256.78,3.2920512820512817,170.4465,0.021852115384615383,1.161646
3,0.0425,249.2495,3.1955064102564106,168.3428,0.021582410256410257,1.146554
3,0.04275,241.3544,3.0942871794871794,166.3688,0.021329333333333332,1.131138
3,0.043,233.5605,2.994365384615384,164.5018,0.021089974358974358,1.115424
3,0.04325,225.714,2.893769230769231,162.1744,0.020791589743589745,1.099495
3,0.0435,218.1055,2.7962243589743587,159.7372,0.020479128205128205,1.08334
3,0.04375,209.8066,2.6898282051282054,157.7277,0.0202215,1.066927
3,0.044,201.3432,2.5813230769230766,155.4531,0.019929884615384617,1.050338
3,0.04425,193.5012,2.480784615384615,152.9041,0.019603089743589742,1.033557
3,0.0445,185.4065,2.3770064102564104,150.331,0.019273205128205125,1.016509
3,0.04475,176.9354,2.2684025641025642,148.3234,0.01901582051282051,0.9992465
3,0.045,168.5956,2.161482051282051,146.3055,0.018757115384615386,0.9817379
3,0.04525,160.6645,2.059801282051282,143.8737,0.018445346153846156,0.9639695
3,0.0455,152.1144,1.9501846153846152,141.3471,0.018121423076923077,0.9459854
3,0.04575,143.7421,1.8428474358974358,138.9044,0.017808256410256414,0.9278129
3,0.046,135.4043,1.7359525641025642,136.1737,0.017458166666666667,0.9093422
3,0.04625,127.0872,1.6293230769230769,133.5469,0.017121397435897433,0.8905226
3,0.0465,119.1328,1.5273435897435896,131.0904,0.016806461538461537,0.8715245
3,0.04675,110.6552,1.4186564102564103,128.5477,0.01648047435897436,0.8523114
3,0.047,102.0899,1.3088448717948717,126.0602,0.0161615641025641,0.8328004
3,0.04725,93.97496,1.2048071794871793,123.2951,0.015807064102564102,0.813121
3,0.0475,84.7528,1.0865743589743588,120.9551,0.015507064102564104,0.7933155
3,0.04775,77.28461,0.9908283333333334,118.6585,0.015212628205128205,0.7732715
3,0.048,68.54057,0.8787252564102565,115.5517,0.014814320512820514,0.7529131
3,0.04825,60.05382,0.7699207692307692,113.3339,0.01452998717948718,0.7323674
3,0.0485,51.73119,0.6632203846153846,109.9294,0.01409351282051282,0.7117415
3,0.04875,42.87673,0.5497016666666668,106.9643,0.013713371794871795,0.6908963
3,0.049,34.14181,0.4377155128205128,104.4481,0.01339078205128205,0.6698026
3,0.04925,25.54921,0.3275539743589744,102.0148,0.013078820512820511,0.6485483
3,0.0495,16.83961,0.21589243589743592,99.08072,0.012702656410256412,0.6270749
3,0.04975,8.651194,0.1109127435897436,96.29723,0.012345798717948718,0.6053739
3,0.05,0.5686304,0.007290133333333333,93.90983,0.012039721794871795,0.5834348
3,0.05025,-8.573509,-0.10991678205128204,90.65023,0.011621824358974358,0.5612147
3,0.0505,-17.13116,-0.21963025641025644,87.19708,0.01117911282051282,0.5387982
3,0.05075,-26.1325,-0.33503205128205127,84.23436,0.010799276923076922,0.5162057
3,0.051,-34.35434,-0.4404402564102564,81.07574,0.01039432564102564,0.4933663
3,0.05125,-43.11763,-0.5527901282051282,77.86261,0.009982385897435898,0.4702789
3,0.0515,-51.64692,-0.66214,74.10416,0.009500533333333332,0.4470508
3,0.05175,-59.75126,-0.7660417948717949,71.1734,0.009124794871794871,0.4236458
3,0.052,-69.06003,-0.885385,68.47951,0.00877942435897436,0.3999895
3,0.05225,-77.49258,-0.9934946153846155,65.57248,0.008406728205128205,0.3761444
3,0.0525,-85.78939,-1.0998639743589742,61.95325,0.007942724358974359,0.3521865
3,0.05275,-94.09684,-1.2063697435897436,58.71502,0.007527566666666667,0.3280791
3,0.053,-102.9305,-1.319621794871795,55.76033,0.007148760256410256,0.3037695
3,0.05325,-111.0379,-1.4235628205128206,52.7182,0.00675874358974359,0.2792819
3,0.0535,-119.7906,-1.5357769230769232,49.18779,0.006306126923076923,0.2546845
3,0.05375,-127.6852,-1.6369897435897436,46.53038,0.005965433333333333,0.2299319
3,0.054,-136.0985,-1.7448525641025643,43.72629,0.005605934615384616,0.2049739
3,0.05425,-143.8934,-1.8447871794871795,40.90554,0.0052443,0.1799681
3,0.0545,-152.1821,-1.951052564102564,37.55946,0.004815315384615384,0.1549421
3,0.05475,-159.9744,-2.0509538461538463,34.60811,0.0044369371794871805,0.1297104
3,0.055,-167.9208,-2.1528307692307695,31.9307,0.004093679487179487,0.1043119
3,0.05525,-176.3381,-2.2607448717948717,29.31839,0.0037587679487179485,0.0788652
3,0.0555,-184.2272,-2.3618871794871796,25.88956,0.0033191743589743587,0.05332194
3,0.05575,-192.169,-2.4637051282051283,22.61192,0.002898964102564103,0.02760379
3,0.056,-199.8666,-2.562392307692308,19.94411,0.0025569371794871795,0.001625477
3,0.05625,-208.131,-2.6683461538461537,17.73575,0.0022738141025641025,-0.02451141
3,0.0565,-216.5554,-2.776351282051282,14.66576,0.0018802256410256411,-0.05072132
3,0.05675,-224.2237,-2.8746628205128206,11.55931,0.0014819628205128205,-0.07711764
3,0.057,-232.0251,-2.9746807692307695,8.176363,0.0010482516666666666,-0.10363
3,0.05725,-239.9026,-3.0756743589743594,5.602486,0.000718267435897436,-0.130288
3,0.0575,-247.6969,-3.175601282051282,2.272879,0.0002913947435897436,-0.157038
3,0.05775,-255.1332,-3.2709384615384614,-0.9386826,-0.00012034392307692308,-0.1836937
3,0.058,-263.1565,-3.3738012820512817,-3.839637,-0.0004922611538461538,-0.2104777
3,0.05825,-270.5376,-3.4684307692307694,-6.124477,-0.0007851893589743589,-0.2373949
3,0.0585,-277.8625,-3.5623397435897437,-9.166617,-0.0011752073076923078,-0.2642787
3,0.05875,-285.2932,-3.6576051282051285,-12.57074,-0.0016116333333333333,-0.2911554
3,0.059,-292.106,-3.7449487179487178,-15.87466,-0.0020352128205128207,-0.3180709
3,0.05925,-299.5108,-3.8398820512820517,-18.98582,-0.002434079487179487,-0.3450067
3,0.0595,-306.3829,-3.9279858974358977,-21.92364,-0.0028107230769230766,-0.3719106
3,0.05975,-313.3947,-4.017880769230769,-24.5234,-0.003144025641025641,-0.3988553
3,0.06,-320.8984,-4.114082051282051,-27.65006,-0.003544879487179487,-0.4258894
3,0.06025,-327.7365,-4.20175,-30.27119,-0.0038809217948717954,-0.4528719
3,0.0605,-334.2667,-4.285470512820513,-33.19371,-0.004255603846153846,-0.479642
3,0.06075,-341.1053,-4.373144871794872,-36.08114,-0.00462578717948718,-0.5063727
3,0.061,-347.4825,-4.454903846153846,-39.21721,-0.005027847435897436,-0.5332257
3,0.06125,-354.3885,-4.543442307692308,-42.28954,-0.005421735897435898,-0.5599153
3,0.0615,-360.245,-4.618525641025641,-44.96284,-0.0057644666666666665,-0.586388
3,0.06175,-366.4014,-4.697453846153847,-48.34421,-0.006197975641025641,-0.6128591
3,0.062,-373.0683,-4.782926923076923,-50.80965,-0.006514057692307691,-0.6392513
3,0.06225,-379.1244,-4.86056923076923,-53.38039,-0.006843639743589743,-0.6654485
3,0.0625,-385.1446,-4.937751282051282,-56.30037,-0.007217996153846154,-0.6914631
3,0.06275,-391.0305,-5.013211538461539,-59.25427,-0.007596701282051282,-0.7174116
3,0.063,-396.7822,-5.086951282051282,-61.59421,-0.007896693589743589,-0.7432548
3,0.06325,-402.9335,-5.165814102564102,-64.59164,-0.008280979487179487,-0.7688747
3,0.0635,-408.5951,-5.2383987179487175,-67.66339,-0.00867479358974359,-0.7943495
3,0.06375,-414.2034,-5.3103,-70.53963,-0.009043542307692307,-0.8197066
3,0.064,-419.6097,-5.379611538461538,-72.97095,-0.009355249999999999,-0.8448767
3,0.06425,-425.5792,-5.456143589743591,-75.76837,-0.00971389358974359,-0.8698641
3,0.0645,-430.716,-5.522,-78.42539,-0.010054537179487177,-0.894633
3,0.06475,-436.1147,-5.591214102564103,-80.96476,-0.010380097435897436,-0.9191952
3,0.065,-441.5913,-5.661426923076923,-83.35549,-0.010686601282051282,-0.9436324
3,0.06525,-446.7611,-5.72770641025641,-86.09545,-0.011037878205128205,-0.9678443
3,0.0655,-451.5201,-5.788719230769231,-89.11033,-0.011424401282051282,-0.9916755
3,0.06575,-455.8728,-5.8445230769230765,-91.52871,-0.01173445,-1.015149
3,0.066,-460.8846,-5.908776923076923,-93.90159,-0.012038665384615385,-1.038309
3,0.06625,-465.1958,-5.964048717948718,-96.42704,-0.012362441025641028,-1.061105
3,0.0665,-469.7952,-6.023015384615385,-98.69854,-0.012653658974358975,-1.083497
3,0.06675,-473.5554,-6.0712230769230775,-100.914,-0.012937692307692308,-1.105551
3,0.067,-478.1867,-6.130598717948717,-103.2784,-0.013240820512820512,-1.127263
3,0.06725,-481.8588,-6.177676923076922,-105.5317,-0.01352970512820513,-1.148518
3,0.0675,-485.6261,-6.2259756410256415,-107.543,-0.013787564102564105,-1.169336
3,0.06775,-489.4967,-6.275598717948718,-109.9906,-0.014101358974358973,-1.189811
3,0.068,-493.0537,-6.321201282051282,-111.9093,-0.014347346153846153,-1.209864
3,0.06825,-496.9537,-6.371201282051283,-113.913,-0.014604230769230767,-1.229449
3,0.0685,-500.3188,-6.4143435897435905,-115.5427,-0.014813166666666665,-1.248645
3,0.06875,-503.4925,-6.455032051282052,-117.2606,-0.015033410256410256,-1.267427
3,0.069,-506.5259,-6.493921794871794,-119.0003,-0.015256448717948718,-1.28584
3,0.06925,-509.9224,-6.537466666666666,-120.622,-0.015464358974358975,-1.303781
3,0.0695,-513.0262,-6.577258974358974,-122.3258,-0.015682794871794872,-1.321089
3,0.06975,-515.3935,-6.607608974358975,-124.0855,-0.015908397435897437,-1.337952
3,0.07,-518.2866,-6.644700000000001,-125.6248,-0.01610574358974359,-1.354453
3,0.07025,-520.6883,-6.675491025641025,-127.5883,-0.016357474358974358,-1.370394
3,0.0705,-523.1519,-6.707075641025641,-128.957,-0.01653294871794872,-1.385833
3,0.07075,-525.4367,-6.736367948717949,-129.7513,-0.01663478205128205,-1.400899
3,0.071,-527.3573,-6.760991025641026,-131.2663,-0.01682901282051282,-1.415483
3,0.07125,-529.5975,-6.789711538461538,-132.4684,-0.016983128205128206,-1.42955
3,0.0715,-531.9299,-6.819614102564102,-134.0926,-0.017191358974358976,-1.443077
3,0.07175,-533.5471,-6.840347435897436,-135.4662,-0.017367461538461536,-1.456077
3,0.072,-535.258,-6.862282051282052,-136.4325,-0.017491346153846152,-1.468601
3,0.07225,-536.2335,-6.874788461538462,-138.022,-0.017695128205128204,-1.480645
3,0.0725,-538.3395,-6.9017884615384615,-138.8187,-0.01779726923076923,-1.492117
3,0.07275,-539.5946,-6.917879487179487,-139.6192,-0.017899897435897438,-1.503016
3,0.073,-540.3376,-6.927405128205128,-140.1788,-0.017971641025641028,-1.513478
3,0.07325,-541.5527,-6.942983333333332,-141.272,-0.018111794871794873,-1.523427
3,0.0735,-542.4871,-6.954962820512821,-142.4586,-0.018263923076923073,-1.532704
3,0.07375,-542.3737,-6.953508974358974,-143.1786,-0.018356230769230767,-1.541374
3,0.074,-543.5964,-6.9691846153846155,-143.2735,-0.018368397435897438,-1.549615
3,0.07425,-543.8521,-6.9724628205128205,-144.2663,-0.01849567948717949,-1.557285
3,0.0745,-543.9494,-6.973710256410256,-145.0489,-0.01859601282051282,-1.564284
3,0.07475,-543.7929,-6.971703846153847,-145.115,-0.01860448717948718,-1.570829
3,0.075,-543.9945,-6.974288461538462,-145.6848,-0.01867753846153846,-1.576853
3,0.07525,-543.723,-6.970807692307692,-145.8327,-0.018696499999999998,-1.58224
3,0.0755,-542.987,-6.961371794871794,-146.4574,-0.018776589743589745,-1.587151
3,0.07575,-543.2859,-6.965203846153846,-146.6561,-0.018802064102564103,-1.591646
3,0.076,-542.5626,-6.955930769230769,-146.8702,-0.01882951282051282,-1.595682
3,0.07625,-541.6033,-6.9436320512820515,-147.0579,-0.01885357692307692,-1.599218
3,0.0765,-541.0315,-6.936301282051283,-147.3806,-0.018894948717948716,-1.602258
3,0.07675,-539.702,-6.91925641025641,-147.2839,-0.01888255128205128,-1.604857
3,0.077,-539.2567,-6.913547435897436,-147.1728,-0.01886830769230769,-1.607008
3,0.07725,-537.9146,-6.896341025641025,-147.289,-0.018883205128205127,-1.608693
3,0.0775,-537.1781,-6.886898717948718,-147.1779,-0.01886896153846154,-1.609902
3,0.07775,-534.8903,-6.857567948717949,-147.404,-0.018897948717948716,-1.610612
3,0.078,-533.812,-6.84374358974359,-147.414,-0.018899230769230765,-1.611025
3,0.07825,-532.562,-6.827717948717949,-147.4016,-0.018897641025641027,-1.611084
3,0.0785,-530.9083,-6.806516666666667,-146.9184,-0.018835692307692307,-1.610599
3,0.07875,-528.5126,-6.775802564102564,-146.7272,-0.01881117948717949,-1.609688
3,0.079,-526.4182,-6.748951282051282,-146.4712,-0.018778358974358974,-1.608401
3,0.07925,-524.1314,-6.719633333333333,-146.2129,-0.01874524358974359,-1.606694
3,0.0795,-521.3042,-6.68338717948718,-146.0498,-0.018724333333333336,-1.604589
3,0.07975,-519.2043,-6.656465384615384,-145.528,-0.018657435897435896,-1.602227
3,0.08,-516.1785,-6.617673076923077,-145.0315,-0.01859378205128205,-1.599564
3,0.08025,-513.3898,-6.581920512820513,-144.6548,-0.01854548717948718,-1.596441
3,0.0805,-510.6553,-6.54686282051282,-144.3134,-0.01850171794871795,-1.592844
3,0.08075,-507.477,-6.506115384615385,-143.451,-0.018391153846153845,-1.589006
3,0.081,-504.2345,-6.464544871794872,-142.9784,-0.018330564102564104,-1.58501
3,0.08125,-501.4782,-6.429207692307693,-142.5088,-0.018270358974358976,-1.580617
3,0.0815,-497.5038,-6.3782538461538465,-142.0246,-0.01820828205128205,-1.575749
3,0.08175,-494.1974,-6.335864102564103,-141.0314,-0.018080948717948717,-1.570657
3,0.082,-490.3663,-6.286747435897436,-140.1969,-0.01797396153846154,-1.565367
3,0.08225,-486.3787,-6.235624358974359,-139.6223,-0.01790029487179487,-1.559708
3,0.0825,-482.4043,-6.184670512820512,-138.9799,-0.017817935897435896,-1.553722
3,0.08275,-478.48,-6.134358974358975,-137.8287,-0.017670346153846155,-1.547509
3,0.083,-474.4833,-6.083119230769231,-136.7798,-0.017535871794871795,-1.541094
3,0.08325,-470.1072,-6.027015384615384,-135.9078,-0.017424076923076924,-1.53438
3,0.0835,-465.6628,-5.970035897435898,-134.9362,-0.01729951282051282,-1.527415
3,0.08375,-462.363,-5.927730769230769,-133.8741,-0.017163346153846154,-1.520251
3,0.084,-457.17,-5.861153846153846,-133.1549,-0.017071141025641026,-1.512838
3,0.08425,-452.7093,-5.803965384615384,-132.5678,-0.016995871794871796,-1.505191
3,0.0845,-448.2061,-5.7462320512820515,-131.7299,-0.016888448717948715,-1.497308
3,0.08475,-443.4608,-5.6853948717948715,-130.3963,-0.01671747435897436,-1.489195
3,0.085,-438.5722,-5.622720512820513,-128.9062,-0.0165264358974359,-1.480878
3,0.08525,-433.6238,-5.559279487179488,-127.7957,-0.016384064102564103,-1.4723
3,0.0855,-428.3092,-5.491143589743589,-126.8439,-0.01626203846153846,-1.463394
3,0.08575,-423.1521,-5.425026923076923,-125.7827,-0.01612598717948718,-1.45419
3,0.086,-417.5265,-5.352903846153846,-124.6352,-0.015978871794871796,-1.444723
3,0.08625,-411.8432,-5.280041025641026,-123.4118,-0.01582202564102564,-1.43503
3,0.0865,-406.208,-5.207794871794872,-122.3803,-0.015689782051282054,-1.425043
3,0.08675,-400.3443,-5.13261923076923,-121.0332,-0.015517076923076922,-1.414715
3,0.087,-394.0421,-5.0518217948717945,-119.4737,-0.015317141025641023,-1.404187
3,0.08725,-387.9445,-4.973647435897435,-117.6269,-0.015080371794871794,-1.393403
3,0.0875,-382.1963,-4.899952564102564,-116.1888,-0.014896000000000001,-1.382324
3,0.08775,-375.5653,-4.814939743589743,-115.0711,-0.014752705128205128,-1.371042
3,0.088,-370.1403,-4.745388461538462,-113.5188,-0.014553692307692307,-1.359478
3,0.08825,-363.0105,-4.653980769230769,-112.0836,-0.014369692307692307,-1.347579
3,0.0885,-356.5487,-4.571137179487179,-110.6151,-0.014181423076923078,-1.335478
3,0.08875,-350.1775,-4.489455128205128,-108.6262,-0.013926435897435897,-1.323212
3,0.089,-343.8991,-4.40896282051282,-107.3173,-0.013758628205128205,-1.310672
3,0.08925,-337.0569,-4.321242307692308,-105.4705,-0.013521858974358975,-1.297836
3,0.0895,-330.3181,-4.234847435897437,-103.5378,-0.013274076923076923,-1.284684
3,0.08975,-323.6902,-4.149874358974359,-101.7277,-0.01304201282051282,-1.271269
3,0.09,-316.5461,-4.058283333333334,-99.61644,-0.01277133846153846,-1.257725
3,0.09025,-309.6579,-3.9699730769230768,-97.92477,-0.012554457692307692,-1.243965
3,0.0905,-302.3801,-3.876667948717949,-96.06388,-0.01231588205128205,-1.229925
3,0.09075,-295.6169,-3.789960256410256,-94.15475,-0.012071121794871796,-1.21566
3,0.091,-287.9816,-3.6920717948717954,-91.91952,-0.011784553846153846,-1.201125
3,0.09125,-280.8264,-3.600338461538461,-89.37074,-0.011457787179487179,-1.186349
3,0.0915,-273.5122,-3.5065666666666666,-87.36062,-0.011200079487179488,-1.171326
3,0.09175,-266.1909,-3.4127038461538466,-85.01127,-0.010898880769230769,-1.156072
3,0.092,-259.1006,-3.3218025641025637,-82.79643,-0.010614926923076924,-1.140579
3,0.09225,-251.1831,-3.2202961538461534,-81.20673,-0.01041111923076923,-1.124864
3,0.0925,-244.0213,-3.128478205128205,-78.83777,-0.01010740641025641,-1.108886
3,0.09275,-235.8821,-3.0241294871794873,-76.94962,-0.009865335897435896,-1.092525
3,0.093,-227.8522,-2.9211820512820514,-74.45418,-0.009545407692307691,-1.075944
3,0.09325,-219.9828,-2.8202923076923074,-72.35092,-0.009275758974358974,-1.059213
3,0.0935,-212.7005,-2.726929487179487,-69.90666,-0.008962392307692307,-1.042188
3,0.09375,-204.1601,-2.6174371794871796,-66.87138,-0.008573253846153846,-1.024859
3,0.094,-196.1256,-2.5144307692307692,-65.04264,-0.0083388,-1.007327
3,0.09425,-187.9838,-2.410048717948718,-62.41778,-0.008002279487179487,-0.9895218
3,0.0945,-180.1626,-2.309776923076923,-60.07922,-0.007702464102564103,-0.9713911
3,0.09475,-171.6267,-2.2003423076923077,-57.3216,-0.007348923076923077,-0.9530153
3,0.095,-163.4393,-2.0953756410256412,-54.8042,-0.007026179487179487,-0.9344587
3,0.09525,-155.2231,-1.9900397435897434,-52.5476,-0.006736871794871795,-0.915648
3,0.0955,-146.396,-1.8768717948717948,-49.87705,-0.006394493589743589,-0.8965511
3,0.09575,-138.1392,-1.7710153846153844,-47.10963,-0.006039696153846154,-0.877341
3,0.096,-130.1376,-1.6684307692307692,-44.07024,-0.00565003076923077,-0.8579941
3,0.09625,-121.8038,-1.5615871794871794,-41.70343,-0.005346593589743589,-0.8383543
3,0.0965,-114.2663,-1.464952564102564,-38.85111,-0.004980911538461539,-0.8184508
3,0.09675,-105.3591,-1.3507576923076923,-36.51058,-0.0046808435897435895,-0.798385
3,0.097,-96.9661,-1.2431551282051283,-33.98906,-0.0043575717948717944,-0.778155
3,0.09725,-88.69462,-1.1371105128205128,-31.36773,-0.004021503846153847,-0.7577237
3,0.0975,-80.14203,-1.027461923076923,-28.34323,-0.003633747435897436,-0.7370576
3,0.09775,-71.82395,-0.9208198717948718,-25.41424,-0.0032582358974358972,-0.7161573
3,0.098,-63.4066,-0.8129051282051282,-22.89389,-0.0029351141025641026,-0.6951544
3,0.09825,-55.31947,-0.7092239743589743,-20.02078,-0.0025667666666666666,-0.6740009
3,0.0985,-46.45641,-0.595595,-17.58652,-0.002254682051282051,-0.6525256
3,0.09875,-38.10389,-0.48851141025641026,-14.45006,-0.001852571794871795,-0.630809
3,0.099,-29.47938,-0.3779407692307692,-11.98561,-0.0015366166666666665,-0.6089573
3,0.09925,-20.3965,-0.2614935897435897,-9.262309,-0.001187475512820513,-0.5868446
3,0.0995,-12.20859,-0.15652038461538462,-6.453124,-0.0008273235897435897,-0.5644444
3,0.09975,-3.156602,-0.04046925641025641,-3.287056,-0.000421417435897436,-0.5419094
3,0.1,3.495635,0.04481583333333334,-0.9292703,-0.00011913721794871793,-0.522655
4,0.0,5.304207,0.06800265384615385,0.0,0.0,-0.7576029
4,0.00025,14.58827,0.18702910256410257,3.690021,0.0004730796153846154,-0.7293584
4,0.0005,25.75231,0.33015782051282055,6.724121,0.0008620667948717948,-0.7007057
4,0.00075,35.68812,0.45753999999999995,10.32433,0.0013236320512820512,-0.6718669
4,0.001,45.43299,0.5824742307692308,13.81238,0.0017708179487179487,-0.642853
4,0.00125,55.16417,0.7072329487179487,17.43867,0.002235726923076923,-0.6135682
4,0.0015,64.61679,0.8284203846153846,20.75298,0.002660638461538462,-0.5839539
4,0.00175,74.53639,0.9555947435897435,24.29947,0.0031153166666666667,-0.5540019
4,0.002,84.13792,1.0786912820512822,28.21362,0.003617130769230769,-0.5237746
4,0.00225,93.63865,1.2004955128205128,31.96286,0.0040978025641025635,-0.4931794
4,0.0025,103.2579,1.323819230769231,36.04369,0.0046209858974358975,-0.462154
4,0.00275,112.8174,1.446376923076923,39.6839,0.005087679487179487,-0.4308585
4,0.003,121.7098,1.5603820512820514,43.29705,0.005550903846153846,-0.3992991
4,0.00325,131.1822,1.6818230769230769,47.08983,0.006037157692307692,-0.3674726
4,0.0035,141.1281,1.8093346153846153,50.85318,0.0065196384615384614,-0.3354101
4,0.00375,150.7601,1.9328217948717947,54.23162,0.006952771794871795,-0.3031749
4,0.004,159.9508,2.0506512820512817,58.48834,0.007498505128205128,-0.2708041
4,0.00425,169.1786,2.16895641025641,62.16012,0.007969246153846154,-0.23813
4,0.0045,179.4198,2.300253846153846,65.67366,0.008419699999999999,-0.2052157
4,0.00475,188.1719,2.4124602564102564,69.76273,0.008943939743589745,-0.1722897
4,0.005,198.2891,2.5421679487179487,73.39765,0.009409955128205128,-0.1393163
4,0.00525,207.4474,2.659582051282051,77.26905,0.00990628846153846,-0.106135
4,0.0055,217.0773,2.783042307692308,80.98691,0.010382937179487179,-0.07278606
4,0.00575,226.224,2.9003076923076923,84.23867,0.010799829487179488,-0.03937049
4,0.006,235.5728,3.0201641025641024,87.77633,0.011253375641025642,-0.005833459
4,0.00625,244.6253,3.136221794871795,91.58499,0.011741665384615387,0.02797956
4,0.0065,253.776,3.253538461538462,95.49737,0.012243252564102565,0.0621328
4,0.00675,262.8295,3.3696089743589743,99.10484,0.012705748717948719,0.09647491
4,0.007,271.4839,3.4805628205128203,102.6405,0.013159038461538463,0.1308463
4,0.00725,280.1444,3.591594871794872,106.3915,0.013639935897435897,0.1653788
4,0.0075,288.7269,3.701626923076923,109.9533,0.014096576923076923,0.2001289
4,0.00775,297.4689,3.8137038461538464,113.2592,0.014520410256410257,0.2350524
4,0.008,306.0868,3.9241897435897437,116.8459,0.01498024358974359,0.2700665
4,0.00825,314.5203,4.032311538461539,120.9163,0.015502089743589745,0.3051137
4,0.0085,323.1813,4.143350000000001,124.6434,0.015979923076923076,0.3403325
4,0.00875,331.4437,4.2492782051282045,128.3087,0.016449833333333334,0.3756252
4,0.009,339.821,4.356679487179488,132.0631,0.016931166666666664,0.410826
4,0.00925,348.4202,4.466925641025641,135.5225,0.017374679487179488,0.4460707
4,0.0095,356.1842,4.566464102564102,139.2923,0.01785798717948718,0.4814214
4,0.00975,364.2151,4.669424358974359,142.8247,0.018310858974358975,0.5167608
4,0.01,371.7117,4.765534615384616,146.3615,0.018764294871794873,0.5520788
4,0.01025,380.2338,4.874792307692307,149.921,0.019220641025641024,0.5873351
4,0.0105,387.4949,4.967883333333333,153.8853,0.019728884615384617,0.6226293
4,0.01075,395.0001,5.064103846153846,158.0893,0.020267858974358975,0.6578844
4,0.011,402.6339,5.1619730769230765,161.6554,0.02072505128205128,0.6928962
4,0.01125,409.6594,5.25204358974359,164.7232,0.021118358974358972,0.7278228
4,0.0115,417.3079,5.350101282051282,168.4275,0.021593269230769232,0.7626476
4,0.01175,425.0633,5.449529487179488,172.4582,0.02211002564102564,0.7972689
4,0.012,432.148,5.540358974358974,175.7119,0.022527166666666668,0.8316818
4,0.01225,438.663,5.623884615384616,179.2701,0.022983346153846156,0.8657857
4,0.0125,446.5177,5.724585897435897,183.0576,0.023468923076923078,0.8996628
4,0.01275,453.3558,5.812253846153846,186.971,0.023970641025641025,0.9332914
4,0.013,460.3732,5.902220512820512,190.5039,0.024423576923076923,0.9664601
4,0.01325,467.2837,5.9908166666666665,193.5778,0.024817666666666665,0.9993685
4,0.0135,473.7415,6.073608974358974,196.6816,0.025215589743589745,1.032156
4,0.01375,480.1962,6.156361538461538,200.1465,0.025659807692307694,1.064626
4,0.014,486.5081,6.237283333333334,203.4119,0.02607844871794872,1.096741
4,0.01425,492.5424,6.314646153846153,206.5592,0.02648194871794872,1.128632
4,0.0145,498.6056,6.392379487179487,209.6937,0.026883807692307693,1.160361
4,0.01475,504.0367,6.462008974358974,213.3745,0.02735570512820513,1.191809
4,0.015,510.2563,6.541747435897436,216.79,0.027793589743589746,1.222902
4,0.01525,515.3937,6.607611538461538,220.0161,0.028207192307692305,1.25375
4,0.0155,520.8501,6.677565384615384,222.9072,0.02857784615384615,1.284333
4,0.01575,526.4488,6.7493435897435905,225.9807,0.028971884615384615,1.314557
4,0.016,531.8749,6.818908974358974,229.2564,0.029391846153846154,1.344338
4,0.01625,536.9144,6.883517948717948,232.4797,0.029805089743589745,1.373658
4,0.0165,541.8983,6.947414102564102,235.333,0.030170897435897435,1.402605
4,0.01675,546.7221,7.009257692307691,238.3697,0.03056021794871795,1.431074
4,0.017,551.4542,7.069925641025641,241.3667,0.03094444871794872,1.458931
4,0.01725,556.1995,7.130762820512819,244.5214,0.03134889743589744,1.486299
4,0.0175,560.5341,7.186334615384615,247.0829,0.03167729487179487,1.513242
4,0.01775,564.9947,7.2435217948717945,249.1666,0.0319444358974359,1.539621
4,0.018,569.1368,7.296625641025641,252.0064,0.03230851282051282,1.565235
4,0.01825,573.7499,7.35576794871795,254.6142,0.032642846153846154,1.590248
4,0.0185,577.7122,7.406566666666667,256.7035,0.032910705128205126,1.614857
4,0.01875,581.2693,7.452170512820513,259.2086,0.033231871794871796,1.638811
4,0.019,584.134,7.488897435897436,261.5473,0.03353170512820513,1.662052
4,0.01925,588.1013,7.539760256410257,263.7682,0.033816435897435895,1.684738
4,0.0195,591.5864,7.584441025641025,265.9725,0.034099038461538465,1.706912
4,0.01975,595.0042,7.628258974358975,267.8065,0.034334166666666666,1.728409
4,0.02,598.4043,7.67185,269.8939,0.034601782051282046,1.749151
4,0.02025,600.9119,7.703998717948717,271.5897,0.03481919230769231,1.769319
4,0.0205,603.689,7.739602564102563,273.6149,0.03507883333333333,1.788872
4,0.02075,606.8738,7.780433333333333,275.5754,0.03533017948717949,1.807704
4,0.021,609.2903,7.811414102564103,277.1502,0.03553207692307692,1.825891
4,0.02125,611.6125,7.841185897435897,279.1272,0.035785538461538466,1.843457
4,0.0215,613.8907,7.870393589743591,280.6335,0.03597865384615385,1.860444
4,0.02175,615.2978,7.888433333333334,281.9515,0.03614762820512821,1.876812
4,0.022,617.2077,7.912919230769231,283.7173,0.03637401282051282,1.89252
4,0.02225,619.3198,7.939997435897436,285.1924,0.036563128205128206,1.907659
4,0.0225,620.3748,7.953523076923077,286.6335,0.03674788461538462,1.922213
4,0.02275,621.3478,7.965997435897436,288.0434,0.03692864102564103,1.936131
4,0.023,622.4033,7.979529487179486,289.7284,0.037144666666666666,1.949431
4,0.02325,623.6994,7.996146153846153,290.9157,0.037296884615384614,1.962086
4,0.0235,624.4166,8.005341025641027,292.1881,0.03746001282051282,1.974073
4,0.02375,625.1353,8.014555128205128,293.1519,0.03758357692307692,1.985393
4,0.024,625.6646,8.021341025641025,294.171,0.03771423076923077,1.996014
4,0.02425,626.6558,8.034048717948718,295.2217,0.0378489358974359,2.005963
4,0.0245,626.9526,8.037853846153846,295.7413,0.037915551282051284,2.01526
4,0.02475,627.1375,8.04022435897436,296.5857,0.03802380769230769,2.023818
4,0.025,627.3132,8.042476923076924,297.4379,0.038133064102564104,2.031615
4,0.02525,627.2874,8.042146153846154,297.9355,0.038196858974358976,2.03873
4,0.0255,626.9572,8.03791282051282,298.2024,0.03823107692307693,2.045209
4,0.02575,626.4507,8.031419230769231,298.5915,0.03828096153846154,2.051057
4,0.026,626.0799,8.026665384615384,298.8662,0.03831617948717949,2.056218
4,0.02625,625.617,8.020730769230768,299.3133,0.0383735,2.060791
4,0.0265,624.4845,8.006211538461539,299.055,0.038340384615384616,2.064887
4,0.02675,623.7794,7.997171794871795,299.1435,0.03835173076923077,2.068367
4,0.027,622.2169,7.977139743589744,299.4584,0.03839210256410256,2.071175
4,0.02725,620.3738,7.953510256410256,299.4474,0.03839069230769231,2.073473
4,0.0275,619.3396,7.940251282051282,299.4309,0.03838857692307692,2.075338
4,0.02775,617.8662,7.921361538461539,299.126,0.03834948717948718,2.076672
4,0.028,615.8833,7.895939743589744,299.1958,0.0383584358974359,2.077445
4,0.02825,613.675,7.867628205128204,298.7652,0.03830323076923077,2.077768
4,0.0285,611.1846,7.835700000000001,298.4471,0.03826244871794872,2.077676
4,0.02875,609.8414,7.818479487179488,297.9444,0.038197999999999996,2.077034
4,0.029,607.1823,7.784388461538462,297.8383,0.03818439743589744,2.075886
4,0.02925,604.5146,7.750187179487179,297.8559,0.03818665384615385,2.074414
4,0.0295,601.7021,7.714129487179487,297.331,0.03811935897435898,2.072522
4,0.02975,598.4641,7.672616666666666,296.5566,0.03802007692307692,2.070208
4,0.03,595.2919,7.631947435897437,295.9362,0.03794053846153846,2.06751
4,0.03025,591.9795,7.58948076923077,295.6556,0.037904564102564105,2.064356
4,0.0305,589.0028,7.551317948717949,294.9244,0.03781082051282051,2.060883
4,0.03075,585.4913,7.506298717948718,294.3118,0.037732282051282054,2.057028
4,0.031,581.3893,7.453708974358975,293.7114,0.037655307692307696,2.052736
4,0.03125,577.7876,7.407533333333334,293.2651,0.03759808974358975,2.04819
4,0.0315,574.1581,7.361001282051282,292.4797,0.03749739743589743,2.043265
4,0.03175,570.5074,7.3141974358974355,291.9532,0.03742989743589743,2.037928
4,0.032,566.4514,7.262197435897437,291.1283,0.03732414102564103,2.032275
4,0.03225,561.8459,7.203152564102565,290.0896,0.03719097435897436,2.026268
4,0.0325,558.0953,7.155067948717948,288.8244,0.03702876923076923,2.020023
4,0.03275,553.4093,7.094991025641026,288.0097,0.03692432051282051,2.013355
4,0.033,549.0023,7.038491025641026,286.5615,0.036738653846153844,2.006237
4,0.03325,544.4155,6.979685897435896,285.5978,0.03661510256410257,1.998965
4,0.0335,539.3111,6.914244871794872,284.1628,0.036431128205128206,1.991553
4,0.03375,534.2827,6.849778205128205,283.4604,0.03634107692307693,1.983764
4,0.034,529.0284,6.782415384615385,281.9723,0.03615029487179487,1.975588
4,0.03425,523.7938,6.715305128205128,280.7569,0.035994474358974356,1.967268
4,0.0345,518.4493,6.646785897435897,278.9562,0.03576361538461539,1.958819
4,0.03475,512.3659,6.56879358974359,278.2022,0.03566694871794872,1.950073
4,0.035,506.5418,6.494125641025641,276.6766,0.03547135897435897,1.940979
4,0.03525,500.8392,6.421015384615385,275.4091,0.03530885897435898,1.931674
4,0.0355,494.7208,6.342574358974359,273.9832,0.035126051282051284,1.922213
4,0.03575,488.454,6.2622307692307695,272.669,0.0349575641025641,1.912468
4,0.036,481.9785,6.179211538461538,271.3803,0.03479234615384615,1.902356
4,0.03625,475.5704,6.09705641025641,269.6772,0.034574,1.891963
4,0.0365,469.2008,6.015394871794872,268.0155,0.034360961538461535,1.881331
4,0.03675,462.4893,5.92935,266.4476,0.034159948717948724,1.870335
4,0.037,456.105,5.8475,264.9303,0.033965423076923074,1.858882
4,0.03725,449.3292,5.760630769230769,263.1737,0.03374021794871795,1.847139
4,0.0375,442.1629,5.668755128205128,261.1234,0.033477358974358974,1.835188
4,0.03775,435.2533,5.580170512820513,259.7743,0.033304397435897436,1.822856
4,0.038,428.0029,5.487216666666667,258.2367,0.03310726923076923,1.810113
4,0.03825,420.7363,5.394055128205128,256.4743,0.03288132051282052,1.797132
4,0.0385,413.8886,5.306264102564103,254.2467,0.03259573076923077,1.783911
4,0.03875,406.3424,5.209517948717949,252.0058,0.0323084358974359,1.770314
4,0.039,398.2527,5.105803846153846,250.1876,0.03207533333333333,1.75641
4,0.03925,390.8296,5.010635897435898,247.8534,0.03177607692307693,1.742273
4,0.0395,383.3893,4.915247435897436,245.7509,0.03150652564102564,1.727828
4,0.03975,375.3194,4.811787179487179,243.4982,0.031217717948717947,1.713007
4,0.04,367.722,4.714384615384615,241.5322,0.030965666666666666,1.697826
4,0.04025,359.5316,4.6093794871794875,238.9046,0.03062879487179487,1.682469
4,0.0405,351.8056,4.510328205128205,236.2256,0.030285333333333334,1.66691
4,0.04075,343.7468,4.407010256410256,233.9334,0.029991461538461543,1.650936
4,0.041,335.1502,4.296797435897436,231.6167,0.029694448717948716,1.634621
4,0.04125,326.9871,4.192142307692308,229.0552,0.029366051282051282,1.618105
4,0.0415,319.0154,4.089941025641026,226.138,0.028992051282051283,1.601348
4,0.04175,310.0997,3.975637179487179,223.8077,0.02869329487179487,1.58432
4,0.042,301.5,3.8653846153846154,221.5436,0.02840302564102564,1.567012
4,0.04225,292.446,3.749307692307693,219.0203,0.02807952564102564,1.549467
4,0.0425,283.7258,3.6375102564102564,216.1811,0.027715525641025637,1.531711
4,0.04275,274.3061,3.516744871794872,213.6612,0.02739246153846154,1.51363
4,0.043,265.5468,3.404446153846154,211.0022,0.027051564102564103,1.495255
4,0.04325,256.6367,3.2902141025641027,207.9595,0.026661474358974358,1.476627
4,0.0435,247.6237,3.174662820512821,205.2948,0.026319846153846155,1.457657
4,0.04375,238.5889,3.0588320512820513,202.4635,0.025956858974358975,1.438429
4,0.044,229.2275,2.9388141025641024,200.0888,0.025652410256410255,1.418812
4,0.04425,220.2575,2.8238141025641026,197.0114,0.025257871794871795,1.398777
4,0.0445,210.9928,2.7050358974358972,193.7084,0.024834410256410255,1.378527
4,0.04475,201.9333,2.588888461538462,190.7289,0.02445242307692308,1.357855
4,0.045,193.3275,2.478557692307692,187.7502,0.024070538461538463,1.3367
4,0.04525,183.1936,2.3486358974358974,184.5959,0.023666141025641026,1.315271
4,0.0455,173.8069,2.22829358974359,180.6987,0.0231665,1.29358
4,0.04575,164.375,2.1073717948717947,177.7606,0.022789820512820514,1.271497
4,0.046,155.3438,1.9915871794871793,174.8748,0.02241984615384615,1.248943
4,0.04625,145.6597,1.867432051282051,171.6254,0.02200325641025641,1.226177
4,0.0465,136.3494,1.748069230769231,167.9248,0.021528820512820516,1.203249
4,0.04675,126.8269,1.6259858974358974,164.6444,0.021108256410256408,1.179947
4,0.047,117.0091,1.5001166666666668,161.5244,0.020708256410256413,1.156328
4,0.04725,107.0464,1.3723897435897436,158.0658,0.020264846153846154,1.132462
4,0.0475,98.07652,1.257391282051282,154.5318,0.01981176923076923,1.108372
4,0.04775,87.8125,1.125801282051282,151.4699,0.019419217948717947,1.083981
4,0.048,77.91468,0.9989061538461539,148.3589,0.019020371794871795,1.059285
4,0.04825,68.08219,0.8728485897435897,145.2379,0.01862024358974359,1.034344
4,0.0485,58.57437,0.7509534615384615,141.5911,0.01815270512820513,1.009122
4,0.04875,48.50434,0.6218505128205127,138.4089,0.01774473076923077,0.9835873
4,0.049,38.37505,0.49198782051282053,135.213,0.017335,0.9577029
4,0.04925,28.85608,0.36994974358974353,131.7215,0.016887371794871795,0.9315207
4,0.0495,19.06412,0.24441179487179485,128.4105,0.01646288461538462,0.905102
4,0.04975,9.131852,0.11707502564102565,125.1346,0.016042897435897437,0.8783969
4,0.05,-0.6104777,-0.00782663717948718,121.5567,0.015584192307692308,0.8512593
4,0.05025,-10.62023,-0.13615679487179486,118.4777,0.015189448717948717,0.8237953
4,0.0505,-20.31901,-0.2605001282051282,114.9758,0.014740487179487179,0.7960699
4,0.05075,-30.1677,-0.3867653846153846,111.905,0.014346794871794872,0.7679517
4,0.051,-39.49471,-0.5063424358974359,108.5023,0.013910551282051282,0.7394968
4,0.05125,-50.03628,-0.6414907692307692,104.9983,0.013461320512820512,0.7107813
4,0.0515,-59.5512,-0.763476923076923,101.7201,0.013041038461538462,0.681891
4,0.05175,-68.92632,-0.8836707692307694,98.28989,0.012601267948717949,0.6528155
4,0.052,-78.85504,-1.0109620512820514,95.13069,0.012196242307692307,0.6234456
4,0.05225,-88.30361,-1.1320975641025641,91.51891,0.01173319358974359,0.59383
4,0.0525,-97.54198,-1.2505382051282052,88.45245,0.011340057692307691,0.5641329
4,0.05275,-107.6439,-1.38005,84.96244,0.010892620512820514,0.5343006
4,0.053,-116.9066,-1.498802564102564,81.70833,0.010475426923076923,0.5041586
4,0.05325,-126.2984,-1.6192102564102566,78.14518,0.01001861282051282,0.4737787
4,0.0535,-135.8422,-1.7415666666666667,74.76282,0.009584976923076924,0.4432145
4,0.05375,-145.3703,-1.8637217948717946,71.08222,0.00911310512820513,0.4123814
4,0.054,-154.8807,-1.98565,67.69182,0.008678438461538462,0.3811766
4,0.05425,-164.6625,-2.1110576923076922,63.6606,0.008161615384615385,0.3496251
4,0.0545,-173.8806,-2.2292384615384613,59.97352,0.007688912820512821,0.3177899
4,0.05475,-183.3292,-2.350374358974359,56.5092,0.007244769230769232,0.2856173
4,0.055,-193.0026,-2.474392307692308,53.10783,0.006808696153846153,0.2530443
4,0.05525,-202.8073,-2.6000935897435897,49.20446,0.006308264102564102,0.2201359
4,0.0555,-211.5275,-2.711891025641026,45.41953,0.005823016666666667,0.1869637
4,0.05575,-221.0804,-2.834364102564103,42.04404,0.005390261538461539,0.1535136
4,0.056,-229.8158,-2.94635641025641,38.26166,0.0049053410256410255,0.1198152
4,0.05625,-239.4579,-3.069973076923077,34.22848,0.004388266666666666,0.08587032
4,0.0565,-248.2419,-3.182588461538461,29.98451,0.0038441679487179487,0.05178429
4,0.05675,-257.2458,-3.2980230769230765,26.67667,0.003420085897435898,0.01749587
4,0.057,-266.3596,-3.4148666666666667,23.09861,0.0029613602564102564,-0.01703668
4,0.05725,-274.8671,-3.5239371794871794,19.26054,0.0024693,-0.05166008
4,0.0575,-283.5579,-3.6353576923076925,15.40169,0.001974575641025641,-0.0863547
4,0.05775,-292.0508,-3.7442410256410255,11.18987,0.001434598717948718,-0.121164
4,0.058,-300.7791,-3.856142307692308,8.148322,0.0010446566666666667,-0.1561357
4,0.05825,-309.3165,-3.965596153846154,4.207698,0.0005394484615384615,-0.1912339
4,0.0585,-317.4806,-4.070264102564102,0.5204227,6.672085897435898e-05,-0.2263515
4,0.05875,-326.2302,-4.182438461538461,-3.173324,-0.0004068364102564102,-0.2616003
4,0.059,-334.4748,-4.288138461538462,-6.555679,-0.0008404716666666666,-0.2970782
4,0.05925,-343.0087,-4.397547435897435,-10.37885,-0.0013306217948717948,-0.3326241
4,0.0595,-350.3315,-4.491429487179487,-14.07024,-0.0018038769230769229,-0.3681108
4,0.05975,-358.5336,-4.596584615384615,-17.84889,-0.002288319230769231,-0.4036369
4,0.06,-366.6759,-4.700973076923077,-21.05339,-0.0026991525641025644,-0.4392839
4,0.06025,-374.1852,-4.797246153846154,-24.44222,-0.003133617948717949,-0.4749669
4,0.0605,-382.2171,-4.900219230769231,-28.41892,-0.003643451282051282,-0.5105668
4,0.06075,-389.823,-4.997730769230769,-31.75304,-0.004070902564102564,-0.546157
4,0.061,-397.5343,-5.0965935897435894,-35.48483,-0.00454933717948718,-0.5817706
4,0.06125,-404.1709,-5.181678205128205,-38.60854,-0.0049498128205128205,-0.6173092
4,0.0615,-411.9723,-5.281696153846154,-42.08267,-0.005395214102564103,-0.6527513
4,0.06175,-419.5271,-5.378552564102565,-45.69504,-0.005858338461538461,-0.6882362
4,0.062,-426.5861,-5.469052564102564,-48.80522,-0.0062570794871794864,-0.7238605
4,0.06225,-434.0867,-5.565214102564103,-52.26033,-0.006700042307692308,-0.7594374
4,0.0625,-441.2034,-5.656453846153846,-55.96701,-0.007175257692307693,-0.7949453
4,0.06275,-447.8885,-5.742160256410257,-59.22171,-0.0075925269230769235,-0.8305555
4,0.063,-455.5269,-5.840088461538462,-62.47151,-0.008009167948717949,-0.866189
4,0.06325,-461.9451,-5.922373076923077,-65.61425,-0.008412083333333332,-0.9016271
4,0.0635,-468.6222,-6.0079769230769235,-69.09975,-0.008858942307692307,-0.9368385
4,0.06375,-474.379,-6.081782051282052,-73.05645,-0.009366211538461539,-0.971886
4,0.064,-481.1715,-6.168865384615385,-76.03309,-0.009747832051282051,-1.006794
4,0.06425,-487.4125,-6.2488782051282055,-79.33486,-0.010171135897435898,-1.041346
4,0.0645,-493.2346,-6.3235205128205125,-82.93762,-0.010633028205128205,-1.075403
4,0.06475,-499.0637,-6.398252564102564,-86.168,-0.011047179487179488,-1.109051
4,0.065,-504.9603,-6.4738500000000005,-88.93287,-0.01140165,-1.142343
4,0.06525,-510.163,-6.5405512820512826,-92.19051,-0.011819296153846155,-1.175176
4,0.0655,-516.2408,-6.6184717948717955,-95.51208,-0.012245138461538461,-1.20749
4,0.06575,-521.2617,-6.682842307692308,-98.43225,-0.01261951923076923,-1.239386
4,0.066,-526.6548,-6.7519846153846155,-101.5297,-0.013016628205128207,-1.270852
4,0.06625,-531.3545,-6.812237179487179,-103.9243,-0.013323628205128205,-1.301854
4,0.0665,-536.701,-6.8807820512820514,-106.7539,-0.013686397435897437,-1.332374
4,0.06675,-541.341,-6.94026923076923,-109.5766,-0.014048282051282052,-1.36251
4,0.067,-546.0771,-7.000988461538461,-112.0603,-0.014366705128205128,-1.392296
4,0.06725,-551.1334,-7.0658128205128214,-114.5683,-0.01468824358974359,-1.421591
4,0.0675,-555.7369,-7.124832051282051,-117.281,-0.01503602564102564,-1.450362
4,0.06775,-559.9251,-7.178526923076924,-119.7086,-0.015347256410256409,-1.478746
4,0.068,-563.9279,-7.229844871794873,-122.4843,-0.015703115384615385,-1.506746
4,0.06825,-568.2133,-7.284785897435897,-124.4346,-0.015953153846153846,-1.534177
4,0.0685,-571.9871,-7.333167948717949,-127.1143,-0.01629670512820513,-1.560983
4,0.06875,-576.0542,-7.385310256410256,-129.3384,-0.016581846153846155,-1.587265
4,0.069,-579.2142,-7.425823076923077,-131.2879,-0.01683178205128205,-1.612973
4,0.06925,-582.7566,-7.471238461538463,-133.7145,-0.017142884615384612,-1.63798
4,0.0695,-586.4423,-7.518491025641027,-135.7193,-0.017399910256410255,-1.662334
4,0.06975,-589.6373,-7.559452564102564,-138.0648,-0.017700615384615384,-1.686191
4,0.07,-592.9847,-7.602367948717949,-139.6357,-0.017902012820512823,-1.709494
4,0.07025,-595.977,-7.640730769230768,-141.4162,-0.018130282051282053,-1.732051
4,0.0705,-598.6153,-7.674555128205129,-143.2035,-0.018359423076923075,-1.753923
4,0.07075,-601.0713,-7.706042307692307,-144.9787,-0.01858701282051282,-1.775257
4,0.071,-603.4042,-7.735951282051281,-146.4925,-0.018781089743589743,-1.795978
4,0.07125,-606.2836,-7.772866666666666,-147.8354,-0.01895325641025641,-1.815963
4,0.0715,-608.3227,-7.799008974358975,-149.66,-0.019187179487179486,-1.835199
4,0.07175,-610.0473,-7.82111923076923,-151.4193,-0.01941273076923077,-1.853634
4,0.072,-612.0246,-7.84646923076923,-152.6225,-0.01956698717948718,-1.87137
4,0.07225,-613.5948,-7.866599999999999,-153.8006,-0.019718025641025642,-1.888358
4,0.0725,-615.4814,-7.89078717948718,-154.8264,-0.019849538461538464,-1.904379
4,0.07275,-616.5805,-7.904878205128205,-156.09,-0.020011538461538463,-1.919521
4,0.073,-617.1685,-7.912416666666667,-157.0518,-0.020134846153846152,-1.933954
4,0.07325,-618.3654,-7.92776153846154,-157.9967,-0.02025598717948718,-1.947627
4,0.0735,-619.0851,-7.936988461538462,-159.0237,-0.020387653846153847,-1.960495
4,0.07375,-619.8327,-7.946573076923078,-159.6406,-0.02046674358974359,-1.972625
4,0.074,-620.5225,-7.955416666666667,-160.6951,-0.020601935897435898,-1.984073
4,0.07425,-621.0346,-7.9619820512820505,-161.0477,-0.020647141025641025,-1.994849
4,0.0745,-621.5071,-7.968039743589744,-161.8415,-0.020748910256410256,-2.004926
4,0.07475,-621.7665,-7.971365384615384,-162.7558,-0.020866128205128207,-2.014431
4,0.075,-621.3268,-7.9657282051282055,-163.4961,-0.02096103846153846,-2.023374
4,0.07525,-622.1306,-7.976033333333333,-163.8888,-0.021011384615384616,-2.031615
4,0.0755,-621.6885,-7.970365384615385,-164.4834,-0.021087615384615385,-2.039179
4,0.07575,-621.8313,-7.972196153846155,-165.1507,-0.021173166666666667,-2.046144
4,0.076,-620.987,-7.961371794871794,-165.5133,-0.021219653846153843,-2.052501
4,0.07625,-620.5033,-7.955170512820512,-166.0601,-0.021289756410256412,-2.058181
4,0.0765,-619.1874,-7.9383,-166.236,-0.021312307692307693,-2.063107
4,0.07675,-618.1025,-7.924391025641025,-166.7645,-0.021380064102564104,-2.067409
4,0.077,-617.1807,-7.912573076923077,-166.8459,-0.0213905,-2.071148
4,0.07725,-615.6146,-7.892494871794872,-167.1286,-0.02142674358974359,-2.074186
4,0.0775,-613.9949,-7.871729487179487,-166.7861,-0.021382833333333334,-2.076532
4,0.07775,-612.6699,-7.854742307692308,-167.1228,-0.021426000000000004,-2.078281
4,0.078,-610.5528,-7.8276,-167.2673,-0.02144452564102564,-2.079466
4,0.07825,-608.3835,-7.799788461538462,-166.952,-0.021404102564102565,-2.080072
4,0.0785,-606.3737,-7.7740217948717945,-166.9324,-0.021401589743589744,-2.080063
4,0.07875,-604.089,-7.744730769230769,-166.6339,-0.021363320512820513,-2.079524
4,0.079,-601.6077,-7.712919230769231,-166.7288,-0.02137548717948718,-2.078646
4,0.07925,-599.4146,-7.684802564102563,-166.3343,-0.021324910256410257,-2.077263
4,0.0795,-596.7545,-7.650698717948718,-165.9968,-0.021281641025641024,-2.075187
4,0.07975,-593.3559,-7.607126923076923,-165.7307,-0.021247525641025642,-2.072671
4,0.08,-590.3884,-7.569082051282052,-165.5129,-0.021219602564102564,-2.069838
4,0.08025,-587.0993,-7.526914102564102,-165.4072,-0.02120605128205128,-2.066528
4,0.0805,-583.8689,-7.485498717948719,-164.7265,-0.02111878205128205,-2.062655
4,0.08075,-580.1512,-7.437835897435898,-163.9518,-0.021019461538461535,-2.058376
4,0.081,-576.5491,-7.3916551282051275,-163.5767,-0.020971371794871792,-2.053772
4,0.08125,-573.2275,-7.3490705128205125,-163.39,-0.020947435897435897,-2.048794
4,0.0815,-568.9776,-7.294584615384616,-162.399,-0.020820384615384616,-2.043395
4,0.08175,-565.0822,-7.24464358974359,-161.665,-0.02072628205128205,-2.037712
4,0.082,-561.1959,-7.194819230769232,-160.7691,-0.02061142307692308,-2.031813
4,0.08225,-556.7342,-7.137617948717949,-160.3812,-0.02056169230769231,-2.025554
4,0.0825,-552.3738,-7.081715384615384,-159.4133,-0.020437602564102562,-2.018998
4,0.08275,-548.3655,-7.030326923076923,-158.5264,-0.020323897435897433,-2.012257
4,0.083,-544.0365,-6.9748269230769235,-157.7279,-0.020221525641025643,-2.005257
4,0.08325,-538.9959,-6.910203846153846,-156.942,-0.02012076923076923,-1.997838
4,0.0835,-534.0936,-6.847353846153847,-156.6468,-0.020082923076923078,-1.989988
4,0.08375,-529.2662,-6.785464102564103,-154.8985,-0.019858782051282053,-1.981939
4,0.084,-523.7531,-6.714783333333334,-153.87,-0.019726923076923076,-1.97366
4,0.08425,-518.6092,-6.648835897435897,-153.291,-0.019652692307692305,-1.964909
4,0.0845,-512.8155,-6.574557692307693,-152.3864,-0.01953671794871795,-1.955628
4,0.08475,-507.12,-6.501538461538462,-150.6653,-0.0193160641025641,-1.946045
4,0.085,-501.2341,-6.426078205128205,-149.2896,-0.01913969230769231,-1.936256
4,0.08525,-495.4646,-6.352110256410256,-148.0352,-0.018978871794871795,-1.926033
4,0.0855,-489.4389,-6.274857692307693,-147.2051,-0.018872448717948714,-1.915397
4,0.08575,-483.1402,-6.194105128205129,-145.3336,-0.01863251282051282,-1.90447
4,0.086,-476.7904,-6.112697435897436,-143.638,-0.018415128205128205,-1.893312
4,0.08625,-470.2769,-6.029191025641025,-142.2989,-0.01824344871794872,-1.881826
4,0.0865,-463.7315,-5.94527564102564,-140.9398,-0.018069205128205125,-1.869923
4,0.08675,-457.329,-5.863192307692308,-139.1999,-0.017846141025641027,-1.85782
4,0.087,-450.6985,-5.778185897435898,-137.3938,-0.017614589743589742,-1.845536
4,0.08725,-444.5016,-5.698738461538461,-136.0464,-0.017441846153846155,-1.832874
4,0.0875,-436.9185,-5.60151923076923,-134.3273,-0.017221448717948718,-1.819862
4,0.08775,-429.9988,-5.5128051282051285,-132.6329,-0.017004217948717947,-1.806629
4,0.088,-423.1612,-5.425143589743589,-130.2341,-0.016696679487179487,-1.793198
4,0.08825,-415.5522,-5.327592307692308,-128.3948,-0.016460871794871795,-1.779394
4,0.0885,-408.2415,-5.233865384615384,-126.9086,-0.016270333333333335,-1.765154
4,0.08875,-400.711,-5.137320512820513,-124.6222,-0.01597720512820513,-1.750689
4,0.089,-393.6404,-5.046671794871795,-122.3839,-0.01569024358974359,-1.736003
4,0.08925,-385.6349,-4.94403717948718,-119.9041,-0.015372320512820512,-1.720875
4,0.0895,-378.0451,-4.846732051282052,-118.1571,-0.015148346153846153,-1.705353
4,0.08975,-369.882,-4.742076923076923,-115.5227,-0.014810602564102564,-1.689654
4,0.09,-362.5425,-4.647980769230769,-113.2382,-0.014517717948717947,-1.673734
4,0.09025,-354.4635,-4.5444038461538465,-110.9426,-0.014223410256410256,-1.657398
4,0.0905,-346.3429,-4.4402935897435905,-108.887,-0.013959871794871796,-1.640701
4,0.09075,-338.2284,-4.336261538461539,-106.508,-0.013654871794871796,-1.623716
4,0.091,-330.0927,-4.231957692307692,-103.4929,-0.013268320512820514,-1.60648
4,0.09125,-322.1236,-4.129789743589744,-100.9683,-0.012944653846153845,-1.588936
4,0.0915,-313.842,-4.023615384615384,-98.63599,-0.012645639743589746,-1.570994
4,0.09175,-304.6239,-3.9054346153846153,-96.16487,-0.012328829487179485,-1.552689
4,0.092,-296.1807,-3.7971884615384615,-93.45784,-0.01198177435897436,-1.53408
4,0.09225,-287.4807,-3.68565,-90.36237,-0.011584919230769231,-1.515136
4,0.0925,-278.492,-3.570410256410257,-87.94674,-0.011275223076923076,-1.495682
4,0.09275,-269.6583,-3.457157692307692,-84.72223,-0.010861824358974358,-1.475833
4,0.093,-260.6681,-3.3418987179487174,-81.7699,-0.010483320512820514,-1.455723
4,0.09325,-251.4044,-3.2231333333333336,-78.826,-0.010105897435897435,-1.43523
4,0.0935,-242.6948,-3.111471794871795,-75.95603,-0.009737952564102564,-1.414395
4,0.09375,-232.9297,-2.986278205128205,-73.12214,-0.009374633333333333,-1.393327
4,0.094,-223.6979,-2.867921794871795,-69.80783,-0.008949721794871794,-1.372028
4,0.09425,-214.8977,-2.755098717948718,-66.99609,-0.008589242307692308,-1.350489
4,0.0945,-206.0888,-2.6421641025641023,-64.55379,-0.008276126923076924,-1.328653
4,0.09475,-196.6651,-2.521347435897436,-61.53911,-0.007889629487179486,-1.306692
4,0.095,-187.4758,-2.4035358974358974,-58.43951,-0.007492244871794872,-1.284594
4,0.09525,-177.9756,-2.281738461538461,-55.53365,-0.007119698717948718,-1.262086
4,0.0955,-168.7874,-2.1639410256410256,-53.27195,-0.006829737179487178,-1.23925
4,0.09575,-159.4801,-2.0446166666666667,-50.10628,-0.00642388205128205,-1.216193
4,0.096,-150.422,-1.9284871794871794,-46.9006,-0.006012897435897435,-1.192907
4,0.09625,-140.275,-1.798397435897436,-43.79218,-0.005614382051282052,-1.169344
4,0.0965,-131.2058,-1.6821256410256413,-41.35145,-0.005301467948717949,-1.145362
4,0.09675,-120.9104,-1.5501333333333331,-38.05812,-0.004879246153846154,-1.12108
4,0.097,-112.1638,-1.437997435897436,-34.69086,-0.004447546153846154,-1.096636
4,0.09725,-101.8036,-1.305174358974359,-31.58597,-0.004049483333333333,-1.071816
4,0.0975,-91.86119,-1.177707564102564,-28.44285,-0.003646519230769231,-1.046556
4,0.09775,-82.48151,-1.0574552564102564,-25.39835,-0.003256198717948718,-1.020984
4,0.098,-72.51784,-0.9297158974358976,-21.8254,-0.0027981282051282048,-0.995194
4,0.09825,-63.10371,-0.809021923076923,-18.95229,-0.0024297807692307692,-0.9690934
4,0.0985,-53.38367,-0.6844060256410256,-15.96113,-0.002046298717948718,-0.9426211
4,0.09875,-43.27363,-0.5547901282051282,-12.54309,-0.0016080884615384615,-0.9158673
4,0.099,-33.52421,-0.4297975641025641,-9.200148,-0.001179506153846154,-0.888935
4,0.09925,-23.49926,-0.3012725641025641,-5.805831,-0.0007443373076923078,-0.8617527
4,0.0995,-13.40998,-0.17192282051282048,-2.203267,-0.0002824701282051282,-0.8341078
4,0.09975,-4.108802,-0.052676948717948716,0.7214149,9.248908974358974e-05,-0.8061337
4,0.1,4.397186,0.05637417948717948,4.224562,0.0005416105128205128,-0.7818704
5,0.0,4.488184,0.057540820512820515,0.0,0.0,-1.039397
5,0.00025,15.36522,0.19699,4.111614,0.0005271300000000001,-1.004444
5,0.0005,27.60049,0.35385243589743587,7.83144,0.0010040307692307693,-0.9690847
5,0.00075,38.89066,0.49859820512820513,12.0509,0.0015449871794871795,-0.933387
5,0.001,49.77462,0.6381361538461537,16.01486,0.0020531871794871796,-0.8973178
5,0.00125,60.75734,0.7789402564102564,20.30511,0.0026032192307692305,-0.8607524
5,0.0015,71.52987,0.9170496153846155,24.66988,0.0031628051282051282,-0.8237333
5,0.00175,82.35609,1.0558473076923076,28.4852,0.0036519487179487173,-0.7863953
5,0.002,93.05619,1.193028076923077,32.8833,0.004215807692307692,-0.7486861
5,0.00225,104.1078,1.3347153846153847,37.12414,0.004759505128205128,-0.7104827
5,0.0025,114.5769,1.4689346153846154,41.57401,0.0053300012820512825,-0.6718085
5,0.00275,126.2429,1.618498717948718,45.78171,0.00586945,-0.6326286
5,0.003,137.1233,1.7579910256410256,50.15432,0.006430041025641026,-0.5931127
5,0.00325,148.178,1.8997179487179487,54.48183,0.006984850000000001,-0.5533174
5,0.0035,159.337,2.042782051282051,59.15857,0.007584432051282051,-0.5130596
5,0.00375,170.0487,2.180111538461538,63.51412,0.008142835897435897,-0.4723736
5,0.004,180.6176,2.3156102564102565,67.79104,0.008691158974358973,-0.4313609
5,0.00425,191.5563,2.45585,72.08855,0.009242121794871794,-0.3899756
5,0.0045,202.4468,2.595471794871795,76.28409,0.00978001153846154,-0.3482253
5,0.00475,212.841,2.7287307692307694,80.70827,0.010347214102564102,-0.3062139
5,0.005,222.8953,2.8576320512820512,85.18108,0.010920651282051282,-0.2640076
5,0.00525,233.6182,2.995105128205128,89.72488,0.011503189743589744,-0.2216457
5,0.0055,244.2804,3.1317999999999997,93.98925,0.012049903846153846,-0.179182
5,0.00575,254.2329,3.2593961538461538,98.34421,0.012608232051282052,-0.1366801
5,0.006,264.6661,3.3931551282051275,102.8251,0.01318270512820513,-0.09415725
5,0.00625,275.1985,3.5281858974358977,107.0488,0.013724205128205129,-0.05162034
5,0.0065,284.7261,3.6503346153846152,111.8619,0.01434126923076923,-0.00907365
5,0.00675,294.3803,3.77410641025641,116.6935,0.014960705128205128,0.03347544
5,0.007,304.6985,3.906391025641026,121.2461,0.015544371794871795,0.07602581
5,0.00725,314.4839,4.031844871794871,125.659,0.016110128205128207,0.1185767
5,0.0075,324.5721,4.16118076923077,130.3279,0.016708705128205128,0.1611277
5,0.00775,334.3221,4.28618076923077,135.4621,0.017366935897435896,0.2036786
5,0.008,344.1378,4.412023076923077,139.7896,0.01792174358974359,0.2462295
5,0.00825,353.7905,4.535775641025642,144.384,0.01851076923076923,0.2887804
5,0.0085,363.4564,4.659697435897436,148.7807,0.01907444871794872,0.3313313
5,0.00875,372.9125,4.780929487179487,153.8212,0.019720666666666668,0.3738823
5,0.009,382.1686,4.899597435897436,158.6405,0.020338525641025642,0.4164332
5,0.00925,390.9927,5.012726923076923,163.1017,0.02091047435897436,0.4589841
5,0.0095,400.4073,5.133426923076923,167.2757,0.021445602564102564,0.501535
5,0.00975,409.6153,5.251478205128206,172.3803,0.022100038461538463,0.5440859
5,0.01,418.9479,5.371126923076923,177.3312,0.02273476923076923,0.5866369
5,0.01025,427.3663,5.479055128205128,181.6928,0.02329394871794872,0.6291878
5,0.0105,436.28,5.593333333333333,186.19,0.02387051282051282,0.6717387
5,0.01075,444.7044,5.701338461538462,190.3794,0.024407615384615385,0.7142896
5,0.011,453.8547,5.81865,195.4205,0.02505391025641026,0.7568405
5,0.01125,462.2193,5.925888461538461,199.9174,0.025630435897435896,0.7993915
5,0.0115,470.2908,6.029369230769231,203.9724,0.02615030769230769,0.8419424
5,0.01175,478.8905,6.139621794871795,208.5693,0.026739653846153847,0.8844933
5,0.012,487.0064,6.243671794871795,212.8735,0.027291474358974364,0.9270442
5,0.01225,495.1675,6.348301282051282,217.3622,0.027866948717948717,0.9695951
5,0.0125,502.658,6.444333333333334,221.793,0.028435,1.012146
5,0.01275,509.4941,6.5319756410256415,225.6925,0.0289349358974359,1.054697
5,0.013,517.9509,6.6403961538461544,229.987,0.029485512820512823,1.097246
5,0.01325,524.7359,6.727383333333333,233.9881,0.029998474358974358,1.139795
5,0.0135,531.9442,6.819797435897436,237.9422,0.030505410256410258,1.182338
5,0.01375,539.0098,6.910382051282052,241.8275,0.031003525641025636,1.22483
5,0.014,546.015,7.000192307692307,245.9868,0.03153676923076923,1.267166
5,0.01425,552.5062,7.083412820512821,250.097,0.03206371794871795,1.309345
5,0.0145,559.1184,7.1681846153846145,254.1761,0.032586679487179485,1.351406
5,0.01475,565.9039,7.255178205128205,258.1216,0.03309251282051282,1.393228
5,0.015,572.7881,7.3434371794871796,261.4673,0.033521448717948724,1.43472
5,0.01525,578.9546,7.422494871794872,265.2868,0.03401112820512821,1.475813
5,0.0155,585.4144,7.50531282051282,269.177,0.0345098717948718,1.516409
5,0.01575,591.9805,7.58949358974359,273.4298,0.03505510256410257,1.55643
5,0.016,597.5564,7.660979487179487,276.7014,0.03547453846153846,1.595883
5,0.01625,603.8055,7.741096153846154,280.3241,0.03593898717948718,1.634837
5,0.0165,609.5207,7.8143679487179485,283.9131,0.036399115384615384,1.673241
5,0.01675,615.3677,7.889329487179487,287.5149,0.03686088461538462,1.710935
5,0.017,620.4042,7.9539,290.7602,0.03727694871794872,1.747968
5,0.01725,625.9452,8.024938461538461,294.1047,0.03770573076923076,1.784463
5,0.0175,630.6864,8.085723076923077,297.4369,0.038132935897435896,1.820281
5,0.01775,635.4976,8.14740512820513,300.973,0.038586282051282055,1.855286
5,0.018,639.9972,8.205092307692308,303.9512,0.03896810256410256,1.889484
5,0.01825,644.4852,8.26263076923077,306.7029,0.03932088461538461,1.922943
5,0.0185,649.2452,8.32365641025641,309.6333,0.039696576923076925,1.955718
5,0.01875,652.8155,8.369429487179488,312.937,0.04012012820512821,1.987711
5,0.019,657.4716,8.429123076923076,315.4709,0.04044498717948718,2.018829
5,0.01925,661.2121,8.477078205128205,318.5189,0.040835756410256406,2.049193
5,0.0195,665.2331,8.528629487179487,320.6263,0.0411059358974359,2.078809
5,0.01975,668.7056,8.573148717948717,323.2513,0.04144247435897436,2.107537
5,0.02,672.055,8.616089743589741,325.9131,0.04178373076923077,2.135432
5,0.02025,675.3816,8.658738461538462,328.5758,0.04212510256410256,2.162487
5,0.0205,678.4889,8.69857564102564,330.6575,0.04239198717948718,2.188682
5,0.02075,681.5573,8.737914102564103,332.9813,0.04268991025641025,2.214032
5,0.021,684.1226,8.770802564102565,335.5542,0.04301976923076923,2.238446
5,0.02125,686.9569,8.807139743589744,337.6326,0.04328623076923077,2.262006
5,0.0215,688.9576,8.832789743589743,339.2054,0.04348787179487179,2.284768
5,0.02175,691.2976,8.862789743589744,341.3938,0.0437684358974359,2.306613
5,0.022,692.8064,8.882133333333334,343.588,0.04404974358974359,2.327536
5,0.02225,694.8562,8.90841282051282,345.436,0.04428666666666666,2.347633
5,0.0225,697.3111,8.939885897435897,346.9319,0.04447844871794872,2.366954
5,0.02275,698.8412,8.959502564102564,348.9176,0.04473302564102564,2.385377
5,0.023,700.2741,8.977873076923077,350.6751,0.044958346153846154,2.40282
5,0.02325,701.4572,8.993041025641025,352.1568,0.04514830769230769,2.419415
5,0.0235,703.1499,9.014742307692307,353.3119,0.04529639743589743,2.435164
5,0.02375,703.9593,9.025119230769231,354.992,0.045511794871794874,2.45001
5,0.024,705.0477,9.039073076923076,356.3509,0.04568601282051282,2.463957
5,0.02425,705.2969,9.042267948717951,357.6949,0.045858320512820516,2.477047
5,0.0245,706.1767,9.053547435897435,358.616,0.045976410256410256,2.489311
5,0.02475,706.201,9.053858974358974,359.6543,0.04610952564102564,2.500704
5,0.025,706.2263,9.054183333333334,360.3284,0.046195948717948715,2.511222
5,0.02525,705.7827,9.048496153846154,360.9775,0.04627916666666667,2.520938
5,0.0255,705.4909,9.044755128205129,361.7791,0.0463819358974359,2.529918
5,0.02575,704.8467,9.036496153846153,362.5382,0.046479256410256416,2.53803
5,0.026,704.2146,9.028392307692307,363.0268,0.046541897435897435,2.545246
5,0.02625,703.5364,9.019697435897434,363.447,0.04659576923076923,2.551741
5,0.0265,702.4292,9.005502564102564,363.9998,0.046666641025641026,2.557587
5,0.02675,701.0931,8.988373076923077,364.4818,0.0467284358974359,2.562607
5,0.027,699.5554,8.968658974358974,364.5483,0.04673696153846154,2.566798
5,0.02725,697.8414,8.946684615384616,364.4769,0.046727807692307693,2.570383
5,0.0275,696.3493,8.927555128205128,364.6367,0.046748294871794875,2.573327
5,0.02775,694.7219,8.906691025641026,364.8318,0.04677330769230769,2.575568
5,0.028,692.6691,8.880373076923076,364.8361,0.04677385897435897,2.577215
5,0.02825,690.5115,8.852711538461538,364.5436,0.04673635897435898,2.578224
5,0.0285,688.0682,8.821387179487179,364.1155,0.04668147435897436,2.578586
5,0.02875,685.4719,8.788101282051283,364.0659,0.046675115384615384,2.578343
5,0.029,682.5794,8.751017948717948,363.9931,0.04666578205128205,2.577506
5,0.02925,679.4498,8.71089487179487,363.3953,0.04658914102564103,2.576176
5,0.0295,676.699,8.675628205128206,362.7699,0.04650896153846154,2.574355
5,0.02975,673.4615,8.634121794871795,362.3991,0.046461423076923074,2.571977
5,0.03,670.3871,8.59470641025641,362.5348,0.04647882051282052,2.569011
5,0.03025,666.7992,8.548707692307692,361.7797,0.04638201282051282,2.565596
5,0.0305,663.6331,8.508116666666666,361.0118,0.0462835641025641,2.561846
5,0.03075,659.4986,8.455110256410256,360.2776,0.0461894358974359,2.55764
5,0.031,654.8678,8.395741025641026,360.0378,0.04615869230769231,2.552899
5,0.03125,651.4976,8.352533333333335,359.2676,0.04605994871794872,2.547791
5,0.0315,647.1752,8.297117948717949,357.593,0.04584525641025641,2.542334
5,0.03175,642.4785,8.236903846153847,356.91,0.04575769230769231,2.536442
5,0.032,638.0083,8.17959358974359,356.3392,0.04568451282051282,2.530136
5,0.03225,632.6339,8.110691025641026,355.4666,0.04557264102564103,2.523478
5,0.0325,627.7817,8.048483333333333,353.8329,0.045363192307692306,2.516508
5,0.03275,622.2742,7.977874358974358,352.3105,0.04516801282051282,2.509121
5,0.033,617.1419,7.912075641025641,351.2395,0.04503070512820513,2.501371
5,0.03325,611.7559,7.8430243589743585,350.582,0.04494641025641025,2.493375
5,0.0335,605.8315,7.767070512820513,348.8728,0.04472728205128205,2.485027
5,0.03375,599.7885,7.689596153846154,347.0253,0.04449042307692308,2.476245
5,0.034,593.6519,7.610921794871794,345.8044,0.04433389743589743,2.467108
5,0.03425,587.6677,7.534201282051282,344.6193,0.044181961538461545,2.457665
5,0.0345,581.4222,7.454130769230769,343.0551,0.04398142307692307,2.44789
5,0.03475,575.244,7.374923076923077,341.0283,0.04372157692307692,2.437764
5,0.035,568.9859,7.294691025641026,339.4841,0.043523602564102565,2.427269
5,0.03525,562.8979,7.216639743589744,337.984,0.04333128205128205,2.416428
5,0.0355,555.9686,7.127802564102565,335.9707,0.04307316666666667,2.405269
5,0.03575,549.1791,7.040757692307691,334.2706,0.04285520512820513,2.393748
5,0.036,541.9074,6.947530769230769,332.265,0.04259807692307692,2.381895
5,0.03625,534.9675,6.858557692307692,330.5316,0.04237584615384616,2.369742
5,0.0365,528.1755,6.771480769230769,328.6585,0.04213570512820513,2.357269
5,0.03675,520.144,6.66851282051282,326.5011,0.041859115384615384,2.344411
5,0.037,512.7883,6.574208974358975,324.3083,0.04157798717948718,2.331138
5,0.03725,504.9843,6.474157692307693,322.4323,0.041337474358974356,2.317611
5,0.0375,497.1297,6.373457692307693,320.3576,0.04107148717948718,2.303814
5,0.03775,489.311,6.2732179487179485,318.4071,0.040821423076923075,2.289553
5,0.038,481.0638,6.167484615384615,316.0072,0.04051374358974359,2.274849
5,0.03825,473.2877,6.067791025641025,313.3729,0.04017601282051282,2.25984
5,0.0385,464.5132,5.955297435897436,311.5728,0.03994523076923077,2.24457
5,0.03875,456.4367,5.851752564102564,309.4252,0.03966989743589744,2.228956
5,0.039,448.1349,5.745319230769231,306.787,0.03933166666666667,2.212915
5,0.03925,439.4339,5.633767948717948,304.4238,0.03902869230769231,2.19651
5,0.0395,430.936,5.524820512820512,301.8656,0.03870071794871795,2.17979
5,0.03975,422.0152,5.410451282051282,299.3539,0.038378705128205126,2.162713
5,0.04,412.6659,5.290588461538462,297.2926,0.0381144358974359,2.145273
5,0.04025,404.2825,5.183108974358975,294.3098,0.037732025641025645,2.127537
5,0.0405,394.6936,5.0601743589743595,291.7615,0.037405320512820514,2.109437
5,0.04075,385.281,4.9395,288.936,0.03704307692307692,2.090935
5,0.041,375.9018,4.819253846153846,286.4839,0.03672870512820513,2.07206
5,0.04125,366.1261,4.69392435897436,283.9359,0.036402038461538465,2.052845
5,0.0415,356.8978,4.575612820512821,280.9636,0.036020974358974354,2.033353
5,0.04175,347.3738,4.453510256410256,277.7444,0.03560825641025641,2.013438
5,0.042,337.5585,4.327673076923078,274.8244,0.03523389743589744,1.993097
5,0.04225,327.9717,4.204765384615384,272.247,0.03490346153846154,1.972479
5,0.0425,318.5829,4.084396153846154,269.2437,0.03451842307692308,1.951535
5,0.04275,308.3523,3.9532346153846154,266.0717,0.03411175641025641,1.930243
5,0.043,298.7538,3.830176923076923,263.1102,0.03373207692307693,1.908548
5,0.04325,288.5729,3.699652564102564,259.9498,0.03332689743589743,1.886435
5,0.0435,278.7009,3.5730884615384615,256.7161,0.03291232051282051,1.863977
5,0.04375,268.9581,3.4481807692307695,253.5531,0.032506807692307696,1.841126
5,0.044,258.5163,3.3143115384615385,250.7422,0.0321464358974359,1.817863
5,0.04425,248.469,3.1855,247.481,0.03172833333333333,1.79423
5,0.0445,238.6051,3.0590397435897434,243.9741,0.03127873076923077,1.770235
5,0.04475,227.5459,2.9172551282051282,240.4565,0.03082775641025641,1.745805
5,0.045,217.1107,2.7834705128205126,237.2508,0.03041676923076923,1.720892
5,0.04525,206.517,2.647653846153846,233.8131,0.02997603846153846,1.695689
5,0.0455,195.709,2.5090897435897435,230.8438,0.029595358974358974,1.670235
5,0.04575,185.3999,2.376921794871795,227.1765,0.029125192307692307,1.644226
5,0.046,174.4694,2.2367871794871794,223.6418,0.02867202564102564,1.617698
5,0.04625,164.06,2.1033333333333335,219.9998,0.028205102564102563,1.590866
5,0.0465,152.783,1.9587564102564101,216.2855,0.027728910256410257,1.563728
5,0.04675,142.0008,1.820523076923077,212.8349,0.02728652564102564,1.536153
5,0.047,131.0657,1.6803294871794872,208.8321,0.02677334615384615,1.508046
5,0.04725,119.8449,1.5364730769230768,205.0342,0.0262864358974359,1.47956
5,0.0475,108.9686,1.3970333333333333,201.1332,0.025786307692307688,1.450753
5,0.04775,98.50754,1.2629171794871794,197.5261,0.025323858974358977,1.421518
5,0.048,87.3521,1.1198987179487179,193.4035,0.024795320512820514,1.391887
5,0.04825,76.42357,0.9797893589743589,189.2025,0.024256730769230767,1.361889
5,0.0485,65.82021,0.8438488461538463,185.2019,0.023743833333333332,1.331471
5,0.04875,55.02185,0.7054083333333333,181.6332,0.023286307692307693,1.300597
5,0.049,42.96587,0.5508444871794873,177.825,0.02279807692307692,1.269304
5,0.04925,32.52864,0.4170338461538462,173.0711,0.022188602564102565,1.237678
5,0.0495,21.83158,0.2798920512820513,169.0264,0.02167005128205128,1.205687
5,0.04975,10.0562,0.12892564102564102,165.3078,0.021193307692307692,1.173212
5,0.05,-0.4711931,-0.006040937179487179,161.0822,0.0206515641025641,1.140205
5,0.05025,-11.30703,-0.14496192307692304,156.5329,0.020068320512820516,1.106784
5,0.0505,-22.15402,-0.28402589743589746,152.038,0.019492051282051285,1.073031
5,0.05075,-33.17979,-0.425381923076923,147.8505,0.018955192307692312,1.038829
5,0.051,-44.13821,-0.5658744871794872,143.2674,0.018367615384615385,1.004118
5,0.05125,-55.45167,-0.7109188461538462,139.0397,0.017825602564102566,0.9690432
5,0.0515,-66.37361,-0.8509437179487179,134.7242,0.017272333333333334,0.9337313
5,0.05175,-76.86656,-0.985468717948718,130.609,0.01674474358974359,0.8979174
5,0.052,-88.0767,-1.1291884615384615,126.3768,0.01620215384615385,0.8615571
5,0.05225,-99.02346,-1.2695315384615384,121.9058,0.015628948717948718,0.8249041
5,0.0525,-110.3992,-1.415374358974359,117.0753,0.015009653846153846,0.7879067
5,0.05275,-120.9246,-1.5503153846153845,112.9984,0.01448697435897436,0.7504129
5,0.053,-132.2229,-1.6951653846153847,108.8819,0.013959217948717951,0.7124644
5,0.05325,-142.6667,-1.8290602564102563,104.4338,0.013388948717948717,0.6741609
5,0.0535,-153.5942,-1.9691564102564103,99.85234,0.012801582051282052,0.6355379
5,0.05375,-164.9553,-2.1148115384615385,95.64719,0.012262460256410257,0.5964671
5,0.054,-175.5931,-2.2511935897435897,91.58813,0.01174206794871795,0.5569425
5,0.05425,-186.6903,-2.393465384615385,87.27003,0.011188465384615386,0.5171456
5,0.0545,-197.247,-2.5288076923076925,82.44014,0.010569248717948718,0.4770373
5,0.05475,-207.8742,-2.6650538461538464,77.53377,0.009940226923076924,0.4365221
5,0.055,-217.6763,-2.7907217948717946,72.94723,0.009352208974358974,0.3955317
5,0.05525,-228.3085,-2.927032051282051,68.51089,0.008783447435897436,0.3541684
5,0.0555,-238.5984,-3.058953846153846,63.85846,0.008186982051282052,0.3125713
5,0.05575,-249.2316,-3.1952769230769227,59.15563,0.007584055128205129,0.2706727
5,0.056,-259.1902,-3.322951282051282,54.72106,0.007015520512820513,0.2284473
5,0.05625,-269.3266,-3.452905128205128,49.95627,0.006404650000000001,0.1860216
5,0.0565,-279.6757,-3.5855858974358976,44.80636,0.005744405128205128,0.1434923
5,0.05675,-289.5629,-3.7123448717948717,40.0049,0.005128833333333333,0.1008815
5,0.057,-300.0852,-3.8472461538461533,35.20775,0.004513814102564102,0.05820818
5,0.05725,-309.1417,-3.9633551282051287,30.34747,0.0038907012820512824,0.01552243
5,0.0575,-319.6393,-4.097939743589744,25.39345,0.0032555705128205128,-0.02716806
5,0.05775,-328.9121,-4.2168217948717945,20.27688,0.0025995999999999997,-0.06986206
5,0.058,-338.8712,-4.344502564102564,15.82034,0.0020282487179487177,-0.1125609
5,0.05825,-348.2058,-4.4641769230769235,11.09457,0.0014223807692307691,-0.1552616
5,0.0585,-357.7931,-4.587091025641025,6.120163,0.0007846362820512821,-0.1979635
5,0.05875,-367.3653,-4.709811538461539,0.9000529,0.00011539139743589745,-0.2406661
5,0.059,-376.8356,-4.831225641025641,-3.713355,-0.0004760711538461538,-0.283369
5,0.05925,-386.1292,-4.950374358974359,-8.190089,-0.0010500114102564104,-0.3260718
5,0.0595,-395.2962,-5.0679,-13.06763,-0.0016753371794871793,-0.3687747
5,0.05975,-403.9865,-5.179314102564103,-17.82595,-0.002285378205128205,-0.4114776
5,0.06,-413.2492,-5.298066666666666,-21.96874,-0.0028165051282051283,-0.4541805
5,0.06025,-422.3579,-5.414844871794871,-26.27468,-0.003368548717948718,-0.4968833
5,0.0605,-430.5392,-5.519733333333334,-30.94103,-0.003966798717948718,-0.5395862
5,0.06075,-439.6368,-5.636369230769231,-35.15952,-0.00450763076923077,-0.5822891
5,0.061,-448.197,-5.7461153846153845,-39.33819,-0.005043357692307692,-0.624992
5,0.06125,-456.3991,-5.851270512820513,-43.56452,-0.005585194871794872,-0.6676948
5,0.0615,-465.3006,-5.965392307692308,-47.83928,-0.006133241025641025,-0.7103977
5,0.06175,-473.2748,-6.067625641025641,-52.3268,-0.006708564102564103,-0.7531006
5,0.062,-481.4612,-6.172579487179488,-56.19605,-0.007204621794871795,-0.7958035
5,0.06225,-489.0859,-6.270332051282051,-59.95607,-0.00768667564102564,-0.8385063
5,0.0625,-497.0059,-6.371870512820513,-63.81708,-0.008181676923076923,-0.8812085
5,0.06275,-504.6529,-6.469908974358974,-68.1089,-0.008731910256410257,-0.9239107
5,0.063,-512.2462,-6.5672589743589755,-72.01443,-0.009232619230769231,-0.9666135
5,0.06325,-519.4814,-6.6600179487179485,-75.99427,-0.009742855128205129,-1.009316
5,0.0635,-526.0597,-6.744355128205129,-79.48192,-0.010189989743589744,-1.052016
5,0.06375,-533.3673,-6.838042307692308,-83.12214,-0.010656684615384614,-1.094716
5,0.064,-540.4571,-6.928937179487179,-86.6447,-0.011108294871794872,-1.137415
5,0.06425,-547.6017,-7.020534615384616,-90.36198,-0.011584869230769231,-1.180113
5,0.0645,-554.5239,-7.10928076923077,-94.0216,-0.012054051282051283,-1.222809
5,0.06475,-560.6944,-7.1883897435897435,-97.61319,-0.012514511538461538,-1.2655
5,0.065,-567.5807,-7.2766756410256415,-101.3342,-0.012991564102564102,-1.308179
5,0.06525,-573.7852,-7.356220512820514,-105.2236,-0.013490205128205129,-1.350842
5,0.0655,-580.5858,-7.443407692307692,-108.5527,-0.013917012820512822,-1.393401
5,0.06575,-586.3993,-7.517939743589745,-111.9607,-0.014353935897435898,-1.435811
5,0.066,-592.2842,-7.593387179487181,-115.1444,-0.014762102564102564,-1.478008
5,0.06625,-598.0759,-7.667639743589744,-118.5079,-0.015193320512820515,-1.519819
5,0.0665,-604.1123,-7.745029487179488,-121.8879,-0.015626653846153846,-1.561064
5,0.06675,-609.3777,-7.812534615384616,-125.2107,-0.016052653846153845,-1.601817
5,0.067,-615.0068,-7.884702564102564,-128.3156,-0.016450717948717948,-1.642207
5,0.06725,-620.1518,-7.950664102564102,-131.6675,-0.016880448717948717,-1.682033
5,0.0675,-625.3058,-8.016741025641025,-134.3763,-0.017227730769230766,-1.721061
5,0.06775,-630.198,-8.079461538461539,-137.3879,-0.017613833333333336,-1.759451
5,0.068,-634.6804,-8.136928205128203,-140.0812,-0.017959128205128204,-1.797308
5,0.06825,-639.6937,-8.201201282051283,-142.8582,-0.01831515384615385,-1.83443
5,0.0685,-643.7795,-8.253583333333333,-145.4356,-0.018645589743589742,-1.870692
5,0.06875,-647.9343,-8.30685,-147.7401,-0.018941038461538464,-1.906242
5,0.069,-652.0525,-8.359647435897436,-150.4686,-0.019290846153846155,-1.941161
5,0.06925,-656.1282,-8.4119,-152.9443,-0.019608243589743588,-1.975297
5,0.0695,-659.4022,-8.453874358974359,-155.6225,-0.019951602564102562,-2.008506
5,0.06975,-662.8433,-8.497991025641026,-158.1536,-0.020276102564102567,-2.040946
5,0.07,-666.6308,-8.546548717948719,-160.0616,-0.02052071794871795,-2.07268
5,0.07025,-669.9666,-8.589315384615384,-162.0444,-0.020774923076923076,-2.103495
5,0.0705,-673.1924,-8.630671794871796,-164.2242,-0.021054384615384614,-2.13342
5,0.07075,-675.8783,-8.66510641025641,-165.9358,-0.021273820512820514,-2.162497
5,0.071,-678.976,-8.704820512820513,-167.9106,-0.021526999999999998,-2.190729
5,0.07125,-680.9589,-8.730242307692308,-170.0733,-0.021804269230769228,-2.218008
5,0.0715,-683.4336,-8.76196923076923,-171.9519,-0.022045115384615385,-2.2442
5,0.07175,-685.6885,-8.790878205128205,-173.3898,-0.022229461538461538,-2.269528
5,0.072,-687.7778,-8.817664102564102,-174.9632,-0.022431179487179487,-2.294054
5,0.07225,-689.9055,-8.844942307692307,-176.1745,-0.02258647435897436,-2.317573
5,0.0725,-691.5334,-8.865812820512822,-177.6955,-0.02278147435897436,-2.339985
5,0.07275,-693.7164,-8.8938,-179.0166,-0.022950846153846155,-2.361482
5,0.073,-694.6296,-8.905507692307692,-180.2637,-0.02311073076923077,-2.382153
5,0.07325,-696.0943,-8.924285897435897,-181.5305,-0.023273141025641025,-2.401762
5,0.0735,-697.6832,-8.944656410256412,-182.5646,-0.02340571794871795,-2.420265
5,0.07375,-698.3477,-8.953175641025641,-183.5741,-0.023535141025641023,-2.437836
5,0.074,-699.9356,-8.973533333333332,-184.3373,-0.02363298717948718,-2.454501
5,0.07425,-700.165,-8.97647435897436,-185.4209,-0.023771910256410254,-2.470102
5,0.0745,-700.8077,-8.984714102564102,-186.2511,-0.023878346153846153,-2.484684
5,0.07475,-700.7946,-8.984546153846154,-186.6782,-0.023933102564102565,-2.49837
5,0.075,-701.5097,-8.993714102564102,-187.132,-0.023991282051282054,-2.511222
5,0.07525,-700.4826,-8.980546153846156,-187.8536,-0.02408379487179487,-2.523055
5,0.0755,-700.0115,-8.97450641025641,-188.506,-0.024167435897435897,-2.533836
5,0.07575,-699.2341,-8.964539743589743,-188.5789,-0.024176782051282052,-2.543803
5,0.076,-698.6506,-8.957058974358976,-188.7413,-0.024197602564102562,-2.552958
5,0.07625,-698.0519,-8.949383333333333,-189.0362,-0.024235410256410257,-2.561166
5,0.0765,-696.6246,-8.931084615384616,-189.006,-0.024231538461538464,-2.568429
5,0.07675,-695.4151,-8.915578205128206,-188.8401,-0.024210269230769233,-2.574902
5,0.077,-693.4778,-8.890741025641026,-188.8438,-0.024210743589743587,-2.580525
5,0.07725,-692.1878,-8.874202564102564,-189.0607,-0.024238551282051282,-2.58525
5,0.0775,-690.7002,-8.855130769230769,-189.2545,-0.024263397435897435,-2.589162
5,0.07775,-689.4315,-8.838865384615385,-188.6344,-0.024183897435897436,-2.59234
5,0.078,-687.4673,-8.813683333333334,-188.322,-0.024143846153846155,-2.594804
5,0.07825,-684.9374,-8.781248717948717,-187.982,-0.02410025641025641,-2.596471
5,0.0785,-682.7417,-8.753098717948719,-187.7751,-0.02407373076923077,-2.597372
5,0.07875,-680.0938,-8.719151282051282,-187.3485,-0.02401903846153846,-2.597634
5,0.079,-677.3826,-8.684392307692308,-186.8386,-0.023953666666666668,-2.597286
5,0.07925,-674.9494,-8.653197435897434,-186.1313,-0.02386298717948718,-2.596235
5,0.0795,-671.4035,-8.607737179487179,-186.0603,-0.023853884615384617,-2.594435
5,0.07975,-668.1356,-8.565841025641024,-185.2687,-0.023752397435897434,-2.592141
5,0.08,-664.8454,-8.523658974358975,-184.6669,-0.02367524358974359,-2.589376
5,0.08025,-661.3507,-8.478855128205128,-183.6937,-0.02355047435897436,-2.586005
5,0.0805,-657.7389,-8.432549999999999,-183.1339,-0.02347870512820513,-2.582121
5,0.08075,-653.7786,-8.381776923076922,-182.5662,-0.023405923076923078,-2.577653
5,0.081,-650.2089,-8.336011538461538,-181.0861,-0.023216166666666666,-2.572709
5,0.08125,-646.1777,-8.284329487179486,-180.4596,-0.023135846153846153,-2.56736
5,0.0815,-641.6786,-8.226648717948718,-179.8492,-0.023057589743589745,-2.561477
5,0.08175,-637.2504,-8.169876923076924,-178.8115,-0.022924551282051283,-2.55518
5,0.082,-632.5886,-8.110110256410257,-177.5326,-0.022760589743589743,-2.548563
5,0.08225,-627.4128,-8.043753846153844,-176.7771,-0.02266373076923077,-2.54148
5,0.0825,-622.7561,-7.984052564102563,-175.7844,-0.02253646153846154,-2.533912
5,0.08275,-617.2369,-7.91329358974359,-174.2622,-0.02234130769230769,-2.526005
5,0.083,-612.0221,-7.84643717948718,-172.7533,-0.022147858974358975,-2.51777
5,0.08325,-606.3231,-7.773373076923076,-171.5548,-0.02199420512820513,-2.509123
5,0.0835,-600.1039,-7.693639743589744,-170.4455,-0.021851987179487182,-2.500026
5,0.08375,-594.8855,-7.62673717948718,-169.6827,-0.021754192307692308,-2.490578
5,0.084,-588.5929,-7.54606282051282,-167.7667,-0.021508551282051282,-2.4809
5,0.08425,-582.6138,-7.4694076923076915,-166.0396,-0.02128712820512821,-2.470845
5,0.0845,-576.1773,-7.386888461538461,-164.9313,-0.02114503846153846,-2.460285
5,0.08475,-569.9946,-7.307623076923077,-163.0476,-0.02090353846153846,-2.449363
5,0.085,-563.7415,-7.227455128205128,-161.7821,-0.020741294871794873,-2.438086
5,0.08525,-556.7696,-7.138071794871795,-159.8068,-0.020488051282051285,-2.426421
5,0.0855,-550.401,-7.0564230769230765,-158.6436,-0.020338923076923077,-2.41437
5,0.08575,-543.1967,-6.964060256410256,-157.4294,-0.02018325641025641,-2.401945
5,0.086,-536.5435,-6.87876282051282,-155.3342,-0.019914641025641024,-2.389188
5,0.08625,-529.5164,-6.788671794871794,-153.4063,-0.019667474358974358,-2.376024
5,0.0865,-522.2098,-6.694997435897436,-151.8626,-0.0194695641025641,-2.362361
5,0.08675,-514.9731,-6.602219230769231,-150.0094,-0.01923197435897436,-2.348409
5,0.087,-508.02,-6.513076923076923,-148.2234,-0.019003,-2.334226
5,0.08725,-499.9901,-6.410129487179487,-145.9615,-0.018713012820512822,-2.319593
5,0.0875,-491.9435,-6.306967948717948,-143.9649,-0.018457038461538462,-2.304472
5,0.08775,-483.8078,-6.202664102564102,-142.5078,-0.018270230769230768,-2.28896
5,0.088,-476.375,-6.107371794871795,-140.052,-0.017955384615384616,-2.273221
5,0.08825,-467.7384,-5.996646153846155,-138.0314,-0.01769633333333333,-2.257107
5,0.0885,-459.6882,-5.893438461538461,-136.2041,-0.017462064102564106,-2.240463
5,0.08875,-451.3747,-5.786855128205128,-134.0192,-0.017181948717948717,-2.223494
5,0.089,-442.504,-5.673128205128205,-131.913,-0.016911923076923078,-2.206288
5,0.08925,-433.6081,-5.559078205128205,-129.6094,-0.016616589743589743,-2.188667
5,0.0895,-425.2282,-5.451643589743591,-126.9649,-0.016277551282051283,-2.170555
5,0.08975,-416.4431,-5.339014102564103,-125.1548,-0.01604548717948718,-2.152193
5,0.09,-407.8566,-5.228930769230769,-122.7272,-0.01573425641025641,-2.133571
5,0.09025,-398.6618,-5.1110487179487185,-120.4183,-0.01543824358974359,-2.114462
5,0.0905,-389.5308,-4.9939846153846155,-117.7638,-0.015097923076923076,-2.094908
5,0.09075,-379.9612,-4.871297435897436,-115.2585,-0.014776730769230768,-2.075031
5,0.091,-370.5197,-4.750252564102564,-112.9717,-0.01448355128205128,-2.054878
5,0.09125,-361.5366,-4.635084615384616,-110.2328,-0.014132410256410257,-2.034276
5,0.0915,-351.7922,-4.51015641025641,-107.4445,-0.013774935897435897,-2.013145
5,0.09175,-342.3958,-4.389689743589743,-104.7805,-0.013433397435897436,-1.991701
5,0.092,-332.147,-4.258294871794872,-102.6815,-0.013164294871794872,-1.969951
5,0.09225,-323.0165,-4.14123717948718,-99.66978,-0.012778176923076924,-1.94778
5,0.0925,-313.0949,-4.014037179487179,-97.14394,-0.012454351282051282,-1.925212
5,0.09275,-302.9286,-3.8837,-94.20906,-0.012078084615384614,-1.902291
5,0.093,-293.1919,-3.758870512820512,-91.37596,-0.011714866666666667,-1.879052
5,0.09325,-283.6678,-3.636766666666667,-89.01758,-0.011412510256410255,-1.855368
5,0.0935,-273.4793,-3.5061448717948718,-85.81524,-0.011001953846153847,-1.831148
5,0.09375,-263.8854,-3.383146153846154,-82.58034,-0.010587223076923079,-1.806622
5,0.094,-253.4461,-3.2493089743589745,-79.83567,-0.010235342307692307,-1.781804
5,0.09425,-243.139,-3.117166666666667,-77.0661,-0.00988026923076923,-1.756486
5,0.0945,-232.9393,-2.986401282051282,-74.02886,-0.009490879487179487,-1.73076
5,0.09475,-222.7057,-2.8552012820512824,-71.01398,-0.00910435641025641,-1.70474
5,0.095,-211.7686,-2.714982051282051,-67.84948,-0.008698651282051282,-1.678359
5,0.09525,-201.5871,-2.58445,-64.67203,-0.008291285897435899,-1.651516
5,0.0955,-190.4864,-2.442133333333333,-62.08286,-0.007959341025641024,-1.624213
5,0.09575,-179.3578,-2.2994589743589744,-58.39029,-0.007485934615384615,-1.596579
5,0.096,-169.3911,-2.171680769230769,-55.48287,-0.007113188461538461,-1.568746
5,0.09625,-158.1972,-2.028169230769231,-52.37818,-0.006715151282051282,-1.54047
5,0.0965,-147.1375,-1.886378205128205,-49.35741,-0.006327873076923077,-1.51158
5,0.09675,-136.4708,-1.749625641025641,-45.75563,-0.00586610641025641,-1.482349
5,0.097,-125.3381,-1.6068987179487177,-42.58623,-0.0054597730769230775,-1.452779
5,0.09725,-115.1491,-1.476270512820513,-38.92013,-0.004989760256410256,-1.422747
5,0.0975,-104.2246,-1.3362128205128203,-35.21226,-0.004514392307692307,-1.392268
5,0.09775,-93.37104,-1.1970646153846154,-31.55146,-0.004045058974358974,-1.361432
5,0.098,-82.26726,-1.0547084615384614,-27.91929,-0.003579396153846154,-1.330264
5,0.09825,-71.32607,-0.9144367948717949,-24.30104,-0.0031155179487179488,-1.298641
5,0.0985,-59.92397,-0.7682560256410257,-20.39649,-0.0026149346153846154,-1.266519
5,0.09875,-49.39354,-0.6332505128205129,-16.61647,-0.0021303166666666665,-1.234032
5,0.099,-38.27407,-0.49069320512820513,-12.90566,-0.0016545717948717948,-1.201214
5,0.09925,-27.24221,-0.3492591025641026,-8.789536,-0.0011268635897435898,-1.167914
5,0.0995,-15.86899,-0.20344858974358973,-5.008333,-0.0006420939743589744,-1.134072
5,0.09975,-5.494558,-0.07044305128205128,-0.7927917,-0.00010163996153846153,-1.099819
5,0.1,3.873982,0.0496664358974359,2.764868,0.0003544702564102564,-1.069708
6,0.0,5.107545,0.06548134615384617,0.0,0.0,-1.512193
6,0.00025,17.22455,0.2208275641025641,4.778516,0.0006126302564102564,-1.46953
6,0.0005,30.62272,0.3925989743589744,9.28329,0.0011901653846153844,-1.426238
6,0.00075,43.10161,0.5525847435897436,14.24731,0.0018265782051282054,-1.38246
6,0.001,54.41305,0.6976032051282051,19.04308,0.0024414205128205128,-1.33811
6,0.00125,66.98767,0.858816282051282,23.94847,0.0030703166666666668,-1.293102
6,0.0015,78.81775,1.0104839743589744,28.17538,0.0036122282051282055,-1.2473
6,0.00175,90.68734,1.1626582051282053,32.96645,0.004226467948717949,-1.200767
6,0.002,102.8694,1.3188384615384616,38.054,0.004878717948717949,-1.153758
6,0.00225,115.3215,1.4784807692307693,42.76506,0.005482699999999999,-1.106165
6,0.0025,126.9763,1.627901282051282,47.48652,0.006088015384615385,-1.057828
6,0.00275,139.0612,1.7828358974358975,52.49975,0.00673073717948718,-1.00876
6,0.003,151.2043,1.9385166666666664,57.00884,0.00730882564102564,-0.9591606
6,0.00325,163.8204,2.1002615384615386,62.16444,0.007969799999999999,-0.9091625
6,0.0035,175.7568,2.2532923076923077,66.9957,0.008589192307692308,-0.8585309
6,0.00375,187.4112,2.4027076923076924,72.12149,0.00924634487179487,-0.8072647
6,0.004,199.4125,2.5565705128205125,77.21571,0.00989945,-0.7554798
6,0.00425,211.8331,2.7158089743589744,82.00305,0.010513211538461539,-0.7030407
6,0.0045,222.6051,2.8539115384615386,86.81294,0.011129864102564103,-0.6499954
6,0.00475,235.6305,3.020903846153846,92.19149,0.011819421794871795,-0.5964287
6,0.005,247.3163,3.170721794871795,97.19571,0.012460988461538463,-0.5423381
6,0.00525,258.533,3.314525641025641,102.5882,0.013152333333333334,-0.4877456
6,0.0055,270.0207,3.461803846153846,107.7142,0.01380951282051282,-0.4324333
6,0.00575,281.9348,3.614548717948718,113.7649,0.01458524358974359,-0.3764328
6,0.006,293.3091,3.7603730769230768,119.2201,0.015284628205128206,-0.3200435
6,0.00625,304.1616,3.899507692307693,125.0697,0.016034576923076922,-0.2632266
6,0.0065,315.667,4.04701282051282,130.5502,0.01673720512820513,-0.2059125
6,0.00675,326.7035,4.1885064102564105,136.548,0.01750615384615385,-0.1481752
6,0.007,337.5692,4.327810256410256,142.3046,0.018244179487179487,-0.09009252
6,0.00725,349.0579,4.475101282051282,148.8513,0.0190835,-0.03162022
6,0.0075,360.0173,4.61560641025641,154.5265,0.019811089743589746,0.02736608
6,0.00775,370.5523,4.750670512820513,160.6571,0.020597064102564105,0.08673677
6,0.008,381.6414,4.892838461538461,166.8839,0.021395371794871797,0.1462019
6,0.00825,392.46,5.031538461538461,172.5207,0.022118038461538463,0.2058404
6,0.0085,402.7245,5.163134615384616,178.5366,0.02288930769230769,0.2659122
6,0.00875,412.6462,5.290335897435898,184.8607,0.023700089743589746,0.3262202
6,0.009,423.4891,5.429347435897436,190.5908,0.024434717948717946,0.386552
6,0.00925,433.2973,5.55509358974359,196.7045,0.02521852564102564,0.4470739
6,0.0095,443.7076,5.688558974358974,202.3615,0.02594378205128205,0.5079188
6,0.00975,453.7154,5.816864102564103,208.0348,0.026671128205128205,0.5690258
6,0.01,463.7054,5.944941025641025,213.529,0.02737551282051282,0.6300811
6,0.01025,473.3277,6.068303846153846,219.1123,0.028091320512820515,0.6910356
6,0.0105,483.1019,6.193614102564103,224.5606,0.028789820512820512,0.7521685
6,0.01075,493.3887,6.325496153846154,230.2875,0.029524038461538463,0.8133047
6,0.011,502.6332,6.444015384615384,235.4825,0.030190064102564102,0.8741831
6,0.01125,512.0225,6.564391025641027,241.0679,0.03090614102564103,0.9349022
6,0.0115,521.8666,6.690597435897436,246.3864,0.031588,0.9954186
6,0.01175,530.8578,6.805869230769231,251.7522,0.03227592307692308,1.055622
6,0.012,540.5515,6.930147435897436,257.2628,0.03298241025641026,1.11557
6,0.01225,549.1031,7.039783333333334,262.1691,0.03361142307692308,1.175326
6,0.0125,557.5817,7.148483333333333,267.6008,0.034307794871794875,1.234835
6,0.01275,566.0335,7.256839743589743,273.13,0.03501666666666667,1.293859
6,0.013,574.459,7.364858974358974,278.313,0.03568115384615384,1.352453
6,0.01325,582.7371,7.470988461538463,283.7763,0.03638157692307692,1.410787
6,0.0135,590.9392,7.57614358974359,289.0091,0.037052448717948716,1.468759
6,0.01375,599.241,7.6825769230769225,294.6208,0.037771897435897435,1.526207
6,0.014,606.8394,7.779992307692307,299.8845,0.038446730769230775,1.583136
6,0.01425,614.065,7.872628205128206,305.0954,0.039114794871794874,1.639599
6,0.0145,621.5777,7.968944871794872,309.8706,0.039727000000000005,1.695589
6,0.01475,629.2232,8.066964102564103,315.2064,0.04041107692307692,1.750921
6,0.015,636.0831,8.154911538461539,320.1888,0.04104984615384616,1.805364
6,0.01525,643.3826,8.248494871794872,324.9773,0.04166375641025641,1.859099
6,0.0155,650.3388,8.337676923076922,330.029,0.042311410256410255,1.912219
6,0.01575,656.9667,8.422649999999999,334.7618,0.042918179487179485,1.964514
6,0.016,663.6569,8.508421794871794,339.295,0.04349935897435897,2.015952
6,0.01625,670.4474,8.595479487179487,344.0526,0.04410930769230769,2.066665
6,0.0165,676.739,8.676141025641025,348.5175,0.044681730769230765,2.116654
6,0.01675,682.8098,8.753971794871795,352.6129,0.045206782051282056,2.165807
6,0.017,688.5671,8.827783333333333,356.9143,0.04575824358974359,2.214009
6,0.01725,694.3644,8.902107692307693,361.1881,0.04630616666666667,2.261322
6,0.0175,699.9823,8.974132051282051,365.2534,0.046827358974358975,2.30772
6,0.01775,705.1212,9.040015384615385,368.923,0.04729782051282051,2.353167
6,0.018,711.157,9.117397435897436,373.0635,0.04782865384615385,2.397766
6,0.01825,716.1809,9.18180641025641,376.687,0.04829320512820513,2.441432
6,0.0185,721.3425,9.24798076923077,380.0194,0.0487204358974359,2.484082
6,0.01875,725.7536,9.304533333333334,383.5292,0.04917041025641025,2.525739
6,0.019,730.4097,9.364226923076924,387.2829,0.04965165384615384,2.566289
6,0.01925,734.7012,9.419246153846155,390.3231,0.05004142307692308,2.605683
6,0.0195,739.1345,9.476083333333333,393.5186,0.05045110256410257,2.64397
6,0.01975,743.4939,9.531973076923077,396.3372,0.05081246153846154,2.68106
6,0.02,747.0281,9.577283333333332,399.6221,0.05123360256410256,2.716987
6,0.02025,750.7002,9.624361538461539,402.6837,0.05162611538461539,2.751872
6,0.0205,753.9878,9.666510256410255,404.812,0.05189897435897436,2.785689
6,0.02075,756.7654,9.702120512820512,407.7694,0.05227812820512821,2.818298
6,0.021,759.7608,9.740523076923077,410.1266,0.05258033333333333,2.849729
6,0.02125,762.9142,9.780951282051284,412.5691,0.05289347435897436,2.880091
6,0.0215,765.3509,9.812191025641026,415.3183,0.053245935897435905,2.909462
6,0.02175,767.8388,9.84408717948718,418.0424,0.05359517948717948,2.937751
6,0.022,769.5462,9.865976923076923,420.1419,0.05386434615384615,2.96484
6,0.02225,771.7069,9.893678205128206,422.4554,0.054160948717948715,2.990789
6,0.0225,773.5647,9.917496153846153,424.8008,0.05446164102564103,3.015665
6,0.02275,775.4757,9.941996153846153,426.638,0.05469717948717948,3.039434
6,0.023,777.1714,9.963735897435898,428.8252,0.054977589743589746,3.061939
6,0.02325,779.0611,9.987962820512822,430.1668,0.055149589743589744,3.083243
6,0.0235,779.7864,9.997261538461538,432.0213,0.05538734615384615,3.103434
6,0.02375,781.1225,10.014391025641025,433.8604,0.05562312820512821,3.122483
6,0.024,781.7323,10.022208974358975,435.2903,0.05580644871794872,3.1404
6,0.02425,782.2677,10.029073076923078,436.4905,0.05596032051282051,3.157167
6,0.0245,783.3728,10.043241025641025,437.7724,0.05612466666666667,3.172848
6,0.02475,783.1804,10.040774358974359,438.8166,0.05625853846153846,3.187492
6,0.025,783.6154,10.046351282051283,440.0708,0.056419333333333335,3.201027
6,0.02525,783.4144,10.043774358974359,440.8167,0.056514961538461535,3.213475
6,0.0255,783.0912,10.039630769230769,440.973,0.056535,3.224967
6,0.02575,782.4885,10.031903846153847,442.2468,0.056698307692307694,3.235571
6,0.026,781.4507,10.018598717948718,442.8844,0.05678005128205128,3.245131
6,0.02625,780.4134,10.005300000000002,443.2872,0.056831692307692305,3.253683
6,0.0265,779.1472,9.989066666666668,443.8669,0.056906012820512816,3.261335
6,0.02675,778.6448,9.98262564102564,444.1116,0.05693738461538462,3.268029
6,0.027,776.7247,9.958008974358973,444.1965,0.05694826923076923,3.273817
6,0.02725,775.0902,9.937053846153846,444.3845,0.05697237179487179,3.278799
6,0.0275,773.2025,9.912852564102565,444.0892,0.056934512820512824,3.28304
6,0.02775,771.3148,9.888651282051281,443.5819,0.05686947435897436,3.286384
6,0.028,769.1217,9.860534615384617,443.8578,0.05690484615384616,3.28862
6,0.02825,766.0762,9.821489743589744,443.9492,0.056916564102564106,3.2901
6,0.0285,763.7079,9.791126923076924,443.1478,0.056813820512820516,3.291033
6,0.02875,761.0194,9.756658974358974,442.8766,0.05677905128205128,3.291122
6,0.029,757.5525,9.712211538461538,441.8722,0.05665028205128205,3.290448
6,0.02925,754.0456,9.667251282051282,441.292,0.056575897435897436,3.289243
6,0.0295,750.4703,9.621414102564103,441.0349,0.05654293589743589,3.287537
6,0.02975,747.1482,9.578823076923076,440.5882,0.05648566666666666,3.285152
6,0.03,743.1302,9.527310256410255,439.5215,0.056348910256410256,3.282053
6,0.03025,739.3189,9.478447435897435,438.8424,0.05626184615384615,3.278487
6,0.0305,735.5789,9.430498717948717,438.2054,0.05618017948717949,3.274496
6,0.03075,731.0914,9.372966666666667,437.1208,0.0560411282051282,3.269924
6,0.031,727.2052,9.323143589743589,435.6915,0.05585788461538462,3.264793
6,0.03125,722.434,9.26197435897436,434.6751,0.05572757692307692,3.259164
6,0.0315,717.787,9.202397435897435,433.2325,0.05554262820512821,3.253061
6,0.03175,713.3395,9.145378205128205,432.1483,0.0554036282051282,3.246477
6,0.032,708.0897,9.078073076923078,430.7859,0.05522896153846154,3.239502
6,0.03225,703.1312,9.014502564102564,429.0617,0.05500791025641025,3.232108
6,0.0325,696.7266,8.932392307692307,427.6745,0.0548300641025641,3.224319
6,0.03275,691.3938,8.864023076923079,426.4756,0.05467635897435897,3.216126
6,0.033,685.5418,8.788997435897436,424.6875,0.054447115384615385,3.207435
6,0.03325,679.2168,8.707907692307694,423.3202,0.05427182051282051,3.198464
6,0.0335,673.19,8.630641025641028,421.3867,0.0540239358974359,3.189152
6,0.03375,666.748,8.548051282051283,419.9902,0.05384489743589743,3.179369
6,0.034,659.724,8.458,418.1314,0.053606589743589735,3.169193
6,0.03425,653.4314,8.377325641025642,416.2405,0.05336416666666667,3.158686
6,0.0345,646.1592,8.284092307692308,414.3259,0.05311870512820512,3.147834
6,0.03475,639.7541,8.20197564102564,412.898,0.05293564102564102,3.136553
6,0.035,631.6371,8.097911538461538,410.6996,0.05265379487179487,3.124713
6,0.03525,624.5478,8.007023076923078,408.0322,0.05231182051282052,3.112569
6,0.0355,617.1313,7.911939743589744,405.6042,0.05200053846153846,3.100137
6,0.03575,609.7406,7.8171871794871794,403.6729,0.0517529358974359,3.087218
6,0.036,601.9168,7.7168820512820515,402.3611,0.05158475641025641,3.073828
6,0.03625,593.9913,7.615273076923078,399.9443,0.051274910256410254,3.060067
6,0.0365,585.6418,7.508228205128206,397.62,0.05097692307692307,3.046015
6,0.03675,577.9766,7.40995641025641,395.526,0.05070846153846154,3.031449
6,0.037,569.2513,7.298093589743591,393.679,0.050471666666666665,3.016393
6,0.03725,561.0882,7.193438461538461,391.0963,0.050140551282051284,3.000993
6,0.0375,552.1238,7.078510256410256,388.8321,0.04985026923076923,2.985234
6,0.03775,543.5216,6.968225641025642,386.186,0.04951102564102564,2.969114
6,0.038,534.1946,6.848648717948718,384.4669,0.04929062820512821,2.952579
6,0.03825,525.214,6.733512820512821,381.8497,0.048955089743589746,2.935635
6,0.0385,516.5824,6.622851282051283,379.2658,0.04862382051282052,2.91833
6,0.03875,507.3339,6.504280769230769,376.5919,0.04828101282051282,2.900607
6,0.039,498.1659,6.386742307692308,374.2087,0.04797547435897436,2.882482
6,0.03925,488.3147,6.2604448717948715,371.5959,0.047640499999999995,2.863858
6,0.0395,478.6235,6.136198717948718,368.3428,0.0472234358974359,2.844772
6,0.03975,468.985,6.012628205128205,365.3754,0.046843,2.825293
6,0.04,459.4519,5.890408974358975,362.4611,0.04646937179487179,2.805423
6,0.04025,449.0992,5.7576820512820515,359.7874,0.04612658974358974,2.785216
6,0.0405,438.6909,5.624242307692308,356.6859,0.04572896153846154,2.764536
6,0.04075,428.4056,5.4923794871794875,353.0762,0.04526617948717948,2.743347
6,0.041,417.7222,5.35541282051282,350.2545,0.04490442307692308,2.721738
6,0.04125,407.1973,5.220478205128204,346.8868,0.04447266666666666,2.69976
6,0.0415,396.5357,5.083791025641026,343.3625,0.044020833333333335,2.677487
6,0.04175,385.6427,4.944137179487179,339.4831,0.04352347435897436,2.654791
6,0.042,374.8575,4.805865384615385,336.1531,0.04309655128205128,2.631492
6,0.04225,363.9522,4.666053846153846,332.9674,0.042688128205128205,2.60775
6,0.0425,353.0019,4.525665384615384,329.4517,0.04223739743589744,2.58368
6,0.04275,341.9523,4.384003846153846,325.8513,0.04177580769230769,2.559221
6,0.043,330.8384,4.241517948717949,321.8042,0.041256948717948716,2.534117
6,0.04325,319.9823,4.10233717948718,318.5397,0.04083842307692307,2.508449
6,0.0435,308.9409,3.960780769230769,314.5281,0.04032411538461538,2.482443
6,0.04375,297.5347,3.8145474358974356,310.4376,0.0397996923076923,2.455915
6,0.044,286.4157,3.671996153846154,306.4068,0.039282923076923076,2.428877
6,0.04425,274.8789,3.524088461538461,302.727,0.03881115384615384,2.401405
6,0.0445,263.3841,3.376719230769231,298.9566,0.03832776923076923,2.37339
6,0.04475,251.9567,3.2302141025641027,294.7638,0.03779023076923077,2.344951
6,0.045,240.7643,3.086721794871795,290.692,0.03726820512820513,2.315968
6,0.04525,228.5701,2.9303858974358974,287.0263,0.03679824358974359,2.286442
6,0.0455,216.9031,2.7808089743589743,282.678,0.03624076923076923,2.256607
6,0.04575,205.111,2.629628205128205,278.5462,0.035711051282051286,2.226278
6,0.046,192.9947,2.4742910256410253,274.2351,0.03515834615384615,2.195379
6,0.04625,181.2269,2.3234217948717952,270.1563,0.03463542307692308,2.163943
6,0.0465,169.4632,2.172605128205128,265.5274,0.03404197435897436,2.132059
6,0.04675,156.9499,2.012178205128205,261.0861,0.033472576923076924,2.099599
6,0.047,145.0104,1.8591076923076923,256.7508,0.032916769230769236,2.066499
6,0.04725,133.0983,1.7063884615384615,252.4672,0.03236758974358974,2.032948
6,0.0475,120.5895,1.5460192307692306,248.0014,0.031795051282051276,1.998882
6,0.04775,108.7356,1.394046153846154,243.3453,0.031198115384615387,1.96421
6,0.048,96.90652,1.2423912820512821,238.7981,0.03061514102564103,1.928887
6,0.04825,84.51323,1.0835029487179486,234.5638,0.03007228205128205,1.893034
6,0.0485,71.97203,0.9227183333333333,229.9953,0.02948657692307692,1.856776
6,0.04875,60.09333,0.7704273076923077,225.4929,0.02890934615384615,1.819903
6,0.049,47.87477,0.6137791025641026,220.8324,0.028311846153846153,1.782383
6,0.04925,35.15276,0.4506764102564103,216.541,0.027761666666666664,1.744423
6,0.0495,22.81569,0.29250884615384615,211.7538,0.02714792307692308,1.706029
6,0.04975,10.65335,0.13658141025641027,206.6047,0.02648778205128205,1.667079
6,0.05,-1.815417,-0.023274576923076926,201.7491,0.02586526923076923,1.627455
6,0.05025,-13.58067,-0.17411115384615386,196.7392,0.025222974358974363,1.587271
6,0.0505,-25.77238,-0.33041512820512814,192.0427,0.02462085897435897,1.546754
6,0.05075,-37.83443,-0.48505679487179487,186.8388,0.023953692307692308,1.505697
6,0.051,-50.29813,-0.6448478205128205,181.4279,0.023259987179487178,1.463826
6,0.05125,-62.23559,-0.7978921794871795,176.008,0.022565128205128206,1.421281
6,0.0515,-74.24801,-0.9518975641025641,170.5945,0.021871089743589745,1.378178
6,0.05175,-86.23308,-1.1055523076923077,165.345,0.021198076923076924,1.334469
6,0.052,-98.47696,-1.2625251282051284,159.7853,0.020485294871794874,1.290078
6,0.05225,-110.6925,-1.4191346153846152,154.1757,0.019766115384615385,1.245157
6,0.0525,-122.5833,-1.5715807692307693,148.4862,0.01903669230769231,1.199754
6,0.05275,-134.8682,-1.7290794871794872,142.7011,0.01829501282051282,1.153731
6,0.053,-147.2428,-1.887728205128205,137.3979,0.017615115384615385,1.107061
6,0.05325,-159.1711,-2.0406551282051284,131.5577,0.0168663717948718,1.059895
6,0.0535,-169.9655,-2.1790448717948716,126.3096,0.01619353846153846,1.012256
6,0.05375,-182.8931,-2.3447833333333334,120.9332,0.01550425641025641,0.9640533
6,0.054,-195.0686,-2.5008794871794873,115.4936,0.014806871794871796,0.9152449
6,0.05425,-206.6616,-2.6495076923076923,110.4028,0.014154205128205128,0.8658693
6,0.0545,-218.4958,-2.801228205128205,104.5334,0.013401717948717948,0.8160312
6,0.05475,-230.3122,-2.952720512820513,99.55173,0.012763042307692308,0.7655615
6,0.055,-242.2218,-3.105407692307692,93.9563,0.012045679487179488,0.7144891
6,0.05525,-253.8169,-3.2540628205128206,88.7209,0.011374474358974358,0.6630333
6,0.0555,-265.2468,-3.4006,83.33333,0.010683760256410256,0.6109908
6,0.05575,-276.9472,-3.5506051282051283,78.10165,0.010013032051282053,0.5582282
6,0.056,-288.4587,-3.698188461538462,72.73133,0.009324529487179488,0.5049196
6,0.05625,-299.7717,-3.8432269230769234,67.46396,0.008649225641025642,0.4511252
6,0.0565,-310.6323,-3.982465384615385,62.31248,0.007988779487179487,0.3968103
6,0.05675,-322.2791,-4.131783333333334,57.14826,0.0073267,0.3419726
6,0.057,-332.8526,-4.267341025641025,51.51832,0.006604912820512821,0.2866066
6,0.05725,-343.8135,-4.407865384615385,47.13022,0.0060423358974358975,0.2308068
6,0.0575,-355.1021,-4.552591025641026,41.30027,0.00529490641025641,0.1746982
6,0.05775,-365.7263,-4.6887987179487185,36.01996,0.004617943589743589,0.1180813
6,0.058,-376.5824,-4.827979487179488,30.93319,0.0039657935897435895,0.06103932
6,0.05825,-387.1852,-4.963912820512821,25.54993,0.003275632051282051,0.003760745
6,0.0585,-397.8479,-5.100614102564102,19.97078,0.00256035641025641,-0.05384073
6,0.05875,-407.9123,-5.229644871794872,14.67243,0.0018810807692307694,-0.1117769
6,0.059,-418.0036,-5.359020512820512,9.325646,0.0011955956410256412,-0.1701666
6,0.05925,-428.7878,-5.497279487179488,3.876894,0.0004970376923076924,-0.2289497
6,0.0595,-439.4676,-5.6342,-1.851677,-0.0002373944871794872,-0.2879674
6,0.05975,-449.1517,-5.758355128205128,-7.038649,-0.0009023908974358974,-0.3473142
6,0.06,-458.655,-5.880192307692307,-12.67172,-0.0016245794871794872,-0.4069693
6,0.06025,-468.6419,-6.008229487179488,-17.99498,-0.002307048717948718,-0.4668971
6,0.0605,-478.2404,-6.13128717948718,-23.51197,-0.0030143551282051286,-0.5269982
6,0.06075,-488.315,-6.260448717948718,-28.67286,-0.0036760076923076923,-0.5871883
6,0.061,-498.4058,-6.3898179487179485,-33.80257,-0.004333662820512821,-0.6475521
6,0.06125,-507.4502,-6.505771794871794,-39.20838,-0.005026715384615385,-0.7080027
6,0.0615,-516.9697,-6.627816666666667,-44.20691,-0.005667552564102564,-0.7684068
6,0.06175,-526.1999,-6.746152564102564,-48.73894,-0.0062485820512820514,-0.8287705
6,0.062,-535.0716,-6.8598923076923075,-53.62335,-0.006874788461538462,-0.8891326
6,0.06225,-544.0304,-6.974748717948718,-58.63697,-0.007517560256410256,-0.9494304
6,0.0625,-552.8717,-7.088098717948719,-63.57687,-0.00815088076923077,-1.009634
6,0.06275,-561.4071,-7.197526923076923,-68.2346,-0.008748025641025642,-1.069744
6,0.063,-570.0726,-7.308623076923076,-72.75447,-0.009327496153846154,-1.129742
6,0.06325,-577.8381,-7.40818076923077,-77.77065,-0.009970596153846155,-1.189603
6,0.0635,-586.1471,-7.5147064102564105,-82.18934,-0.010537094871794871,-1.249261
6,0.06375,-594.0716,-7.616302564102564,-86.8302,-0.011132076923076923,-1.308737
6,0.064,-602.0362,-7.718412820512821,-90.93044,-0.011657748717948719,-1.368064
6,0.06425,-609.0257,-7.808021794871795,-95.5111,-0.01224501282051282,-1.427118
6,0.0645,-616.811,-7.907833333333334,-100.0835,-0.012831217948717949,-1.485799
6,0.06475,-623.9104,-7.998851282051281,-104.4336,-0.013388923076923076,-1.544087
6,0.065,-631.8497,-8.10063717948718,-108.4238,-0.01390048717948718,-1.601952
6,0.06525,-638.472,-8.18553846153846,-112.6511,-0.014442448717948716,-1.659353
6,0.0655,-645.6079,-8.277024358974359,-116.6155,-0.014950705128205129,-1.716095
6,0.06575,-652.1032,-8.360297435897435,-120.7428,-0.015479846153846155,-1.772188
6,0.066,-658.7083,-8.444978205128205,-124.7185,-0.015989551282051283,-1.827818
6,0.06625,-665.3438,-8.530048717948718,-128.6023,-0.016487474358974363,-1.882877
6,0.0665,-671.9054,-8.614171794871794,-132.5911,-0.016998858974358974,-1.937184
6,0.06675,-677.5264,-8.686235897435898,-136.5002,-0.01750002564102564,-1.990734
6,0.067,-684.0075,-8.769326923076925,-139.857,-0.017930384615384615,-2.04366
6,0.06725,-689.8047,-8.84365,-143.6826,-0.018420846153846156,-2.095968
6,0.0675,-694.9461,-8.909565384615385,-147.5706,-0.018919307692307694,-2.147459
6,0.06775,-700.6294,-8.982428205128206,-150.8589,-0.019340884615384614,-2.198076
6,0.068,-705.9202,-9.050258974358973,-154.1343,-0.019760807692307692,-2.247989
6,0.06825,-711.3853,-9.12032435897436,-157.7393,-0.02022298717948718,-2.297142
6,0.0685,-716.0141,-9.179667948717949,-160.7375,-0.020607371794871796,-2.345348
6,0.06875,-720.3552,-9.235323076923075,-163.9075,-0.02101378205128205,-2.392559
6,0.069,-725.9038,-9.306458974358975,-166.6137,-0.021360730769230767,-2.438838
6,0.06925,-730.093,-9.360166666666666,-169.5602,-0.02173848717948718,-2.484146
6,0.0695,-734.3677,-9.414970512820513,-172.3295,-0.02209352564102564,-2.528313
6,0.06975,-738.0763,-9.462516666666666,-175.3795,-0.022484551282051284,-2.571394
6,0.07,-742.2786,-9.516392307692307,-177.5151,-0.022758346153846153,-2.613459
6,0.07025,-745.6792,-9.559989743589744,-180.1945,-0.023101858974358975,-2.654412
6,0.0705,-749.0332,-9.602989743589744,-182.9757,-0.023458423076923078,-2.694133
6,0.07075,-752.375,-9.645833333333334,-185.3166,-0.02375853846153846,-2.732715
6,0.071,-755.2761,-9.683026923076925,-187.3241,-0.024015910256410256,-2.770204
6,0.07125,-758.0325,-9.718365384615385,-189.6131,-0.024309371794871793,-2.806511
6,0.0715,-760.0518,-9.744253846153846,-192.0078,-0.024616384615384613,-2.841634
6,0.07175,-762.5934,-9.776838461538462,-193.6396,-0.02482558974358974,-2.875624
6,0.072,-764.9592,-9.80716923076923,-195.5711,-0.02507321794871795,-2.908458
6,0.07225,-767.0925,-9.83451923076923,-197.2598,-0.025289717948717948,-2.940016
6,0.0725,-768.5122,-9.852720512820513,-199.2146,-0.025540333333333335,-2.970176
6,0.07275,-770.7205,-9.88103205128205,-200.6965,-0.025730320512820513,-2.99907
6,0.073,-772.3226,-9.901571794871794,-202.0303,-0.025901320512820517,-3.026838
6,0.07325,-773.8228,-9.92080512820513,-203.5606,-0.02609751282051282,-3.053273
6,0.0735,-775.089,-9.937038461538462,-204.5403,-0.026223115384615383,-3.078234
6,0.07375,-776.2823,-9.952337179487179,-205.8492,-0.026390923076923076,-3.101846
6,0.074,-777.1585,-9.963570512820514,-206.7323,-0.026504141025641026,-3.12424
6,0.07425,-778.0626,-9.975161538461538,-207.7297,-0.02663201282051282,-3.145338
6,0.0745,-778.6152,-9.982246153846154,-208.7789,-0.02676652564102564,-3.165071
6,0.07475,-778.8391,-9.985116666666666,-209.3113,-0.02683478205128205,-3.183617
6,0.075,-779.0634,-9.987992307692307,-209.9163,-0.026912346153846155,-3.201027
6,0.07525,-779.0042,-9.987233333333334,-210.64,-0.027005128205128202,-3.217186
6,0.0755,-778.2723,-9.97785,-211.1783,-0.027074141025641024,-3.232104
6,0.07575,-777.6002,-9.969233333333333,-211.9056,-0.027167384615384614,-3.245817
6,0.076,-776.6338,-9.956843589743588,-212.0478,-0.02718561538461538,-3.258481
6,0.07625,-776.1962,-9.951233333333333,-212.067,-0.027188076923076926,-3.270013
6,0.0765,-774.6124,-9.930928205128204,-212.3611,-0.02722578205128205,-3.280317
6,0.07675,-773.0813,-9.91129871794872,-212.8774,-0.02729197435897436,-3.289584
6,0.077,-771.8308,-9.895266666666666,-212.6394,-0.027261461538461536,-3.297784
6,0.07725,-770.2444,-9.874928205128207,-212.3929,-0.027229858974358978,-3.304808
6,0.0775,-768.3233,-9.85029871794872,-212.4352,-0.02723528205128205,-3.310727
6,0.07775,-766.0816,-9.821558974358974,-212.7825,-0.027279807692307693,-3.315664
6,0.078,-764.1397,-9.79666282051282,-212.3437,-0.027223551282051284,-3.319672
6,0.07825,-761.3793,-9.761273076923077,-211.9697,-0.02717560256410256,-3.322638
6,0.0785,-759.048,-9.731384615384615,-211.7313,-0.027145038461538464,-3.324614
6,0.07875,-756.1959,-9.694819230769232,-211.3375,-0.02709455128205128,-3.325824
6,0.079,-752.9286,-9.652930769230768,-211.0697,-0.027060217948717952,-3.326207
6,0.07925,-749.8608,-9.6136,-210.5692,-0.02699605128205128,-3.325751
6,0.0795,-745.6412,-9.559502564102564,-209.6758,-0.02688151282051282,-3.32447
6,0.07975,-742.23,-9.51576923076923,-209.0739,-0.026804346153846158,-3.322446
6,0.08,-738.5792,-9.468964102564103,-208.7181,-0.026758730769230767,-3.319788
6,0.08025,-734.5511,-9.417321794871796,-208.0154,-0.026668641025641024,-3.316604
6,0.0805,-731.0062,-9.37187435897436,-207.1465,-0.026557243589743592,-3.312783
6,0.08075,-726.6924,-9.31656923076923,-206.4825,-0.026472115384615386,-3.308215
6,0.081,-722.2246,-9.259289743589743,-205.8946,-0.02639674358974359,-3.303053
6,0.08125,-717.9975,-9.205096153846153,-204.6526,-0.026237512820512822,-3.297274
6,0.0815,-713.0496,-9.14166153846154,-203.7482,-0.026121564102564103,-3.290854
6,0.08175,-708.1518,-9.07886923076923,-202.8282,-0.026003615384615385,-3.28389
6,0.082,-703.3923,-9.017850000000001,-202.1689,-0.02591908974358974,-3.27654
6,0.08225,-697.8995,-8.947429487179486,-200.8447,-0.025749320512820514,-3.268741
6,0.0825,-692.281,-8.875397435897435,-199.4533,-0.0255709358974359,-3.26042
6,0.08275,-686.5936,-8.802482051282052,-198.324,-0.02542615384615385,-3.251539
6,0.083,-680.6783,-8.726644871794871,-197.2771,-0.025291935897435898,-3.242231
6,0.08325,-674.8998,-8.652561538461539,-195.5521,-0.02507078205128205,-3.232568
6,0.0835,-668.1245,-8.565698717948719,-194.022,-0.024874615384615384,-3.222476
6,0.08375,-661.5735,-8.481711538461537,-192.2474,-0.024647102564102567,-3.211944
6,0.084,-655.1644,-8.399543589743589,-191.545,-0.02455705128205128,-3.200939
6,0.08425,-648.2128,-8.310420512820512,-189.9963,-0.024358499999999998,-3.189488
6,0.0845,-641.24,-8.22102564102564,-188.082,-0.02411307692307692,-3.177567
6,0.08475,-634.1527,-8.13016282051282,-186.0241,-0.02384924358974359,-3.165124
6,0.085,-626.9727,-8.03811153846154,-184.4369,-0.023645756410256413,-3.152327
6,0.08525,-620.5073,-7.955221794871794,-182.7392,-0.023428102564102566,-3.139096
6,0.0855,-612.5777,-7.853560256410257,-181.0026,-0.023205461538461536,-3.125244
6,0.08575,-604.4379,-7.749203846153846,-178.9666,-0.0229444358974359,-3.111027
6,0.086,-596.7449,-7.650575641025641,-176.9404,-0.022684666666666665,-3.096535
6,0.08625,-588.8542,-7.54941282051282,-175.0315,-0.022439935897435898,-3.081609
6,0.0865,-581.0655,-7.449557692307693,-173.1378,-0.022197153846153846,-3.066088
6,0.08675,-572.7616,-7.343097435897437,-170.7069,-0.0218855,-3.050087
6,0.087,-565.0269,-7.243934615384615,-168.8836,-0.021651743589743592,-3.033797
6,0.08725,-556.0013,-7.128221794871795,-166.7359,-0.021376397435897435,-3.017095
6,0.0875,-548.0297,-7.026021794871795,-164.2767,-0.021061115384615383,-2.999895
6,0.08775,-538.5092,-6.903964102564102,-161.9879,-0.020767679487179485,-2.98224
6,0.088,-529.4167,-6.78739358974359,-159.7906,-0.02048597435897436,-2.964232
6,0.08825,-520.583,-6.674141025641026,-157.7712,-0.020227076923076924,-2.945833
6,0.0885,-511.6596,-6.559738461538462,-155.1303,-0.019888500000000003,-2.926878
6,0.08875,-502.3696,-6.4406358974358975,-152.8819,-0.01960024358974359,-2.907485
6,0.089,-493.1084,-6.321902564102564,-150.3824,-0.019279794871794872,-2.887738
6,0.08925,-483.2962,-6.1961051282051285,-148.0026,-0.018974692307692307,-2.867566
6,0.0895,-473.8056,-6.074430769230769,-145.1321,-0.01860667948717949,-2.846934
6,0.08975,-464.7582,-5.958438461538462,-142.7223,-0.018297730769230768,-2.825827
6,0.09,-454.2738,-5.824023076923076,-139.8164,-0.017925179487179487,-2.804421
6,0.09025,-444.296,-5.696102564102564,-137.2361,-0.017594371794871794,-2.782536
6,0.0905,-434.2619,-5.567460256410257,-134.5836,-0.017254307692307694,-2.759986
6,0.09075,-424.1068,-5.437266666666667,-131.2634,-0.016828641025641026,-2.73708
6,0.091,-413.5885,-5.302416666666667,-128.2532,-0.01644271794871795,-2.713805
6,0.09125,-401.956,-5.153282051282051,-125.9047,-0.016141628205128208,-2.690079
6,0.0915,-391.7436,-5.022353846153846,-122.8294,-0.015747358974358975,-2.665894
6,0.09175,-380.6287,-4.8798551282051275,-119.9133,-0.0153735,-2.641246
6,0.092,-370.1337,-4.745303846153846,-116.9029,-0.014987551282051283,-2.616259
6,0.09225,-359.2285,-4.60549358974359,-113.6284,-0.014567743589743588,-2.590783
6,0.0925,-348.2681,-4.464975641025641,-110.8653,-0.014213499999999999,-2.564679
6,0.09275,-337.2869,-4.324191025641025,-107.6179,-0.013797166666666666,-2.538125
6,0.093,-326.1507,-4.18141923076923,-104.575,-0.013407051282051283,-2.511208
6,0.09325,-315.0535,-4.039147435897435,-101.5732,-0.013022205128205129,-2.483797
6,0.0935,-304.0667,-3.898291025641026,-98.72796,-0.012657430769230768,-2.455688
6,0.09375,-292.7902,-3.753720512820513,-95.20049,-0.012205191025641026,-2.42705
6,0.094,-282.0775,-3.616378205128205,-91.70441,-0.011756975641025642,-2.398094
6,0.09425,-270.3421,-3.4659243589743594,-88.62874,-0.011362658974358973,-2.368634
6,0.0945,-258.5465,-3.3146987179487177,-85.28168,-0.010933548717948717,-2.338535
6,0.09475,-247.3622,-3.1713102564102567,-81.89618,-0.010499510256410256,-2.30795
6,0.095,-235.8542,-3.0237717948717946,-78.2246,-0.010028794871794871,-2.276998
6,0.09525,-223.9694,-2.871402564102564,-74.79341,-0.009588898717948718,-2.245611
6,0.0955,-212.1368,-2.719702564102564,-71.31713,-0.009143221794871795,-2.213689
6,0.09575,-200.3969,-2.5691910256410257,-67.4722,-0.00865028205128205,-2.181275
6,0.096,-188.622,-2.4182307692307696,-63.78688,-0.008177805128205129,-2.148358
6,0.09625,-176.4237,-2.2618423076923078,-60.21824,-0.007720287179487179,-2.114906
6,0.0965,-164.5951,-2.1101935897435897,-56.72118,-0.007271946153846153,-2.080908
6,0.09675,-152.5837,-1.9562012820512822,-52.55701,-0.006738078205128204,-2.046377
6,0.097,-140.2983,-1.798696153846154,-48.39422,-0.00620438717948718,-2.011298
6,0.09725,-128.875,-1.6522435897435899,-44.37986,-0.005689725641025641,-1.97552
6,0.0975,-116.0248,-1.487497435897436,-40.5312,-0.005196307692307692,-1.939124
6,0.09775,-103.6665,-1.3290576923076924,-36.27507,-0.00465065,-1.902228
6,0.098,-91.87841,-1.1779283333333332,-32.15659,-0.004122639743589744,-1.864776
6,0.09825,-79.5079,-1.0193320512820514,-27.70202,-0.003551541025641026,-1.826703
6,0.0985,-67.39014,-0.8639761538461539,-23.36588,-0.002995625641025641,-1.787987
6,0.09875,-55.37468,-0.7099317948717949,-18.80091,-0.002410373076923077,-1.748773
6,0.099,-42.31687,-0.5425239743589744,-14.2879,-0.0018317820512820514,-1.709107
6,0.09925,-30.34193,-0.3889991025641026,-9.621742,-0.0012335566666666666,-1.668798
6,0.0995,-17.6412,-0.2261692307692308,-5.153048,-0.0006606471794871796,-1.627903
6,0.09975,-5.768569,-0.07395601282051283,-0.7737709,-9.920139743589744e-05,-1.58642
6,0.1,4.732989,0.06067934615384615,3.516481,0.00045083089743589745,-1.549429
7,0.0,5.523771,0.07081757692307693,0.0,0.0,-2.031294
7,0.00025,18.29121,0.2345026923076923,5.148146,0.0006600187179487179,-1.979243
7,0.0005,33.61151,0.43091679487179496,9.745082,0.0012493694871794872,-1.926197
7,0.00075,47.6585,0.6110064102564101,14.91343,0.0019119782051282052,-1.872186
7,0.001,60.19969,0.7717908974358973,19.79469,0.0025377807692307693,-1.817469
7,0.00125,73.20838,0.9385689743589744,25.51111,0.003270655128205128,-1.761929
7,0.0015,86.56552,1.109814358974359,30.72063,0.003938542307692307,-1.705417
7,0.00175,100.4332,1.2876051282051282,35.86799,0.004598460256410256,-1.647946
7,0.002,113.4541,1.4545397435897434,41.37223,0.005304132051282052,-1.589531
7,0.00225,126.4389,1.6210115384615384,46.8855,0.006010961538461539,-1.530262
7,0.0025,139.5276,1.7888153846153847,52.32405,0.006708211538461539,-1.469995
7,0.00275,153.1208,1.9630871794871796,57.89595,0.007422557692307693,-1.408832
7,0.003,166.4445,2.133903846153846,63.96258,0.008200330769230768,-1.346833
7,0.00325,179.3443,2.2992858974358974,69.79822,0.008948489743589742,-1.283847
7,0.0035,192.9821,2.474129487179487,75.94995,0.009737173076923077,-1.219945
7,0.00375,206.1346,2.642751282051282,81.84559,0.010493024358974359,-1.155114
7,0.004,219.7597,2.817432051282051,88.10047,0.011294932051282052,-1.089418
7,0.00425,232.5394,2.981274358974359,94.01964,0.012053799999999998,-1.02277
7,0.0045,245.4605,3.1469294871794875,100.2286,0.012849820512820515,-0.9550624
7,0.00475,258.4352,3.313271794871795,106.5463,0.013659782051282052,-0.8865026
7,0.005,270.7227,3.4708038461538457,113.1988,0.014512666666666667,-0.817264
7,0.00525,284.0889,3.6421653846153847,119.2947,0.015294192307692309,-0.747295
7,0.0055,296.621,3.802833333333333,125.6454,0.016108384615384615,-0.6764143
7,0.00575,309.3709,3.96629358974359,131.7636,0.01689276923076923,-0.604611
7,0.006,322.2185,4.13100641025641,138.3005,0.017730833333333335,-0.5321446
7,0.00625,334.6695,4.290634615384616,144.4804,0.018523128205128206,-0.4590362
7,0.0065,347.312,4.452717948717949,150.7385,0.019325448717948716,-0.3851332
7,0.00675,359.1294,4.604223076923076,156.7463,0.020095679487179486,-0.3106011
7,0.007,371.662,4.764897435897436,163.0188,0.020899846153846154,-0.2354789
7,0.00725,384.1911,4.925526923076924,168.9797,0.021664064102564103,-0.1597718
7,0.0075,396.3144,5.080953846153846,175.2503,0.02246798717948718,-0.08360471
7,0.00775,408.2984,5.234594871794872,181.396,0.023255897435897434,-0.006910073
7,0.008,420.2243,5.387491025641026,187.6463,0.024057217948717947,0.07025519
7,0.00825,431.7423,5.535157692307693,194.2453,0.024903243589743586,0.1478114
7,0.0085,443.1404,5.68128717948718,200.8412,0.025748871794871793,0.2257757
7,0.00875,454.2852,5.82416923076923,206.9163,0.02652773076923077,0.3040559
7,0.009,466.0185,5.9745961538461545,213.7777,0.027407397435897436,0.3824584
7,0.00925,476.4375,6.1081730769230775,220.4012,0.0282565641025641,0.4609843
7,0.0095,488.1227,6.257983333333334,226.8518,0.029083564102564102,0.5397408
7,0.00975,498.7869,6.394703846153846,233.7949,0.02997370512820513,0.6186195
7,0.01,509.6243,6.533644871794872,240.359,0.03081525641025641,0.6974928
7,0.01025,520.3826,6.671571794871796,247.4104,0.031719282051282056,0.7764546
7,0.0105,531.1637,6.809791025641025,254.3081,0.032603602564102566,0.85548
7,0.01075,541.6455,6.944173076923076,260.953,0.03345551282051282,0.9344111
7,0.011,552.7848,7.086984615384615,268.0185,0.03436134615384616,1.013169
7,0.01125,563.2078,7.22061282051282,274.6577,0.03521252564102564,1.091752
7,0.0115,572.8382,7.344079487179488,281.5209,0.03609242307692308,1.170246
7,0.01175,583.0622,7.475156410256409,287.7089,0.03688575641025641,1.24861
7,0.012,593.0745,7.603519230769231,294.3867,0.037741884615384615,1.326597
7,0.01225,602.8872,7.729323076923077,301.2563,0.03862260256410256,1.404057
7,0.0125,612.8945,7.857621794871795,307.4165,0.03941237179487179,1.481067
7,0.01275,621.9632,7.97388717948718,313.5349,0.04019678205128205,1.557603
7,0.013,631.24,8.092820512820513,319.7441,0.04099283333333333,1.633487
7,0.01325,640.5286,8.211905128205128,325.2646,0.041700589743589735,1.708725
7,0.0135,649.4787,8.326649999999999,331.3448,0.04248010256410257,1.78338
7,0.01375,658.3818,8.440792307692307,337.0084,0.04320620512820513,1.85743
7,0.014,667.057,8.55201282051282,342.966,0.04397,1.930729
7,0.01425,675.3436,8.658251282051282,348.7507,0.0447116282051282,2.003109
7,0.0145,683.5655,8.763660256410258,354.3538,0.045429974358974355,2.074621
7,0.01475,691.7656,8.868789743589742,359.8374,0.046133,2.145274
7,0.015,699.6952,8.970451282051283,365.6954,0.04688402564102564,2.215008
7,0.01525,706.8974,9.062787179487179,371.1632,0.04758502564102564,2.28381
7,0.0155,715.1406,9.16846923076923,376.7131,0.04829655128205128,2.351572
7,0.01575,722.4072,9.26163076923077,382.0848,0.04898523076923077,2.418285
7,0.016,730.0086,9.359084615384615,387.3526,0.04966058974358974,2.483928
7,0.01625,736.8295,9.446532051282052,392.9501,0.05037821794871795,2.548415
7,0.0165,743.5536,9.532738461538461,397.6492,0.05098066666666667,2.611888
7,0.01675,749.9465,9.614698717948718,402.9935,0.05166583333333333,2.674264
7,0.017,756.421,9.69770512820513,407.6394,0.05226146153846155,2.735336
7,0.01725,762.6017,9.776944871794873,412.8935,0.0529350641025641,2.795144
7,0.0175,769.1658,9.8611,417.8143,0.0535659358974359,2.853809
7,0.01775,774.9869,9.935729487179488,422.327,0.05414448717948718,2.911296
7,0.018,780.6525,10.008365384615384,426.8888,0.05472933333333333,2.967331
7,0.01825,786.2492,10.080117948717948,431.5471,0.05532655128205128,3.021969
7,0.0185,792.6907,10.162701282051282,436.117,0.05591243589743589,3.075479
7,0.01875,797.2805,10.22154487179487,440.2751,0.056445525641025646,3.127711
7,0.019,802.1758,10.284305128205128,443.9343,0.056914653846153844,3.178526
7,0.01925,807.3318,10.350407692307694,448.4322,0.057491307692307696,3.227954
7,0.0195,812.5431,10.41721923076923,452.1862,0.05797258974358974,3.276076
7,0.01975,816.8427,10.472342307692308,455.736,0.058427692307692305,3.32279
7,0.02,821.0091,10.525757692307693,458.9993,0.058846064102564107,3.367985
7,0.02025,825.2053,10.579555128205127,462.1617,0.05925149999999999,3.411746
7,0.0205,829.045,10.628782051282052,465.7595,0.059712756410256404,3.454132
7,0.02075,833.0595,10.68025,468.7291,0.06009347435897436,3.495111
7,0.021,836.0376,10.718430769230768,471.2771,0.06042014102564103,3.534468
7,0.02125,839.1992,10.758964102564104,474.1316,0.060786102564102565,3.572291
7,0.0215,841.918,10.793820512820513,476.9859,0.061152038461538466,3.608774
7,0.02175,844.7072,10.829579487179487,479.8896,0.061524307692307684,3.643796
7,0.022,847.0411,10.859501282051282,482.2189,0.0618229358974359,3.677294
7,0.02225,849.2023,10.887208974358975,484.2583,0.06208439743589744,3.709377
7,0.0225,851.4532,10.916066666666667,486.8113,0.06241170512820513,3.740036
7,0.02275,853.3287,10.940111538461538,489.1125,0.06270673076923078,3.76921
7,0.023,855.0528,10.962215384615385,491.0243,0.06295183333333333,3.796924
7,0.02325,857.3781,10.992026923076923,492.4925,0.0631400641025641,3.823295
7,0.0235,857.9342,10.99915641025641,494.6165,0.06341237179487179,3.848336
7,0.02375,859.009,11.012935897435899,496.5782,0.06366387179487179,3.871976
7,0.024,859.8908,11.024241025641025,497.9404,0.06383851282051282,3.894173
7,0.02425,860.4611,11.031552564102563,498.6848,0.06393394871794872,3.915018
7,0.0245,861.3312,11.04270769230769,499.9545,0.06409673076923077,3.934659
7,0.02475,861.5399,11.045383333333334,501.9428,0.06435164102564102,3.952934
7,0.025,861.8362,11.04918205128205,502.9225,0.06447724358974359,3.96974
7,0.02525,861.5743,11.04582435897436,503.1668,0.06450856410256411,3.985321
7,0.0255,861.0405,11.03898076923077,504.2518,0.06464766666666666,3.999778
7,0.02575,860.3132,11.029656410256411,505.3354,0.06478658974358975,4.012952
7,0.026,859.8731,11.024014102564102,506.2358,0.06490202564102564,4.024819
7,0.02625,858.8525,11.010929487179487,506.5956,0.06494815384615384,4.035557
7,0.0265,857.6825,10.995929487179486,506.2846,0.06490828205128205,4.045154
7,0.02675,856.7338,10.983766666666666,507.1219,0.0650156282051282,4.053582
7,0.027,854.5367,10.955598717948718,507.8957,0.06511483333333333,4.060901
7,0.02725,852.9377,10.935098717948717,507.8134,0.06510428205128206,4.067121
7,0.0275,851.0024,10.91028717948718,507.4698,0.06506023076923077,4.072286
7,0.02775,848.7267,10.88111153846154,507.4994,0.06506402564102563,4.076494
7,0.028,846.2176,10.84894358974359,507.9291,0.06511911538461539,4.079748
7,0.02825,843.6087,10.815496153846153,507.4873,0.06506247435897436,4.082041
7,0.0285,840.0004,10.769235897435898,507.0253,0.06500324358974359,4.083495
7,0.02875,837.4685,10.736775641025641,506.4888,0.06493446153846154,4.083976
7,0.029,833.6855,10.688275641025642,506.5807,0.06494624358974359,4.083574
7,0.02925,829.4791,10.634347435897435,506.0607,0.06487957692307693,4.082455
7,0.0295,826.0704,10.590646153846153,504.8036,0.06471841025641026,4.080596
7,0.02975,822.2201,10.541283333333332,504.433,0.06467089743589743,4.078038
7,0.03,817.7564,10.484056410256409,504.3983,0.06466644871794872,4.074737
7,0.03025,813.0724,10.424005128205128,503.8137,0.0645915,4.070808
7,0.0305,808.6528,10.367343589743589,502.5011,0.06442321794871794,4.066322
7,0.03075,803.8528,10.305805128205128,501.3369,0.06427396153846153,4.061173
7,0.031,798.9038,10.242356410256411,500.9484,0.06422415384615385,4.05541
7,0.03125,794.1236,10.181071794871796,500.38,0.06415128205128205,4.04917
7,0.0315,788.8439,10.113383333333333,499.2329,0.06400421794871794,4.042525
7,0.03175,783.7481,10.048052564102566,497.5457,0.06378791025641026,4.035387
7,0.032,777.9909,9.974242307692307,496.7809,0.06368985897435897,4.027643
7,0.03225,771.7985,9.894852564102564,495.7511,0.06355783333333333,4.019414
7,0.0325,765.9415,9.819762820512821,494.3243,0.06337491025641026,4.010779
7,0.03275,760.4881,9.749847435897436,492.7358,0.06317125641025641,4.00165
7,0.033,753.5087,9.66036794871795,491.8509,0.0630578076923077,3.991926
7,0.03325,746.6797,9.572816666666668,490.0813,0.0628309358974359,3.981744
7,0.0335,739.912,9.486051282051283,488.7609,0.06266165384615385,3.971228
7,0.03375,732.5157,9.391226923076923,486.9843,0.06243388461538462,3.960254
7,0.034,725.5363,9.301747435897436,485.3079,0.06221896153846154,3.948772
7,0.03425,717.6502,9.20064358974359,483.8994,0.06203838461538462,3.936803
7,0.0345,710.6754,9.111223076923077,482.0622,0.06180284615384616,3.924367
7,0.03475,702.8617,9.011047435897437,479.9084,0.06152671794871794,3.911499
7,0.035,694.9245,8.90928846153846,478.0322,0.06128617948717948,3.898206
7,0.03525,686.7148,8.804035897435897,476.0731,0.061035012820512824,3.884496
7,0.0355,678.4545,8.698134615384616,474.2614,0.060802743589743594,3.870373
7,0.03575,670.2808,8.59334358974359,471.9064,0.06050082051282052,3.855804
7,0.036,661.5301,8.481155128205128,469.8023,0.0602310641025641,3.840742
7,0.03625,652.5273,8.365734615384616,467.8218,0.05997715384615384,3.825163
7,0.0365,643.8775,8.254839743589745,465.3215,0.059656602564102566,3.809242
7,0.03675,634.4076,8.133430769230769,462.9945,0.059358269230769235,3.792933
7,0.037,625.8586,8.023828205128206,460.2153,0.059001961538461545,3.776064
7,0.03725,616.1021,7.898744871794871,458.4107,0.05877060256410257,3.758752
7,0.0375,606.6322,7.777335897435898,455.7138,0.058424846153846154,3.741031
7,0.03775,596.6701,7.649616666666668,453.3213,0.058118115384615386,3.72278
7,0.038,587.182,7.527974358974359,450.7029,0.05778242307692308,3.704026
7,0.03825,577.3196,7.401533333333334,448.0526,0.05744264102564103,3.68486
7,0.0385,567.0333,7.2696576923076925,444.9671,0.0570470641025641,3.665362
7,0.03875,556.8382,7.138951282051282,441.8344,0.0566454358974359,3.645414
7,0.039,547.0032,7.0128615384615385,439.218,0.05631,3.624849
7,0.03925,536.5168,6.878420512820513,436.6666,0.05598289743589744,3.603811
7,0.0395,525.8851,6.742116666666666,433.4204,0.055566717948717946,3.582327
7,0.03975,515.4458,6.6082794871794865,429.9102,0.055116692307692304,3.560299
7,0.04,504.4753,6.4676320512820515,426.4107,0.05466803846153846,3.53769
7,0.04025,494.1758,6.335587179487179,423.1447,0.05424932051282051,3.514651
7,0.0405,482.5179,6.186126923076923,419.5815,0.0537925,3.491216
7,0.04075,471.3929,6.043498717948718,415.9986,0.05333315384615384,3.467306
7,0.041,459.9396,5.8966615384615375,412.2391,0.05285116666666667,3.442797
7,0.04125,447.7418,5.740279487179488,409.0662,0.05244438461538461,3.417624
7,0.0415,436.4061,5.59495,404.8891,0.05190885897435897,3.392018
7,0.04175,424.6591,5.444347435897436,400.8045,0.05138519230769231,3.365901
7,0.042,413.0883,5.296003846153846,396.8392,0.05087682051282052,3.339188
7,0.04225,401.2,5.143589743589743,392.8717,0.05036816666666666,3.312029
7,0.0425,388.7748,4.984292307692308,389.1205,0.04988724358974359,3.284369
7,0.04275,376.2311,4.823475641025642,384.5995,0.049307628205128205,3.256111
7,0.043,364.636,4.674820512820513,380.4476,0.04877533333333334,3.227262
7,0.04325,351.7869,4.510088461538461,376.3664,0.04825210256410256,3.197823
7,0.0435,339.666,4.354692307692307,372.1448,0.04771087179487179,3.167903
7,0.04375,327.608,4.200102564102564,367.5894,0.04712684615384615,3.137459
7,0.044,315.1079,4.039844871794871,363.2996,0.04657687179487179,3.106307
7,0.04425,302.434,3.8773589743589745,359.3605,0.046071858974358976,3.074565
7,0.0445,289.8994,3.716658974358974,354.9079,0.04550101282051282,3.042356
7,0.04475,276.7752,3.5483999999999996,350.3523,0.044916961538461544,3.009521
7,0.045,263.8683,3.3829269230769228,346.0205,0.04436160256410257,2.975907
7,0.04525,251.3469,3.222396153846154,341.7464,0.043813641025641024,2.941695
7,0.0455,239.3401,3.0684628205128206,337.4559,0.04326357692307692,2.906999
7,0.04575,225.3452,2.8890410256410255,332.9733,0.042688884615384615,2.871645
7,0.046,212.4353,2.723529487179487,328.4177,0.042104833333333334,2.835628
7,0.04625,199.6383,2.5594653846153848,323.5112,0.04147579487179487,2.798934
7,0.0465,186.6195,2.3925576923076926,318.3589,0.04081524358974359,2.76159
7,0.04675,173.1586,2.2199820512820514,313.1525,0.040147756410256405,2.723552
7,0.047,160.5541,2.058385897435898,308.3989,0.03953832051282052,2.684772
7,0.04725,146.7902,1.8819256410256409,303.139,0.03886397435897436,2.645317
7,0.0475,133.4781,1.7112576923076923,297.8561,0.03818667948717949,2.605184
7,0.04775,120.2061,1.5411038461538462,292.0307,0.03743983333333334,2.564422
7,0.048,106.8439,1.3697935897435898,286.6423,0.03674901282051282,2.522893
7,0.04825,93.36768,1.1970215384615384,281.0761,0.03603539743589743,2.480564
7,0.0485,79.54203,1.0197696153846154,274.9663,0.03525208974358974,2.437541
7,0.04875,66.0689,0.8470371794871795,268.8731,0.03447091025641026,2.393772
7,0.049,52.86623,0.6777721794871795,263.2651,0.0337519358974359,2.349216
7,0.04925,38.40088,0.49231897435897437,257.2796,0.032984564102564104,2.303932
7,0.0495,25.18049,0.32282679487179483,251.0395,0.03218455128205128,2.257943
7,0.04975,11.4769,0.1471397435897436,244.6338,0.03136330769230769,2.211228
7,0.05,-1.978,-0.025358974358974357,238.3652,0.030559641025641023,2.163813
7,0.05025,-15.22625,-0.19520833333333334,232.6345,0.029824935897435897,2.115772
7,0.0505,-28.95263,-0.3711875641025641,226.3041,0.029013346153846157,2.06708
7,0.05075,-42.4835,-0.5446602564102564,220.359,0.02825115384615385,2.017612
7,0.051,-56.1719,-0.7201525641025641,214.444,0.027492820512820513,1.96732
7,0.05125,-69.16842,-0.8867746153846153,208.8338,0.0267735641025641,1.916185
7,0.0515,-82.50987,-1.0578188461538462,202.4735,0.025958141025641028,1.86426
7,0.05175,-96.1233,-1.2323499999999998,196.8567,0.025238038461538458,1.8116
7,0.052,-109.2449,-1.4005756410256411,191.2667,0.024521371794871794,1.758178
7,0.05225,-122.404,-1.5692820512820513,185.0201,0.023720525641025645,1.703963
7,0.0525,-135.8914,-1.742197435897436,179.1578,0.02296894871794872,1.649012
7,0.05275,-149.0216,-1.9105333333333336,173.83,0.02228589743589744,1.593257
7,0.053,-161.9994,-2.076915384615385,167.1522,0.02142976923076923,1.536465
7,0.05325,-175.4381,-2.2492064102564098,161.2154,0.020668641025641022,1.478874
7,0.0535,-188.2533,-2.413503846153846,154.9367,0.019863679487179486,1.420626
7,0.05375,-202.0982,-2.5910025641025642,149.077,0.019112435897435897,1.361528
7,0.054,-214.9985,-2.756391025641026,142.7068,0.018295743589743587,1.301602
7,0.05425,-228.4635,-2.929019230769231,136.0554,0.017443,1.240953
7,0.0545,-240.9925,-3.089647435897436,129.3064,0.01657774358974359,1.179618
7,0.05475,-254.4515,-3.2621987179487184,122.9,0.015756410256410256,1.117513
7,0.055,-266.8184,-3.420748717948718,116.2437,0.014903038461538462,1.054527
7,0.05525,-279.781,-3.5869358974358976,109.7298,0.014067923076923077,0.9907405
7,0.0555,-292.5578,-3.7507410256410254,103.1137,0.013219705128205127,0.9263117
7,0.05575,-304.8857,-3.9087910256410257,96.29762,0.012345848717948716,0.8612687
7,0.056,-317.5738,-4.071458974358975,89.62605,0.011490519230769231,0.7955271
7,0.05625,-330.0881,-4.2318987179487175,83.0537,0.010647910256410258,0.7289788
7,0.0565,-342.6683,-4.393183333333333,76.09722,0.009756053846153846,0.6617561
7,0.05675,-354.8226,-4.5490076923076925,69.49781,0.008909975641025641,0.593934
7,0.057,-367.1743,-4.707362820512821,63.42039,0.00813081923076923,0.5253845
7,0.05725,-379.5048,-4.865446153846154,56.89197,0.007293842307692307,0.4561232
7,0.0575,-391.6793,-5.021529487179488,50.38237,0.006459278205128206,0.386308
7,0.05775,-403.4051,-5.171860256410256,44.09788,0.0056535743589743595,0.3159515
7,0.058,-415.4387,-5.326137179487179,38.20695,0.004898326923076923,0.2449401
7,0.05825,-427.0607,-5.475137179487179,32.04718,0.00410861282051282,0.1733937
7,0.0585,-438.5955,-5.6230192307692315,25.55582,0.00327638717948718,0.1014263
7,0.05875,-449.8208,-5.766933333333333,19.74547,0.0025314705128205127,0.02894453
7,0.059,-461.5091,-5.916783333333333,13.69571,0.0017558602564102565,-0.04413849
7,0.05925,-472.3657,-6.0559705128205135,8.095574,0.0010378941025641023,-0.1177287
7,0.0595,-483.2658,-6.195715384615385,1.293801,0.00016587192307692308,-0.1916152
7,0.05975,-494.1569,-6.335344871794872,-4.917152,-0.0006304041025641025,-0.265947
7,0.06,-504.8631,-6.472603846153846,-10.98457,-0.001408278205128205,-0.3408681
7,0.06025,-516.3685,-6.620108974358975,-16.76412,-0.0021492461538461538,-0.4161352
7,0.0605,-526.7915,-6.75373717948718,-23.52962,-0.003016617948717949,-0.4916455
7,0.06075,-537.1118,-6.886048717948718,-29.61292,-0.0037965282051282048,-0.5675301
7,0.061,-547.7886,-7.022930769230769,-35.978,-0.004612564102564103,-0.6437662
7,0.06125,-558.0966,-7.155084615384615,-41.96717,-0.00538040641025641,-0.7201039
7,0.0615,-568.0674,-7.282915384615385,-48.25695,-0.0061867884615384615,-0.7964138
7,0.06175,-578.6936,-7.419148717948717,-54.35045,-0.00696800641025641,-0.872751
7,0.062,-588.5696,-7.545764102564103,-60.35119,-0.007737332051282051,-0.9491893
7,0.06225,-598.5814,-7.6741205128205126,-65.6615,-0.008418141025641026,-1.025805
7,0.0625,-608.1388,-7.796651282051282,-71.47616,-0.009163610256410255,-1.102397
7,0.06275,-617.4517,-7.916047435897435,-77.44396,-0.00992871282051282,-1.178854
7,0.063,-626.059,-8.026397435897435,-82.89624,-0.010627723076923078,-1.255233
7,0.06325,-635.9345,-8.15300641025641,-88.30558,-0.011321228205128205,-1.331467
7,0.0635,-644.8913,-8.26783717948718,-93.31607,-0.011963598717948718,-1.407467
7,0.06375,-653.4464,-8.377517948717948,-98.8109,-0.012668064102564104,-1.483073
7,0.064,-661.7949,-8.484549999999999,-103.5602,-0.013276948717948718,-1.558402
7,0.06425,-670.3414,-8.594120512820513,-108.2862,-0.013882846153846152,-1.633563
7,0.0645,-678.4194,-8.697684615384615,-113.129,-0.01450371794871795,-1.708371
7,0.06475,-686.9172,-8.80663076923077,-117.812,-0.015104102564102563,-1.782866
7,0.065,-694.4802,-8.903592307692309,-122.1827,-0.01566444871794872,-1.857022
7,0.06525,-702.1828,-9.00234358974359,-126.5421,-0.016223346153846154,-1.930567
7,0.0655,-710.1332,-9.104271794871794,-130.3812,-0.016715538461538462,-2.003453
7,0.06575,-717.5422,-9.199258974358974,-134.9577,-0.01730226923076923,-2.075753
7,0.066,-724.6639,-9.290562820512822,-139.0862,-0.0178315641025641,-2.147557
7,0.06625,-731.854,-9.38274358974359,-142.5299,-0.0182730641025641,-2.218646
7,0.0665,-739.0214,-9.474633333333333,-146.8239,-0.018823576923076926,-2.288833
7,0.06675,-745.278,-9.554846153846155,-150.4316,-0.019286102564102563,-2.358322
7,0.067,-751.6968,-9.637138461538461,-154.2885,-0.01978057692307692,-2.427107
7,0.06725,-758.581,-9.725397435897436,-157.8781,-0.02024078205128205,-2.494923
7,0.0675,-764.3631,-9.799526923076924,-161.495,-0.020704487179487183,-2.561743
7,0.06775,-770.3346,-9.876084615384617,-165.1817,-0.021177141025641024,-2.627615
7,0.068,-776.0924,-9.949902564102564,-168.8603,-0.02164875641025641,-2.692499
7,0.06825,-782.0608,-10.026420512820511,-172.0225,-0.02205416666666667,-2.756379
7,0.0685,-787.3187,-10.093829487179487,-175.6586,-0.022520333333333333,-2.819091
7,0.06875,-792.3259,-10.15802435897436,-178.997,-0.022948333333333334,-2.880585
7,0.069,-797.3249,-10.222114102564102,-182.0152,-0.02333528205128205,-2.940931
7,0.06925,-802.7783,-10.292029487179487,-185.3799,-0.023766653846153844,-3.000133
7,0.0695,-807.3423,-10.35054230769231,-188.4246,-0.024157,-3.057971
7,0.06975,-812.1706,-10.41244358974359,-191.0614,-0.02449505128205128,-3.114358
7,0.07,-816.489,-10.467807692307693,-193.7904,-0.02484492307692308,-3.169404
7,0.07025,-820.7739,-10.522742307692308,-196.2494,-0.025160179487179492,-3.222988
7,0.0705,-824.7458,-10.573664102564104,-199.1962,-0.025537974358974362,-3.275012
7,0.07075,-828.2451,-10.618526923076923,-201.3265,-0.025811089743589744,-3.325561
7,0.071,-830.9599,-10.65333205128205,-203.4818,-0.02608741025641026,-3.374686
7,0.07125,-834.6066,-10.700084615384615,-205.8166,-0.02638674358974359,-3.42244
7,0.0715,-836.784,-10.728,-207.8104,-0.026642358974358973,-3.468599
7,0.07175,-840.2413,-10.772324358974359,-209.9357,-0.026914833333333336,-3.513141
7,0.072,-842.2764,-10.798415384615383,-211.6397,-0.02713329487179487,-3.556216
7,0.07225,-844.98,-10.833076923076923,-213.6253,-0.027387858974358976,-3.597698
7,0.0725,-846.6241,-10.854155128205127,-215.4909,-0.027627038461538463,-3.637521
7,0.07275,-848.642,-10.880025641025643,-217.1108,-0.02783471794871795,-3.675773
7,0.073,-850.7743,-10.907362820512821,-218.3544,-0.027994153846153846,-3.712558
7,0.07325,-851.6419,-10.918485897435898,-220.1572,-0.02822528205128205,-3.747642
7,0.0735,-853.5742,-10.943258974358974,-221.616,-0.028412307692307695,-3.781077
7,0.07375,-854.6342,-10.956848717948718,-222.9251,-0.028580141025641024,-3.812998
7,0.074,-855.5905,-10.969108974358974,-223.861,-0.0287001282051282,-3.843227
7,0.07425,-856.1502,-10.976284615384616,-224.7834,-0.028818384615384617,-3.871722
7,0.0745,-856.7812,-10.984374358974359,-225.9672,-0.028970153846153843,-3.898523
7,0.07475,-856.8775,-10.985608974358975,-226.9047,-0.029090346153846154,-3.923731
7,0.075,-856.8243,-10.984926923076923,-227.2675,-0.029136858974358977,-3.947546
7,0.07525,-856.9428,-10.986446153846154,-228.0773,-0.02924067948717949,-3.96974
7,0.0755,-856.7124,-10.983492307692307,-228.5936,-0.029306871794871795,-3.990178
7,0.07575,-855.1676,-10.963687179487179,-229.2421,-0.02939001282051282,-4.008993
7,0.076,-854.8586,-10.959725641025642,-229.4733,-0.02941965384615385,-4.026308
7,0.07625,-854.2574,-10.952017948717948,-229.5427,-0.029428551282051282,-4.042277
7,0.0765,-853.4455,-10.941608974358974,-230.0723,-0.029496448717948716,-4.056621
7,0.07675,-851.3274,-10.914453846153847,-230.1494,-0.029506333333333336,-4.069425
7,0.077,-850.2227,-10.900291025641026,-229.9268,-0.029477794871794867,-4.080933
7,0.07725,-848.3097,-10.875765384615384,-229.8368,-0.02946625641025641,-4.09105
7,0.0775,-846.3876,-10.851123076923077,-229.7064,-0.02944953846153846,-4.099752
7,0.07775,-844.272,-10.824,-229.68,-0.029446153846153848,-4.107097
7,0.078,-841.4143,-10.78736282051282,-229.1115,-0.02937326923076923,-4.113286
7,0.07825,-838.6226,-10.751571794871795,-228.7185,-0.02932288461538462,-4.118266
7,0.0785,-835.4996,-10.711533333333334,-228.6595,-0.029315320512820514,-4.121962
7,0.07875,-832.5011,-10.673091025641025,-227.9789,-0.029228064102564105,-4.12462
7,0.079,-829.054,-10.628897435897436,-227.4361,-0.02915847435897436,-4.126288
7,0.07925,-825.4837,-10.58312435897436,-226.6112,-0.029052717948717947,-4.126872
7,0.0795,-821.5762,-10.533028205128204,-226.2537,-0.029006884615384615,-4.126346
7,0.07975,-816.9595,-10.473839743589744,-225.9174,-0.028963769230769227,-4.124991
7,0.08,-812.8802,-10.421541025641025,-225.1326,-0.028863153846153844,-4.122992
7,0.08025,-808.3315,-10.36322435897436,-224.16,-0.02873846153846154,-4.120073
7,0.0805,-804.0146,-10.307879487179488,-223.3792,-0.028638358974358978,-4.116245
7,0.08075,-799.3554,-10.248146153846154,-222.6578,-0.028545871794871794,-4.111777
7,0.081,-795.2574,-10.195607692307693,-221.5644,-0.02840569230769231,-4.106594
7,0.08125,-789.686,-10.124179487179488,-220.5739,-0.028278705128205132,-4.100626
7,0.0815,-784.4986,-10.057674358974358,-219.7317,-0.028170730769230767,-4.093922
7,0.08175,-778.604,-9.982102564102565,-218.865,-0.028059615384615384,-4.08659
7,0.082,-772.6958,-9.90635641025641,-217.634,-0.027901794871794873,-4.078758
7,0.08225,-767.4582,-9.839207692307692,-216.2764,-0.02772774358974359,-4.070342
7,0.0825,-761.5602,-9.763592307692308,-215.1183,-0.02757926923076923,-4.061341
7,0.08275,-755.1384,-9.681261538461538,-213.7408,-0.027402666666666665,-4.051768
7,0.083,-748.9308,-9.601676923076923,-212.4123,-0.027232346153846152,-4.041613
7,0.08325,-742.9988,-9.525625641025641,-210.8487,-0.027031884615384617,-4.030925
7,0.0835,-734.9882,-9.42292564102564,-209.4005,-0.026846217948717947,-4.019646
7,0.08375,-727.8452,-9.331348717948718,-207.9769,-0.026663705128205126,-4.007829
7,0.084,-720.6697,-9.239355128205128,-206.5041,-0.026474884615384612,-3.995608
7,0.08425,-713.3423,-9.145414102564102,-205.3332,-0.02632476923076923,-3.982923
7,0.0845,-705.8519,-9.049383333333333,-203.6996,-0.026115333333333334,-3.969646
7,0.08475,-697.9172,-8.94765641025641,-202.147,-0.02591628205128205,-3.955843
7,0.085,-690.3518,-8.850664102564103,-200.0449,-0.02564678205128205,-3.941633
7,0.08525,-681.8939,-8.742229487179488,-198.2958,-0.025422538461538465,-3.926851
7,0.0855,-673.5439,-8.635178205128204,-196.6208,-0.025207794871794875,-3.911522
7,0.08575,-665.4,-8.53076923076923,-194.7803,-0.024971833333333332,-3.895766
7,0.086,-657.2729,-8.426575641025641,-193.0282,-0.02474720512820513,-3.879522
7,0.08625,-648.0224,-8.307979487179486,-191.053,-0.02449397435897436,-3.862751
7,0.0865,-639.058,-8.19305128205128,-189.0952,-0.02424297435897436,-3.845453
7,0.08675,-629.8293,-8.074734615384616,-186.9971,-0.023973987179487177,-3.827747
7,0.087,-620.6005,-7.956416666666667,-185.0997,-0.02373073076923077,-3.809618
7,0.08725,-611.6326,-7.84144358974359,-182.6374,-0.023415051282051284,-3.790884
7,0.0875,-601.5717,-7.712457692307692,-180.7543,-0.023173628205128208,-3.77158
7,0.08775,-591.843,-7.5877307692307685,-178.4848,-0.02288266666666667,-3.751804
7,0.088,-582.1939,-7.464024358974359,-176.8535,-0.022673525641025642,-3.731637
7,0.08825,-572.4506,-7.339110256410256,-174.4304,-0.022362871794871793,-3.710987
7,0.0885,-562.5198,-7.211792307692308,-172.0446,-0.022057,-3.689699
7,0.08875,-552.4351,-7.082501282051283,-169.6139,-0.021745371794871793,-3.667913
7,0.089,-541.8606,-6.946930769230769,-167.3459,-0.021454602564102566,-3.645647
7,0.08925,-532.3918,-6.825535897435897,-164.6608,-0.021110358974358975,-3.622945
7,0.0895,-521.4536,-6.685302564102565,-162.038,-0.020774102564102566,-3.599675
7,0.08975,-511.1607,-6.553342307692308,-159.5327,-0.020452910256410255,-3.575762
7,0.09,-499.8635,-6.40850641025641,-156.7712,-0.020098871794871794,-3.551366
7,0.09025,-489.2409,-6.272319230769231,-154.01,-0.019744871794871794,-3.526414
7,0.0905,-477.7689,-6.125242307692308,-151.5567,-0.019430346153846156,-3.500852
7,0.09075,-467.0308,-5.987574358974359,-148.8764,-0.019086717948717948,-3.474743
7,0.091,-454.8087,-5.830880769230769,-146.2623,-0.018751576923076926,-3.448107
7,0.09125,-443.2992,-5.6833230769230765,-142.93,-0.018324358974358974,-3.420986
7,0.0915,-431.9144,-5.537364102564103,-140.2724,-0.017983641025641026,-3.393316
7,0.09175,-419.9617,-5.384124358974359,-137.4198,-0.01761792307692308,-3.365028
7,0.092,-408.0055,-5.230839743589743,-134.3002,-0.017217974358974358,-3.3363
7,0.09225,-395.8406,-5.074879487179487,-131.4967,-0.01685855128205128,-3.30704
7,0.0925,-384.0891,-4.92421923076923,-128.585,-0.016485256410256412,-3.277152
7,0.09275,-371.8391,-4.767167948717948,-125.3497,-0.01607047435897436,-3.246741
7,0.093,-359.6935,-4.611455128205128,-122.1915,-0.015665576923076924,-3.215797
7,0.09325,-347.8563,-4.459696153846154,-119.198,-0.01528179487179487,-3.18416
7,0.0935,-335.3389,-4.299216666666667,-116.009,-0.014872948717948718,-3.151901
7,0.09375,-322.9056,-4.1398153846153845,-112.4613,-0.014418115384615383,-3.119109
7,0.094,-310.602,-3.982076923076923,-109.1046,-0.013987769230769232,-3.085766
7,0.09425,-297.9792,-3.820246153846154,-105.775,-0.013560897435897437,-3.051776
7,0.0945,-284.9351,-3.6530141025641023,-102.5647,-0.013149320512820514,-3.017007
7,0.09475,-272.0697,-3.488073076923077,-98.57893,-0.012638324358974358,-2.981603
7,0.095,-259.6557,-3.3289192307692312,-95.35678,-0.012225228205128207,-2.945696
7,0.09525,-247.3951,-3.1717320512820515,-91.24752,-0.0116984,-2.909131
7,0.0955,-233.7036,-2.9962,-87.40788,-0.011206138461538463,-2.871733
7,0.09575,-220.1297,-2.822175641025641,-83.88689,-0.010754729487179485,-2.833584
7,0.096,-207.2836,-2.6574820512820514,-79.70213,-0.010218221794871795,-2.79482
7,0.09625,-194.5692,-2.494476923076923,-75.46306,-0.009674751282051282,-2.755506
7,0.0965,-181.7479,-2.330101282051282,-70.98888,-0.009101138461538462,-2.715435
7,0.09675,-168.3244,-2.158005128205128,-66.71117,-0.008552714102564102,-2.674494
7,0.097,-155.3856,-1.9921230769230769,-62.29719,-0.007986819230769231,-2.632837
7,0.09725,-142.7041,-1.8295397435897436,-57.70672,-0.007398297435897436,-2.590483
7,0.0975,-128.9717,-1.6534833333333334,-52.94605,-0.006787955128205128,-2.547317
7,0.09775,-115.4211,-1.4797576923076923,-48.08322,-0.006164515384615384,-2.503385
7,0.098,-102.2868,-1.3113692307692308,-43.53432,-0.005581323076923077,-2.458733
7,0.09825,-88.67233,-1.1368247435897436,-38.64031,-0.004953885897435897,-2.413276
7,0.0985,-75.33544,-0.9658389743589744,-33.98004,-0.004356415384615385,-2.366854
7,0.09875,-61.61514,-0.7899376923076923,-28.42755,-0.0036445576923076926,-2.319633
7,0.099,-48.01994,-0.6156402564102563,-23.56982,-0.003021771794871795,-2.271724
7,0.09925,-34.12035,-0.43744038461538465,-18.6258,-0.002387923076923077,-2.222908
7,0.0995,-20.46488,-0.26237025641025646,-13.49334,-0.0017299153846153845,-2.173215
7,0.09975,-6.992755,-0.08965070512820514,-8.109104,-0.001039628717948718,-2.122747
7,0.1,3.896774,0.04995864102564103,-3.387258,-0.00043426384615384615,-2.077228
8,0.0,5.168784,0.06626646153846152,0.0,0.0,-2.713393
8,0.00025,19.50071,0.2500091025641026,5.805831,0.0007443373076923078,-2.649962
8,0.0005,35.17353,0.4509426923076923,11.25752,0.0014432717948717948,-2.585237
8,0.00075,50.37683,0.6458567948717948,16.82413,0.0021569397435897437,-2.519258
8,0.001,64.96931,0.8329398717948717,22.61133,0.0028988884615384616,-2.452058
8,0.00125,79.29031,1.016542435897436,29.07132,0.003727092307692308,-2.383593
8,0.0015,93.78554,1.2023787179487178,34.68106,0.0044462897435897444,-2.313759
8,0.00175,108.3785,1.3894679487179487,41.08516,0.005267328205128205,-2.242626
8,0.002,122.7193,1.573324358974359,47.47436,0.00608645641025641,-2.170263
8,0.00225,137.7306,1.7657769230769231,54.19554,0.006948146153846153,-2.09653
8,0.0025,152.1524,1.9506717948717949,60.76043,0.0077897987179487175,-2.021363
8,0.00275,167.0158,2.1412282051282054,67.7428,0.008684974358974359,-1.944956
8,0.003,181.1773,2.3227858974358973,74.75361,0.009583796153846153,-1.867241
8,0.00325,195.9668,2.512394871794872,81.73931,0.010479398717948719,-1.788124
8,0.0035,210.5026,2.698751282051282,88.59775,0.011358685897435897,-1.707569
8,0.00375,225.3017,2.8884833333333337,95.57738,0.012253510256410256,-1.625689
8,0.004,239.7007,3.0730858974358974,102.3593,0.01312298717948718,-1.542624
8,0.00425,253.9614,3.2559153846153843,109.4553,0.014032730769230768,-1.45828
8,0.0045,267.7673,3.4329141025641023,116.3229,0.014913192307692308,-1.372682
8,0.00475,282.452,3.621179487179487,123.3859,0.01581870512820513,-1.285809
8,0.005,295.7524,3.791697435897436,130.3808,0.01671548717948718,-1.197687
8,0.00525,310.0506,3.9750076923076922,137.7485,0.017660064102564103,-1.108382
8,0.0055,323.8438,4.1518435897435895,144.5665,0.018534166666666668,-1.017701
8,0.00575,337.9541,4.332744871794872,152.0966,0.0194995641025641,-0.9258155
8,0.006,351.2434,4.503120512820513,159.3903,0.020434653846153845,-0.8329578
8,0.00625,364.6274,4.674710256410257,167.0669,0.021418833333333335,-0.7390387
8,0.0065,378.4586,4.852033333333333,174.5905,0.022383397435897436,-0.6440335
8,0.00675,391.8375,5.023557692307692,182.2129,0.023360628205128204,-0.5479296
8,0.007,404.9754,5.191992307692308,190.0514,0.024365564102564102,-0.4509993
8,0.00725,418.1527,5.3609320512820515,198.1107,0.025398807692307693,-0.3533237
8,0.0075,431.3503,5.5301320512820515,206.0094,0.026411461538461536,-0.2546707
8,0.00775,444.8792,5.703579487179488,214.4014,0.027487358974358975,-0.1552033
8,0.008,457.1185,5.86049358974359,222.8903,0.028575679487179487,-0.0551415
8,0.00825,469.8759,6.02405,231.0153,0.029617346153846154,0.04551041
8,0.0085,483.3238,6.196458974358974,239.2209,0.030669346153846155,0.1467062
8,0.00875,495.5398,6.353074358974359,247.1592,0.03168707692307692,0.2483874
8,0.009,508.4254,6.5182743589743595,255.1124,0.032706717948717955,0.3503905
8,0.00925,520.6475,6.674967948717949,263.0706,0.033727,0.4527306
8,0.0095,532.7637,6.8303038461538454,271.0783,0.03475362820512821,0.5552791
8,0.00975,544.9666,6.986751282051282,278.6473,0.03572401282051282,0.6577452
8,0.01,556.6189,7.1361397435897445,286.4341,0.03672232051282051,0.7601554
8,0.01025,568.7833,7.29209358974359,294.3424,0.03773620512820513,0.8625487
8,0.0105,580.7866,7.445982051282051,302.4011,0.03876937179487179,0.9649198
8,0.01075,591.8949,7.588396153846154,309.7186,0.03970751282051282,1.067105
8,0.011,603.3897,7.735765384615385,317.6363,0.04072260256410257,1.169095
8,0.01125,614.7558,7.881484615384616,325.5179,0.0417330641025641,1.271013
8,0.0115,626.1903,8.028080769230769,333.1755,0.04271480769230769,1.3727
8,0.01175,637.0905,8.167826923076923,341.1208,0.04373343589743589,1.473867
8,0.012,647.8463,8.305721794871795,348.8213,0.044720679487179484,1.574423
8,0.01225,658.8235,8.446455128205127,357.1816,0.04579251282051282,1.674392
8,0.0125,668.7836,8.574148717948718,364.8071,0.046770141025641025,1.773774
8,0.01275,678.2651,8.69570641025641,372.5968,0.04776882051282051,1.872459
8,0.013,688.6162,8.828412820512822,380.4349,0.048773705128205135,1.970199
8,0.01325,698.3352,8.953015384615384,387.6004,0.049692358974358974,2.067023
8,0.0135,708.0472,9.077528205128205,395.6762,0.05072771794871794,2.162947
8,0.01375,717.6669,9.200857692307693,403.6923,0.05175542307692308,2.257802
8,0.014,726.9463,9.319824358974358,410.4371,0.052620141025641026,2.351453
8,0.01425,735.8484,9.433953846153845,417.6545,0.05354544871794872,2.443973
8,0.0145,744.5312,9.545271794871795,424.8775,0.054471474358974356,2.535391
8,0.01475,753.9265,9.665724358974359,432.0201,0.05538719230769231,2.625514
8,0.015,762.863,9.780294871794872,438.5971,0.05623039743589744,2.714247
8,0.01525,771.6121,9.89246282051282,445.0999,0.05706408974358974,2.801642
8,0.0155,779.7195,9.996403846153848,451.8163,0.057925166666666666,2.887663
8,0.01575,787.7352,10.09916923076923,458.2671,0.05875219230769231,2.972153
8,0.016,795.6187,10.200239743589744,464.7977,0.05958944871794872,3.054923
8,0.01625,803.9383,10.306901282051282,470.6512,0.06033989743589743,3.136198
8,0.0165,811.6172,10.40534871794872,476.5749,0.06109934615384615,3.216032
8,0.01675,818.9137,10.49889358974359,482.5897,0.06187047435897436,3.294163
8,0.017,825.6389,10.585114102564102,488.3118,0.06260407692307693,3.370564
8,0.01725,833.057,10.68021794871795,494.1984,0.06335876923076923,3.445317
8,0.0175,839.5613,10.763606410256411,499.7609,0.06407191025641026,3.5184
8,0.01775,846.2875,10.849839743589744,505.4691,0.06480373076923077,3.589688
8,0.018,852.4712,10.929117948717948,511.1483,0.06553183333333334,3.659122
8,0.01825,858.1976,11.002533333333332,516.3464,0.06619825641025641,3.726789
8,0.0185,864.3251,11.081091025641026,521.2245,0.06682365384615385,3.792783
8,0.01875,870.3432,11.158246153846154,526.676,0.0675225641025641,3.857023
8,0.019,876.0635,11.231583333333335,531.704,0.06816717948717949,3.919526
8,0.01925,880.3489,11.286524358974358,536.5013,0.06878221794871794,3.98021
8,0.0195,885.8955,11.357634615384615,540.9114,0.06934761538461537,4.039133
8,0.01975,890.7223,11.419516666666667,545.2599,0.06990511538461538,4.096333
8,0.02,895.0721,11.475283333333334,549.6941,0.07047360256410257,4.151701
8,0.02025,899.2724,11.529133333333332,553.7929,0.07099908974358975,4.20525
8,0.0205,903.5892,11.584476923076924,557.7149,0.07150191025641026,4.256944
8,0.02075,907.7779,11.638178205128206,561.4846,0.07198520512820512,4.306785
8,0.021,911.0407,11.680008974358975,564.87,0.07241923076923078,4.354782
8,0.02125,914.8469,11.728806410256409,568.6383,0.07290234615384615,4.400912
8,0.0215,917.2832,11.760041025641025,571.6363,0.07328670512820513,4.4453
8,0.02175,920.4558,11.800715384615383,575.0638,0.07372612820512821,4.487862
8,0.022,922.8991,11.832039743589743,578.0391,0.07410757692307691,4.528482
8,0.02225,926.1842,11.87415641025641,580.979,0.07448448717948719,4.567373
8,0.0225,928.6716,11.906046153846154,583.717,0.07483551282051282,4.604559
8,0.02275,930.8095,11.933455128205127,586.5235,0.07519532051282052,4.639896
8,0.023,933.1135,11.96299358974359,589.0122,0.07551438461538462,4.673444
8,0.02325,934.8325,11.985032051282051,591.1953,0.07579426923076922,4.705324
8,0.0235,936.3687,12.004726923076923,593.2992,0.076064,4.735569
8,0.02375,937.6501,12.021155128205129,595.3403,0.07632567948717948,4.764077
8,0.024,938.619,12.033576923076923,597.2137,0.07656585897435898,4.790919
8,0.02425,939.7779,12.048434615384616,598.4924,0.07672979487179488,4.816158
8,0.0245,940.1638,12.053382051282052,600.4296,0.07697815384615386,4.839771
8,0.02475,940.453,12.057089743589744,601.8205,0.07715647435897437,4.861752
8,0.025,940.1993,12.05383717948718,602.9144,0.07729671794871795,4.882065
8,0.02525,939.9754,12.050966666666667,604.2812,0.07747194871794871,4.900828
8,0.0255,939.4826,12.04464871794872,605.061,0.07757192307692308,4.918222
8,0.02575,938.6312,12.033733333333334,606.0589,0.07769985897435898,4.934131
8,0.026,937.8132,12.023246153846154,606.8005,0.0777949358974359,4.948447
8,0.02625,936.8894,12.011402564102564,607.489,0.07788320512820514,4.961313
8,0.0265,934.9242,11.986207692307692,608.0322,0.07795284615384615,4.972892
8,0.02675,933.3946,11.966597435897436,608.7201,0.07804103846153847,4.983188
8,0.027,931.3413,11.940273076923079,609.0017,0.07807714102564103,4.992118
8,0.02725,928.6675,11.90599358974359,608.7734,0.0780478717948718,4.999807
8,0.0275,927.3648,11.889292307692306,608.8348,0.07805574358974358,5.006395
8,0.02775,924.956,11.858410256410256,608.6987,0.07803829487179488,5.011802
8,0.028,921.9682,11.820105128205128,608.7895,0.07804993589743589,5.015966
8,0.02825,919.3815,11.786942307692307,608.4303,0.07800388461538461,5.019071
8,0.0285,916.3254,11.747761538461539,608.1432,0.07796707692307693,5.021118
8,0.02875,913.6704,11.713723076923078,607.8279,0.07792665384615384,5.022152
8,0.029,909.6286,11.661905128205127,607.0941,0.07783257692307692,5.022309
8,0.02925,905.5128,11.60913846153846,606.5845,0.0777672435897436,5.021598
8,0.0295,901.2629,11.554652564102565,605.445,0.07762115384615385,5.020028
8,0.02975,897.1568,11.502010256410257,604.9951,0.07756347435897436,5.017481
8,0.03,892.4824,11.442082051282052,604.2549,0.07746857692307693,5.014081
8,0.03025,887.7036,11.380815384615385,603.2694,0.07734223076923077,5.010069
8,0.0305,882.9467,11.319829487179486,602.3001,0.07721796153846154,5.005342
8,0.03075,877.7967,11.253803846153845,601.2106,0.07707828205128205,4.999895
8,0.031,872.8098,11.189869230769231,600.0349,0.07692755128205128,4.993796
8,0.03125,867.2253,11.118273076923076,598.8746,0.07677879487179487,4.987112
8,0.0315,861.6772,11.04714358974359,597.292,0.07657589743589745,4.979866
8,0.03175,855.456,10.967384615384615,596.1954,0.07643530769230769,4.971956
8,0.032,849.256,10.887897435897436,594.3822,0.07620284615384615,4.963462
8,0.03225,842.3794,10.799735897435898,593.2388,0.0760562564102564,4.954478
8,0.0325,835.6856,10.71391794871795,591.3398,0.07581279487179486,4.945019
8,0.03275,828.9042,10.626976923076922,589.7037,0.07560303846153847,4.934992
8,0.033,821.7607,10.53539358974359,587.9663,0.07538029487179487,4.924341
8,0.03325,814.5448,10.442882051282051,586.3931,0.07517860256410255,4.913248
8,0.0335,806.4556,10.339174358974358,584.473,0.0749324358974359,4.901717
8,0.03375,798.6896,10.239610256410257,582.6136,0.07469405128205128,4.889613
8,0.034,790.8856,10.139558974358973,580.3335,0.07440173076923076,4.876965
8,0.03425,782.8172,10.03611794871795,578.4573,0.07416119230769232,4.863812
8,0.0345,774.4135,9.928378205128205,576.2078,0.07387279487179488,4.850234
8,0.03475,766.0742,9.821464102564104,573.9204,0.07357953846153846,4.836143
8,0.035,757.8164,9.715594871794872,571.2114,0.07323223076923077,4.821456
8,0.03525,748.6671,9.598296153846153,568.8999,0.07293588461538461,4.80631
8,0.0355,739.8669,9.485473076923077,566.3641,0.07261078205128205,4.79066
8,0.03575,731.1867,9.374188461538461,563.7747,0.0722788076923077,4.774423
8,0.036,721.8212,9.25411794871795,561.2222,0.0719515641025641,4.757706
8,0.03625,712.3832,9.133117948717949,558.3718,0.0715861282051282,4.740561
8,0.0365,702.0995,9.001275641025641,555.373,0.07120166666666668,4.722839
8,0.03675,692.9715,8.88425,552.5279,0.07083691025641027,4.70449
8,0.037,682.667,8.752141025641025,549.616,0.07046358974358974,4.685638
8,0.03725,672.4875,8.621634615384615,546.7823,0.07010029487179487,4.6663
8,0.0375,661.9095,8.48601923076923,543.1988,0.0696408717948718,4.646427
8,0.03775,651.5067,8.352649999999999,540.0606,0.06923853846153846,4.625936
8,0.038,640.6638,8.213638461538462,536.9617,0.06884124358974358,4.604873
8,0.03825,629.7732,8.074015384615384,533.4231,0.06838757692307691,4.583349
8,0.0385,618.4522,7.928874358974358,529.5752,0.06789425641025641,4.561359
8,0.03875,608.2165,7.797647435897436,526.3272,0.06747784615384614,4.538781
8,0.039,596.273,7.644525641025641,522.728,0.06701641025641025,4.515549
8,0.03925,584.5594,7.494351282051282,519.067,0.06654705128205128,4.491797
8,0.0395,573.2267,7.349060256410257,514.6716,0.06598353846153847,4.467635
8,0.03975,561.8499,7.203203846153847,511.0251,0.06551603846153846,4.442961
8,0.04,549.5194,7.045120512820513,507.358,0.06504589743589743,4.417603
8,0.04025,537.2041,6.8872320512820515,503.6123,0.06456567948717949,4.391682
8,0.0405,525.2378,6.733817948717949,499.226,0.06400333333333333,4.365202
8,0.04075,513.0187,6.57716282051282,495.0052,0.06346220512820512,4.338088
8,0.041,500.4006,6.415392307692308,491.0832,0.06295938461538461,4.310339
8,0.04125,487.3969,6.248678205128205,487.0219,0.06243870512820513,4.281972
8,0.0415,474.9074,6.088556410256411,482.4491,0.06185244871794871,4.253061
8,0.04175,462.2999,5.926921794871794,478.1453,0.061300679487179495,4.223508
8,0.042,449.8159,5.766870512820513,473.8804,0.06075389743589744,4.193156
8,0.04225,436.5656,5.596994871794871,469.5827,0.06020291025641025,4.162199
8,0.0425,424.0736,5.436841025641026,464.7095,0.05957814102564102,4.130737
8,0.04275,410.9449,5.26852435897436,459.9186,0.05896392307692309,4.098539
8,0.043,397.3502,5.0942333333333325,455.6195,0.05841275641025641,4.065534
8,0.04325,384.0427,4.923624358974359,451.244,0.05785179487179488,4.031908
8,0.0435,371.1986,4.75895641025641,446.2635,0.057213269230769234,3.997738
8,0.04375,357.8901,4.588334615384616,441.2785,0.05657416666666667,3.962832
8,0.044,344.4134,4.415556410256411,436.4941,0.05596078205128205,3.927137
8,0.04425,330.767,4.240602564102565,431.633,0.0553375641025641,3.890715
8,0.0445,316.5635,4.058506410256411,426.3515,0.05466044871794872,3.853543
8,0.04475,302.1032,3.873117948717949,420.8963,0.053961064102564106,3.815635
8,0.045,288.5617,3.699508974358974,415.5191,0.05327167948717948,3.776944
8,0.04525,274.0893,3.513965384615384,410.5143,0.052630038461538464,3.737454
8,0.0455,259.9947,3.333265384615385,404.9171,0.05191244871794872,3.697347
8,0.04575,246.0369,3.1543192307692305,399.1815,0.05117711538461538,3.656419
8,0.046,231.649,2.9698589743589747,393.0162,0.05038669230769231,3.61455
8,0.04625,217.0287,2.7824192307692304,387.7877,0.049716371794871796,3.571872
8,0.0465,202.8723,2.600926923076923,381.8605,0.04895647435897436,3.528416
8,0.04675,188.5994,2.4179410256410256,375.7391,0.048171679487179486,3.484204
8,0.047,173.585,2.2254487179487183,369.2711,0.04734244871794872,3.439086
8,0.04725,159.4752,2.044553846153846,363.5706,0.04661161538461538,3.393053
8,0.0475,144.8139,1.8565884615384614,357.3384,0.04581261538461538,3.346325
8,0.04775,130.6114,1.6745051282051284,350.9243,0.04499029487179487,3.298662
8,0.048,115.6482,1.4826692307692309,344.9671,0.04422655128205128,3.249944
8,0.04825,101.0572,1.295605128205128,338.5915,0.043409166666666665,3.200376
8,0.0485,85.92178,1.101561282051282,332.678,0.042651025641025644,3.14984
8,0.04875,71.64636,0.9185430769230769,326.3682,0.04184207692307692,3.098327
8,0.049,57.13999,0.7325639743589742,319.9841,0.04102360256410257,3.045822
8,0.04925,42.50041,0.5448770512820513,313.6747,0.040214705128205123,2.992404
8,0.0495,27.98137,0.3587355128205128,307.6681,0.0394446282051282,2.938074
8,0.04975,13.04297,0.1672175641025641,301.2808,0.03862574358974359,2.882656
8,0.05,-1.772872,-0.022729128205128204,294.871,0.03780397435897436,2.826099
8,0.05025,-16.28735,-0.2088121794871795,288.7009,0.03701293589743589,2.76869
8,0.0505,-30.91173,-0.3963042307692307,281.8073,0.03612914102564103,2.710458
8,0.05075,-45.40646,-0.5821341025641026,275.4417,0.035313038461538465,2.65117
8,0.051,-60.34031,-0.773593717948718,268.6558,0.03444305128205129,2.590891
8,0.05125,-74.4972,-0.9550923076923078,262.2213,0.033618115384615385,2.529661
8,0.0515,-88.78325,-1.138246794871795,254.7173,0.0326560641025641,2.467477
8,0.05175,-103.4385,-1.3261346153846154,247.6906,0.03175520512820513,2.404277
8,0.052,-118.0214,-1.5130948717948718,240.7783,0.03086901282051282,2.33991
8,0.05225,-133.134,-1.7068461538461537,233.7645,0.029969807692307695,2.27446
8,0.0525,-147.6956,-1.8935333333333335,226.2958,0.029012282051282052,2.20805
8,0.05275,-161.9021,-2.0756679487179484,218.6279,0.028029217948717947,2.140659
8,0.053,-176.7656,-2.266225641025641,211.164,0.02707230769230769,2.0722
8,0.05325,-192.1867,-2.4639320512820513,203.9488,0.026147282051282052,2.002611
8,0.0535,-206.3025,-2.6449038461538463,196.4806,0.025189820512820513,1.932009
8,0.05375,-220.9649,-2.832883333333333,188.8909,0.02421678205128205,1.860359
8,0.054,-235.0428,-3.013369230769231,181.1659,0.023226397435897436,1.78775
8,0.05425,-249.6778,-3.200997435897436,174.2553,0.022340423076923077,1.714244
8,0.0545,-263.9152,-3.3835282051282056,166.5843,0.02135696153846154,1.639687
8,0.05475,-277.8072,-3.56163076923077,159.2345,0.020414679487179486,1.56404
8,0.055,-291.793,-3.7409358974358975,151.9936,0.01948635897435897,1.487341
8,0.05525,-305.2149,-3.9130115384615385,144.7999,0.018564089743589744,1.409653
8,0.0555,-319.1626,-4.091828205128205,138.0375,0.017697115384615384,1.331024
8,0.05575,-332.7437,-4.265944871794872,131.0046,0.01679546153846154,1.251359
8,0.056,-346.4006,-4.441033333333333,123.5129,0.01583498717948718,1.170752
8,0.05625,-359.8819,-4.613870512820513,116.1588,0.014892153846153845,1.089298
8,0.0565,-373.3976,-4.787148717948718,108.9888,0.013972923076923077,1.006951
8,0.05675,-387.0708,-4.9624461538461535,101.4893,0.013011448717948718,0.9237628
8,0.057,-400.4061,-5.133411538461538,93.88963,0.01203713205128205,0.8395535
8,0.05725,-413.4574,-5.300735897435898,86.51606,0.011091802564102563,0.7544462
8,0.0575,-426.2472,-5.464707692307693,79.14896,0.010147302564102565,0.668751
8,0.05775,-439.8029,-5.638498717948718,72.06365,0.009238929487179488,0.5822209
8,0.058,-452.7047,-5.803906410256411,64.32123,0.008246311538461538,0.4948364
8,0.05825,-465.9854,-5.974171794871795,56.83608,0.007286676923076923,0.4067879
8,0.0585,-478.0262,-6.1285410256410255,49.69253,0.006370837179487179,0.3181286
8,0.05875,-490.6489,-6.2903705128205125,42.12973,0.005401247435897436,0.2287977
8,0.059,-503.1172,-6.450220512820513,34.53222,0.004427207692307692,0.1386303
8,0.05925,-515.7222,-6.611823076923078,27.03492,0.0034660153846153845,0.04784566
8,0.0595,-528.0628,-6.770035897435898,20.19707,0.002589367948717949,-0.04354475
8,0.05975,-539.7546,-6.91993076923077,13.28666,0.0017034179487179486,-0.1355897
8,0.06,-551.7711,-7.073988461538462,6.244288,0.0008005497435897436,-0.2282297
8,0.06025,-564.1801,-7.233078205128206,-0.7873012,-0.00010093605128205129,-0.3215244
8,0.0605,-575.5391,-7.37870641025641,-6.904131,-0.0008851449999999999,-0.4153046
8,0.06075,-586.6875,-7.521634615384615,-13.44275,-0.0017234294871794874,-0.5094635
8,0.061,-597.7806,-7.663853846153846,-20.07824,-0.0025741333333333333,-0.6041262
8,0.06125,-610.257,-7.823807692307692,-26.40214,-0.003384889743589744,-0.6993431
8,0.0615,-620.8006,-7.958982051282051,-32.36955,-0.004149942307692308,-0.7949155
8,0.06175,-632.1556,-8.104558974358975,-38.39108,-0.004921933333333334,-0.8906379
8,0.062,-642.8283,-8.241388461538461,-44.40967,-0.0056935474358974355,-0.9865654
8,0.06225,-653.1921,-8.374257692307692,-50.90927,-0.0065268294871794865,-1.082559
8,0.0625,-663.5731,-8.507347435897435,-57.24454,-0.007339043589743591,-1.17856
8,0.06275,-673.6148,-8.636087179487179,-63.23842,-0.008107489743589744,-1.274766
8,0.063,-683.6605,-8.764878205128205,-69.22701,-0.008875257692307693,-1.370968
8,0.06325,-693.6971,-8.893552564102563,-75.56797,-0.009688201282051282,-1.467002
8,0.0635,-702.9542,-9.012233333333334,-81.76461,-0.010482642307692308,-1.562776
8,0.06375,-712.1344,-9.129928205128206,-87.27807,-0.011189496153846153,-1.658417
8,0.064,-721.8655,-9.254685897435897,-93.40019,-0.011974383333333333,-1.754019
8,0.06425,-731.2012,-9.374374358974359,-99.13053,-0.012709042307692306,-1.849306
8,0.0645,-739.9452,-9.486476923076923,-105.1632,-0.013482461538461539,-1.944251
8,0.06475,-748.8073,-9.60009358974359,-110.9267,-0.014221371794871795,-2.038785
8,0.065,-758.1915,-9.720403846153845,-116.1851,-0.014895525641025644,-2.132857
8,0.06525,-766.2518,-9.823741025641025,-121.8954,-0.015627615384615386,-2.226388
8,0.0655,-775.085,-9.93698717948718,-127.1624,-0.016302871794871797,-2.319222
8,0.06575,-783.091,-10.039628205128205,-132.3962,-0.016973871794871795,-2.411555
8,0.066,-791.0444,-10.141594871794872,-137.1867,-0.017588038461538464,-2.503253
8,0.06625,-798.8196,-10.241276923076923,-141.963,-0.018200384615384615,-2.594022
8,0.0665,-806.3339,-10.337614102564103,-146.7963,-0.01882003846153846,-2.683956
8,0.06675,-813.5382,-10.429976923076923,-151.242,-0.01939,-2.773112
8,0.067,-821.679,-10.534346153846155,-155.905,-0.01998782051282051,-2.86135
8,0.06725,-827.9589,-10.614857692307693,-160.1612,-0.02053348717948718,-2.948543
8,0.0675,-834.8285,-10.702929487179487,-164.1289,-0.021042166666666664,-3.034661
8,0.06775,-841.0846,-10.783135897435898,-168.0614,-0.02154633333333333,-3.119814
8,0.068,-847.4679,-10.864973076923077,-172.2256,-0.022080205128205126,-3.203879
8,0.06825,-853.4065,-10.941108974358974,-175.9162,-0.022553358974358974,-3.28673
8,0.0685,-859.3638,-11.017484615384616,-179.6362,-0.02303028205128205,-3.368312
8,0.06875,-865.1768,-11.092010256410257,-183.0706,-0.023470589743589745,-3.448469
8,0.069,-870.6727,-11.162470512820514,-186.9488,-0.023967794871794873,-3.527264
8,0.06925,-875.884,-11.22928205128205,-190.0418,-0.02436433333333333,-3.604499
8,0.0695,-880.9423,-11.294132051282052,-193.1964,-0.02476876923076923,-3.680139
8,0.06975,-885.6142,-11.354028205128206,-196.2392,-0.025158871794871796,-3.754199
8,0.07,-889.9908,-11.41013846153846,-199.3531,-0.025558089743589744,-3.826542
8,0.07025,-894.7427,-11.471060256410258,-202.3409,-0.025941141025641025,-3.897046
8,0.0705,-898.6274,-11.520864102564103,-205.055,-0.026289102564102565,-3.965588
8,0.07075,-901.9414,-11.563351282051283,-207.9503,-0.026660294871794873,-4.032224
8,0.071,-906.6011,-11.623091025641026,-210.5739,-0.02699665384615385,-4.097031
8,0.07125,-909.3199,-11.657947435897436,-213.388,-0.0273574358974359,-4.159957
8,0.0715,-912.1117,-11.693739743589743,-215.1907,-0.02758855128205128,-4.220961
8,0.07175,-915.5644,-11.738005128205128,-217.5265,-0.02788801282051282,-4.28006
8,0.072,-918.7518,-11.778869230769232,-220.0696,-0.028214051282051286,-4.337214
8,0.07225,-921.2969,-11.811498717948718,-222.2774,-0.028497102564102563,-4.392337
8,0.0725,-923.337,-11.837653846153845,-224.5824,-0.028792615384615385,-4.445345
8,0.07275,-926.1703,-11.873978205128205,-225.9935,-0.028973525641025642,-4.496374
8,0.073,-927.744,-11.894153846153845,-227.9269,-0.029221397435897436,-4.545437
8,0.07325,-929.7056,-11.919302564102564,-229.9857,-0.029485346153846157,-4.592386
8,0.0735,-931.5163,-11.942516666666666,-231.6548,-0.029699333333333335,-4.637237
8,0.07375,-932.7187,-11.957932051282052,-232.7425,-0.02983878205128205,-4.680015
8,0.074,-933.9308,-11.973471794871795,-234.2942,-0.030037717948717946,-4.720661
8,0.07425,-934.3314,-11.978607692307692,-235.9929,-0.030255499999999998,-4.759074
8,0.0745,-935.274,-11.990692307692308,-236.5035,-0.030320961538461536,-4.795401
8,0.07475,-935.3013,-11.991042307692307,-237.2867,-0.030421371794871796,-4.829663
8,0.075,-935.5804,-11.994620512820513,-238.4771,-0.030573987179487182,-4.861752
8,0.07525,-935.1276,-11.988815384615386,-239.5552,-0.03071220512820513,-4.89175
8,0.0755,-933.8629,-11.972601282051283,-240.3677,-0.030816371794871796,-4.919613
8,0.07575,-933.5362,-11.96841282051282,-240.7241,-0.0308620641025641,-4.945517
8,0.076,-932.7583,-11.958439743589743,-240.8302,-0.03087566666666667,-4.969534
8,0.07625,-931.6475,-11.94419871794872,-241.1644,-0.030918512820512823,-4.991526
8,0.0765,-929.7467,-11.919829487179488,-241.3277,-0.03093944871794872,-5.01152
8,0.07675,-928.4338,-11.902997435897436,-241.5452,-0.030967333333333333,-5.029589
8,0.077,-926.4271,-11.877270512820512,-241.7009,-0.03098729487179487,-5.045915
8,0.07725,-924.6438,-11.854407692307694,-241.6911,-0.030986038461538464,-5.060416
8,0.0775,-922.4355,-11.826096153846155,-241.7962,-0.030999512820512817,-5.072987
8,0.07775,-920.1624,-11.796953846153848,-241.1628,-0.030918307692307693,-5.083944
8,0.078,-917.1462,-11.758284615384614,-240.7236,-0.030862,-5.093358
8,0.07825,-914.435,-11.72352564102564,-240.4753,-0.030830166666666665,-5.101112
8,0.0785,-911.3383,-11.68382435897436,-240.4455,-0.030826346153846156,-5.107315
8,0.07875,-907.7341,-11.637616666666666,-240.0965,-0.030781602564102565,-5.112096
8,0.079,-904.1851,-11.592116666666668,-239.6386,-0.030722897435897435,-5.115544
8,0.07925,-900.74,-11.547948717948719,-238.835,-0.0306198717948718,-5.117608
8,0.0795,-896.5336,-11.494020512820512,-238.8744,-0.03062492307692308,-5.118435
8,0.07975,-891.8942,-11.434541025641025,-237.9632,-0.030508102564102565,-5.118126
8,0.08,-887.2719,-11.375280769230768,-237.2639,-0.030418448717948715,-5.116705
8,0.08025,-883.0838,-11.32158717948718,-237.0092,-0.03038579487179487,-5.114338
8,0.0805,-877.9718,-11.256048717948719,-236.0097,-0.030257653846153847,-5.111009
8,0.08075,-873.2027,-11.194906410256412,-235.0897,-0.030139705128205126,-5.106718
8,0.081,-867.3522,-11.1199,-233.9051,-0.02998783333333333,-5.101518
8,0.08125,-862.5907,-11.058855128205128,-233.4733,-0.02993247435897436,-5.095453
8,0.0815,-856.7382,-10.983823076923077,-232.6894,-0.02983197435897436,-5.088556
8,0.08175,-850.5985,-10.905108974358972,-231.444,-0.02967230769230769,-5.080996
8,0.082,-844.2709,-10.823985897435898,-229.9621,-0.02948232051282051,-5.072736
8,0.08225,-837.7484,-10.740364102564103,-228.8432,-0.029338871794871796,-5.063604
8,0.0825,-830.3177,-10.645098717948716,-227.9422,-0.029223358974358977,-5.053768
8,0.08275,-823.8346,-10.561982051282051,-226.4525,-0.029032371794871795,-5.04339
8,0.083,-816.3588,-10.466138461538462,-224.9128,-0.028834974358974357,-5.032385
8,0.08325,-809.272,-10.375282051282053,-223.6843,-0.02867747435897436,-5.020663
8,0.0835,-801.659,-10.277679487179487,-223.0688,-0.028598564102564103,-5.008331
8,0.08375,-793.6782,-10.175361538461539,-221.0012,-0.02833348717948718,-4.995539
8,0.084,-785.7147,-10.073265384615384,-219.2821,-0.028113089743589746,-4.982217
8,0.08425,-778.0798,-9.97538205128205,-217.6512,-0.027903999999999998,-4.968214
8,0.0845,-769.4619,-9.864896153846153,-215.9954,-0.027691717948717946,-4.953552
8,0.08475,-761.2051,-9.759039743589742,-214.6371,-0.027517576923076926,-4.938394
8,0.085,-752.8779,-9.652280769230769,-212.6756,-0.027266102564102564,-4.92277
8,0.08525,-744.2889,-9.542165384615384,-210.6032,-0.027000410256410257,-4.906498
8,0.0855,-735.1989,-9.425626923076923,-209.5233,-0.02686196153846154,-4.889598
8,0.08575,-725.842,-9.305666666666665,-207.3798,-0.026587153846153844,-4.872214
8,0.086,-716.753,-9.189141025641025,-205.4393,-0.026338371794871796,-4.854316
8,0.08625,-707.3561,-9.068667948717948,-203.3531,-0.026070910256410257,-4.835764
8,0.0865,-697.9131,-8.947603846153847,-201.1332,-0.025786307692307688,-4.816606
8,0.08675,-687.6223,-8.815670512820512,-199.5472,-0.025582974358974362,-4.796964
8,0.087,-677.5173,-8.686119230769231,-197.4553,-0.025314782051282052,-4.776789
8,0.08725,-667.6575,-8.559711538461539,-195.4562,-0.02505848717948718,-4.756058
8,0.0875,-656.9791,-8.422808974358976,-193.08,-0.024753846153846154,-4.734765
8,0.08775,-646.4391,-8.28768076923077,-191.1381,-0.024504884615384616,-4.71293
8,0.088,-635.9917,-8.153739743589744,-188.9219,-0.024220756410256408,-4.690501
8,0.08825,-624.737,-8.009448717948718,-186.7618,-0.023943820512820513,-4.667507
8,0.0885,-614.1088,-7.8731897435897435,-184.2847,-0.023626243589743585,-4.643994
8,0.08875,-602.918,-7.7297179487179495,-181.7621,-0.02330283333333333,-4.61985
8,0.089,-591.5174,-7.583556410256409,-179.6988,-0.02303830769230769,-4.595065
8,0.08925,-579.9451,-7.43519358974359,-177.2557,-0.022725089743589742,-4.569642
8,0.0895,-568.3409,-7.286421794871795,-174.263,-0.022341410256410257,-4.543648
8,0.08975,-556.6835,-7.136967948717948,-171.4328,-0.0219785641025641,-4.517132
8,0.09,-544.5612,-6.981553846153846,-168.8819,-0.02165152564102564,-4.489947
8,0.09025,-532.6096,-6.828328205128205,-165.9592,-0.021276820512820514,-4.462028
8,0.0905,-520.1661,-6.668796153846154,-163.0243,-0.020900551282051285,-4.433401
8,0.09075,-508.1259,-6.514434615384616,-159.8106,-0.02048853846153846,-4.404212
8,0.091,-495.3228,-6.350292307692307,-156.7555,-0.020096858974358974,-4.374419
8,0.09125,-483.398,-6.197410256410257,-153.6363,-0.019696961538461538,-4.343852
8,0.0915,-470.558,-6.032794871794872,-150.8773,-0.019343243589743587,-4.312605
8,0.09175,-457.489,-5.8652435897435895,-147.0261,-0.0188495,-4.280759
8,0.092,-445.0942,-5.706335897435897,-143.6747,-0.018419833333333333,-4.248303
8,0.09225,-431.8515,-5.536557692307692,-140.423,-0.01800294871794872,-4.215164
8,0.0925,-418.5116,-5.365533333333333,-136.9351,-0.01755578205128205,-4.181315
8,0.09275,-405.7962,-5.202515384615384,-132.7284,-0.01701646153846154,-4.146802
8,0.093,-392.4142,-5.030951282051282,-128.8993,-0.016525551282051285,-4.111609
8,0.09325,-379.0343,-4.859414102564102,-125.5013,-0.016089910256410257,-4.075657
8,0.0935,-366.3138,-4.69633076923077,-121.6624,-0.01559774358974359,-4.03893
8,0.09375,-352.319,-4.516910256410257,-117.7171,-0.015091935897435899,-4.001499
8,0.094,-338.9036,-4.344917948717948,-113.7759,-0.014586653846153846,-3.963294
8,0.09425,-325.4801,-4.172821794871795,-109.6021,-0.01405155128205128,-3.92422
8,0.0945,-311.5972,-3.9948358974358973,-105.6042,-0.013539000000000002,-3.884344
8,0.09475,-297.5092,-3.8142205128205133,-101.6271,-0.013029115384615386,-3.843641
8,0.095,-283.6324,-3.636312820512821,-96.87059,-0.012419306410256412,-3.80213
8,0.09525,-269.3114,-3.4527102564102568,-92.68407,-0.011882573076923078,-3.759799
8,0.0955,-255.4518,-3.2750230769230773,-88.43912,-0.011338348717948718,-3.716548
8,0.09575,-241.1146,-3.0912128205128204,-84.02376,-0.010772276923076921,-3.67244
8,0.096,-226.8174,-2.9079153846153845,-79.12131,-0.01014375769230769,-3.627466
8,0.09625,-212.4012,-2.723092307692308,-74.36398,-0.00953384358974359,-3.581561
8,0.0965,-197.7874,-2.535735897435897,-69.54781,-0.008916385897435897,-3.534617
8,0.09675,-183.3241,-2.3503089743589745,-64.64184,-0.008287415384615386,-3.486625
8,0.097,-168.7585,-2.1635705128205127,-60.08765,-0.007703544871794871,-3.437695
8,0.09725,-154.5915,-1.9819423076923077,-54.41594,-0.006976402564102565,-3.387687
8,0.0975,-139.8172,-1.7925282051282054,-49.86018,-0.006392330769230768,-3.336541
8,0.09775,-125.3402,-1.606925641025641,-45.2556,-0.005802000000000001,-3.28439
8,0.098,-110.9665,-1.4226474358974357,-39.47114,-0.005060402564102564,-3.231288
8,0.09825,-96.37351,-1.2355578205128204,-34.28437,-0.004395432051282051,-3.176972
8,0.0985,-81.48068,-1.0446241025641028,-29.40114,-0.003769376923076923,-3.121352
8,0.09875,-67.35418,-0.8635151282051282,-24.07808,-0.003086933333333333,-3.064665
8,0.099,-52.52568,-0.6734061538461539,-18.87503,-0.0024198756410256407,-3.00687
8,0.09925,-37.86179,-0.4854075641025641,-13.07567,-0.001676367948717949,-2.947917
8,0.0995,-22.96693,-0.29444782051282054,-7.863207,-0.0010081034615384615,-2.887722
8,0.09975,-9.034415,-0.11582583333333332,-2.26327,-0.0002901628205128205,-2.826369
8,0.1,4.025423,0.05160798717948718,2.576426,0.00033031102564102567,-2.770121
9,0.0,5.886725,0.07547083333333333,0.0,0.0,-3.665435
9,0.00025,21.2714,0.2727102564102564,6.252132,0.0008015553846153845,-3.587978
9,0.0005,39.33536,0.5042994871794871,12.75702,0.0016355153846153846,-3.508623
9,0.00075,55.08921,0.7062719230769231,19.51252,0.002501605128205128,-3.427343
9,0.001,71.42351,0.9156860256410256,26.34135,0.0033770961538461533,-3.344138
9,0.00125,87.42605,1.1208467948717948,33.21823,0.0042587474358974356,-3.259198
9,0.0015,102.4369,1.3132935897435896,39.67527,0.005086573076923077,-3.172462
9,0.00175,118.3528,1.5173435897435898,46.99335,0.006024788461538462,-3.083839
9,0.002,134.0976,1.7192,54.18887,0.006947291025641026,-2.993362
9,0.00225,149.2254,1.913146153846154,60.88338,0.007805561538461538,-2.90093
9,0.0025,164.9109,2.1142423076923076,68.47147,0.00877839358974359,-2.80652
9,0.00275,180.4317,2.313226923076923,75.72915,0.009708865384615385,-2.710155
9,0.003,195.7931,2.510167948717949,82.88252,0.010625964102564103,-2.611986
9,0.00325,211.4867,2.7113679487179487,89.96038,0.011533382051282052,-2.512114
9,0.0035,226.4377,2.9030474358974363,96.98001,0.012433334615384614,-2.410308
9,0.00375,242.3927,3.1075987179487177,104.1485,0.013352371794871795,-2.306465
9,0.004,257.8629,3.305934615384616,111.7054,0.014321205128205129,-2.200623
9,0.00425,273.5945,3.5076217948717945,118.7852,0.015228871794871797,-2.092673
9,0.0045,288.7284,3.701646153846154,126.0829,0.01616447435897436,-1.982579
9,0.00475,304.4108,3.902702564102564,134.2875,0.01721634615384615,-1.870656
9,0.005,319.3452,4.09416923076923,142.6203,0.018284653846153846,-1.757104
9,0.00525,334.3702,4.286797435897436,150.7859,0.01933152564102564,-1.641878
9,0.0055,349.613,4.482217948717948,159.0719,0.020393833333333333,-1.524873
9,0.00575,364.9389,4.678703846153846,167.5342,0.02147874358974359,-1.406106
9,0.006,379.8783,4.870234615384615,176.9175,0.022681730769230767,-1.285744
9,0.00625,394.5315,5.0580961538461535,185.4952,0.0237814358974359,-1.163872
9,0.0065,409.511,5.250141025641026,194.4442,0.024928743589743587,-1.040474
9,0.00675,424.0027,5.435932051282052,203.6629,0.026110628205128206,-0.9155618
9,0.007,438.7542,5.625053846153846,213.1619,0.027328448717948716,-0.7893381
9,0.00725,452.7191,5.804091025641026,222.6292,0.028542205128205128,-0.6619172
9,0.0075,467.4104,5.992441025641026,231.4903,0.029678243589743587,-0.5333335
9,0.00775,481.5156,6.173276923076924,240.5433,0.030838884615384615,-0.4036873
9,0.008,495.2212,6.348989743589744,250.2284,0.0320805641025641,-0.2730759
9,0.00825,509.2545,6.528903846153846,259.0887,0.0332165,-0.1415361
9,0.0085,522.9855,6.704942307692308,267.5512,0.034301435897435895,-0.008990677
9,0.00875,536.5584,6.878953846153846,276.3531,0.03542988461538461,0.1244719
9,0.009,550.2224,7.054133333333334,285.9939,0.036665884615384614,0.2585208
9,0.00925,563.3193,7.222042307692308,295.5427,0.03789008974358975,0.3930272
9,0.0095,576.4698,7.390638461538462,305.1009,0.039115500000000004,0.528101
9,0.00975,589.7398,7.560766666666667,314.9348,0.04037625641025641,0.6635501
9,0.01,602.6335,7.726070512820514,324.965,0.041662179487179485,0.7990063
9,0.01025,615.3418,7.888997435897436,335.1536,0.04296841025641025,0.934433
9,0.0105,628.0157,8.051483333333334,345.2985,0.04426903846153846,1.069783
9,0.01075,640.3644,8.209800000000001,355.3342,0.04555566666666667,1.204811
9,0.011,652.7648,8.368779487179488,365.434,0.04685051282051282,1.339337
9,0.01125,665.1267,8.527265384615385,375.3648,0.048123692307692305,1.473383
9,0.0115,676.9234,8.678505128205128,385.023,0.04936192307692308,1.60694
9,0.01175,688.7064,8.829569230769232,394.3294,0.05055505128205128,1.73977
9,0.012,700.3683,8.979080769230768,403.6739,0.05175306410256411,1.871665
9,0.01225,711.9152,9.127117948717949,412.8552,0.05293015384615385,2.002481
9,0.0125,723.2794,9.272812820512822,421.6075,0.054052243589743594,2.132224
9,0.01275,734.8005,9.420519230769232,429.9821,0.055125910256410254,2.260834
9,0.013,746.0846,9.56518717948718,438.3891,0.05620373076923076,2.388163
9,0.01325,757.1878,9.707535897435898,447.2041,0.05733385897435898,2.514228
9,0.0135,767.6874,9.842146153846153,456.1741,0.058483858974358975,2.638991
9,0.01375,778.9102,9.986028205128205,464.8753,0.059599397435897435,2.762223
9,0.014,788.5497,10.10961153846154,473.6972,0.06073041025641025,2.883711
9,0.01425,798.2317,10.233739743589744,482.7717,0.06189380769230769,3.003385
9,0.0145,808.5692,10.366271794871794,491.2159,0.06297639743589743,3.121246
9,0.01475,817.804,10.484666666666666,499.8841,0.06408770512820514,3.237246
9,0.015,827.1163,10.604055128205129,508.7444,0.06522364102564103,3.351316
9,0.01525,836.6773,10.726632051282051,517.3114,0.06632197435897437,3.463526
9,0.0155,845.4497,10.839098717948719,526.0027,0.0674362435897436,3.573764
9,0.01575,853.9203,10.947696153846154,534.0663,0.06847003846153846,3.681792
9,0.016,862.5184,11.057928205128206,542.2177,0.06951508974358975,3.787626
9,0.01625,870.7773,11.163811538461538,549.8939,0.07049921794871795,3.891365
9,0.0165,878.9713,11.26886282051282,557.492,0.07147333333333333,3.992909
9,0.01675,886.3118,11.362971794871793,564.3498,0.07235253846153845,4.092187
9,0.017,894.6106,11.469366666666668,571.5477,0.07327534615384615,4.189116
9,0.01725,902.6056,11.571866666666667,578.2712,0.07413733333333335,4.283627
9,0.0175,909.7015,11.662839743589744,584.6169,0.07495088461538461,4.375887
9,0.01775,916.609,11.751397435897436,591.0953,0.0757814487179487,4.465757
9,0.018,923.5034,11.83978717948718,596.9466,0.07653161538461538,4.553031
9,0.01825,929.8892,11.92165641025641,602.7199,0.07727178205128206,4.637793
9,0.0185,936.5895,12.007557692307694,608.8193,0.07805375641025641,4.720182
9,0.01875,943.2387,12.092803846153846,615.1448,0.07886471794871795,4.800156
9,0.019,948.4449,12.15955,620.421,0.07954115384615384,4.877644
9,0.01925,954.4215,12.236173076923079,626.0499,0.08026280769230769,4.95269
9,0.0195,959.7143,12.304029487179486,631.3026,0.08093623076923077,5.02532
9,0.01975,964.8203,12.369491025641025,637.5333,0.08173503846153847,5.095478
9,0.02,970.222,12.43874358974359,642.5195,0.08237429487179487,5.16319
9,0.02025,974.7566,12.496879487179488,647.2065,0.0829751923076923,5.228555
9,0.0205,979.5824,12.558748717948719,652.1562,0.08360976923076924,5.291542
9,0.02075,983.5725,12.609903846153845,656.8872,0.08421630769230769,5.352207
9,0.021,987.5277,12.660611538461538,661.1967,0.08476880769230768,5.410575
9,0.02125,991.5037,12.711585897435898,665.1446,0.08527494871794872,5.466651
9,0.0215,994.887,12.754961538461536,669.0273,0.08577273076923077,5.520412
9,0.02175,998.3418,12.799253846153846,673.707,0.0863726923076923,5.571829
9,0.022,1001.427,12.838807692307693,677.1708,0.08681676923076923,5.62097
9,0.02225,1003.809,12.869346153846154,680.1192,0.08719476923076923,5.667907
9,0.0225,1006.665,12.905961538461538,683.6809,0.08765139743589742,5.712603
9,0.02275,1008.683,12.931833333333334,686.6731,0.08803501282051282,5.755115
9,0.023,1010.28,12.952307692307691,689.8115,0.0884373717948718,5.795422
9,0.02325,1011.264,12.964923076923077,692.3534,0.08876325641025641,5.833506
9,0.0235,1013.522,12.993871794871795,695.233,0.08913243589743589,5.869537
9,0.02375,1014.959,13.012294871794872,697.9106,0.08947571794871795,5.903466
9,0.024,1015.747,13.022397435897435,699.9476,0.08973687179487179,5.93529
9,0.02425,1016.462,13.031564102564102,701.853,0.08998115384615384,5.965099
9,0.0245,1016.828,13.03625641025641,703.3441,0.09017232051282051,5.992998
9,0.02475,1016.904,13.037230769230769,705.3252,0.0904263076923077,6.01899
9,0.025,1017.308,13.042410256410255,706.6905,0.09060134615384616,6.043037
9,0.02525,1017.01,13.038589743589744,707.8908,0.09075523076923077,6.065146
9,0.0255,1016.805,13.035961538461537,708.7307,0.09086291025641025,6.085495
9,0.02575,1016.509,13.032166666666667,710.2409,0.09105652564102565,6.104137
9,0.026,1015.579,13.02024358974359,710.8629,0.09113626923076923,6.120877
9,0.02625,1014.004,13.000051282051283,711.3849,0.0912031923076923,6.135887
9,0.0265,1012.864,12.985435897435899,711.3469,0.09119832051282051,6.149372
9,0.02675,1011.64,12.96974358974359,711.7432,0.0912491282051282,6.161299
9,0.027,1009.545,12.942884615384616,712.1812,0.09130528205128205,6.171576
9,0.02725,1007.111,12.911679487179486,712.1838,0.09130561538461539,6.180327
9,0.0275,1004.269,12.87524358974359,712.2746,0.09131725641025641,6.18773
9,0.02775,1002.181,12.848474358974359,711.8712,0.09126553846153847,6.193764
9,0.028,998.6143,12.802747435897436,711.8581,0.09126385897435899,6.198448
9,0.02825,995.7739,12.766332051282053,711.2781,0.0911895,6.201871
9,0.0285,992.4954,12.724300000000001,710.9651,0.09114937179487179,6.20413
9,0.02875,988.6481,12.674975641025641,710.2017,0.0910515,6.205236
9,0.029,984.5187,12.622034615384615,709.5638,0.09096971794871794,6.205211
9,0.02925,980.2581,12.567411538461538,708.4844,0.09083133333333333,6.20419
9,0.0295,975.7184,12.509210256410258,707.7847,0.09074162820512821,6.202324
9,0.02975,970.8637,12.446970512820513,706.9866,0.09063930769230769,6.199471
9,0.03,966.4562,12.390464102564101,706.1307,0.09052957692307693,6.195643
9,0.03025,961.0145,12.32069871794872,704.7887,0.09035752564102563,6.191027
9,0.0305,955.7166,12.252776923076922,703.4225,0.0901823717948718,6.185664
9,0.03075,950.0753,12.180452564102563,702.3826,0.09004905128205128,6.179588
9,0.031,944.12,12.104102564102565,700.9598,0.08986664102564103,6.172705
9,0.03125,938.034,12.026076923076923,699.3842,0.08966464102564102,6.165166
9,0.0315,932.064,11.949538461538461,697.7039,0.08944921794871795,6.157031
9,0.03175,925.508,11.865487179487179,696.4005,0.08928211538461538,6.148235
9,0.032,918.7418,11.778741025641025,694.6328,0.08905548717948718,6.138749
9,0.03225,911.7715,11.689378205128206,692.8066,0.08882135897435899,6.128664
9,0.0325,904.7313,11.599119230769231,690.7343,0.08855567948717948,6.118022
9,0.03275,897.3665,11.504698717948717,688.534,0.08827358974358974,6.106757
9,0.033,889.7858,11.407510256410257,686.6915,0.0880373717948718,6.094894
9,0.03325,882.266,11.311102564102564,684.7038,0.08778253846153847,6.082502
9,0.0335,874.7147,11.214291025641025,682.132,0.08745282051282051,6.069683
9,0.03375,865.8324,11.100415384615385,679.8539,0.0871607564102564,6.056217
9,0.034,857.9864,10.999825641025641,677.7706,0.08689366666666666,6.04201
9,0.03425,849.2783,10.888183333333332,675.4942,0.0866018205128205,6.027309
9,0.0345,840.0247,10.769547435897437,672.4911,0.08621680769230769,6.012164
9,0.03475,830.8725,10.652211538461538,669.7503,0.08586542307692308,5.99647
9,0.035,821.2502,10.528848717948717,667.3745,0.08556083333333334,5.980139
9,0.03525,811.8492,10.408323076923077,664.7238,0.08522099999999999,5.96327
9,0.0355,802.4174,10.287402564102566,661.6314,0.08482453846153847,5.945894
9,0.03575,792.046,10.1544358974359,658.6144,0.0844377435897436,5.927869
9,0.036,781.3352,10.01711794871795,655.8428,0.08408241025641026,5.909252
9,0.03625,771.444,9.890307692307692,652.7882,0.08369079487179486,5.890118
9,0.0365,760.8989,9.755114102564102,649.4982,0.083269,5.870404
9,0.03675,749.7055,9.611608974358974,645.9464,0.08281364102564102,5.85007
9,0.037,739.1441,9.476206410256411,642.8113,0.08241170512820513,5.829117
9,0.03725,728.25,9.336538461538462,639.5942,0.0819992564102564,5.807585
9,0.0375,717.4076,9.197533333333332,635.4252,0.08146476923076923,5.78554
9,0.03775,705.4433,9.044144871794872,631.9526,0.0810195641025641,5.762861
9,0.038,693.8427,8.895419230769232,628.6822,0.08060028205128204,5.739464
9,0.03825,682.3378,8.747920512820512,625.0028,0.0801285641025641,5.715463
9,0.0385,670.3056,8.593661538461538,620.9614,0.0796104358974359,5.690874
9,0.03875,658.5165,8.44251923076923,616.8931,0.07908885897435898,5.665671
9,0.039,646.104,8.283384615384616,612.6238,0.07854151282051282,5.639762
9,0.03925,633.5861,8.122898717948718,608.8322,0.07805541025641026,5.613189
9,0.0395,621.3903,7.966542307692308,604.7075,0.07752660256410256,5.58607
9,0.03975,608.4424,7.80054358974359,600.4898,0.07698587179487179,5.558245
9,0.04,595.6156,7.636097435897435,596.1036,0.07642353846153846,5.529687
9,0.04025,582.7097,7.470637179487179,592.072,0.07590666666666668,5.500445
9,0.0405,569.3926,7.299905128205129,587.9971,0.0753842435897436,5.470549
9,0.04075,556.4031,7.1333730769230765,583.56,0.0748153846153846,5.440017
9,0.041,543.0911,6.96270641025641,578.9477,0.07422406410256412,5.408722
9,0.04125,529.6392,6.790246153846153,574.4326,0.07364520512820513,5.376686
9,0.0415,516.2821,6.619001282051282,570.0945,0.07308903846153847,5.343989
9,0.04175,502.1034,6.437223076923077,564.5706,0.07238084615384616,5.310509
9,0.042,488.1542,6.25838717948718,559.7262,0.07175976923076922,5.2762
9,0.04225,473.5683,6.071388461538462,554.751,0.07112192307692308,5.241175
9,0.0425,459.888,5.896,549.7886,0.07048571794871795,5.205531
9,0.04275,445.0666,5.705982051282051,544.3741,0.06979155128205128,5.169116
9,0.043,430.3353,5.5171192307692305,538.451,0.06903217948717949,5.131724
9,0.04325,415.7474,5.330094871794873,532.6903,0.0682936282051282,5.093441
9,0.0435,400.8617,5.139252564102564,527.1437,0.06758252564102563,5.054413
9,0.04375,385.9511,4.948091025641025,521.1351,0.0668121923076923,5.014594
9,0.044,371.2381,4.75946282051282,515.1938,0.06605048717948718,4.973789
9,0.04425,355.8565,4.56226282051282,509.4648,0.06531600000000001,4.932056
9,0.0445,341.5623,4.3790038461538465,503.9404,0.06460774358974358,4.889519
9,0.04475,326.6133,4.1873499999999995,497.7114,0.06380915384615385,4.846024
9,0.045,311.6815,3.995916666666667,491.029,0.06295243589743589,4.801494
9,0.04525,295.7002,3.7910282051282054,484.9332,0.06217092307692308,4.756036
9,0.0455,280.9578,3.602023076923077,478.7407,0.06137701282051282,4.709756
9,0.04575,265.8877,3.4088166666666666,472.4174,0.06056633333333333,4.662322
9,0.046,250.421,3.210525641025641,465.6289,0.05969601282051282,4.613624
9,0.04625,235.0698,3.013715384615385,458.7081,0.058808730769230766,4.563987
9,0.0465,219.6584,2.816133333333333,452.5062,0.05801361538461538,4.513425
9,0.04675,203.6857,2.611355128205128,445.9529,0.057173448717948716,4.461716
9,0.047,188.5179,2.416896153846154,438.9542,0.05627617948717949,4.408843
9,0.04725,172.7179,2.214332051282051,432.5093,0.05544991025641026,4.354889
9,0.0475,156.0301,2.0003858974358977,425.6834,0.05457479487179487,4.2999
9,0.04775,140.8936,1.806328205128205,419.1383,0.05373567948717949,4.243755
9,0.048,124.607,1.597525641025641,412.2411,0.052851423076923074,4.186398
9,0.04825,109.2233,1.4002987179487179,404.9356,0.05191482051282052,4.127942
9,0.0485,93.38591,1.1972552564102563,397.8718,0.05100920512820513,4.068292
9,0.04875,77.18533,0.9895555128205127,390.5484,0.0500703076923077,4.007474
9,0.049,60.61704,0.7771415384615386,383.0458,0.049108435897435895,3.945398
9,0.04925,45.83514,0.58763,374.9489,0.048070371794871794,3.882027
9,0.0495,30.0595,0.38537820512820514,366.7259,0.04701614102564103,3.81756
9,0.04975,13.6391,0.1748602564102564,359.0356,0.046030205128205125,3.751928
9,0.05,-2.322413,-0.029774525641025642,350.822,0.04497717948717948,3.685042
9,0.05025,-18.47893,-0.23690935897435894,342.9243,0.04396465384615385,3.616929
9,0.0505,-34.01854,-0.43613512820512823,334.511,0.042886025641025644,3.54758
9,0.05075,-49.88686,-0.6395751282051282,326.3872,0.04184451282051282,3.476934
9,0.051,-66.09808,-0.847411282051282,317.8408,0.04074882051282051,3.404973
9,0.05125,-82.2627,-1.0546499999999999,309.8094,0.03971915384615385,3.331758
9,0.0515,-98.27132,-1.2598887179487182,301.402,0.03864128205128205,3.257313
9,0.05175,-113.738,-1.458179487179487,293.3835,0.037613269230769235,3.181652
9,0.052,-129.812,-1.6642564102564104,284.6791,0.036497320512820515,3.104736
9,0.05225,-145.46,-1.864871794871795,276.5704,0.03545774358974359,3.02645
9,0.0525,-160.9854,-2.0639153846153846,268.0001,0.034358987179487176,2.946832
9,0.05275,-176.7342,-2.265823076923077,259.9739,0.03332998717948718,2.865935
9,0.053,-191.6012,-2.4564256410256413,251.652,0.03226307692307692,2.783694
9,0.05325,-207.4037,-2.6590217948717947,243.1292,0.031170410256410257,2.700258
9,0.0535,-222.5507,-2.8532141025641025,234.5308,0.030068051282051284,2.6156
9,0.05375,-238.5077,-3.0577910256410257,226.0429,0.028979858974358976,2.529648
9,0.054,-254.0134,-3.256582051282051,217.5728,0.02789394871794872,2.442244
9,0.05425,-269.282,-3.452333333333333,208.7803,0.02676670512820513,2.353336
9,0.0545,-284.5324,-3.647851282051282,200.0869,0.02565216666666667,2.263109
9,0.05475,-299.5002,-3.839746153846154,191.2826,0.024523410256410253,2.171717
9,0.055,-314.9654,-4.038017948717949,182.6617,0.023418166666666667,2.079131
9,0.05525,-330.2067,-4.233419230769231,173.8316,0.022286102564102565,1.985211
9,0.0555,-345.2646,-4.42646923076923,164.7301,0.02111924358974359,1.88999
9,0.05575,-360.3175,-4.619455128205128,155.9488,0.019993435897435897,1.793529
9,0.056,-375.2614,-4.811043589743589,147.5695,0.018919166666666667,1.695618
9,0.05625,-390.4921,-5.006308974358975,139.1882,0.017844641025641025,1.596265
9,0.0565,-405.2801,-5.195898717948718,130.5722,0.01674002564102564,1.495704
9,0.05675,-419.5357,-5.378662820512821,122.1789,0.01566396153846154,1.393867
9,0.057,-434.0173,-5.564324358974359,113.7979,0.014589474358974359,1.290818
9,0.05725,-447.7989,-5.741011538461538,105.595,0.013537820512820513,1.186538
9,0.0575,-462.1893,-5.9255038461538465,97.35807,0.012481803846153846,1.081029
9,0.05775,-476.9656,-6.114943589743589,88.6905,0.011370576923076924,0.974348
9,0.058,-490.4256,-6.287507692307692,80.20589,0.01028280641025641,0.8664142
9,0.05825,-504.3029,-6.465421794871795,72.19522,0.009255797435897436,0.7573058
9,0.0585,-517.7948,-6.638394871794872,63.50197,0.008141278205128204,0.6472183
9,0.05875,-531.7445,-6.817237179487179,54.8542,0.007032589743589743,0.5362605
9,0.059,-545.0925,-6.988365384615384,46.49175,0.00596048076923077,0.4243147
9,0.05925,-558.4041,-7.159026923076922,37.8081,0.004847192307692308,0.311325
9,0.0595,-571.468,-7.3265128205128205,29.17642,0.0037405666666666666,0.1974895
9,0.05975,-584.7562,-7.496874358974359,20.51022,0.0026295153846153845,0.08279987
9,0.06,-597.7178,-7.663048717948718,11.6848,0.0014980512820512819,-0.03283159
9,0.06025,-610.1197,-7.822047435897435,3.427848,0.0004394676923076923,-0.1492416
9,0.0605,-623.0428,-7.987728205128206,-4.40418,-0.0005646384615384615,-0.2663419
9,0.06075,-635.2538,-8.144279487179487,-12.35171,-0.0015835525641025644,-0.3841331
9,0.061,-647.8765,-8.306108974358974,-20.79122,-0.0026655410256410258,-0.5026565
9,0.06125,-659.9254,-8.46058205128205,-28.03086,-0.0035937,-0.6218766
9,0.0615,-671.3234,-8.606710256410256,-35.24207,-0.004518214102564103,-0.7417182
9,0.06175,-683.1165,-8.757903846153846,-42.87232,-0.005496451282051283,-0.8621349
9,0.062,-694.6291,-8.905501282051283,-50.02627,-0.006413624358974359,-0.9831786
9,0.06225,-706.5174,-9.057915384615384,-56.90354,-0.007295325641025641,-1.104753
9,0.0625,-718.1869,-9.207524358974359,-64.09396,-0.008217174358974358,-1.226541
9,0.06275,-729.2846,-9.349802564102564,-71.11437,-0.009117226923076921,-1.348447
9,0.063,-740.6239,-9.495178205128207,-78.04733,-0.01000606794871795,-1.47077
9,0.06325,-751.9374,-9.640223076923077,-85.01578,-0.010899458974358976,-1.59347
9,0.0635,-762.6081,-9.777026923076923,-91.72284,-0.011759338461538463,-1.716162
9,0.06375,-772.4553,-9.903273076923076,-98.48657,-0.012626483333333334,-1.838883
9,0.064,-782.9239,-10.037485897435898,-105.0128,-0.013463179487179486,-1.961572
9,0.06425,-793.116,-10.168153846153846,-111.8309,-0.014337294871794873,-2.084076
9,0.0645,-803.0923,-10.29605512820513,-117.8006,-0.015102641025641026,-2.206309
9,0.06475,-812.6037,-10.417996153846154,-124.1498,-0.015916641025641026,-2.328192
9,0.065,-821.917,-10.537397435897436,-130.5979,-0.016743320512820514,-2.449762
9,0.06525,-830.9883,-10.653696153846154,-136.6188,-0.01751523076923077,-2.571017
9,0.0655,-840.1152,-10.770707692307692,-142.7111,-0.01829629487179487,-2.691759
9,0.06575,-848.7422,-10.881310256410258,-147.891,-0.018960384615384615,-2.811811
9,0.066,-857.0507,-10.987829487179487,-153.5337,-0.019683807692307695,-2.931051
9,0.06625,-865.5238,-11.096458974358974,-159.2294,-0.02041402564102564,-3.049393
9,0.0665,-873.4372,-11.197912820512819,-164.3832,-0.02107476923076923,-3.166775
9,0.06675,-881.4053,-11.300067948717949,-169.4788,-0.021728051282051283,-3.283163
9,0.067,-889.6276,-11.405482051282052,-174.3885,-0.0223575,-3.398407
9,0.06725,-897.1206,-11.501546153846153,-179.1246,-0.022964692307692304,-3.512365
9,0.0675,-904.4009,-11.594883333333334,-183.7639,-0.02355947435897436,-3.625006
9,0.06775,-911.2107,-11.68218846153846,-187.9636,-0.024097897435897436,-3.736279
9,0.068,-918.2205,-11.772057692307694,-191.6166,-0.024566230769230767,-3.846252
9,0.06825,-925.1903,-11.861414102564101,-195.5917,-0.025075858974358975,-3.954647
9,0.0685,-931.3056,-11.939815384615386,-199.5372,-0.02558169230769231,-4.06127
9,0.06875,-937.6454,-12.021094871794872,-202.698,-0.02598692307692308,-4.16627
9,0.069,-943.8245,-12.100314102564102,-205.7484,-0.026378000000000002,-4.269639
9,0.06925,-949.2217,-12.169508974358974,-209.5025,-0.02685929487179487,-4.371141
9,0.0695,-954.516,-12.237384615384615,-212.6454,-0.02726223076923077,-4.470547
9,0.06975,-959.7795,-12.304865384615384,-215.5001,-0.027628217948717948,-4.567974
9,0.07,-964.6661,-12.367514102564103,-218.1336,-0.027965846153846154,-4.663422
9,0.07025,-970.043,-12.43644871794872,-221.2387,-0.028363935897435896,-4.756702
9,0.0705,-974.3005,-12.491032051282053,-223.8096,-0.02869353846153846,-4.847753
9,0.07075,-978.3145,-12.54249358974359,-226.4545,-0.029032628205128204,-4.936409
9,0.071,-982.5968,-12.597394871794872,-228.8197,-0.029335858974358975,-5.022778
9,0.07125,-986.8752,-12.652246153846153,-231.304,-0.029654358974358978,-5.106875
9,0.0715,-989.9708,-12.691933333333335,-233.4516,-0.02992969230769231,-5.188288
9,0.07175,-993.3405,-12.735134615384615,-235.5105,-0.03019365384615385,-5.267035
9,0.072,-996.424,-12.774666666666667,-237.5194,-0.030451205128205126,-5.343176
9,0.07225,-999.2431,-12.810808974358975,-239.8123,-0.030745166666666667,-5.416679
9,0.0725,-1001.923,-12.845166666666666,-241.7724,-0.030996461538461535,-5.487555
9,0.07275,-1003.55,-12.86602564102564,-243.1588,-0.03117420512820513,-5.555714
9,0.073,-1005.526,-12.891358974358974,-244.4957,-0.03134560256410256,-5.62111
9,0.07325,-1006.771,-12.907320512820512,-246.1309,-0.03155524358974359,-5.683637
9,0.0735,-1008.575,-12.93044871794872,-247.8895,-0.031780705128205126,-5.743312
9,0.07375,-1009.086,-12.937,-249.3378,-0.03196638461538461,-5.80014
9,0.074,-1010.688,-12.95753846153846,-250.2602,-0.03208464102564102,-5.854247
9,0.07425,-1011.349,-12.96601282051282,-251.4489,-0.03223703846153846,-5.905668
9,0.0745,-1012.31,-12.978333333333332,-252.5168,-0.032373948717948714,-5.954208
9,0.07475,-1012.556,-12.98148717948718,-253.4131,-0.03248885897435898,-5.999954
9,0.075,-1012.912,-12.986051282051283,-253.6878,-0.03252407692307692,-6.043037
9,0.07525,-1012.748,-12.983948717948719,-254.4242,-0.03261848717948718,-6.083253
9,0.0755,-1011.921,-12.973346153846155,-255.3485,-0.03273698717948718,-6.120726
9,0.07575,-1012.029,-12.974730769230769,-255.8497,-0.03280124358974359,-6.155609
9,0.076,-1010.967,-12.961115384615384,-255.8537,-0.03280175641025641,-6.187947
9,0.07625,-1009.878,-12.947153846153848,-255.8158,-0.032796897435897435,-6.217806
9,0.0765,-1008.276,-12.926615384615385,-256.0174,-0.032822743589743596,-6.245087
9,0.07675,-1006.586,-12.904948717948718,-256.0046,-0.03282110256410256,-6.269922
9,0.077,-1004.38,-12.876666666666667,-255.7448,-0.032787794871794874,-6.292415
9,0.07725,-1002.4,-12.85128205128205,-255.4187,-0.03274598717948718,-6.312655
9,0.0775,-999.5663,-12.814952564102564,-255.4468,-0.03274958974358974,-6.33068
9,0.07775,-996.7831,-12.779270512820512,-255.3917,-0.03274252564102564,-6.346516
9,0.078,-993.9042,-12.74236153846154,-254.964,-0.032687692307692306,-6.360304
9,0.07825,-990.8091,-12.702680769230769,-254.3122,-0.0326041282051282,-6.372127
9,0.0785,-987.5994,-12.661530769230769,-253.9908,-0.03256292307692308,-6.381931
9,0.07875,-983.937,-12.614576923076923,-254.1187,-0.03257932051282051,-6.389837
9,0.079,-979.9565,-12.563544871794871,-253.0578,-0.03244330769230769,-6.395957
9,0.07925,-975.8286,-12.510623076923077,-252.5407,-0.03237701282051282,-6.400446
9,0.0795,-971.2672,-12.452143589743589,-251.6779,-0.03226639743589744,-6.403332
9,0.07975,-966.8106,-12.395007692307692,-251.0875,-0.03219070512820513,-6.404639
9,0.08,-961.5172,-12.327143589743589,-250.3363,-0.03209439743589743,-6.40469
9,0.08025,-956.6899,-12.265255128205128,-248.7258,-0.03188792307692308,-6.403371
9,0.0805,-951.2487,-12.195496153846154,-248.1259,-0.03181101282051282,-6.400663
9,0.08075,-945.1303,-12.117055128205129,-247.4467,-0.0317239358974359,-6.39687
9,0.081,-939.295,-12.04224358974359,-246.2572,-0.0315714358974359,-6.392023
9,0.08125,-933.2673,-11.964965384615384,-245.2634,-0.03144402564102564,-6.386214
9,0.0815,-926.771,-11.881679487179486,-244.284,-0.03131846153846154,-6.379456
9,0.08175,-920.0935,-11.796070512820512,-243.267,-0.03118807692307692,-6.371768
9,0.082,-913.5901,-11.71269358974359,-242.1454,-0.03104428205128205,-6.363362
9,0.08225,-906.9116,-11.627071794871796,-240.5075,-0.030834294871794874,-6.354112
9,0.0825,-899.4322,-11.53118205128205,-239.1682,-0.030662589743589746,-6.343936
9,0.08275,-892.2801,-11.439488461538462,-237.8967,-0.030499576923076928,-6.332997
9,0.083,-884.9851,-11.34596282051282,-236.7092,-0.030347333333333334,-6.321411
9,0.08325,-877.6425,-11.251826923076925,-235.1293,-0.03014478205128205,-6.309107
9,0.0835,-869.6268,-11.14906153846154,-233.3353,-0.02991478205128205,-6.295971
9,0.08375,-861.0545,-11.039160256410256,-231.8348,-0.029722410256410255,-6.282206
9,0.084,-852.8489,-10.933960256410256,-230.1512,-0.0295065641025641,-6.267844
9,0.08425,-844.0967,-10.821752564102564,-228.3822,-0.02927976923076923,-6.252767
9,0.0845,-834.9247,-10.704162820512822,-226.4427,-0.029031115384615384,-6.237025
9,0.08475,-825.9386,-10.58895641025641,-224.7407,-0.028812910256410258,-6.220639
9,0.085,-816.3061,-10.46546282051282,-223.2972,-0.028627846153846153,-6.203691
9,0.08525,-806.732,-10.342717948717949,-221.5579,-0.028404858974358974,-6.186101
9,0.0855,-797.1031,-10.219270512820513,-219.3707,-0.028124448717948718,-6.167803
9,0.08575,-786.6684,-10.085492307692308,-217.289,-0.0278575641025641,-6.148901
9,0.086,-776.7452,-9.958271794871795,-215.5156,-0.02763020512820513,-6.129373
9,0.08625,-766.0477,-9.821124358974359,-213.572,-0.02738102564102564,-6.109173
9,0.0865,-755.9792,-9.692041025641025,-211.3644,-0.027097999999999997,-6.088318
9,0.08675,-744.9372,-9.550476923076923,-209.1339,-0.026812038461538464,-6.066809
9,0.087,-734.3105,-9.414237179487179,-207.242,-0.026569487179487178,-6.044701
9,0.08725,-723.342,-9.273615384615384,-205.0983,-0.026294653846153846,-6.021903
9,0.0875,-712.1698,-9.130382051282051,-202.8362,-0.026004641025641023,-5.998391
9,0.08775,-700.7991,-8.984603846153847,-200.2551,-0.02567373076923077,-5.974282
9,0.088,-688.8642,-8.831592307692308,-198.2991,-0.02542296153846154,-5.949538
9,0.08825,-677.5148,-8.68608717948718,-195.8693,-0.025111448717948723,-5.924054
9,0.0885,-664.9766,-8.525341025641024,-193.7563,-0.024840551282051284,-5.897788
9,0.08875,-652.8492,-8.369861538461539,-190.9389,-0.02447934615384615,-5.870908
9,0.089,-640.7933,-8.21529871794872,-188.396,-0.024153333333333332,-5.843569
9,0.08925,-628.7084,-8.060364102564103,-185.948,-0.02383948717948718,-5.815593
9,0.0895,-616.1546,-7.899417948717948,-183.5949,-0.02353780769230769,-5.786817
9,0.08975,-603.819,-7.74126923076923,-180.7843,-0.02317747435897436,-5.757324
9,0.09,-590.7647,-7.57390641025641,-177.5587,-0.022763935897435895,-5.727205
9,0.09025,-577.5048,-7.403907692307692,-175.0817,-0.022446371794871797,-5.696391
9,0.0905,-564.1877,-7.233175641025641,-172.2909,-0.022088576923076923,-5.664765
9,0.09075,-551.4672,-7.070092307692308,-169.1744,-0.02168902564102564,-5.632413
9,0.091,-537.9652,-6.896989743589744,-165.7574,-0.021250948717948717,-5.59932
9,0.09125,-524.9104,-6.729620512820513,-162.325,-0.020810897435897435,-5.565449
9,0.0915,-511.139,-6.553064102564102,-159.4192,-0.020438358974358972,-5.530774
9,0.09175,-496.8423,-6.369773076923077,-155.8721,-0.019983602564102563,-5.495225
9,0.092,-482.6915,-6.188352564102565,-152.2597,-0.01952047435897436,-5.458816
9,0.09225,-468.5442,-6.006976923076922,-148.8644,-0.01908517948717949,-5.421551
9,0.0925,-454.4638,-5.826458974358974,-145.645,-0.018672435897435898,-5.383525
9,0.09275,-439.8009,-5.638473076923077,-142.0711,-0.01821424358974359,-5.344694
9,0.093,-425.5356,-5.455584615384615,-137.8477,-0.01767278205128205,-5.304969
9,0.09325,-410.7806,-5.266417948717949,-134.3202,-0.01722053846153846,-5.264308
9,0.0935,-395.9303,-5.076029487179487,-130.4353,-0.016722474358974358,-5.222615
9,0.09375,-380.888,-4.883179487179487,-126.9522,-0.016275923076923077,-5.179947
9,0.094,-366.7377,-4.701765384615386,-122.7082,-0.015731820512820512,-5.136518
9,0.09425,-351.4038,-4.505176923076923,-118.8648,-0.015239076923076925,-5.092145
9,0.0945,-336.5109,-4.314242307692308,-114.8585,-0.01472544871794872,-5.04667
9,0.09475,-321.5624,-4.122594871794872,-110.8051,-0.014205782051282052,-5.000103
9,0.095,-307.1016,-3.9372000000000003,-106.427,-0.01364448717948718,-4.952433
9,0.09525,-291.5048,-3.7372410256410253,-101.8385,-0.013056217948717948,-4.90372
9,0.0955,-276.1348,-3.5401897435897434,-97.30827,-0.01247541923076923,-4.853867
9,0.09575,-260.5506,-3.3403923076923077,-93.07841,-0.011933129487179488,-4.802815
9,0.096,-245.7024,-3.1500307692307694,-88.54403,-0.01135179871794872,-4.750678
9,0.09625,-230.2864,-2.9523897435897433,-83.94728,-0.010762471794871796,-4.697438
9,0.0965,-214.2261,-2.7464884615384615,-79.44918,-0.010185792307692306,-4.64289
9,0.09675,-198.9843,-2.551080769230769,-74.84832,-0.009595938461538462,-4.586973
9,0.097,-183.4361,-2.351744871794872,-70.14589,-0.00899306282051282,-4.529797
9,0.09725,-168.0134,-2.1540179487179483,-64.9395,-0.008325576923076923,-4.471389
9,0.0975,-151.9,-1.9474358974358974,-59.90568,-0.0076802153846153845,-4.41153
9,0.09775,-136.2515,-1.7468141025641026,-54.96872,-0.007047271794871794,-4.350162
9,0.098,-120.4272,-1.5439384615384615,-49.89921,-0.006397334615384615,-4.287468
9,0.09825,-104.6794,-1.3420435897435898,-44.45967,-0.005699957692307692,-4.223429
9,0.0985,-88.67537,-1.136863717948718,-39.067,-0.0050085897435897435,-4.157725
9,0.09875,-72.63838,-0.931261282051282,-33.76218,-0.004328484615384615,-4.090235
9,0.099,-56.45502,-0.7237823076923077,-28.33539,-0.003632742307692308,-4.021111
9,0.09925,-40.85007,-0.5237188461538461,-22.89233,-0.002934914102564103,-3.950398
9,0.0995,-24.8997,-0.3192269230769231,-17.42122,-0.002233489743589744,-3.877985
9,0.09975,-8.928052,-0.11446220512820511,-10.96417,-0.0014056628205128202,-3.80387
9,0.1,4.524315,0.058004038461538454,-5.407573,-0.0006932785897435898,-3.735043
10,0.0,5.862329,0.07515806410256409,0.0,0.0,-4.954867
10,0.00025,23.21075,0.29757371794871795,6.126046,0.0007853905128205128,-4.861394
10,0.0005,41.34916,0.5301174358974359,12.29484,0.0015762615384615386,-4.765414
10,0.00075,58.90055,0.7551352564102565,18.88209,0.0024207807692307693,-4.666781
10,0.001,75.31791,0.9656142307692307,24.87617,0.0031892525641025638,-4.565667
10,0.00125,92.03511,1.1799373076923076,31.90031,0.004089783333333334,-4.462147
10,0.0015,108.8521,1.3955397435897434,38.08322,0.004882464102564102,-4.356007
10,0.00175,125.8899,1.613973076923077,44.65282,0.005724720512820513,-4.247046
10,0.002,142.9312,1.832451282051282,51.80442,0.006641592307692308,-4.135272
10,0.00225,159.4089,2.043703846153846,58.9466,0.00755725641025641,-4.020736
10,0.0025,176.3596,2.261020512820513,66.36625,0.008508493589743588,-3.903363
10,0.00275,193.5448,2.48134358974359,73.96807,0.009483085897435897,-3.783137
10,0.003,210.4651,2.698270512820513,82.12894,0.010529351282051281,-3.660106
10,0.00325,227.2314,2.9132230769230767,89.9643,0.011533884615384614,-3.534274
10,0.0035,244.3345,3.1324935897435897,97.95987,0.012558957692307691,-3.405617
10,0.00375,261.0781,3.347155128205128,106.408,0.013642051282051284,-3.274142
10,0.004,277.7578,3.5609974358974354,114.9779,0.014740756410256411,-3.139864
10,0.00425,294.8949,3.7807038461538465,123.7869,0.015870115384615385,-3.002778
10,0.0045,311.5184,3.9938256410256407,132.6019,0.01700024358974359,-2.862958
10,0.00475,327.6248,4.200317948717949,141.4893,0.018139653846153844,-2.720454
10,0.005,344.1799,4.412562820512821,150.4373,0.019286833333333333,-2.575309
10,0.00525,360.6393,4.623580769230769,159.5219,0.02045152564102564,-2.427531
10,0.0055,376.5385,4.827416666666667,168.2795,0.021574294871794873,-2.27697
10,0.00575,392.7725,5.035544871794871,177.4881,0.022754884615384614,-2.123502
10,0.006,408.6753,5.239426923076923,186.8574,0.023956076923076924,-1.967333
10,0.00625,424.0589,5.436652564102563,196.0582,0.02513566666666667,-1.808676
10,0.0065,440.2701,5.644488461538462,205.0679,0.026290756410256414,-1.647465
10,0.00675,456.0797,5.8471756410256415,215.095,0.027576282051282052,-1.483738
10,0.007,471.4729,6.044524358974359,225.2923,0.028883628205128208,-1.317797
10,0.00725,487.1569,6.2456012820512825,235.1879,0.030152294871794875,-1.149833
10,0.0075,502.9021,6.447462820512821,245.5791,0.0314845,-0.9797972
10,0.00775,518.2138,6.643766666666666,256.4349,0.03287626923076924,-0.8076095
10,0.008,533.0139,6.833511538461539,267.5438,0.03430048717948717,-0.6336137
10,0.00825,547.3917,7.017842307692308,278.4693,0.03570119230769231,-0.4582855
10,0.0085,562.3529,7.209652564102564,289.7974,0.03715351282051282,-0.2816938
10,0.00875,577.4063,7.402644871794871,301.3118,0.038629717948717945,-0.1040007
10,0.009,591.8868,7.588292307692308,312.8805,0.04011288461538461,0.0746555
10,0.00925,605.989,7.769089743589744,323.591,0.041486025641025645,0.2542139
10,0.0095,620.0497,7.949355128205129,335.0683,0.04295747435897436,0.4345782
10,0.00975,634.5798,8.135638461538461,346.1758,0.044381512820512815,0.6156154
10,0.01,648.4658,8.313664102564102,357.2027,0.04579521794871795,0.7970116
10,0.01025,662.5056,8.493661538461538,368.5254,0.04724684615384615,0.9784225
10,0.0105,676.4149,8.671985897435897,380.1823,0.04874132051282051,1.159594
10,0.01075,689.7599,8.843075641025642,391.4906,0.05019110256410256,1.340529
10,0.011,703.9816,9.025405128205128,403.6402,0.05174874358974359,1.521095
10,0.01125,716.9751,9.191988461538461,415.386,0.053254615384615386,1.700979
10,0.0115,729.9042,9.357746153846154,427.3349,0.054786525641025645,1.880173
10,0.01175,742.7969,9.523037179487181,439.3972,0.05633297435897436,2.058438
10,0.012,755.2844,9.683133333333334,450.7384,0.05778697435897437,2.235273
10,0.01225,768.0991,9.84742435897436,462.6911,0.059319371794871796,2.41042
10,0.0125,780.1516,10.00194358974359,474.1443,0.06078773076923077,2.583439
10,0.01275,791.973,10.1535,485.4073,0.06223170512820514,2.754166
10,0.013,803.133,10.296576923076923,496.1923,0.06361439743589743,2.922659
10,0.01325,814.9874,10.44855641025641,507.13,0.06501666666666667,3.08876
10,0.0135,826.5551,10.596860256410256,517.328,0.06632410256410257,3.252574
10,0.01375,837.1286,10.732417948717949,527.6314,0.06764505128205128,3.414085
10,0.014,848.318,10.875871794871795,537.9724,0.06897082051282051,3.572927
10,0.01425,859.242,11.015923076923077,548.2226,0.07028494871794873,3.72886
10,0.0145,869.6356,11.149174358974358,558.2108,0.07156548717948717,3.882022
10,0.01475,880.0891,11.28319358974359,568.786,0.07292128205128205,4.032329
10,0.015,890.0122,11.41041282051282,579.2805,0.07426673076923077,4.179507
10,0.01525,900.2843,11.54210641025641,589.3748,0.0755608717948718,4.323504
10,0.0155,910.3508,11.671164102564104,599.3982,0.07684592307692308,4.464238
10,0.01575,919.731,11.791423076923076,609.2148,0.07810446153846154,4.601629
10,0.016,929.2409,11.913344871794873,618.8416,0.07933866666666667,4.735613
10,0.01625,937.8563,12.023798717948718,627.9785,0.08051006410256412,4.866159
10,0.0165,946.7994,12.138453846153848,637.079,0.08167679487179487,4.993262
10,0.01675,955.5439,12.25056282051282,646.017,0.0828226923076923,5.116897
10,0.017,963.6979,12.355101282051283,654.3253,0.08388785897435898,5.237033
10,0.01725,971.6837,12.457483333333334,662.5405,0.08494108974358974,5.353742
10,0.0175,979.6427,12.559521794871795,670.0917,0.0859091923076923,5.467101
10,0.01775,987.3165,12.657903846153845,677.3963,0.08684567948717949,5.577225
10,0.018,994.7042,12.75261794871795,684.6326,0.08777341025641026,5.684042
10,0.01825,1001.912,12.845025641025641,691.9548,0.08871215384615384,5.78739
10,0.0185,1008.637,12.93124358974359,698.8616,0.08959764102564102,5.88744
10,0.01875,1015.693,13.021705128205129,705.5764,0.09045851282051282,5.984309
10,0.019,1021.77,13.099615384615385,712.716,0.09137384615384615,6.077926
10,0.01925,1028.307,13.183423076923079,719.4036,0.09223123076923077,6.168212
10,0.0195,1033.806,13.253923076923078,725.9768,0.09307394871794872,6.255218
10,0.01975,1039.656,13.328923076923076,732.0481,0.09385232051282051,6.339099
10,0.02,1045.049,13.398064102564101,738.1151,0.09463014102564102,6.419871
10,0.02025,1049.65,13.457051282051284,743.9213,0.09537452564102564,6.497519
10,0.0205,1053.472,13.506051282051281,749.7117,0.0961168846153846,6.572155
10,0.02075,1058.693,13.57298717948718,754.9834,0.09679274358974359,6.643779
10,0.021,1062.738,13.624846153846153,759.7705,0.09740647435897436,6.712373
10,0.02125,1067.091,13.680653846153843,764.8004,0.09805133333333332,6.777976
10,0.0215,1070.175,13.720192307692306,769.8766,0.0987021282051282,6.840691
10,0.02175,1073.781,13.766423076923076,774.4551,0.09928911538461538,6.90066
10,0.022,1076.869,13.806012820512821,778.8336,0.09985046153846155,6.957818
10,0.02225,1080.3,13.85,783.0384,0.10038953846153846,7.012181
10,0.0225,1082.838,13.882538461538461,786.8411,0.1008770641025641,7.063945
10,0.02275,1085.361,13.914884615384617,790.5082,0.10134720512820511,7.113131
10,0.023,1087.771,13.94578205128205,793.9745,0.10179160256410258,7.159729
10,0.02325,1089.71,13.970641025641026,797.6225,0.10225929487179487,7.203706
10,0.0235,1091.579,13.994602564102562,800.9221,0.1026823205128205,7.245121
10,0.02375,1093.088,14.013948717948717,803.5415,0.10301814102564102,7.284008
10,0.024,1094.451,14.031423076923078,806.0674,0.10334197435897437,7.320504
10,0.02425,1095.336,14.042769230769231,808.5508,0.10366035897435898,7.354671
10,0.0245,1095.678,14.047153846153847,810.7359,0.10394049999999999,7.386426
10,0.02475,1095.829,14.049089743589743,812.1456,0.10412123076923076,7.415917
10,0.025,1096.236,14.054307692307694,814.1023,0.10437208974358975,7.443088
10,0.02525,1095.678,14.047153846153847,815.9293,0.10460632051282051,7.467966
10,0.0255,1095.129,14.040115384615383,817.1258,0.10475971794871797,7.490861
10,0.02575,1094.085,14.02673076923077,818.1777,0.10489457692307692,7.511835
10,0.026,1093.032,14.013230769230768,819.4172,0.10505348717948719,7.530721
10,0.02625,1092.058,14.000743589743589,819.9515,0.10512198717948719,7.547631
10,0.0265,1090.772,13.98425641025641,820.9002,0.10524361538461538,7.56278
10,0.02675,1088.754,13.958384615384613,821.331,0.10529884615384615,7.57619
10,0.027,1086.287,13.92675641025641,821.9004,0.10537184615384615,7.587811
10,0.02725,1084.09,13.898589743589742,821.8559,0.10536614102564103,7.597776
10,0.0275,1081.294,13.862743589743591,821.7965,0.10535852564102564,7.606193
10,0.02775,1078.695,13.829423076923076,821.935,0.10537628205128204,7.613075
10,0.028,1074.993,13.781961538461537,821.7496,0.10535251282051282,7.618446
10,0.02825,1071.905,13.742371794871795,821.4394,0.10531274358974359,7.62244
10,0.0285,1068.158,13.694333333333333,820.76,0.10522564102564104,7.625088
10,0.02875,1064.203,13.643628205128206,820.3911,0.10517834615384616,7.626402
10,0.029,1059.816,13.587384615384615,819.8338,0.10510689743589745,7.626468
10,0.02925,1055.387,13.530602564102562,819.2028,0.10502600000000001,7.625372
10,0.0295,1050.347,13.465987179487179,818.5175,0.10493814102564103,7.623214
10,0.02975,1045.61,13.405256410256408,817.4937,0.10480688461538461,7.619998
10,0.03,1040.3,13.337179487179487,816.517,0.10468166666666666,7.615752
10,0.03025,1034.99,13.269102564102564,815.5669,0.10455985897435897,7.610516
10,0.0305,1030.126,13.20674358974359,814.1757,0.1043815,7.604485
10,0.03075,1023.654,13.12376923076923,812.4991,0.10416655128205128,7.597674
10,0.031,1017.455,13.044294871794873,811.0855,0.10398532051282051,7.590002
10,0.03125,1011.126,12.963153846153846,809.8146,0.10382238461538462,7.581581
10,0.0315,1004.511,12.878346153846154,808.4251,0.1036442435897436,7.572471
10,0.03175,997.2675,12.78548076923077,806.2811,0.10336937179487181,7.562657
10,0.032,990.1513,12.694247435897436,804.6557,0.1031609871794872,7.552099
10,0.03225,982.4871,12.595988461538461,802.8311,0.10292706410256411,7.540828
10,0.0325,974.4841,12.493385897435898,800.6931,0.10265296153846154,7.528994
10,0.03275,966.6867,12.39341923076923,798.1657,0.10232893589743591,7.516495
10,0.033,958.4076,12.287276923076922,795.8599,0.10203332051282052,7.503315
10,0.03325,949.8226,12.17721282051282,793.8213,0.10177196153846153,7.489552
10,0.0335,941.2756,12.067635897435897,791.0445,0.10141596153846154,7.475281
10,0.03375,932.0514,11.949376923076922,788.8152,0.10113015384615384,7.460448
10,0.034,922.6337,11.82863717948718,785.9491,0.10076270512820514,7.444874
10,0.03425,913.7301,11.714488461538462,783.6543,0.10046849999999999,7.428704
10,0.0345,903.8181,11.587411538461538,780.4068,0.10005215384615385,7.412032
10,0.03475,893.8226,11.459264102564102,777.4137,0.09966842307692306,7.394733
10,0.035,883.9151,11.332244871794872,773.9237,0.0992209871794872,7.376742
10,0.03525,873.8891,11.20370641025641,771.2433,0.09887734615384616,7.358059
10,0.0355,863.0239,11.064408974358974,768.1324,0.09847851282051281,7.338743
10,0.03575,853.0932,10.937092307692309,764.0194,0.09795120512820514,7.31881
10,0.036,841.7357,10.791483333333334,760.7984,0.09753825641025642,7.298202
10,0.03625,830.679,10.64973076923077,757.6041,0.09712873076923077,7.276857
10,0.0365,819.7033,10.509016666666666,753.9825,0.09666442307692306,7.254817
10,0.03675,807.8282,10.356771794871795,750.3986,0.09620494871794871,7.232129
10,0.037,795.9166,10.204058974358976,745.863,0.09562346153846155,7.20879
10,0.03725,784.2379,10.05433205128205,741.945,0.09512115384615386,7.184827
10,0.0375,772.1789,9.899729487179487,738.132,0.09463230769230768,7.160176
10,0.03775,760.0819,9.744639743589744,734.5581,0.09417411538461537,7.134822
10,0.038,747.2333,9.579914102564102,730.0782,0.09359976923076924,7.108714
10,0.03825,735.1793,9.42537564102564,725.8026,0.09305161538461539,7.081896
10,0.0385,722.2147,9.25916282051282,721.6561,0.09252001282051282,7.054489
10,0.03875,709.5342,9.096592307692308,717.0647,0.0919313717948718,7.026465
10,0.039,696.1366,8.924828205128206,712.4881,0.09134462820512822,6.997658
10,0.03925,683.1421,8.758232051282052,707.7575,0.09073814102564103,6.968073
10,0.0395,669.2111,8.579629487179487,702.8825,0.09011314102564104,6.937773
10,0.03975,655.3505,8.401929487179489,698.5024,0.08955158974358973,6.906694
10,0.04,641.1232,8.219528205128205,693.326,0.08888794871794872,6.874792
10,0.04025,627.4854,8.044684615384615,688.5163,0.08827132051282051,6.84208
10,0.0405,612.856,7.857128205128205,683.4311,0.0876193717948718,6.808602
10,0.04075,598.2129,7.6693961538461535,678.5475,0.08699326923076924,6.774326
10,0.041,583.7384,7.483825641025641,672.9842,0.08628002564102563,6.739116
10,0.04125,569.0107,7.295008974358975,667.8779,0.08562537179487179,6.703008
10,0.0415,553.9841,7.102360256410257,662.2552,0.08490451282051281,6.666074
10,0.04175,539.1637,6.912355128205127,657.0825,0.08424134615384615,6.62829
10,0.042,523.9736,6.717610256410256,651.29,0.08349871794871795,6.589654
10,0.04225,509.2783,6.529208974358974,645.6362,0.0827738717948718,6.55007
10,0.0425,493.3259,6.324691025641026,639.6468,0.082006,6.509573
10,0.04275,478.6083,6.136003846153846,633.6466,0.08123674358974359,6.468258
10,0.043,463.285,5.939551282051283,627.2408,0.08041548717948718,6.425953
10,0.04325,447.0814,5.731812820512821,620.6963,0.07957644871794871,6.382487
10,0.0435,432.0143,5.5386448717948715,614.0276,0.07872148717948718,6.337978
10,0.04375,416.6702,5.341925641025641,607.411,0.07787320512820511,6.292494
10,0.044,400.1166,5.1297,600.892,0.0770374358974359,6.245915
10,0.04425,384.3871,4.928039743589743,594.021,0.07615653846153846,6.198173
10,0.0445,367.9494,4.7173,586.6603,0.07521285897435898,6.149314
10,0.04475,352.0766,4.513802564102564,579.8601,0.07434103846153846,6.099294
10,0.045,335.4789,4.301011538461538,572.5381,0.07340232051282052,6.048071
10,0.04525,319.2261,4.092642307692308,565.485,0.07249807692307692,5.995608
10,0.0455,302.4411,3.87745,557.6251,0.07149039743589743,5.942069
10,0.04575,285.7836,3.6638923076923073,550.7539,0.07060947435897437,5.887558
10,0.046,269.2533,3.4519653846153853,543.4109,0.0696680641025641,5.831754
10,0.04625,253.5673,3.25086282051282,535.8478,0.0686984358974359,5.774582
10,0.0465,236.0874,3.0267615384615385,528.2377,0.06772278205128206,5.716209
10,0.04675,219.0617,2.8084833333333337,520.4123,0.06671952564102564,5.656609
10,0.047,202.8763,2.600978205128205,512.8688,0.06575241025641025,5.595591
10,0.04725,185.7767,2.381752564102564,505.2144,0.06477107692307693,5.533136
10,0.0475,168.4523,2.159644871794872,496.9427,0.06371060256410256,5.469444
10,0.04775,151.4595,1.9417884615384615,488.8662,0.06267515384615384,5.404373
10,0.048,134.5878,1.725484615384615,481.1202,0.06168207692307693,5.337794
10,0.04825,117.3373,1.5043243589743591,472.4838,0.06057484615384615,5.269748
10,0.0485,100.0574,1.2827871794871795,464.0059,0.0594879358974359,5.200152
10,0.04875,82.58806,1.058821282051282,454.6175,0.058284294871794866,5.128999
10,0.049,65.77513,0.8432708974358974,445.5156,0.05711738461538461,5.05629
10,0.04925,48.12042,0.6169284615384615,436.1793,0.055920423076923076,4.982095
10,0.0495,31.35054,0.40193,426.7902,0.05471669230769231,4.906507
10,0.04975,14.3801,0.1843602564102564,417.4686,0.05352161538461538,4.829472
10,0.05,-3.263471,-0.041839371794871794,408.2561,0.05234052564102564,4.751069
10,0.05025,-19.99333,-0.2563247435897436,399.2695,0.05118839743589743,4.671248
10,0.0505,-36.46286,-0.4674725641025641,389.7715,0.049970705128205124,4.58997
10,0.05075,-54.00767,-0.6924060256410256,380.5965,0.048794423076923076,4.507213
10,0.051,-70.44782,-0.9031771794871793,371.0479,0.04757024358974359,4.422728
10,0.05125,-87.31443,-1.1194157692307691,362.0626,0.04641828205128205,4.336681
10,0.0515,-104.2059,-1.3359730769230769,352.9833,0.04525426923076923,4.249101
10,0.05175,-121.6732,-1.5599128205128203,343.6455,0.04405711538461539,4.159804
10,0.052,-138.7191,-1.77845,334.5387,0.042889576923076926,4.06889
10,0.05225,-155.6526,-1.9955461538461539,325.2903,0.041703884615384615,3.976355
10,0.0525,-172.782,-2.215153846153846,315.7742,0.0404838717948718,3.88236
10,0.05275,-189.443,-2.4287564102564105,306.2741,0.03926591025641025,3.786903
10,0.053,-206.9124,-2.6527230769230767,296.8914,0.038063,3.689752
10,0.05325,-223.8722,-2.8701564102564103,286.9745,0.03679160256410256,3.590869
10,0.0535,-240.5494,-3.0839666666666665,277.9734,0.03563761538461539,3.490309
10,0.05375,-257.3922,-3.2999,268.1177,0.034374064102564106,3.388143
10,0.054,-274.3115,-3.516814102564103,258.4932,0.03314015384615385,3.284268
10,0.05425,-290.8529,-3.728883333333333,248.7868,0.03189574358974359,3.178654
10,0.0545,-307.1487,-3.9378038461538463,239.0244,0.03064415384615385,3.071476
10,0.05475,-323.4101,-4.146283333333334,229.2648,0.029392923076923077,2.962775
10,0.055,-340.0898,-4.360125641025641,219.5878,0.02815228205128205,2.852313
10,0.05525,-356.4661,-4.570078205128205,209.9614,0.026918128205128202,2.740059
10,0.0555,-372.0594,-4.769992307692307,200.1151,0.025655782051282053,2.626142
10,0.05575,-388.1719,-4.976562820512821,191.0057,0.024487910256410256,2.510543
10,0.056,-404.4874,-5.1857358974358965,181.3914,0.023255307692307693,2.393119
10,0.05625,-420.769,-5.394474358974359,171.8093,0.022026833333333336,2.274055
10,0.0565,-435.8802,-5.588207692307692,161.914,0.020758205128205125,2.153654
10,0.05675,-451.751,-5.791679487179487,152.1299,0.01950383333333333,2.031668
10,0.057,-467.0298,-5.987561538461539,142.427,0.018259871794871794,1.907872
10,0.05725,-482.9118,-6.191176923076923,132.2289,0.01695242307692308,1.782498
10,0.0575,-497.9677,-6.384201282051282,122.4484,0.015698512820512822,1.65575
10,0.05775,-513.246,-6.5800769230769225,112.3486,0.014403666666666667,1.527423
10,0.058,-527.924,-6.76825641025641,103.0604,0.013212871794871794,1.397292
10,0.05825,-542.5115,-6.955275641025641,93.17606,0.01194564871794872,1.26564
10,0.0585,-557.2853,-7.144683333333333,83.24528,0.010672471794871793,1.132673
10,0.05875,-572.403,-7.3385,73.52373,0.00942611923076923,0.9982293
10,0.059,-586.4155,-7.518147435897435,63.93258,0.008196484615384615,0.8622253
10,0.05925,-600.7633,-7.70209358974359,54.14044,0.006941082051282052,0.7246427
10,0.0595,-615.2804,-7.888210256410256,44.90283,0.005756773076923077,0.5855746
10,0.05975,-629.5122,-8.070669230769232,35.7623,0.004584910256410257,0.4450873
10,0.06,-643.3769,-8.248421794871794,27.47338,0.0035222282051282053,0.3031619
10,0.06025,-657.7465,-8.432647435897435,18.55638,0.002379023076923077,0.1599437
10,0.0605,-671.5164,-8.609184615384615,8.95484,0.0011480564102564104,0.0154375
10,0.06075,-684.6041,-8.776975641025642,0.7069043,9.062875641025641e-05,-0.1302523
10,0.061,-698.5376,-8.955610256410257,-7.761829,-0.000995106282051282,-0.2771798
10,0.06125,-711.4886,-9.121648717948718,-16.77138,-0.0021501769230769232,-0.4253062
10,0.0615,-724.3023,-9.285926923076921,-25.25933,-0.003238375641025641,-0.5743918
10,0.06175,-737.7009,-9.457703846153846,-33.57491,-0.004304475641025642,-0.7243375
10,0.062,-750.0203,-9.615644871794872,-41.51362,-0.005322258974358975,-0.8751353
10,0.06225,-762.1609,-9.771293589743589,-49.32702,-0.006323976923076923,-1.026963
10,0.0625,-774.2796,-9.926661538461538,-57.10532,-0.007321194871794871,-1.179676
10,0.06275,-786.3442,-10.081335897435897,-65.10637,-0.008346970512820512,-1.333179
10,0.063,-798.2781,-10.234334615384617,-72.5425,-0.009300320512820513,-1.487491
10,0.06325,-809.585,-10.379294871794873,-80.46433,-0.010315939743589745,-1.642305
10,0.0635,-820.9446,-10.524930769230771,-88.08263,-0.011292644871794872,-1.79748
10,0.06375,-832.1253,-10.668273076923077,-94.89734,-0.012166325641025641,-1.953182
10,0.064,-843.0316,-10.808097435897436,-101.4303,-0.013003884615384615,-2.109203
10,0.06425,-853.9484,-10.94805641025641,-108.2566,-0.013879051282051283,-2.265342
10,0.0645,-864.6192,-11.084861538461539,-114.7969,-0.014717551282051282,-2.421456
10,0.06475,-874.6446,-11.213392307692308,-121.2116,-0.015539948717948717,-2.577552
10,0.065,-884.9264,-11.345210256410255,-127.3469,-0.016326525641025644,-2.733692
10,0.06525,-894.9777,-11.474073076923078,-133.2147,-0.017078807692307692,-2.889566
10,0.0655,-904.6521,-11.598103846153846,-139.2335,-0.017850448717948716,-3.044877
10,0.06575,-914.1073,-11.71932435897436,-144.9405,-0.018582115384615384,-3.199574
10,0.066,-923.4535,-11.839147435897436,-150.029,-0.019234487179487177,-3.353674
10,0.06625,-932.3333,-11.952991025641026,-155.0505,-0.01987826923076923,-3.507177
10,0.0665,-941.6112,-12.071938461538462,-160.7465,-0.02060852564102564,-3.659914
10,0.06675,-949.5828,-12.174138461538462,-165.8568,-0.021263692307692306,-3.811623
10,0.067,-958.2879,-12.285742307692308,-170.6787,-0.021881884615384616,-3.962375
10,0.06725,-966.1607,-12.386675641025642,-175.2552,-0.022468615384615385,-4.11209
10,0.0675,-974.1557,-12.489175641025643,-180.2073,-0.023103500000000003,-4.260513
10,0.06775,-982.0802,-12.590771794871795,-184.8732,-0.02370169230769231,-4.40755
10,0.068,-989.2121,-12.68220641025641,-188.527,-0.0241701282051282,-4.553091
10,0.06825,-996.3359,-12.77353717948718,-192.5123,-0.024681064102564102,-4.697005
10,0.0685,-1003.913,-12.870679487179489,-196.5494,-0.02519864102564102,-4.839022
10,0.06875,-1010.369,-12.953448717948719,-200.2325,-0.025670833333333334,-4.978897
10,0.069,-1017.076,-13.039435897435899,-203.4825,-0.0260875,-5.116603
10,0.06925,-1022.929,-13.114474358974359,-206.8618,-0.026520743589743587,-5.252099
10,0.0695,-1028.865,-13.190576923076923,-210.3541,-0.026968474358974356,-5.385131
10,0.06975,-1034.424,-13.261846153846154,-213.257,-0.027340641025641023,-5.51545
10,0.07,-1039.804,-13.330820512820514,-215.9946,-0.027691615384615384,-5.643117
10,0.07025,-1044.565,-13.391858974358975,-218.2242,-0.027977461538461538,-5.768035
10,0.0705,-1049.615,-13.456602564102564,-221.0202,-0.028335923076923078,-5.889946
10,0.07075,-1053.5,-13.506410256410255,-223.5665,-0.028662371794871796,-6.008668
10,0.071,-1057.0,-13.551282051282051,-225.7289,-0.02893960256410256,-6.124196
10,0.07125,-1061.706,-13.611615384615384,-227.825,-0.029208333333333333,-6.236608
10,0.0715,-1065.658,-13.66228205128205,-230.1359,-0.029504602564102565,-6.345707
10,0.07175,-1068.966,-13.704692307692307,-232.1683,-0.029765166666666665,-6.451449
10,0.072,-1071.968,-13.743179487179487,-233.6029,-0.029949089743589744,-6.553933
10,0.07225,-1075.324,-13.786205128205129,-235.1295,-0.03014480769230769,-6.652978
10,0.0725,-1078.101,-13.821807692307694,-236.671,-0.030342435897435897,-6.748413
10,0.07275,-1081.592,-13.866564102564103,-238.0385,-0.03051775641025641,-6.840162
10,0.073,-1082.787,-13.881884615384616,-239.1605,-0.030661602564102566,-6.928275
10,0.07325,-1085.153,-13.912217948717949,-240.612,-0.03084769230769231,-7.012846
10,0.0735,-1087.035,-13.936346153846154,-241.483,-0.03095935897435897,-7.093655
10,0.07375,-1087.882,-13.947205128205129,-242.5509,-0.031096269230769233,-7.170774
10,0.074,-1089.409,-13.966782051282053,-243.3382,-0.03119720512820513,-7.244345
10,0.07425,-1090.962,-13.986692307692307,-244.3428,-0.031326,-7.314276
10,0.0745,-1091.392,-13.992205128205129,-244.8187,-0.03138701282051282,-7.380538
10,0.07475,-1091.395,-13.99224358974359,-245.3893,-0.031460166666666664,-7.443088
10,0.075,-1091.256,-13.990461538461538,-246.0794,-0.031548641025641026,-7.502107
10,0.07525,-1090.829,-13.98498717948718,-246.2294,-0.0315678717948718,-7.557674
10,0.0755,-1090.357,-13.978935897435896,-246.8716,-0.03165020512820513,-7.609632
10,0.07575,-1089.87,-13.972692307692308,-247.2459,-0.03169819230769231,-7.658111
10,0.076,-1088.81,-13.959102564102563,-247.3755,-0.03171480769230769,-7.703275
10,0.07625,-1087.53,-13.942692307692306,-247.5277,-0.03173432051282052,-7.745014
10,0.0765,-1085.583,-13.91773076923077,-247.0841,-0.03167744871794872,-7.783291
10,0.07675,-1084.232,-13.900410256410256,-246.8918,-0.03165279487179487,-7.818328
10,0.077,-1082.333,-13.876064102564104,-246.4723,-0.03159901282051282,-7.850335
10,0.07725,-1079.271,-13.83680769230769,-246.5472,-0.03160861538461539,-7.879237
10,0.0775,-1076.868,-13.806,-246.5512,-0.0316091282051282,-7.905064
10,0.07775,-1073.667,-13.764961538461538,-246.3092,-0.03157810256410257,-7.928044
10,0.078,-1070.589,-13.7255,-245.9941,-0.031537705128205126,-7.948286
10,0.07825,-1066.825,-13.67724358974359,-245.7291,-0.03150373076923077,-7.965879
10,0.0785,-1063.029,-13.628576923076924,-245.0026,-0.03141058974358974,-7.980875
10,0.07875,-1058.485,-13.570320512820512,-244.6842,-0.031369769230769236,-7.993393
10,0.079,-1054.842,-13.523615384615386,-244.3881,-0.031331807692307694,-8.003774
10,0.07925,-1050.398,-13.466641025641026,-243.612,-0.031232307692307695,-8.012074
10,0.0795,-1045.158,-13.399461538461537,-243.009,-0.031154999999999995,-8.018307
10,0.07975,-1040.781,-13.343346153846152,-242.306,-0.031064871794871794,-8.022632
10,0.08,-1035.867,-13.280346153846155,-241.8772,-0.031009897435897434,-8.025106
10,0.08025,-1029.956,-13.204564102564103,-240.8675,-0.030880448717948716,-8.025882
10,0.0805,-1024.768,-13.138051282051283,-239.9468,-0.030762410256410255,-8.025013
10,0.08075,-1018.839,-13.062038461538462,-239.3174,-0.03068171794871795,-8.022696
10,0.081,-1012.564,-12.981589743589742,-238.1479,-0.03053178205128205,-8.019161
10,0.08125,-1006.497,-12.90380769230769,-237.7881,-0.030485653846153843,-8.014284
10,0.0815,-999.3211,-12.811808974358973,-236.7637,-0.030354320512820516,-8.008125
10,0.08175,-992.4547,-12.723778205128205,-235.595,-0.03020448717948718,-8.000838
10,0.082,-985.2904,-12.631928205128204,-235.005,-0.030128846153846152,-7.992551
10,0.08225,-977.8738,-12.536843589743588,-234.0465,-0.030005961538461537,-7.98336
10,0.0825,-970.0364,-12.436364102564102,-233.1266,-0.029888025641025644,-7.973193
10,0.08275,-961.891,-12.331935897435896,-231.6077,-0.029693294871794874,-7.962228
10,0.083,-953.2027,-12.220547435897437,-230.4502,-0.029544897435897433,-7.950487
10,0.08325,-945.4605,-12.12128846153846,-229.3635,-0.029405576923076923,-7.937827
10,0.0835,-935.9973,-11.999965384615384,-227.7665,-0.029200833333333332,-7.92432
10,0.08375,-927.2254,-11.887505128205127,-226.1884,-0.028998512820512818,-7.91005
10,0.084,-917.9875,-11.769070512820512,-224.7983,-0.028820294871794876,-7.895047
10,0.08425,-908.7648,-11.65083076923077,-223.3253,-0.028631448717948715,-7.879176
10,0.0845,-898.9891,-11.525501282051282,-221.813,-0.0284375641025641,-7.862536
10,0.08475,-889.0087,-11.397547435897435,-219.8604,-0.02818723076923077,-7.845328
10,0.085,-878.9594,-11.268710256410255,-217.8246,-0.02792623076923077,-7.827404
10,0.08525,-869.1715,-11.14322435897436,-216.3955,-0.027743012820512822,-7.808679
10,0.0855,-858.6477,-11.008303846153845,-214.8193,-0.0275409358974359,-7.78914
10,0.08575,-847.5616,-10.866174358974359,-212.7643,-0.02727747435897436,-7.768857
10,0.086,-836.8149,-10.728396153846154,-211.2926,-0.02708879487179487,-7.748008
10,0.08625,-826.0819,-10.590793589743589,-209.2474,-0.02682658974358974,-7.726488
10,0.0865,-814.6732,-10.444528205128204,-207.6853,-0.026626320512820514,-7.704221
10,0.08675,-803.1485,-10.29677564102564,-205.3921,-0.026332320512820515,-7.68124
10,0.087,-791.6067,-10.148803846153847,-203.2198,-0.02605382051282051,-7.657561
10,0.08725,-779.3542,-9.991720512820514,-200.6777,-0.025727910256410257,-7.633247
10,0.0875,-767.2273,-9.836247435897436,-199.1239,-0.02552870512820513,-7.608179
10,0.08775,-755.0614,-9.68027435897436,-197.079,-0.025266538461538462,-7.582273
10,0.088,-742.6413,-9.521042307692307,-194.5661,-0.024944371794871797,-7.555775
10,0.08825,-730.3376,-9.363302564102563,-192.4844,-0.02467748717948718,-7.528657
10,0.0885,-717.2697,-9.195765384615385,-190.3961,-0.02440975641025641,-7.500695
10,0.08875,-704.8374,-9.036376923076922,-187.8663,-0.024085423076923077,-7.471958
10,0.089,-691.2781,-8.862539743589743,-185.2738,-0.023753051282051282,-7.442485
10,0.08925,-677.7285,-8.688826923076924,-182.7392,-0.023428102564102566,-7.412133
10,0.0895,-663.7965,-8.510211538461538,-180.3841,-0.023126166666666666,-7.380847
10,0.08975,-650.3892,-8.338323076923077,-177.7993,-0.022794782051282048,-7.348763
10,0.09,-636.6912,-8.162707692307691,-174.8926,-0.022422128205128202,-7.316001
10,0.09025,-622.5019,-7.980793589743589,-172.1515,-0.022070705128205127,-7.282481
10,0.0905,-608.1935,-7.797352564102564,-169.3858,-0.021716128205128204,-7.248031
10,0.09075,-593.246,-7.605717948717948,-166.5496,-0.02135251282051282,-7.212671
10,0.091,-578.7675,-7.4200961538461545,-163.4886,-0.02096007692307692,-7.176454
10,0.09125,-564.1533,-7.232734615384615,-160.4651,-0.020572448717948718,-7.139316
10,0.0915,-549.8196,-7.048969230769231,-157.2218,-0.020156641025641027,-7.10127
10,0.09175,-534.6163,-6.854055128205128,-154.2667,-0.01977778205128205,-7.062379
10,0.092,-519.5219,-6.660537179487179,-151.2285,-0.01938826923076923,-7.022604
10,0.09225,-504.5278,-6.468305128205128,-148.1187,-0.01898957692307692,-6.981789
10,0.0925,-489.0266,-6.269571794871795,-144.6344,-0.018542871794871796,-6.939837
10,0.09275,-473.8421,-6.074898717948718,-141.5054,-0.01814171794871795,-6.896917
10,0.093,-458.0715,-5.872711538461539,-137.9799,-0.017689730769230767,-6.853003
10,0.09325,-442.8414,-5.677453846153846,-134.7762,-0.017279,-6.807954
10,0.0935,-427.0323,-5.474773076923078,-131.1142,-0.016809512820512823,-6.761746
10,0.09375,-411.2693,-5.272683333333333,-127.4875,-0.016344551282051284,-6.714328
10,0.094,-395.48,-5.07025641025641,-123.8539,-0.015878705128205127,-6.665852
10,0.09425,-379.75,-4.868589743589744,-120.0412,-0.015389897435897436,-6.616311
10,0.0945,-363.4607,-4.659752564102564,-116.661,-0.014956538461538462,-6.565393
10,0.09475,-348.0918,-4.462715384615384,-112.6021,-0.014436166666666667,-6.513026
10,0.095,-330.5698,-4.238074358974359,-108.4754,-0.013907102564102563,-6.45942
10,0.09525,-314.5369,-4.032524358974359,-104.4328,-0.013388820512820514,-6.404594
10,0.0955,-297.8572,-3.818682051282051,-100.2249,-0.012849346153846154,-6.348351
10,0.09575,-281.2767,-3.6061115384615388,-95.75935,-0.012276839743589743,-6.290587
10,0.096,-264.4309,-3.390139743589744,-91.38772,-0.011716374358974359,-6.231358
10,0.09625,-248.3777,-3.1843294871794874,-86.89628,-0.01114054871794872,-6.170506
10,0.0965,-231.4528,-2.9673435897435896,-82.52916,-0.010580661538461539,-6.107872
10,0.09675,-214.1552,-2.745579487179487,-78.02262,-0.0100029,-6.04351
10,0.097,-197.444,-2.531333333333333,-72.87958,-0.009343535897435898,-5.977495
10,0.09725,-180.9426,-2.319776923076923,-67.83791,-0.008697167948717948,-5.909745
10,0.0975,-163.6728,-2.0983692307692308,-63.05645,-0.008084160256410256,-5.840087
10,0.09775,-146.5545,-1.8789038461538459,-57.8034,-0.007410692307692308,-5.768532
10,0.098,-129.5298,-1.6606384615384615,-52.34562,-0.006710976923076922,-5.695049
10,0.09825,-112.7205,-1.4451346153846154,-47.081,-0.006036025641025642,-5.619472
10,0.0985,-95.22327,-1.2208111538461537,-42.05247,-0.005391342307692308,-5.541683
10,0.09875,-77.92107,-0.998988076923077,-36.2033,-0.004641448717948717,-5.461831
10,0.099,-60.94708,-0.7813728205128204,-30.2608,-0.0038795897435897437,-5.380177
10,0.09925,-43.54967,-0.5583291025641025,-24.39084,-0.003127030769230769,-5.296581
10,0.0995,-26.89881,-0.34485653846153846,-18.35206,-0.002352828205128205,-5.210711
10,0.09975,-9.624982,-0.12339720512820511,-12.3721,-0.0015861666666666667,-5.122539
10,0.1,4.669171,0.05986116666666667,-6.445281,-0.0008263180769230768,-5.039455
11,0.0,5.814035,0.07453891025641025,0.0,0.0,-6.665065
11,0.00025,23.97099,0.30732038461538463,5.982116,0.0007669379487179488,-6.555205
11,0.0005,44.09636,0.5653379487179487,11.56833,0.0014831192307692307,-6.442027
11,0.00075,62.955,0.8071153846153847,17.65319,0.002263229487179487,-6.325389
11,0.001,81.16432,1.040568205128205,23.56942,0.003021720512820513,-6.205309
11,0.00125,99.40656,1.2744430769230768,30.40865,0.003898544871794872,-6.081893
11,0.0015,116.8987,1.4987012820512822,37.09081,0.0047552320512820505,-5.954957
11,0.00175,134.601,1.7256538461538462,43.72198,0.005605382051282051,-5.824362
11,0.002,153.2793,1.965119230769231,50.74377,0.006505611538461538,-5.69009
11,0.00225,171.1098,2.1937153846153845,58.00596,0.007436661538461539,-5.552039
11,0.0025,188.955,2.4225,65.20187,0.008359214102564103,-5.410193
11,0.00275,206.7753,2.6509653846153847,72.50308,0.009295266666666666,-5.264508
11,0.003,224.9289,2.883703846153846,79.66664,0.010213671794871794,-5.115051
11,0.00325,243.6827,3.12413717948718,87.97831,0.011279270512820513,-4.961587
11,0.0035,261.2979,3.349973076923077,96.25644,0.012340569230769231,-4.803839
11,0.00375,279.057,3.5776538461538463,104.4354,0.013389153846153846,-4.641804
11,0.004,297.1802,3.810002564102564,112.4444,0.01441594871794872,-4.475629
11,0.00425,315.1195,4.03999358974359,120.7493,0.015480679487179488,-4.30539
11,0.0045,332.3427,4.260803846153847,129.0923,0.01655029487179487,-4.130878
11,0.00475,350.0542,4.487874358974359,137.4267,0.017618807692307694,-3.951987
11,0.005,367.443,4.710807692307692,146.1988,0.0187434358974359,-3.768749
11,0.00525,385.2283,4.938824358974359,155.5335,0.019940192307692308,-3.581219
11,0.0055,402.3274,5.15804358974359,165.4019,0.021205371794871797,-3.389371
11,0.00575,419.7471,5.381373076923077,175.6437,0.022518423076923075,-3.193125
11,0.006,436.8837,5.601073076923077,186.5017,0.023910474358974358,-2.992457
11,0.00625,453.8582,5.818694871794872,197.6151,0.025335269230769234,-2.787483
11,0.0065,470.9588,6.037933333333333,209.0507,0.026801371794871794,-2.578296
11,0.00675,488.0174,6.256633333333333,220.7018,0.028295102564102562,-2.364953
11,0.007,505.3353,6.478657692307693,232.8935,0.029858141025641025,-2.147614
11,0.00725,521.8691,6.690629487179487,244.591,0.03135782051282051,-1.926348
11,0.0075,538.3974,6.9025307692307685,256.9361,0.03294052564102564,-1.701169
11,0.00775,555.1511,7.1173217948717955,268.6015,0.03443608974358974,-1.472182
11,0.008,571.2666,7.32393076923077,280.8498,0.03600638461538462,-1.239774
11,0.00825,587.6242,7.53364358974359,292.358,0.03748179487179487,-1.004154
11,0.0085,603.3173,7.73483717948718,304.6814,0.03906171794871795,-0.7653258
11,0.00875,618.9151,7.934808974358975,317.1075,0.0406548076923077,-0.5236551
11,0.009,634.7308,8.13757435897436,330.5892,0.04238323076923077,-0.2795605
11,0.00925,650.0951,8.334552564102564,344.112,0.04411692307692308,-0.03322781
11,0.0095,665.1784,8.527928205128207,358.0852,0.04590835897435897,0.2151432
11,0.00975,680.6795,8.726660256410256,372.3419,0.04773614102564103,0.4651928
11,0.01,695.0507,8.910906410256409,386.8812,0.04960015384615384,0.7164151
11,0.01025,709.9354,9.101735897435898,401.5508,0.05148087179487179,0.9683288
11,0.0105,724.4063,9.287260256410256,415.9282,0.053324128205128205,1.220684
11,0.01075,739.2687,9.477803846153845,430.0492,0.05513451282051282,1.473118
11,0.011,753.3527,9.658367948717949,443.7698,0.056893564102564104,1.725016
11,0.01125,767.3019,9.837203846153846,457.7685,0.05868826923076923,1.976051
11,0.0115,781.4695,10.018839743589744,471.6565,0.06046878205128205,2.225917
11,0.01175,795.2683,10.195747435897436,486.2797,0.06234355128205128,2.474207
11,0.012,808.9769,10.371498717948718,501.461,0.06428987179487179,2.720515
11,0.01225,822.2454,10.541607692307693,516.9629,0.06627729487179487,2.964342
11,0.0125,835.2642,10.708515384615385,532.1109,0.06821934615384616,3.205282
11,0.01275,848.3347,10.876085897435898,547.0043,0.0701287564102564,3.443037
11,0.013,860.9878,11.038305128205128,561.334,0.07196589743589743,3.677254
11,0.01325,873.2307,11.195265384615384,575.5836,0.07379276923076925,3.907446
11,0.0135,885.8712,11.357323076923077,589.2632,0.07554656410256409,4.133147
11,0.01375,897.407,11.505217948717949,601.7412,0.0771463076923077,4.354047
11,0.014,909.27,11.657307692307691,614.1831,0.07874142307692307,4.569929
11,0.01425,921.1269,11.80931923076923,626.406,0.08030846153846154,4.78049
11,0.0145,932.6779,11.957408974358973,638.8399,0.08190255128205128,4.985623
11,0.01475,944.5136,12.109148717948717,651.1524,0.08348107692307692,5.185182
11,0.015,955.281,12.247192307692307,663.6333,0.0850811923076923,5.37904
11,0.01525,965.6823,12.38054230769231,675.9056,0.08665456410256411,5.567273
11,0.0155,976.1408,12.51462564102564,687.8639,0.08818767948717948,5.749954
11,0.01575,986.7599,12.650767948717949,699.5409,0.08968473076923077,5.927014
11,0.016,996.0139,12.769408974358976,710.5147,0.0910916282051282,6.098439
11,0.01625,1005.328,12.888820512820512,721.5851,0.09251091025641027,6.264343
11,0.0165,1014.887,13.011371794871796,732.2111,0.09387321794871795,6.424854
11,0.01675,1023.85,13.12628205128205,742.2754,0.09516351282051282,6.580068
11,0.017,1032.201,13.233346153846155,751.8655,0.09639301282051281,6.729946
11,0.01725,1040.8,13.343589743589742,760.87,0.09754743589743589,6.874525
11,0.0175,1049.039,13.44921794871795,769.335,0.09863269230769231,7.014056
11,0.01775,1057.02,13.551538461538462,778.3116,0.09978353846153845,7.148608
11,0.018,1064.869,13.652166666666666,786.559,0.10084089743589743,7.27815
11,0.01825,1072.288,13.74728205128205,794.6914,0.10188351282051282,7.402921
11,0.0185,1079.498,13.839717948717949,802.5724,0.10289389743589744,7.523055
11,0.01875,1087.182,13.938230769230769,810.5145,0.10391211538461538,7.63863
11,0.019,1093.832,14.023487179487182,818.6016,0.10494892307692308,7.749744
11,0.01925,1100.367,14.10726923076923,826.3072,0.1059368205128205,7.856471
11,0.0195,1106.554,14.186589743589744,833.4631,0.1068542435897436,7.958967
11,0.01975,1113.045,14.269807692307694,840.5151,0.10775834615384615,8.057382
11,0.02,1118.52,14.34,847.4923,0.10865285897435897,8.15184
11,0.02025,1124.483,14.416448717948716,853.6911,0.10944757692307693,8.242374
11,0.0205,1129.456,14.480205128205126,859.8691,0.11023962820512821,8.329046
11,0.02075,1134.246,14.541615384615387,865.6785,0.11098442307692308,8.411985
11,0.021,1138.943,14.601833333333333,871.1445,0.11168519230769232,8.491214
11,0.02125,1143.354,14.658384615384616,876.4095,0.1123601923076923,8.566754
11,0.0215,1147.387,14.710089743589743,881.2433,0.11297991025641026,8.638698
11,0.02175,1150.761,14.753346153846154,885.5138,0.11352741025641025,8.707245
11,0.022,1154.807,14.80521794871795,890.1052,0.11411605128205128,8.77237
11,0.02225,1157.351,14.837833333333334,894.2153,0.11464298717948718,8.834118
11,0.0225,1160.361,14.876423076923079,897.9404,0.11512056410256409,8.89267
11,0.02275,1163.11,14.911666666666665,901.6343,0.11559414102564104,8.947971
11,0.023,1165.251,14.939115384615384,904.9859,0.11602383333333334,9.000068
11,0.02325,1167.845,14.972371794871794,908.1828,0.11643369230769231,9.049133
11,0.0235,1170.145,15.001858974358974,910.8737,0.11677867948717947,9.095313
11,0.02375,1170.812,15.010410256410255,913.8649,0.11716216666666666,9.138687
11,0.024,1172.078,15.026641025641025,916.1354,0.11745325641025642,9.179277
11,0.02425,1172.7,15.034615384615385,918.953,0.11781448717948718,9.217169
11,0.0245,1173.672,15.047076923076924,920.3415,0.1179925,9.252545
11,0.02475,1173.641,15.046679487179489,922.4665,0.11826493589743589,9.285322
11,0.025,1173.838,15.049205128205127,923.956,0.11845589743589745,9.315487
11,0.02525,1173.344,15.042871794871795,925.4614,0.11864889743589745,9.343208
11,0.0255,1173.069,15.039346153846152,926.767,0.11881628205128207,9.368608
11,0.02575,1171.755,15.022500000000003,927.5557,0.11891739743589744,9.391864
11,0.026,1171.231,15.01578205128205,928.4667,0.1190341923076923,9.412804
11,0.02625,1169.718,14.996384615384617,929.1071,0.11911629487179486,9.431433
11,0.0265,1168.027,14.974705128205128,929.6242,0.11918258974358974,9.448072
11,0.02675,1165.998,14.948692307692308,930.2323,0.11926055128205129,9.462702
11,0.027,1164.561,14.93026923076923,930.717,0.1193226923076923,9.475394
11,0.02725,1162.169,14.899602564102567,930.5339,0.11929921794871796,9.48627
11,0.0275,1159.008,14.859076923076923,930.5821,0.11930539743589742,9.495353
11,0.02775,1156.34,14.824871794871793,930.278,0.11926641025641026,9.502751
11,0.028,1152.639,14.777423076923077,930.1843,0.11925439743589743,9.50847
11,0.02825,1149.461,14.736679487179488,929.7962,0.11920464102564102,9.512543
11,0.0285,1145.062,14.68028205128205,929.0038,0.11910305128205126,9.515231
11,0.02875,1140.802,14.625666666666666,928.9981,0.11910232051282052,9.516517
11,0.029,1135.722,14.56053846153846,928.2961,0.11901232051282051,9.516367
11,0.02925,1130.993,14.499910256410256,927.2974,0.11888428205128206,9.514984
11,0.0295,1126.265,14.439294871794873,926.1913,0.11874247435897435,9.512496
11,0.02975,1120.977,14.371500000000001,925.2971,0.11862783333333334,9.508833
11,0.03,1114.885,14.293397435897436,924.3214,0.1185027435897436,9.50399
11,0.03025,1109.126,14.219564102564101,923.3811,0.11838219230769231,9.498182
11,0.0305,1102.671,14.136807692307693,921.7414,0.11817197435897435,9.491474
11,0.03075,1096.274,14.05479487179487,920.3176,0.11798943589743591,9.483857
11,0.031,1089.212,13.96425641025641,919.1718,0.11784253846153846,9.475377
11,0.03125,1082.441,13.877448717948718,918.0235,0.11769532051282051,9.466125
11,0.0315,1074.808,13.779589743589744,916.1805,0.11745903846153848,9.456141
11,0.03175,1067.895,13.690961538461538,914.2174,0.11720735897435897,9.44533
11,0.032,1060.356,13.59430769230769,912.2206,0.11695135897435897,9.433796
11,0.03225,1051.952,13.486564102564104,910.6619,0.11675152564102563,9.421603
11,0.0325,1043.826,13.382384615384614,908.6298,0.11649100000000001,9.40875
11,0.03275,1035.046,13.269820512820514,906.3356,0.1161968717948718,9.395243
11,0.033,1026.449,13.159602564102565,904.2998,0.11593587179487179,9.380987
11,0.03325,1017.466,13.044435897435898,901.8808,0.11562574358974359,9.366057
11,0.0335,1008.315,12.927115384615385,899.3777,0.11530483333333334,9.350476
11,0.03375,998.8386,12.805623076923077,896.5817,0.1149463717948718,9.334182
11,0.034,988.8684,12.6778,893.5113,0.11455273076923078,9.317207
11,0.03425,978.9984,12.551261538461539,891.3492,0.11427553846153846,9.299554
11,0.0345,968.7248,12.419548717948718,888.1104,0.1138603076923077,9.281236
11,0.03475,958.3367,12.286367948717949,884.9483,0.11345491025641025,9.26223
11,0.035,947.438,12.146641025641026,882.2316,0.11310661538461537,9.242369
11,0.03525,936.6371,12.00816794871795,878.9263,0.11268285897435898,9.221826
11,0.0355,925.6397,11.867175641025641,875.0751,0.11218911538461537,9.200648
11,0.03575,913.918,11.716897435897435,871.4894,0.11172941025641026,9.178668
11,0.036,902.2678,11.567535897435897,868.1132,0.11129656410256411,9.155974
11,0.03625,890.0502,11.4109,864.3255,0.11081096153846154,9.132577
11,0.0365,877.9147,11.255316666666667,860.2164,0.11028415384615384,9.10847
11,0.03675,865.7357,11.09917564102564,856.2952,0.1097814358974359,9.083576
11,0.037,852.8566,10.934058974358974,852.242,0.10926179487179488,9.057827
11,0.03725,839.8307,10.767060256410256,848.0937,0.10872996153846154,9.031304
11,0.0375,826.5359,10.596614102564102,843.9911,0.10820398717948716,9.004061
11,0.03775,813.4441,10.428770512820515,838.852,0.10754512820512821,8.976102
11,0.038,800.3894,10.261402564102564,834.5169,0.10698934615384614,8.947348
11,0.03825,786.2173,10.079708974358976,830.0797,0.10642047435897437,8.917748
11,0.0385,772.8931,9.908885897435898,825.2404,0.10580005128205128,8.887349
11,0.03875,758.7605,9.727698717948718,820.2364,0.10515851282051282,8.856117
11,0.039,744.6421,9.54669358974359,815.3504,0.10453210256410256,8.824048
11,0.03925,730.6179,9.366896153846154,810.2535,0.10387865384615384,8.79117
11,0.0395,715.7073,9.175734615384616,805.1402,0.10322310256410258,8.757445
11,0.03975,701.5211,8.993860256410256,799.3921,0.10248616666666667,8.722895
11,0.04,687.0537,8.80838076923077,794.2416,0.10182584615384616,8.687408
11,0.04025,671.7709,8.612447435897435,788.9891,0.10115244871794872,8.650983
11,0.0405,656.9099,8.421921794871794,783.6858,0.10047253846153846,8.613641
11,0.04075,641.5471,8.224962820512822,777.9041,0.09973129487179486,8.575337
11,0.041,625.7755,8.02276282051282,772.3007,0.09901291025641026,8.536172
11,0.04125,610.9774,7.83304358974359,766.9651,0.09832885897435899,8.495977
11,0.0415,594.2491,7.6185782051282045,761.2849,0.0976006282051282,8.454684
11,0.04175,578.4218,7.415664102564102,755.4308,0.09685010256410256,8.412372
11,0.042,562.5671,7.212398717948718,749.2383,0.0960561923076923,8.36895
11,0.04225,546.3731,7.004783333333334,743.1315,0.09527326923076923,8.324466
11,0.0425,529.6954,6.790966666666666,736.8231,0.09446449999999999,8.278881
11,0.04275,513.0512,6.577579487179487,729.8968,0.09357651282051282,8.232112
11,0.043,496.5872,6.366502564102564,723.0991,0.09270501282051283,8.184109
11,0.04325,479.4699,6.14705,716.5654,0.09186735897435896,8.134883
11,0.0435,463.2212,5.938733333333333,709.2968,0.09093548717948718,8.084618
11,0.04375,446.0583,5.718696153846154,701.7573,0.08996888461538462,8.033105
11,0.044,428.9313,5.499119230769231,694.0419,0.08897973076923077,7.980177
11,0.04425,411.3865,5.274185897435897,686.2813,0.08798478205128205,7.926001
11,0.0445,393.9719,5.050921794871795,678.6765,0.0870098076923077,7.87064
11,0.04475,376.5339,4.827357692307692,671.2167,0.08605342307692307,7.813988
11,0.045,359.0104,4.6026974358974355,663.185,0.08502371794871795,7.755889
11,0.04525,341.3446,4.376212820512821,655.145,0.08399294871794871,7.696276
11,0.0455,323.7496,4.1506358974358974,647.1372,0.0829663076923077,7.635231
11,0.04575,305.8072,3.9206051282051284,638.7185,0.08188698717948717,7.572893
11,0.046,288.5263,3.6990551282051283,630.8114,0.08087325641025642,7.509123
11,0.04625,270.5849,3.4690371794871795,622.7966,0.07984571794871795,7.443719
11,0.0465,253.0882,3.2447205128205128,614.763,0.07881576923076923,7.376744
11,0.04675,235.0957,3.0140474358974356,607.1849,0.07784421794871794,7.308271
11,0.047,216.9076,2.780866666666667,598.6452,0.07674938461538462,7.238153
11,0.04725,198.6552,2.5468615384615387,590.1041,0.0756543717948718,7.166352
11,0.0475,180.9443,2.3197987179487183,580.992,0.07448615384615384,7.092905
11,0.04775,163.4542,2.0955666666666666,572.2705,0.07336801282051282,7.017794
11,0.048,144.6888,1.8549846153846152,562.5144,0.07211723076923077,6.940964
11,0.04825,126.4126,1.6206743589743589,552.5129,0.07083498717948716,6.862407
11,0.0485,108.2625,1.3879807692307693,542.1781,0.06951001282051282,6.782153
11,0.04875,90.12564,1.1554569230769232,531.7477,0.06817278205128205,6.700102
11,0.049,71.16773,0.912406794871795,521.6012,0.06687194871794871,6.616108
11,0.04925,52.93157,0.6786098717948718,511.2722,0.06554771794871794,6.530177
11,0.0495,34.25172,0.4391246153846154,500.6798,0.06418971794871794,6.44241
11,0.04975,16.03987,0.20563935897435898,490.7341,0.0629146282051282,6.352726
11,0.05,-2.727098,-0.03496279487179487,479.9188,0.06152805128205128,6.261379
11,0.05025,-20.8726,-0.2675974358974359,469.8507,0.060237269230769226,6.16854
11,0.0505,-39.32807,-0.5042060256410256,459.6541,0.05893001282051282,6.074017
11,0.05075,-58.13454,-0.7453146153846154,449.047,0.057570128205128204,5.97771
11,0.051,-75.70619,-0.9705921794871796,439.1048,0.05629548717948718,5.87939
11,0.05125,-94.59674,-1.212778717948718,429.1444,0.05501851282051283,5.779083
11,0.0515,-112.5462,-1.4429,418.8087,0.053693423076923076,5.677011
11,0.05175,-131.1476,-1.6813794871794874,408.5142,0.05237361538461538,5.573171
11,0.052,-149.2136,-1.912994871794872,397.7789,0.05099729487179487,5.46731
11,0.05225,-167.8605,-2.152057692307692,386.7064,0.04957774358974359,5.359337
11,0.0525,-185.6185,-2.3797243589743595,375.806,0.0481802564102564,5.249341
11,0.05275,-203.798,-2.6127948717948715,364.604,0.046744102564102566,5.137515
11,0.053,-221.6315,-2.8414294871794867,353.8016,0.04535917948717949,5.023708
11,0.05325,-239.7602,-3.0738487179487177,342.9098,0.04396279487179488,4.907735
11,0.0535,-257.3846,-3.299802564102564,331.8987,0.04255111538461539,4.789713
11,0.05375,-275.3796,-3.530507692307692,321.0787,0.0411639358974359,4.669596
11,0.054,-293.3398,-3.760766666666667,310.1065,0.039757243589743585,4.547443
11,0.05425,-310.7655,-3.9841730769230765,299.248,0.038365128205128204,4.423419
11,0.0545,-328.5332,-4.211964102564103,288.7458,0.03701869230769231,4.297392
11,0.05475,-346.234,-4.438897435897435,278.0081,0.035642064102564104,4.169294
11,0.055,-363.5509,-4.660908974358975,267.4098,0.034283307692307696,4.039191
11,0.05525,-380.8835,-4.883121794871795,257.2208,0.03297702564102564,3.907154
11,0.0555,-398.0018,-5.1025871794871795,246.2354,0.031568641025641025,3.773193
11,0.05575,-415.5816,-5.32796923076923,234.9685,0.03012416666666667,3.637146
11,0.056,-432.6538,-5.546843589743589,223.7831,0.028690141025641023,3.498871
11,0.05625,-449.6957,-5.765329487179487,212.1617,0.02720021794871795,3.358458
11,0.0565,-466.6276,-5.982405128205127,200.6028,0.025718307692307693,3.216018
11,0.05675,-483.8873,-6.203683333333333,189.0184,0.02423312820512821,3.071564
11,0.057,-500.6987,-6.419214102564102,177.9518,0.022814333333333332,2.924923
11,0.05725,-517.3561,-6.632770512820512,166.7061,0.02137257692307692,2.775966
11,0.0575,-534.4395,-6.851788461538461,155.4595,0.019930705128205127,2.624836
11,0.05775,-550.557,-7.058423076923077,144.4603,0.01852055128205128,2.471513
11,0.058,-566.9805,-7.26898076923077,133.9002,0.01716669230769231,2.316078
11,0.05825,-582.5029,-7.467985897435897,123.3267,0.015811115384615385,2.158582
11,0.0585,-598.7414,-7.676171794871795,113.0753,0.014496833333333334,1.998908
11,0.05875,-614.1149,-7.87326794871795,102.4595,0.013135833333333333,1.83709
11,0.059,-629.4003,-8.069234615384616,91.98482,0.01179292564102564,1.673123
11,0.05925,-644.597,-8.264064102564102,81.92854,0.010503658974358974,1.506935
11,0.0595,-659.8844,-8.460056410256412,71.26007,0.00913590641025641,1.338564
11,0.05975,-675.5683,-8.66113205128205,60.95848,0.007815189743589744,1.168086
11,0.06,-689.8443,-8.844157692307691,50.61219,0.006488742307692308,0.995305
11,0.06025,-704.8105,-9.036032051282053,40.66023,0.00521285,0.8199688
11,0.0605,-719.3098,-9.221920512820512,30.81279,0.003950357692307692,0.642341
11,0.06075,-733.0453,-9.398016666666667,20.93613,0.0026841192307692305,0.462678
11,0.061,-747.7335,-9.586326923076923,11.23399,0.0014402551282051282,0.2809103
11,0.06125,-761.7405,-9.765903846153845,1.685785,0.00021612628205128207,0.09699755
11,0.0615,-775.4866,-9.942135897435897,-6.989626,-0.0008961058974358975,-0.08897754
11,0.06175,-789.3097,-10.119355128205129,-16.03741,-0.0020560782051282055,-0.2768923
11,0.062,-802.8132,-10.292476923076924,-24.62125,-0.0031565705128205127,-0.4667959
11,0.06225,-816.4561,-10.467385897435896,-33.09802,-0.004243335897435897,-0.6585579
11,0.0625,-829.4617,-10.63412435897436,-41.31615,-0.005296942307692308,-0.8518094
11,0.06275,-842.0272,-10.795220512820514,-49.66154,-0.006366864102564103,-1.046539
11,0.063,-855.0896,-10.96268717948718,-57.55103,-0.007378337179487179,-1.242804
11,0.06325,-867.1795,-11.117685897435896,-65.22854,-0.008362633333333333,-1.440639
11,0.0635,-880.0696,-11.28294358974359,-73.09214,-0.009370787179487179,-1.639853
11,0.06375,-892.2568,-11.439189743589745,-80.71847,-0.010348521794871795,-1.840209
11,0.064,-903.4563,-11.582773076923079,-88.58383,-0.011356901282051282,-2.041774
11,0.06425,-915.1279,-11.732408974358973,-95.83132,-0.012286066666666666,-2.244445
11,0.0645,-926.4717,-11.877842307692308,-103.0621,-0.013213089743589743,-2.447921
11,0.06475,-937.6682,-12.02138717948718,-110.292,-0.01414,-2.652115
11,0.065,-949.2161,-12.16943717948718,-116.983,-0.014997820512820514,-2.857033
11,0.06525,-959.0841,-12.295950000000001,-123.8614,-0.015879666666666667,-3.062577
11,0.0655,-969.8019,-12.433357692307693,-130.2624,-0.016700307692307695,-3.26854
11,0.06575,-980.3045,-12.56800641025641,-136.2129,-0.017463192307692308,-3.474542
11,0.066,-990.0053,-12.692375641025642,-142.2056,-0.01823148717948718,-3.680579
11,0.06625,-999.4158,-12.813023076923077,-147.6914,-0.01893479487179487,-3.886515
11,0.0665,-1008.632,-12.931179487179486,-152.8051,-0.01959039743589744,-4.092014
11,0.06675,-1017.772,-13.048358974358974,-157.953,-0.020250384615384618,-4.296923
11,0.067,-1026.722,-13.163102564102564,-162.5333,-0.020837602564102563,-4.501023
11,0.06725,-1035.476,-13.275333333333334,-167.0745,-0.021419807692307693,-4.704025
11,0.0675,-1043.858,-13.382794871794871,-170.8687,-0.02190624358974359,-4.905553
11,0.06775,-1051.787,-13.48444871794872,-174.5099,-0.0223730641025641,-5.105373
11,0.068,-1059.402,-13.582076923076924,-177.7197,-0.02278457692307692,-5.303347
11,0.06825,-1066.474,-13.672743589743588,-181.3667,-0.023252141025641028,-5.499237
11,0.0685,-1074.318,-13.773307692307691,-184.0457,-0.023595602564102567,-5.692778
11,0.06875,-1081.503,-13.865423076923076,-186.7512,-0.02394246153846154,-5.883623
11,0.069,-1088.256,-13.952000000000002,-189.2309,-0.024260371794871793,-6.071686
11,0.06925,-1095.161,-14.040525641025642,-191.6491,-0.024570397435897437,-6.256878
11,0.0695,-1101.939,-14.127423076923078,-193.8557,-0.024853294871794874,-6.438573
11,0.06975,-1107.816,-14.202769230769231,-195.4029,-0.02505165384615384,-6.616686
11,0.07,-1113.443,-14.274910256410255,-197.3989,-0.02530755128205128,-6.791138
11,0.07025,-1118.737,-14.342782051282052,-199.1633,-0.02553375641025641,-6.961574
11,0.0705,-1124.397,-14.415346153846153,-200.5337,-0.02570944871794872,-7.127856
11,0.07075,-1129.355,-14.478910256410256,-201.5642,-0.0258415641025641,-7.289699
11,0.071,-1133.936,-14.537641025641026,-202.6898,-0.025985871794871798,-7.447178
11,0.07125,-1138.836,-14.60046153846154,-203.8749,-0.02613780769230769,-7.60023
11,0.0715,-1142.184,-14.643384615384615,-204.8512,-0.026262974358974362,-7.748449
11,0.07175,-1146.306,-14.69623076923077,-204.994,-0.02628128205128205,-7.891921
11,0.072,-1149.736,-14.74020512820513,-205.9374,-0.02640223076923077,-8.030729
11,0.07225,-1153.175,-14.784294871794872,-206.3974,-0.026461205128205132,-8.164894
11,0.0725,-1156.061,-14.821294871794871,-206.6106,-0.026488538461538466,-8.294342
11,0.07275,-1158.661,-14.854628205128206,-206.8796,-0.02652302564102564,-8.41877
11,0.073,-1160.633,-14.879910256410257,-207.1592,-0.02655887179487179,-8.538178
11,0.07325,-1162.925,-14.909294871794872,-207.814,-0.026642820512820513,-8.652654
11,0.0735,-1164.704,-14.932102564102562,-208.1807,-0.026689833333333333,-8.76229
11,0.07375,-1166.095,-14.949935897435898,-208.1399,-0.026684602564102565,-8.86705
11,0.074,-1167.489,-14.967807692307693,-207.9459,-0.02665973076923077,-8.966773
11,0.07425,-1168.448,-14.980102564102564,-207.8954,-0.02665325641025641,-9.061418
11,0.0745,-1169.036,-14.987641025641027,-208.0085,-0.02666775641025641,-9.151023
11,0.07475,-1168.997,-14.987141025641026,-207.7902,-0.02663976923076923,-9.235708
11,0.075,-1169.071,-14.988089743589743,-207.6579,-0.026622807692307692,-9.315487
11,0.07525,-1168.732,-14.98374358974359,-207.363,-0.026584999999999998,-9.390289
11,0.0755,-1168.103,-14.975679487179487,-207.1739,-0.02656075641025641,-9.460295
11,0.07575,-1166.868,-14.959846153846152,-206.2743,-0.026445423076923078,-9.525638
11,0.076,-1166.214,-14.951461538461537,-205.8168,-0.026386769230769234,-9.586427
11,0.07625,-1164.679,-14.931782051282052,-205.5495,-0.026352499999999997,-9.642772
11,0.0765,-1163.233,-14.91324358974359,-205.3574,-0.0263278717948718,-9.69462
11,0.07675,-1161.348,-14.889076923076923,-204.8734,-0.026265820512820514,-9.742186
11,0.077,-1159.365,-14.863653846153845,-204.0663,-0.026162346153846154,-9.785734
11,0.07725,-1156.789,-14.830628205128205,-203.4957,-0.026089192307692306,-9.82538
11,0.0775,-1154.981,-14.807448717948718,-202.8237,-0.026003038461538463,-9.86122
11,0.07775,-1151.497,-14.762782051282052,-202.4754,-0.02595838461538462,-9.893254
11,0.078,-1147.999,-14.717935897435899,-201.8523,-0.025878500000000002,-9.921725
11,0.07825,-1144.28,-14.67025641025641,-201.3807,-0.02581803846153846,-9.946838
11,0.0785,-1140.209,-14.618064102564103,-200.6763,-0.02572773076923077,-9.968621
11,0.07875,-1136.278,-14.567666666666666,-200.1018,-0.025654076923076922,-9.987277
11,0.079,-1130.95,-14.499358974358975,-199.1915,-0.025537371794871793,-10.00298
11,0.07925,-1126.759,-14.445628205128205,-198.1371,-0.025402192307692306,-10.01604
11,0.0795,-1121.292,-14.375538461538461,-197.7079,-0.025347166666666664,-10.02655
11,0.07975,-1115.458,-14.300743589743591,-197.1661,-0.025277705128205128,-10.03448
11,0.08,-1110.295,-14.234551282051283,-196.4017,-0.02517970512820513,-10.04017
11,0.08025,-1104.066,-14.154692307692308,-195.5144,-0.025065948717948715,-10.04377
11,0.0805,-1097.759,-14.073833333333335,-194.6836,-0.0249594358974359,-10.04534
11,0.08075,-1091.042,-13.987717948717947,-193.8545,-0.024853141025641026,-10.04509
11,0.081,-1084.109,-13.898833333333332,-193.2276,-0.02477276923076923,-10.04317
11,0.08125,-1077.435,-13.813269230769231,-192.4309,-0.024670628205128203,-10.03977
11,0.0815,-1070.421,-13.723346153846155,-191.9195,-0.024605064102564102,-10.0349
11,0.08175,-1063.427,-13.633679487179487,-191.023,-0.024490128205128203,-10.02865
11,0.082,-1055.121,-13.527192307692308,-189.8472,-0.024339384615384613,-10.02116
11,0.08225,-1047.146,-13.424948717948716,-188.8313,-0.024209141025641024,-10.01242
11,0.0825,-1039.048,-13.321128205128206,-187.6408,-0.024056512820512823,-10.00253
11,0.08275,-1030.626,-13.213153846153846,-186.547,-0.023916282051282052,-9.991713
11,0.083,-1021.418,-13.095102564102564,-185.4148,-0.023771128205128205,-9.980036
11,0.08325,-1012.62,-12.982307692307693,-184.1387,-0.023607525641025643,-9.967357
11,0.0835,-1003.116,-12.86046153846154,-183.1661,-0.023482833333333335,-9.953623
11,0.08375,-993.5664,-12.73803076923077,-181.6505,-0.02328852564102564,-9.939023
11,0.084,-983.3682,-12.607284615384614,-180.2753,-0.023112217948717945,-9.923742
11,0.08425,-973.9521,-12.486565384615384,-179.1941,-0.022973602564102562,-9.907656
11,0.0845,-963.293,-12.349910256410256,-177.9671,-0.02281629487179487,-9.8907
11,0.08475,-953.1992,-12.220502564102564,-176.7221,-0.02265667948717949,-9.873012
11,0.085,-942.5229,-12.083626923076922,-175.003,-0.02243628205128205,-9.854629
11,0.08525,-931.1618,-11.937971794871796,-173.3141,-0.02221975641025641,-9.835506
11,0.0855,-920.5974,-11.802530769230769,-172.2507,-0.022083423076923077,-9.815496
11,0.08575,-908.1489,-11.642934615384616,-170.8561,-0.021904628205128205,-9.794633
11,0.086,-897.147,-11.501884615384615,-169.6445,-0.02174929487179487,-9.773054
11,0.08625,-884.8666,-11.34444358974359,-167.9722,-0.021534897435897433,-9.750789
11,0.0865,-873.31,-11.19628205128205,-166.3459,-0.021326397435897437,-9.727773
11,0.08675,-860.5541,-11.032744871794872,-164.923,-0.02114397435897436,-9.703895
11,0.087,-847.7632,-10.868758974358974,-162.6984,-0.02085876923076923,-9.679231
11,0.08725,-835.1491,-10.707039743589743,-160.8318,-0.020619461538461538,-9.653767
11,0.0875,-822.1617,-10.540534615384615,-159.3784,-0.020433128205128204,-9.627447
11,0.08775,-808.4297,-10.364483333333334,-158.0389,-0.020261397435897437,-9.600384
11,0.088,-794.8953,-10.190965384615385,-156.0129,-0.020001653846153846,-9.572577
11,0.08825,-780.7617,-10.009765384615385,-154.1342,-0.01976079487179487,-9.543978
11,0.0885,-767.3382,-9.837669230769231,-152.4201,-0.01954103846153846,-9.51446
11,0.08875,-753.6184,-9.661774358974359,-150.83,-0.01933717948717949,-9.484056
11,0.089,-739.3891,-9.479347435897436,-148.5954,-0.01905069230769231,-9.452949
11,0.08925,-725.4069,-9.30008846153846,-146.491,-0.018780897435897437,-9.420944
11,0.0895,-710.8048,-9.112882051282051,-144.5579,-0.0185330641025641,-9.387931
11,0.08975,-696.5512,-8.93014358974359,-142.1421,-0.018223346153846156,-9.354088
11,0.09,-682.1238,-8.745176923076922,-139.6982,-0.017910025641025642,-9.319402
11,0.09025,-666.7549,-8.548139743589743,-137.2494,-0.017596076923076923,-9.283747
11,0.0905,-651.781,-8.356166666666667,-134.6944,-0.01726851282051282,-9.246996
11,0.09075,-636.635,-8.16198717948718,-132.5609,-0.01699498717948718,-9.209246
11,0.091,-621.0032,-7.9615794871794865,-129.7706,-0.016637256410256412,-9.170571
11,0.09125,-605.2964,-7.760210256410256,-127.0096,-0.01628328205128205,-9.1309
11,0.0915,-589.0953,-7.552503846153845,-124.1493,-0.015916576923076922,-9.09011
11,0.09175,-573.0584,-7.346902564102565,-121.5752,-0.015586564102564104,-9.048179
11,0.092,-557.0376,-7.141507692307692,-118.8756,-0.01524046153846154,-9.005283
11,0.09225,-540.9084,-6.934723076923078,-116.1102,-0.014885923076923078,-8.961341
11,0.0925,-524.2586,-6.721264102564103,-113.3825,-0.014536217948717947,-8.916182
11,0.09275,-507.8838,-6.511330769230769,-110.413,-0.014155512820512821,-8.869773
11,0.093,-491.5196,-6.301533333333333,-107.2775,-0.013753525641025641,-8.822116
11,0.09325,-474.9341,-6.088898717948718,-104.3159,-0.013373833333333331,-8.773326
11,0.0935,-457.758,-5.868692307692307,-101.1901,-0.012973089743589742,-8.723309
11,0.09375,-440.6255,-5.649044871794872,-98.24812,-0.012595912820512822,-8.67179
11,0.094,-423.7528,-5.432728205128204,-94.7287,-0.012144705128205128,-8.618825
11,0.09425,-406.369,-5.2098589743589745,-91.51655,-0.011732891025641025,-8.56445
11,0.0945,-388.9995,-4.987173076923077,-88.034,-0.011286410256410258,-8.508614
11,0.09475,-371.3726,-4.761187179487179,-84.65909,-0.010853729487179487,-8.451198
11,0.095,-353.5837,-4.533124358974359,-80.72768,-0.010349702564102566,-8.392102
11,0.09525,-336.6021,-4.315411538461539,-77.07178,-0.009880997435897435,-8.331339
11,0.0955,-318.4308,-4.082446153846154,-73.44863,-0.009416491025641025,-8.268756
11,0.09575,-301.0511,-3.8596294871794874,-70.2051,-0.009000653846153846,-8.204264
11,0.096,-283.5007,-3.634624358974359,-66.13565,-0.008478929487179487,-8.137952
11,0.09625,-266.0364,-3.410723076923077,-62.3468,-0.007993179487179487,-8.069775
11,0.0965,-247.7071,-3.175732051282051,-58.69051,-0.007524424358974359,-7.999437
11,0.09675,-229.5135,-2.942480769230769,-54.80244,-0.0070259538461538455,-7.926846
11,0.097,-212.1186,-2.719469230769231,-50.74631,-0.00650593717948718,-7.852179
11,0.09725,-194.0901,-2.4883346153846153,-46.52607,-0.005964880769230769,-7.775382
11,0.0975,-176.369,-2.261141025641026,-42.28131,-0.005420680769230769,-7.696207
11,0.09775,-158.5021,-2.0320782051282054,-37.90615,-0.00485976282051282,-7.6146
11,0.098,-140.4204,-1.8002615384615386,-33.37725,-0.004279134615384615,-7.530504
11,0.09825,-121.8793,-1.5625551282051282,-28.6207,-0.003669320512820513,-7.443854
11,0.0985,-103.8549,-1.331473076923077,-24.15299,-0.0030965371794871794,-7.354492
11,0.09875,-84.8767,-1.0881628205128204,-19.26348,-0.002469676923076923,-7.262273
11,0.099,-66.64307,-0.8543983333333333,-14.11573,-0.0018097089743589743,-7.167278
11,0.09925,-48.532,-0.6222051282051282,-8.524618,-0.0010928997435897436,-7.069463
11,0.0995,-30.06741,-0.3854796153846154,-3.594133,-0.00046078628205128205,-6.968673
11,0.09975,-11.10393,-0.14235807692307695,1.489107,0.00019091115384615382,-6.864702
11,0.1,4.991299,0.06399101282051281,6.662744,0.0008541979487179487,-6.765544
12,0.0,6.097825,0.0781772435897436,0.0,0.0,-8.96278
12,0.00025,25.49958,0.32691769230769235,4.091025,0.0005244903846153846,-8.837473
12,0.0005,46.56246,0.5969546153846154,8.495401,0.0010891539743589742,-8.708076
12,0.00075,66.12461,0.8477514102564103,13.06587,0.0016751115384615386,-8.574686
12,0.001,85.51608,1.0963600000000002,17.98302,0.0023055153846153844,-8.437276
12,0.00125,104.5955,1.3409679487179487,22.29719,0.0028586141025641024,-8.295524
12,0.0015,123.948,1.589076923076923,27.29396,0.003499225641025641,-8.149294
12,0.00175,143.3142,1.8373615384615385,32.45348,0.004160702564102565,-7.998545
12,0.002,162.2984,2.080748717948718,37.78398,0.0048441,-7.843172
12,0.00225,181.542,2.3274615384615385,42.66604,0.005470005128205129,-7.683026
12,0.0025,200.7293,2.573452564102564,48.02537,0.0061570987179487184,-7.517829
12,0.00275,220.1355,2.82225,53.23372,0.006824835897435898,-7.347361
12,0.003,239.1577,3.066124358974359,59.39721,0.0076150269230769235,-7.171705
12,0.00325,258.4276,3.3131743589743587,64.97146,0.008329674358974358,-6.990733
12,0.0035,277.8616,3.5623282051282055,70.63552,0.009055835897435896,-6.804156
12,0.00375,296.9401,3.8069243589743587,77.14669,0.009890601282051284,-6.611793
12,0.004,316.6947,4.060188461538462,83.99493,0.01076858076923077,-6.413562
12,0.00425,335.6698,4.303458974358974,91.25438,0.011699279487179488,-6.209391
12,0.0045,354.7169,4.547652564102565,97.99772,0.012563810256410258,-5.999099
12,0.00475,373.6606,4.790520512820512,106.1251,0.01360578205128205,-5.78266
12,0.005,392.307,5.029576923076923,114.3242,0.014656948717948719,-5.560164
12,0.00525,410.6602,5.264874358974359,123.1943,0.015794141025641025,-5.331503
12,0.0055,429.2028,5.5026,132.2942,0.01696079487179487,-5.096443
12,0.00575,447.8107,5.7411628205128205,141.9756,0.018201999999999996,-4.854849
12,0.006,465.7855,5.971608974358975,151.7654,0.019457102564102564,-4.606591
12,0.00625,483.735,6.201730769230769,161.9876,0.020767641025641024,-4.351536
12,0.0065,502.1515,6.437839743589743,172.7082,0.022142076923076924,-4.089592
12,0.00675,519.7495,6.663455128205128,183.9155,0.02357891025641026,-3.820772
12,0.007,537.3399,6.888973076923077,195.4368,0.025056,-3.545063
12,0.00725,555.1521,7.117334615384616,207.0859,0.02654947435897436,-3.26241
12,0.0075,572.979,7.345884615384616,219.2609,0.028110371794871795,-2.972636
12,0.00775,590.2873,7.567785897435897,231.5693,0.029688371794871795,-2.675927
12,0.008,607.2177,7.784842307692308,244.7224,0.03137466666666666,-2.372653
12,0.00825,624.5437,8.006970512820512,258.3507,0.03312188461538462,-2.06288
12,0.0085,642.05,8.231410256410255,272.996,0.03499948717948718,-1.746761
12,0.00875,659.2727,8.452214102564103,288.7991,0.03702552564102564,-1.424529
12,0.009,675.4667,8.659829487179486,305.0791,0.039112705128205125,-1.096286
12,0.00925,691.9666,8.871366666666667,321.8028,0.04125676923076923,-0.7621176
12,0.0095,708.4807,9.083085897435897,338.7081,0.04342411538461538,-0.422419
12,0.00975,724.6864,9.290851282051282,355.5121,0.04557847435897436,-0.07762046
12,0.01,740.7725,9.497083333333334,372.5995,0.04776916666666666,0.2719739
12,0.01025,756.8064,9.702646153846155,389.3607,0.04991803846153846,0.6258895
12,0.0105,772.5319,9.904255128205127,406.3129,0.05209139743589744,0.9834524
12,0.01075,787.6456,10.098020512820513,423.922,0.05434897435897436,1.344044
12,0.011,803.284,10.298512820512821,442.4223,0.05672080769230769,1.706763
12,0.01125,818.3227,10.491316666666668,461.4202,0.0591564358974359,2.070627
12,0.0115,833.5619,10.686691025641027,480.3241,0.061580012820512814,2.434741
12,0.01175,848.1382,10.873566666666665,499.8854,0.0640878717948718,2.798005
12,0.012,863.0153,11.064298717948718,518.9352,0.06653015384615385,3.159086
12,0.01225,877.7,11.252564102564104,537.3859,0.0688956282051282,3.51666
12,0.0125,891.9617,11.43540641025641,555.1836,0.0711773846153846,3.869731
12,0.01275,905.9261,11.614437179487181,573.8531,0.07357091025641026,4.217272
12,0.013,919.1617,11.78412435897436,593.1311,0.07604244871794871,4.558039
12,0.01325,932.2352,11.951733333333333,612.5028,0.078526,4.891135
12,0.0135,945.4921,12.121693589743591,631.2383,0.08092798717948717,5.215843
12,0.01375,958.1655,12.284173076923077,649.4032,0.08325682051282052,5.531364
12,0.014,970.0645,12.436724358974358,667.4431,0.0855696282051282,5.837015
12,0.01425,982.5175,12.596378205128206,684.0614,0.0877001794871795,6.132309
12,0.0145,994.9306,12.755520512820512,699.2146,0.08964289743589744,6.417135
12,0.01475,1006.804,12.907743589743589,714.2725,0.09157339743589744,6.691444
12,0.015,1018.195,13.053782051282052,729.2917,0.0934989358974359,6.955243
12,0.01525,1029.621,13.200269230769232,744.0129,0.09538626923076923,7.208665
12,0.0155,1040.557,13.34047435897436,758.0118,0.097181,7.45183
12,0.01575,1051.94,13.486410256410258,771.7018,0.0989361282051282,7.68492
12,0.016,1062.458,13.621256410256413,785.6646,0.10072623076923078,7.908024
12,0.01625,1072.66,13.752051282051283,799.0342,0.10244028205128207,8.121469
12,0.0165,1082.605,13.879551282051283,811.6738,0.1040607435897436,8.325966
12,0.01675,1092.3,14.003846153846153,823.7794,0.1056127435897436,8.521829
12,0.017,1101.798,14.125615384615385,835.28,0.10708717948717948,8.709317
12,0.01725,1111.316,14.247641025641025,846.4058,0.1085135641025641,8.888833
12,0.0175,1119.951,14.358346153846155,856.4419,0.1098002435897436,9.060786
12,0.01775,1128.128,14.463179487179486,866.6831,0.11111321794871794,9.225501
12,0.018,1136.216,14.566871794871792,876.6609,0.11239242307692307,9.383034
12,0.01825,1144.825,14.67724358974359,886.2701,0.1136243717948718,9.533583
12,0.0185,1152.464,14.775179487179486,896.2721,0.11490667948717949,9.677507
12,0.01875,1159.929,14.870884615384616,904.9167,0.11601496153846153,9.815061
12,0.019,1167.276,14.965076923076923,914.1039,0.1171928076923077,9.946515
12,0.01925,1174.176,15.05353846153846,922.9621,0.11832847435897435,10.07211
12,0.0195,1180.589,15.13575641025641,931.6724,0.11944517948717949,10.19207
12,0.01975,1187.333,15.22221794871795,939.5877,0.12045996153846154,10.30656
12,0.02,1193.125,15.29647435897436,947.4933,0.1214735,10.41563
12,0.02025,1199.025,15.372115384615386,955.1804,0.12245902564102563,10.51962
12,0.0205,1204.457,15.441756410256412,962.2465,0.1233649358974359,10.6187
12,0.02075,1209.667,15.50855128205128,968.2155,0.1241301923076923,10.7129
12,0.021,1214.289,15.567807692307692,974.999,0.1249998717948718,10.80223
12,0.02125,1218.927,15.627269230769231,980.9112,0.12575784615384616,10.887
12,0.0215,1223.283,15.683115384615382,986.0215,0.12641301282051282,10.96751
12,0.02175,1226.944,15.730051282051281,991.3008,0.12708984615384614,11.04382
12,0.022,1230.833,15.779910256410258,995.7569,0.12766114102564102,11.11603
12,0.02225,1234.099,15.821782051282051,1000.329,0.1282473076923077,11.1843
12,0.0225,1236.826,15.85674358974359,1004.183,0.12874141025641025,11.24887
12,0.02275,1240.604,15.905179487179488,1008.479,0.1292921794871795,11.3099
12,0.023,1243.188,15.938307692307694,1012.009,0.12974474358974358,11.36744
12,0.02325,1245.337,15.965858974358975,1015.622,0.13020794871794872,11.42162
12,0.0235,1247.786,15.99725641025641,1018.789,0.13061397435897437,11.47263
12,0.02375,1249.552,16.019897435897434,1021.678,0.13098435897435898,11.52048
12,0.024,1250.995,16.038397435897433,1024.27,0.13131666666666666,11.56524
12,0.02425,1251.66,16.04692307692308,1027.124,0.1316825641025641,11.60707
12,0.0245,1252.469,16.057294871794873,1029.596,0.13199948717948717,11.64608
12,0.02475,1252.724,16.0605641025641,1031.773,0.13227858974358972,11.6822
12,0.025,1252.982,16.063871794871794,1033.395,0.13248653846153846,11.71553
12,0.02525,1252.514,16.057871794871794,1035.126,0.13270846153846153,11.74631
12,0.0255,1251.646,16.04674358974359,1036.637,0.13290217948717947,11.77451
12,0.02575,1251.142,16.040282051282052,1038.041,0.13308217948717949,11.80006
12,0.026,1249.366,16.01751282051282,1039.299,0.13324346153846153,11.8231
12,0.02625,1247.969,15.999602564102565,1039.806,0.13330846153846154,11.84378
12,0.0265,1246.03,15.97474358974359,1041.035,0.13346602564102564,11.86211
12,0.02675,1244.048,15.949333333333334,1041.529,0.13352935897435897,11.87806
12,0.027,1241.316,15.914307692307693,1041.525,0.13352884615384616,11.89182
12,0.02725,1238.867,15.882910256410256,1041.552,0.1335323076923077,11.90357
12,0.0275,1235.644,15.841589743589743,1041.81,0.1335653846153846,11.91331
12,0.02775,1232.505,15.801346153846156,1041.889,0.1335755128205128,11.92113
12,0.028,1229.27,15.759871794871795,1041.653,0.1335452564102564,11.92715
12,0.02825,1224.879,15.703576923076922,1040.792,0.1334348717948718,11.93143
12,0.0285,1220.348,15.64548717948718,1040.543,0.13340294871794872,11.93409
12,0.02875,1216.12,15.591282051282048,1039.902,0.13332076923076924,11.9352
12,0.029,1211.234,15.528641025641026,1038.998,0.1332048717948718,11.93482
12,0.02925,1206.237,15.464576923076924,1037.683,0.13303628205128204,11.93314
12,0.0295,1200.574,15.391974358974359,1037.022,0.13295153846153845,11.93021
12,0.02975,1195.066,15.321358974358974,1035.718,0.132784358974359,11.92613
12,0.03,1189.689,15.252423076923078,1034.269,0.13259858974358976,11.92085
12,0.03025,1183.044,15.167230769230772,1032.803,0.13241064102564104,11.91443
12,0.0305,1176.289,15.080628205128205,1031.398,0.13223051282051282,11.90711
12,0.03075,1169.636,14.995333333333333,1030.329,0.13209346153846155,11.89889
12,0.031,1162.478,14.903564102564104,1029.02,0.13192564102564103,11.88981
12,0.03125,1155.344,14.812102564102565,1026.794,0.13164025641025642,11.87987
12,0.0315,1147.248,14.708307692307693,1025.101,0.13142320512820513,11.86915
12,0.03175,1139.436,14.608153846153845,1023.193,0.13117858974358976,11.8576
12,0.032,1131.077,14.50098717948718,1021.441,0.13095397435897435,11.84523
12,0.03225,1122.663,14.393115384615385,1019.391,0.13069115384615385,11.83212
12,0.0325,1113.463,14.275166666666665,1017.172,0.13040666666666667,11.8182
12,0.03275,1104.207,14.156500000000001,1014.902,0.13011564102564105,11.80347
12,0.033,1094.798,14.035871794871795,1012.238,0.12977410256410257,11.78797
12,0.03325,1085.275,13.913782051282052,1009.751,0.1294552564102564,11.77169
12,0.0335,1074.756,13.778923076923078,1006.572,0.1290476923076923,11.75467
12,0.03375,1064.562,13.648230769230768,1004.126,0.12873410256410256,11.73677
12,0.034,1053.308,13.503948717948719,1001.142,0.12835153846153846,11.71797
12,0.03425,1043.121,13.373346153846155,997.739,0.12791525641025642,11.69846
12,0.0345,1032.299,13.234602564102564,994.3119,0.12747588461538462,11.67825
12,0.03475,1020.936,13.088923076923079,990.9233,0.12704144871794873,11.65724
12,0.035,1009.088,12.93702564102564,987.7455,0.12663403846153845,11.63537
12,0.03525,997.7254,12.791351282051282,983.6131,0.1261042435897436,11.61278
12,0.0355,985.7601,12.637949999999998,979.6823,0.1256002948717949,11.58949
12,0.03575,974.0156,12.487379487179487,976.2079,0.125154858974359,11.56537
12,0.036,961.5088,12.327035897435897,972.2442,0.12464669230769229,11.54041
12,0.03625,948.9388,12.16588205128205,967.5508,0.12404497435897437,11.51471
12,0.0365,935.4829,11.993370512820514,962.8587,0.12344342307692308,11.48822
12,0.03675,922.733,11.829910256410257,958.4992,0.12288451282051283,11.46093
12,0.037,909.5784,11.661261538461538,953.8445,0.12228775641025642,11.43279
12,0.03725,895.9392,11.4864,948.6797,0.12162560256410257,11.4038
12,0.0375,882.0072,11.307784615384614,943.8723,0.12100926923076924,11.37396
12,0.03775,867.91,11.127051282051282,938.8995,0.12037173076923076,11.34329
12,0.038,853.9583,10.948183333333334,933.8531,0.11972475641025641,11.31174
12,0.03825,839.2898,10.760125641025642,927.9939,0.11897357692307693,11.27928
12,0.0385,824.3514,10.568607692307692,922.4403,0.11826157692307693,11.24597
12,0.03875,809.6242,10.379797435897435,917.3057,0.11760329487179487,11.21172
12,0.039,794.6493,10.18781153846154,911.7592,0.11689220512820513,11.17648
12,0.03925,779.1705,9.989365384615384,905.1106,0.11603982051282052,11.14029
12,0.0395,763.5888,9.7896,898.7353,0.11522247435897437,11.10309
12,0.03975,747.7767,9.586880769230769,892.6152,0.11443784615384614,11.06477
12,0.04,732.3334,9.388889743589743,886.5495,0.1136601923076923,11.02541
12,0.04025,716.1687,9.18165,880.4237,0.11287483333333333,10.98502
12,0.0405,699.7068,8.970600000000001,873.8739,0.11203511538461539,10.94358
12,0.04075,682.9167,8.755342307692308,868.1535,0.11130173076923076,10.90085
12,0.041,666.6943,8.54736282051282,861.3898,0.11043458974358976,10.85686
12,0.04125,650.0116,8.33348205128205,854.6263,0.10956747435897436,10.81183
12,0.0415,633.1799,8.117691025641026,847.8512,0.1086988717948718,10.76562
12,0.04175,616.1426,7.899264102564103,841.0045,0.10782108974358975,10.71825
12,0.042,599.2208,7.68231794871795,834.189,0.10694730769230769,10.66958
12,0.04225,581.5934,7.456325641025641,827.0284,0.10602928205128205,10.61956
12,0.0425,564.5627,7.237983333333332,818.8436,0.10497994871794872,10.56837
12,0.04275,546.7743,7.009926923076923,811.1153,0.10398914102564102,10.51597
12,0.043,528.9494,6.781402564102564,803.2972,0.10298682051282051,10.46218
12,0.04325,511.167,6.553423076923076,794.892,0.10190923076923077,10.40707
12,0.0435,493.5543,6.327619230769231,786.6688,0.10085497435897436,10.35071
12,0.04375,476.164,6.104666666666666,778.2989,0.09978191025641027,10.2929
12,0.044,457.78,5.868974358974358,770.2531,0.09875039743589745,10.23349
12,0.04425,439.0403,5.628721794871796,761.3857,0.09761355128205129,10.17268
12,0.0445,421.2048,5.4000615384615385,752.2869,0.09644703846153845,10.11042
12,0.04475,402.4277,5.1593294871794875,743.5021,0.09532078205128205,10.04648
12,0.045,383.8583,4.921260256410256,734.6398,0.09418458974358974,9.980917
12,0.04525,364.9237,4.678508974358974,726.1829,0.0931003717948718,9.913711
12,0.0455,345.9648,4.435446153846154,716.5778,0.09186894871794872,9.844881
12,0.04575,326.9972,4.192271794871796,708.2163,0.09079696153846155,9.774284
12,0.046,307.8281,3.9465141025641026,699.3829,0.08966447435897436,9.701761
12,0.04625,288.8337,3.7029961538461538,690.3557,0.08850714102564101,9.627548
12,0.0465,269.8252,3.4592974358974358,680.8423,0.08728747435897437,9.551696
12,0.04675,250.22,3.207948717948718,671.7304,0.08611928205128205,9.473824
12,0.047,231.3254,2.9657102564102567,661.4557,0.08480201282051282,9.393854
12,0.04725,211.8437,2.715944871794872,650.8659,0.08344434615384616,9.311973
12,0.0475,191.8906,2.460135897435898,639.8494,0.08203197435897436,9.228101
12,0.04775,172.7493,2.2147346153846157,628.4179,0.08056639743589744,9.142068
12,0.048,153.6845,1.9703141025641027,617.5477,0.07917278205128205,9.053788
12,0.04825,134.2171,1.720732051282051,605.7607,0.07766162820512822,8.963417
12,0.0485,114.5698,1.4688435897435896,593.9274,0.07614453846153847,8.871088
12,0.04875,94.95654,1.2173915384615384,582.0983,0.07462798717948718,8.77671
12,0.049,75.58331,0.9690167948717948,571.0526,0.07321187179487179,8.680136
12,0.04925,55.83477,0.7158303846153845,559.6592,0.07175117948717949,8.581386
12,0.0495,36.52231,0.4682347435897436,548.4944,0.07031979487179488,8.480492
12,0.04975,16.6436,0.21337948717948718,537.3741,0.06889411538461537,8.377391
12,0.05,-2.986928,-0.038293948717948716,526.9262,0.06755464102564103,8.272507
12,0.05025,-22.73496,-0.2914738461538462,516.1566,0.06617392307692309,8.165678
12,0.0505,-42.08236,-0.539517435897436,504.7575,0.0647125,8.056625
12,0.05075,-61.61514,-0.7899376923076923,492.9025,0.0631926282051282,7.945408
12,0.051,-80.95191,-1.0378450000000001,480.5845,0.06161339743589743,7.831828
12,0.05125,-100.5951,-1.2896807692307692,468.6032,0.06007733333333334,7.715813
12,0.0515,-120.1142,-1.539925641025641,455.9874,0.058459923076923076,7.597449
12,0.05175,-139.3654,-1.7867358974358973,444.129,0.056939615384615394,7.476719
12,0.052,-159.3555,-2.043019230769231,431.3793,0.05530503846153846,7.353584
12,0.05225,-178.5408,-2.288984615384615,419.0015,0.05371814102564103,7.22813
12,0.0525,-197.6953,-2.5345551282051284,406.5092,0.05211656410256411,7.100368
12,0.05275,-218.0668,-2.795728205128205,394.5336,0.05058123076923076,6.970232
12,0.053,-236.775,-3.035576923076923,382.4374,0.0490304358974359,6.837754
12,0.05325,-256.2004,-3.284620512820513,371.1726,0.04758623076923077,6.702987
12,0.0535,-275.758,-3.535358974358974,360.069,0.04616269230769231,6.566007
12,0.05375,-294.9808,-3.7818051282051277,348.5066,0.044680333333333336,6.426778
12,0.054,-314.2867,-4.029316666666666,336.5343,0.043145423076923074,6.2852
12,0.05425,-333.046,-4.2698205128205124,323.7969,0.04151242307692308,6.141471
12,0.0545,-351.9011,-4.511552564102565,311.1069,0.0398855,5.995602
12,0.05475,-370.8165,-4.7540576923076925,298.2799,0.03824101282051282,5.847357
12,0.055,-389.5845,-4.994673076923077,285.3948,0.03658907692307692,5.696394
12,0.05525,-407.9726,-5.230417948717949,272.1134,0.03488633333333334,5.542709
12,0.0555,-426.463,-5.46747435897436,259.2474,0.03323684615384616,5.386366
12,0.05575,-444.5558,-5.699433333333333,246.2113,0.03156555128205128,5.227294
12,0.056,-462.521,-5.92975641025641,233.5929,0.02994780769230769,5.065405
12,0.05625,-481.3336,-6.170943589743589,221.5322,0.028401564102564104,4.900714
12,0.0565,-498.2832,-6.388246153846154,210.2614,0.026956589743589745,4.733156
12,0.05675,-516.4399,-6.621024358974359,198.6878,0.025472794871794872,4.562509
12,0.057,-534.129,-6.8478076923076925,186.9094,0.02396274358974359,4.388648
12,0.05725,-552.0877,-7.078047435897436,174.8687,0.022419064102564102,4.211614
12,0.0575,-569.4096,-7.300123076923076,162.3489,0.020813961538461538,4.031535
12,0.05775,-586.573,-7.520166666666666,150.1841,0.019254371794871796,3.848368
12,0.058,-604.1594,-7.745633333333333,138.0797,0.017702525641025642,3.661941
12,0.05825,-621.3283,-7.965747435897436,125.5913,0.01610144871794872,3.472136
12,0.0585,-638.2644,-8.182876923076924,113.5482,0.014557461538461538,3.279152
12,0.05875,-655.3741,-8.402232051282052,101.8075,0.01305224358974359,3.082777
12,0.059,-671.2915,-8.606301282051284,89.73233,0.011504144871794873,2.882661
12,0.05925,-688.1465,-8.822391025641025,78.10714,0.010013735897435897,2.679023
12,0.0595,-704.3542,-9.03018205128205,67.06943,0.008598644871794871,2.471971
12,0.05975,-720.4271,-9.236244871794872,56.72941,0.007273001282051282,2.26147
12,0.06,-735.9764,-9.435594871794873,46.86648,0.006008523076923077,2.047497
12,0.06025,-752.5958,-9.648664102564103,36.78353,0.004715837179487179,1.829978
12,0.0605,-767.9019,-9.844896153846154,26.37233,0.003381067948717949,1.609223
12,0.06075,-783.0191,-10.038706410256411,16.05722,0.002058617948717949,1.384911
12,0.061,-798.3551,-10.235321794871796,5.480126,0.0007025802564102565,1.156924
12,0.06125,-812.6989,-10.419216666666667,-5.163637,-0.0006620047435897435,0.9257656
12,0.0615,-828.1676,-10.617533333333332,-16.25684,-0.0020842102564102563,0.6913512
12,0.06175,-843.0225,-10.80798076923077,-26.11487,-0.0033480602564102562,0.453433
12,0.062,-857.3774,-10.99201794871795,-35.72955,-0.004580711538461539,0.2119464
12,0.06225,-871.3712,-11.171425641025643,-45.77347,-0.005868393589743589,-0.03295599
12,0.0625,-885.2612,-11.349502564102565,-55.2254,-0.0070801794871794875,-0.2811025
12,0.06275,-898.7561,-11.522514102564102,-64.53811,-0.008274116666666668,-0.5326387
12,0.063,-912.2176,-11.695097435897434,-73.25038,-0.00939107435897436,-0.7877958
12,0.06325,-925.4268,-11.864446153846153,-81.51734,-0.010450941025641026,-1.046497
12,0.0635,-938.4502,-12.03141282051282,-89.48428,-0.01147234358974359,-1.308548
12,0.06375,-950.7158,-12.188664102564102,-96.42017,-0.012361560256410255,-1.573892
12,0.064,-962.9152,-12.345066666666668,-103.3492,-0.013249897435897436,-1.842687
12,0.06425,-975.2234,-12.502864102564102,-109.2986,-0.014012641025641025,-2.114572
12,0.0645,-987.6086,-12.661648717948717,-115.9417,-0.014864320512820512,-2.38921
12,0.06475,-998.8861,-12.806232051282052,-121.6632,-0.015597846153846153,-2.666654
12,0.065,-1010.894,-12.960179487179486,-127.1702,-0.016303871794871794,-2.946652
12,0.06525,-1022.33,-13.106794871794873,-132.6158,-0.017002025641025643,-3.228711
12,0.0655,-1033.593,-13.251192307692309,-138.0424,-0.01769774358974359,-3.512345
12,0.06575,-1044.386,-13.389564102564101,-142.7337,-0.018299192307692308,-3.797259
12,0.066,-1055.445,-13.531346153846153,-146.8892,-0.018831948717948715,-4.083162
12,0.06625,-1065.619,-13.661782051282051,-150.8269,-0.019336782051282052,-4.369507
12,0.0665,-1075.799,-13.792294871794871,-154.502,-0.01980794871794872,-4.655714
12,0.06675,-1086.343,-13.92747435897436,-158.0812,-0.020266820512820513,-4.941461
12,0.067,-1095.788,-14.048564102564104,-160.7398,-0.020607666666666666,-5.226367
12,0.06725,-1104.969,-14.166269230769233,-163.4471,-0.02095475641025641,-5.509724
12,0.0675,-1113.855,-14.280192307692309,-165.8439,-0.02126203846153846,-5.790995
12,0.06775,-1122.55,-14.391666666666666,-167.9328,-0.021529846153846153,-6.070025
12,0.068,-1130.596,-14.494820512820514,-169.0556,-0.021673794871794872,-6.346243
12,0.06825,-1139.166,-14.604692307692307,-169.8725,-0.021778525641025642,-6.618869
12,0.0685,-1147.662,-14.713615384615384,-170.5716,-0.021868153846153843,-6.887405
12,0.06875,-1154.924,-14.80671794871795,-171.2465,-0.021954679487179486,-7.151523
12,0.069,-1162.154,-14.899410256410256,-171.3852,-0.021972461538461538,-7.410984
12,0.06925,-1169.102,-14.988487179487182,-171.1683,-0.021944653846153843,-7.66532
12,0.0695,-1175.67,-15.072692307692309,-171.062,-0.021931025641025642,-7.913988
12,0.06975,-1182.189,-15.156269230769233,-170.5583,-0.021866448717948718,-8.156815
12,0.07,-1188.541,-15.237705128205127,-170.1165,-0.02180980769230769,-8.393695
12,0.07025,-1194.052,-15.308358974358972,-168.696,-0.02162769230769231,-8.624449
12,0.0705,-1199.94,-15.383846153846154,-168.1697,-0.02156021794871795,-8.848908
12,0.07075,-1204.884,-15.447230769230769,-166.9784,-0.021407487179487178,-9.066848
12,0.071,-1209.826,-15.510589743589744,-166.2443,-0.021313371794871794,-9.27829
12,0.07125,-1214.302,-15.567974358974357,-164.7179,-0.021117679487179485,-9.483189
12,0.0715,-1218.702,-15.624384615384615,-163.5265,-0.020964935897435897,-9.681332
12,0.07175,-1222.432,-15.672205128205128,-162.4401,-0.020825653846153848,-9.872715
12,0.072,-1226.63,-15.726025641025643,-161.2199,-0.020669217948717948,-10.05724
12,0.07225,-1230.139,-15.77101282051282,-160.1114,-0.02052710256410256,-10.23475
12,0.0725,-1233.198,-15.810230769230772,-158.0916,-0.020268153846153845,-10.4051
12,0.07275,-1236.491,-15.852448717948716,-156.6859,-0.020087935897435898,-10.56825
12,0.073,-1238.962,-15.884128205128205,-155.6046,-0.019949307692307693,-10.72431
12,0.07325,-1240.805,-15.907756410256413,-154.2475,-0.019775320512820514,-10.87317
12,0.0735,-1243.031,-15.936294871794871,-152.246,-0.01951871794871795,-11.01477
12,0.07375,-1244.911,-15.960397435897438,-150.9797,-0.019356371794871794,-11.14916
12,0.074,-1245.96,-15.973846153846154,-149.759,-0.019199871794871794,-11.27641
12,0.07425,-1247.678,-15.995871794871796,-148.4924,-0.01903748717948718,-11.39653
12,0.0745,-1248.21,-16.002692307692307,-146.8778,-0.018830487179487182,-11.50955
12,0.07475,-1248.481,-16.006166666666665,-145.1368,-0.01860728205128205,-11.6158
12,0.075,-1248.551,-16.0070641025641,-143.8696,-0.018444820512820512,-11.71553
12,0.07525,-1248.293,-16.003756410256408,-142.8213,-0.01831042307692308,-11.80888
12,0.0755,-1247.909,-15.998833333333334,-141.4014,-0.018128384615384616,-11.89598
12,0.07575,-1246.431,-15.979884615384615,-139.8441,-0.01792873076923077,-11.9771
12,0.076,-1245.151,-15.96347435897436,-138.8009,-0.01779498717948718,-12.0525
12,0.07625,-1243.074,-15.936846153846155,-137.7903,-0.01766542307692308,-12.12219
12,0.0765,-1242.14,-15.924871794871796,-136.4814,-0.017497615384615386,-12.18636
12,0.07675,-1239.741,-15.894115384615384,-135.1077,-0.0173215,-12.24531
12,0.077,-1237.139,-15.860756410256409,-133.9087,-0.01716778205128205,-12.2992
12,0.07725,-1234.2,-15.823076923076924,-132.8862,-0.017036692307692308,-12.34835
12,0.0775,-1231.34,-15.786410256410257,-131.8776,-0.016907384615384616,-12.39288
12,0.07775,-1228.545,-15.750576923076924,-131.0518,-0.01680151282051282,-12.43285
12,0.078,-1224.463,-15.69824358974359,-129.8929,-0.016652935897435897,-12.46862
12,0.07825,-1221.172,-15.656051282051283,-129.6394,-0.016620435897435896,-12.50032
12,0.0785,-1216.422,-15.595153846153845,-129.1431,-0.016556807692307694,-12.52804
12,0.07875,-1211.734,-15.535051282051281,-127.6197,-0.016361499999999998,-12.55211
12,0.079,-1207.025,-15.474679487179488,-126.7023,-0.016243884615384615,-12.57277
12,0.07925,-1201.701,-15.406423076923078,-126.0194,-0.01615633333333333,-12.5901
12,0.0795,-1196.778,-15.343307692307693,-125.6701,-0.016111551282051283,-12.60432
12,0.07975,-1190.527,-15.263166666666669,-125.1379,-0.016043320512820515,-12.6157
12,0.08,-1184.998,-15.192282051282053,-123.982,-0.015895128205128204,-12.62437
12,0.08025,-1178.346,-15.107,-123.3345,-0.015812115384615386,-12.63037
12,0.0805,-1171.326,-15.017,-123.2098,-0.015796128205128206,-12.63393
12,0.08075,-1165.124,-14.93748717948718,-122.3556,-0.015686615384615382,-12.63537
12,0.081,-1157.611,-14.841166666666668,-121.6793,-0.015599910256410256,-12.63486
12,0.08125,-1150.771,-14.75347435897436,-121.0042,-0.015513358974358975,-12.63239
12,0.0815,-1142.628,-14.649076923076922,-120.5273,-0.015452217948717949,-12.62808
12,0.08175,-1134.961,-14.55078205128205,-119.6743,-0.015342858974358976,-12.6223
12,0.082,-1126.374,-14.44069230769231,-119.2454,-0.015287871794871795,-12.61519
12,0.08225,-1117.907,-14.332141025641025,-118.3393,-0.015171705128205128,-12.60669
12,0.0825,-1108.743,-14.214653846153846,-117.8332,-0.015106820512820513,-12.59688
12,0.08275,-1099.696,-14.098666666666666,-117.062,-0.015007948717948716,-12.58598
12,0.083,-1090.304,-13.978256410256412,-116.5206,-0.014938538461538461,-12.57415
12,0.08325,-1080.216,-13.848923076923077,-115.7897,-0.014844833333333331,-12.56133
12,0.0835,-1069.985,-13.717756410256408,-115.1701,-0.014765397435897437,-12.54753
12,0.08375,-1059.867,-13.588038461538462,-114.3679,-0.014662551282051283,-12.53292
12,0.084,-1049.182,-13.451051282051283,-113.6102,-0.014565410256410258,-12.51753
12,0.08425,-1038.451,-13.313474358974359,-112.7841,-0.0144595,-12.50124
12,0.0845,-1026.954,-13.166076923076922,-112.6566,-0.014443153846153845,-12.48403
12,0.08475,-1016.329,-13.029858974358975,-111.7205,-0.014323141025641027,-12.46608
12,0.085,-1004.559,-12.878961538461537,-110.6571,-0.014186807692307693,-12.44729
12,0.08525,-993.2463,-12.733926923076924,-110.2212,-0.014130923076923076,-12.42752
12,0.0855,-980.9999,-12.576921794871796,-109.1641,-0.013995397435897438,-12.40693
12,0.08575,-968.8431,-12.421065384615385,-108.565,-0.013918589743589744,-12.38553
12,0.086,-956.4103,-12.261670512820512,-107.783,-0.013818333333333332,-12.36333
12,0.08625,-943.8904,-12.101158974358974,-107.4226,-0.013772128205128206,-12.34029
12,0.0865,-931.4991,-11.942296153846153,-106.7069,-0.013680371794871795,-12.31628
12,0.08675,-917.7018,-11.765407692307694,-105.7254,-0.013554538461538462,-12.29147
12,0.087,-904.8806,-11.601033333333334,-104.6563,-0.013417474358974361,-12.26588
12,0.08725,-891.2626,-11.42644358974359,-103.7243,-0.013297987179487178,-12.23936
12,0.0875,-877.3002,-11.247438461538463,-103.2974,-0.013243256410256409,-12.2119
12,0.08775,-862.8561,-11.062257692307693,-102.3095,-0.013116602564102565,-12.18372
12,0.088,-848.6161,-10.879693589743589,-101.2791,-0.0129845,-12.15476
12,0.08825,-834.3828,-10.697215384615385,-100.4839,-0.012882551282051284,-12.12477
12,0.0885,-819.7589,-10.509729487179488,-99.99568,-0.012819958974358975,-12.0938
12,0.08875,-804.8873,-10.319067948717947,-98.50402,-0.012628720512820513,-12.06198
12,0.089,-789.9904,-10.128082051282052,-97.28964,-0.01247303076923077,-12.02925
12,0.08925,-774.5349,-9.929934615384614,-96.29056,-0.012344943589743591,-11.99555
12,0.0895,-758.9112,-9.72963076923077,-95.29462,-0.012217258974358975,-11.96073
12,0.08975,-743.7859,-9.535716666666668,-94.33162,-0.012093797435897436,-11.92493
12,0.09,-727.7986,-9.330751282051281,-92.6576,-0.011879179487179488,-11.88827
12,0.09025,-711.2966,-9.11918717948718,-91.13359,-0.011683793589743589,-11.85065
12,0.0905,-695.0793,-8.911273076923077,-90.08725,-0.011549647435897436,-11.81193
12,0.09075,-679.0408,-8.705651282051281,-88.6205,-0.011361602564102565,-11.77207
12,0.091,-662.2461,-8.490334615384613,-87.38906,-0.011203725641025642,-11.73123
12,0.09125,-645.4256,-8.27468717948718,-85.76308,-0.010995266666666668,-11.68939
12,0.0915,-628.3883,-8.056260256410257,-84.30966,-0.010808930769230769,-11.64639
12,0.09175,-611.0046,-7.833392307692307,-82.82643,-0.010618773076923077,-11.6023
12,0.092,-594.3562,-7.619951282051281,-81.37498,-0.010432689743589742,-11.55703
12,0.09225,-576.893,-7.396064102564103,-79.76606,-0.010226417948717948,-11.51039
12,0.0925,-559.1198,-7.168202564102565,-78.69502,-0.010089105128205128,-11.46236
12,0.09275,-541.931,-6.9478333333333335,-76.80392,-0.009846656410256411,-11.41298
12,0.093,-524.255,-6.721217948717948,-75.21775,-0.009643301282051282,-11.36225
12,0.09325,-506.5112,-6.493733333333332,-73.30352,-0.009397887179487181,-11.31
12,0.0935,-489.0874,-6.270351282051283,-71.61754,-0.009181735897435898,-11.25613
12,0.09375,-471.2681,-6.041898717948718,-69.75488,-0.008942933333333333,-11.20066
12,0.094,-452.9909,-5.8075756410256405,-67.75849,-0.008686985897435896,-11.14347
12,0.09425,-434.5836,-5.571584615384615,-65.61032,-0.008411579487179488,-11.08445
12,0.0945,-415.7837,-5.330560256410257,-63.68825,-0.008165160256410255,-11.02352
12,0.09475,-397.6589,-5.098191025641025,-61.55028,-0.007891061538461539,-10.96071
12,0.095,-378.8641,-4.857232051282051,-59.4278,-0.007618948717948718,-10.89609
12,0.09525,-360.1458,-4.617253846153846,-56.56646,-0.007252110256410256,-10.82945
12,0.0955,-341.5672,-4.379066666666667,-54.36104,-0.006969364102564103,-10.76063
12,0.09575,-322.0051,-4.128270512820514,-51.76539,-0.006636588461538461,-10.68972
12,0.096,-303.0396,-3.885123076923077,-48.85914,-0.006263992307692307,-10.61681
12,0.09625,-284.3911,-3.6460397435897436,-46.31841,-0.005938257692307693,-10.54157
12,0.0965,-265.4489,-3.4031910256410254,-43.79316,-0.005614507692307692,-10.46372
12,0.09675,-245.5449,-3.148011538461539,-40.62396,-0.0052082,-10.38342
12,0.097,-226.628,-2.9054871794871793,-37.81399,-0.004847947435897435,-10.30077
12,0.09725,-207.2436,-2.656969230769231,-34.60027,-0.004435932051282052,-10.2155
12,0.0975,-187.9398,-2.4094846153846152,-31.97737,-0.0040996628205128205,-10.12729
12,0.09775,-168.722,-2.1631025641025645,-28.10361,-0.0036030269230769227,-10.03611
12,0.098,-149.2166,-1.9130333333333334,-25.15893,-0.003225503846153846,-9.942091
12,0.09825,-129.191,-1.6562948717948718,-21.25674,-0.002725223076923077,-9.845003
12,0.0985,-110.1328,-1.4119589743589744,-17.81242,-0.0022836435897435896,-9.744524
12,0.09875,-90.83403,-1.1645388461538462,-13.96886,-0.0017908794871794873,-9.640748
12,0.099,-71.3833,-0.9151705128205129,-10.38787,-0.001331778205128205,-9.533702
12,0.09925,-51.44078,-0.6594971794871795,-6.505676,-0.0008340610256410256,-9.423133
12,0.0995,-31.98043,-0.41000551282051284,-2.510147,-0.00032181371794871795,-9.308912
12,0.09975,-12.41321,-0.15914371794871796,1.872855,0.00024010961538461538,-9.190963
12,0.1,4.603328,0.05901702564102565,5.64994,0.0007243512820512821,-9.077749
13,0.0,7.21855,0.0925455128205128,0.0,0.0,-11.51749
13,0.00025,27.133,0.34785897435897434,1.697159,0.0002175844871794872,-11.37756
13,0.0005,50.29782,0.6448438461538462,3.839049,0.0004921857692307693,-11.23289
13,0.00075,71.22851,0.9131860256410256,5.914465,0.0007582647435897436,-11.08337
13,0.001,91.36451,1.1713398717948718,8.420691,0.001079575769230769,-10.92885
13,0.00125,112.082,1.4369487179487177,11.03496,0.0014147384615384615,-10.76913
13,0.0015,132.0412,1.6928358974358975,13.68178,0.001754074358974359,-10.60415
13,0.00175,152.6437,1.9569705128205128,16.2384,0.0020818461538461537,-10.43379
13,0.002,172.8359,2.215844871794872,19.12152,0.0024514769230769232,-10.25784
13,0.00225,192.9724,2.4740051282051283,22.97488,0.0029454974358974354,-10.07613
13,0.0025,213.4655,2.736737179487179,26.61607,0.0034123166666666666,-9.888403
13,0.00275,233.8831,2.998501282051282,29.92646,0.003836725641025641,-9.694586
13,0.003,253.8636,3.2546615384615385,34.10142,0.004371976923076923,-9.494627
13,0.00325,273.95,3.5121794871794867,38.65149,0.004955319230769231,-9.28831
13,0.0035,294.8397,3.7799961538461537,43.46628,0.0055726,-9.075331
13,0.00375,314.7138,4.034792307692308,48.00321,0.006154257692307693,-8.855438
13,0.004,335.2322,4.2978487179487175,52.94703,0.006788080769230769,-8.628588
13,0.00425,355.5977,4.558944871794871,58.2997,0.007474320512820512,-8.394678
13,0.0045,375.6846,4.81646923076923,64.24064,0.008235979487179487,-8.153344
13,0.00475,395.5065,5.070596153846155,70.13334,0.008991453846153847,-7.904213
13,0.005,416.0108,5.333471794871795,76.34801,0.00978820641025641,-7.647189
13,0.00525,435.4367,5.582521794871795,82.98076,0.010638558974358975,-7.382064
13,0.0055,454.5334,5.827351282051281,89.95391,0.011532552564102563,-7.108434
13,0.00575,474.1102,6.078335897435898,97.13335,0.01245299358974359,-6.825902
13,0.006,494.0765,6.334314102564102,105.2179,0.013489474358974358,-6.534336
13,0.00625,513.4523,6.582721794871795,113.1927,0.014511884615384614,-6.233581
13,0.0065,532.083,6.821576923076923,122.1493,0.015660166666666666,-5.923179
13,0.00675,551.8711,7.075270512820513,132.0952,0.016935282051282054,-5.6028
13,0.007,570.7186,7.3169051282051285,142.1623,0.018225935897435895,-5.27233
13,0.00725,589.4192,7.55665641025641,153.327,0.019657307692307693,-4.93162
13,0.0075,607.6761,7.7907192307692315,164.683,0.021113205128205127,-4.580426
13,0.00775,627.1091,8.039860256410257,177.7438,0.022787666666666664,-4.218418
13,0.008,645.0024,8.269261538461539,191.0855,0.024498141025641025,-3.845303
13,0.00825,662.9458,8.499305128205128,205.3374,0.026325307692307693,-3.460873
13,0.0085,680.8537,8.72889358974359,220.3531,0.02825039743589744,-3.064891
13,0.00875,698.6558,8.957125641025641,235.8641,0.030238987179487184,-2.657214
13,0.009,715.9434,9.178761538461538,252.124,0.03232358974358974,-2.237741
13,0.00925,732.809,9.39498717948718,268.8179,0.03446383333333333,-1.806547
13,0.0095,750.3877,9.620355128205128,286.7784,0.03676646153846153,-1.363862
13,0.00975,767.4098,9.83858717948718,306.2643,0.039264653846153845,-0.9100011
13,0.01,784.4871,10.057526923076924,326.581,0.04186935897435898,-0.4453959
13,0.01025,801.7321,10.278616666666666,348.2616,0.04464892307692308,0.02922231
13,0.0105,818.1586,10.48921282051282,370.9859,0.04756229487179488,0.5131101
13,0.01075,834.4969,10.698678205128205,393.5516,0.05045533333333333,1.005419
13,0.011,850.7426,10.906956410256411,416.537,0.053402179487179485,1.504834
13,0.01125,867.5479,11.122408974358974,438.593,0.056229871794871794,2.009813
13,0.0115,883.2941,11.324283333333334,461.7242,0.05919541025641025,2.51871
13,0.01175,899.3524,11.530158974358974,485.6758,0.0622661282051282,3.029709
13,0.012,915.8402,11.741541025641025,510.2304,0.06541415384615384,3.540506
13,0.01225,931.3337,11.940175641025641,535.3116,0.06862969230769231,4.048572
13,0.0125,946.652,12.136564102564103,559.8496,0.07177558974358975,4.551461
13,0.01275,961.9409,12.332575641025642,583.1245,0.07475955128205128,5.046742
13,0.013,976.7228,12.52208717948718,606.4464,0.07774953846153847,5.531969
13,0.01325,991.4717,12.711175641025642,629.9599,0.08076408974358974,6.004792
13,0.0135,1005.51,12.891153846153845,654.1945,0.08387108974358974,6.463015
13,0.01375,1019.388,13.069076923076924,677.7782,0.08689464102564103,6.904836
13,0.014,1033.108,13.244974358974357,700.7369,0.0898380641025641,7.328933
13,0.01425,1046.336,13.414564102564103,721.8622,0.0925464358974359,7.734407
13,0.0145,1059.643,13.585166666666668,741.3994,0.09505120512820514,8.120623
13,0.01475,1072.666,13.752128205128205,759.3648,0.09735446153846153,8.487553
13,0.015,1084.583,13.904910256410258,777.419,0.09966910256410257,8.835402
13,0.01525,1095.937,14.050474358974357,795.0959,0.1019353717948718,9.164391
13,0.0155,1108.054,14.205820512820514,812.1363,0.10412003846153846,9.475249
13,0.01575,1119.789,14.35626923076923,828.5646,0.10622623076923078,9.768751
13,0.016,1130.589,14.494730769230769,844.5892,0.10828066666666666,10.04583
13,0.01625,1141.269,14.631653846153846,860.0068,0.11025728205128205,10.30738
13,0.0165,1151.285,14.760064102564103,873.9413,0.1120437564102564,10.55426
13,0.01675,1161.71,14.89371794871795,887.4374,0.11377402564102565,10.78739
13,0.017,1171.235,15.015833333333331,899.9638,0.11537997435897436,11.00756
13,0.01725,1180.565,15.13544871794872,911.7861,0.11689565384615384,11.21564
13,0.0175,1190.151,15.258346153846155,922.9891,0.1183319358974359,11.41249
13,0.01775,1198.621,15.366935897435898,934.2592,0.11977682051282051,11.59887
13,0.018,1207.644,15.482615384615384,945.4681,0.12121385897435899,11.77544
13,0.01825,1216.49,15.59602564102564,956.6821,0.1226515512820513,11.94272
13,0.0185,1225.095,15.706346153846154,967.3304,0.12401671794871796,12.10148
13,0.01875,1232.974,15.807358974358973,977.5733,0.12532991025641027,12.25237
13,0.019,1240.548,15.90446153846154,987.3021,0.1265771923076923,12.39566
13,0.01925,1247.909,15.998833333333334,996.9137,0.12780944871794872,12.53172
13,0.0195,1255.916,16.10148717948718,1005.472,0.12890666666666667,12.66106
13,0.01975,1262.356,16.184051282051282,1014.022,0.13000282051282053,12.78405
13,0.02,1268.607,16.264192307692305,1022.169,0.1310473076923077,12.90083
13,0.02025,1274.733,16.34273076923077,1030.011,0.13205269230769232,13.01155
13,0.0205,1280.767,16.420089743589745,1036.947,0.13294192307692307,13.11657
13,0.02075,1285.626,16.482384615384614,1043.482,0.1337797435897436,13.21627
13,0.021,1291.111,16.55270512820513,1049.713,0.13457858974358974,13.31089
13,0.02125,1296.116,16.616871794871795,1055.781,0.13535653846153847,13.4006
13,0.0215,1300.809,16.677038461538462,1061.141,0.13604371794871797,13.48558
13,0.02175,1304.303,16.721833333333336,1065.927,0.1366573076923077,13.56595
13,0.022,1308.274,16.77274358974359,1071.07,0.13731666666666667,13.64185
13,0.02225,1311.707,16.81675641025641,1075.851,0.1379296153846154,13.71353
13,0.0225,1315.301,16.86283333333333,1080.244,0.13849282051282052,13.78119
13,0.02275,1318.431,16.90296153846154,1083.976,0.13897128205128206,13.84491
13,0.023,1320.761,16.93283333333333,1088.407,0.13953935897435896,13.90482
13,0.02325,1323.011,16.961679487179488,1092.323,0.14004141025641026,13.9611
13,0.0235,1325.08,16.988205128205127,1095.815,0.14048910256410257,14.01389
13,0.02375,1326.995,17.01275641025641,1098.959,0.1408921794871795,14.0632
13,0.024,1328.513,17.03221794871795,1102.164,0.14130307692307692,14.10902
13,0.02425,1329.649,17.04678205128205,1105.032,0.1416707692307692,14.15153
13,0.0245,1330.193,17.053756410256412,1107.45,0.14198076923076924,14.19099
13,0.02475,1330.535,17.058141025641028,1109.846,0.14228794871794873,14.22751
13,0.025,1330.984,17.063897435897434,1112.178,0.14258692307692308,14.26092
13,0.02525,1330.061,17.052064102564103,1114.096,0.1428328205128205,14.29134
13,0.0255,1330.221,17.054115384615383,1115.567,0.14302141025641027,14.31908
13,0.02575,1329.092,17.03964102564103,1117.106,0.14321871794871793,14.34416
13,0.026,1327.742,17.022333333333332,1118.099,0.14334602564102564,14.36662
13,0.02625,1326.274,17.00351282051282,1119.153,0.14348115384615384,14.38659
13,0.0265,1324.019,16.97460256410256,1119.681,0.14354884615384614,14.40425
13,0.02675,1322.17,16.95089743589744,1120.333,0.1436324358974359,14.41957
13,0.027,1319.67,16.918846153846157,1120.458,0.14364846153846156,14.43267
13,0.02725,1317.28,16.88820512820513,1120.661,0.1436744871794872,14.44361
13,0.0275,1313.778,16.843307692307693,1120.404,0.14364153846153846,14.45253
13,0.02775,1310.09,16.79602564102564,1120.395,0.14364038461538461,14.4596
13,0.028,1305.73,16.740128205128208,1120.005,0.14359038461538462,14.46492
13,0.02825,1301.712,16.68861538461538,1119.301,0.1435001282051282,14.46857
13,0.0285,1297.375,16.63301282051282,1118.347,0.14337782051282053,14.47054
13,0.02875,1292.306,16.568025641025642,1117.678,0.1432920512820513,14.47097
13,0.029,1286.892,16.498615384615388,1116.955,0.14319935897435895,14.47001
13,0.02925,1281.008,16.42317948717949,1115.578,0.14302282051282053,14.46767
13,0.0295,1275.274,16.349666666666668,1114.484,0.14288256410256409,14.46402
13,0.02975,1269.161,16.271294871794872,1113.156,0.1427123076923077,14.45915
13,0.03,1262.717,16.18867948717949,1112.212,0.14259128205128205,14.45309
13,0.03025,1255.985,16.102371794871793,1110.401,0.14235910256410256,14.44597
13,0.0305,1248.907,16.011628205128204,1108.641,0.14213346153846154,14.43786
13,0.03075,1241.908,15.921897435897433,1106.838,0.1419023076923077,14.42876
13,0.031,1234.233,15.8235,1105.112,0.14168102564102564,14.41859
13,0.03125,1226.123,15.719525641025642,1103.341,0.14145397435897433,14.40749
13,0.0315,1218.274,15.618897435897434,1101.076,0.14116358974358972,14.39563
13,0.03175,1209.617,15.507910256410256,1098.572,0.14084256410256407,14.38295
13,0.032,1201.403,15.402602564102564,1096.49,0.14057564102564102,14.36929
13,0.03225,1192.157,15.284064102564102,1094.176,0.14027897435897435,14.35476
13,0.0325,1182.781,15.163858974358975,1091.443,0.13992858974358974,14.33949
13,0.03275,1173.489,15.04473076923077,1088.681,0.1395744871794872,14.3234
13,0.033,1163.125,14.911858974358974,1086.405,0.1392826923076923,14.30644
13,0.03325,1153.063,14.782858974358977,1083.113,0.13886064102564102,14.28864
13,0.0335,1141.693,14.637089743589744,1080.166,0.13848282051282051,14.27008
13,0.03375,1131.267,14.503423076923077,1076.827,0.1380547435897436,14.25071
13,0.034,1120.089,14.360115384615385,1073.797,0.13766628205128206,14.23049
13,0.03425,1108.428,14.210615384615387,1070.464,0.13723897435897436,14.20938
13,0.0345,1096.872,14.06246153846154,1066.792,0.13676820512820512,14.18749
13,0.03475,1084.983,13.910038461538461,1063.376,0.1363302564102564,14.16478
13,0.035,1072.797,13.753807692307694,1059.78,0.13586923076923077,14.14115
13,0.03525,1060.328,13.593948717948717,1055.989,0.13538320512820515,14.11673
13,0.0355,1047.503,13.429525641025641,1051.725,0.13483653846153845,14.09145
13,0.03575,1034.949,13.268576923076925,1047.543,0.1343003846153846,14.0653
13,0.036,1021.237,13.09278205128205,1043.189,0.1337421794871795,14.03827
13,0.03625,1007.835,12.920961538461539,1038.776,0.13317641025641028,14.01034
13,0.0365,994.1166,12.745084615384615,1033.796,0.13253794871794872,13.98155
13,0.03675,980.3553,12.568657692307694,1029.394,0.13197358974358975,13.95182
13,0.037,965.5562,12.37892564102564,1024.095,0.13129423076923077,13.92113
13,0.03725,951.181,12.194628205128206,1018.858,0.1306228205128205,13.88959
13,0.0375,936.3682,12.004720512820514,1013.791,0.12997320512820515,13.85712
13,0.03775,921.6597,11.816150000000002,1007.959,0.1292255128205128,13.82372
13,0.038,906.4681,11.621385897435898,1002.043,0.12846705128205127,13.78916
13,0.03825,891.2567,11.42636794871795,996.0499,0.12769870512820514,13.75352
13,0.0385,875.7616,11.22771282051282,989.9472,0.1269163076923077,13.71698
13,0.03875,860.0204,11.025902564102564,983.5903,0.1261013205128205,13.67936
13,0.039,844.4256,10.825969230769232,976.9599,0.1252512692307692,13.64054
13,0.03925,828.1749,10.617626923076923,969.8331,0.12433757692307693,13.60061
13,0.0395,811.5732,10.404784615384617,963.1087,0.12347547435897437,13.55968
13,0.03975,795.2551,10.195578205128204,956.3827,0.12261316666666666,13.51762
13,0.04,778.9988,9.987164102564101,949.0667,0.12167521794871794,13.47427
13,0.04025,761.7305,9.765775641025641,941.4732,0.1207016923076923,13.42967
13,0.0405,744.1553,9.540452564102564,934.2176,0.11977148717948717,13.38389
13,0.04075,727.0218,9.320792307692306,926.7293,0.11881144871794871,13.33696
13,0.041,709.0946,9.09095641025641,919.5432,0.11789015384615384,13.28881
13,0.04125,690.8397,8.85691923076923,912.1759,0.1169456282051282,13.23929
13,0.0415,673.6155,8.636096153846154,904.3339,0.11594024358974359,13.18837
13,0.04175,655.4943,8.403773076923077,896.6319,0.1149528076923077,13.13599
13,0.042,637.2156,8.16943076923077,888.5226,0.11391315384615384,13.0822
13,0.04225,618.4096,7.928328205128205,880.931,0.1129398717948718,13.02708
13,0.0425,599.9217,7.691303846153846,872.2893,0.11183196153846155,12.97056
13,0.04275,581.5098,7.455253846153847,863.2527,0.11067342307692309,12.91259
13,0.043,562.0935,7.206326923076923,855.1155,0.1096301923076923,12.85295
13,0.04325,543.5373,6.9684269230769225,846.3587,0.10850752564102563,12.79164
13,0.0435,524.3444,6.722364102564102,836.5839,0.10725434615384616,12.72876
13,0.04375,504.8258,6.472125641025641,827.0745,0.1060351923076923,12.66427
13,0.044,485.8977,6.229457692307692,817.9163,0.1048610641025641,12.59803
13,0.04425,466.3427,5.978752564102564,808.3428,0.10363369230769232,12.52988
13,0.0445,447.052,5.731435897435897,798.5026,0.10237212820512821,12.45996
13,0.04475,426.7737,5.471457692307693,788.2491,0.10105757692307693,12.38833
13,0.045,407.408,5.223179487179487,778.4826,0.09980546153846154,12.3147
13,0.04525,387.3014,4.965402564102564,768.8548,0.09857112820512821,12.23901
13,0.0455,367.2338,4.708125641025641,758.2722,0.09721438461538462,12.16145
13,0.04575,347.3875,4.453685897435897,748.0057,0.09589816666666667,12.08192
13,0.046,327.251,4.1955256410256405,737.7677,0.09458560256410256,12.00033
13,0.04625,307.0744,3.936851282051282,727.0239,0.09320819230769231,11.91661
13,0.0465,286.7434,3.676197435897436,716.5531,0.09186578205128204,11.83083
13,0.04675,266.5345,3.417108974358974,704.6887,0.09034470512820514,11.74289
13,0.047,246.2405,3.1569294871794873,692.7436,0.08881328205128206,11.65267
13,0.04725,226.306,2.9013589743589745,681.2137,0.08733508974358975,11.5601
13,0.0475,205.4108,2.6334717948717947,669.0215,0.08577198717948717,11.46523
13,0.04775,184.4639,2.3649217948717944,656.0297,0.0841063717948718,11.36815
13,0.048,163.8503,2.100644871794872,643.7506,0.0825321282051282,11.26877
13,0.04825,142.9333,1.8324782051282051,631.0012,0.08089758974358975,11.16702
13,0.0485,122.5972,1.5717589743589744,618.5718,0.07930407692307694,11.06289
13,0.04875,101.4654,1.3008384615384616,605.9315,0.07768352564102564,10.95632
13,0.049,80.13209,1.0273344871794872,593.3974,0.07607658974358973,10.84732
13,0.04925,59.21001,0.7591026923076922,581.1341,0.0745043717948718,10.73591
13,0.0495,38.26717,0.4906047435897436,568.946,0.07294179487179488,10.62193
13,0.04975,17.23873,0.22100935897435897,556.2101,0.07130898717948718,10.50558
13,0.05,-3.986232,-0.051105538461538466,543.0231,0.06961834615384616,10.38664
13,0.05025,-24.73458,-0.31711,529.8186,0.06792546153846153,10.26501
13,0.0505,-45.50877,-0.5834457692307692,516.3578,0.06619971794871794,10.14097
13,0.05075,-66.1852,-0.848528205128205,502.754,0.06445564102564103,10.01446
13,0.051,-86.79528,-1.11276,489.035,0.06269679487179489,9.885143
13,0.05125,-107.1263,-1.3734141025641027,475.6279,0.0609779358974359,9.753084
13,0.0515,-128.5214,-1.6477102564102564,462.1809,0.05925396153846155,9.618581
13,0.05175,-148.5997,-1.9051243589743592,448.7975,0.057538141025641025,9.481663
13,0.052,-169.7568,-2.176369230769231,435.6676,0.05585482051282051,9.342058
13,0.05225,-189.8958,-2.4345615384615384,422.5487,0.05417291025641025,9.199664
13,0.0525,-210.1909,-2.694755128205128,409.8564,0.05254569230769231,9.054699
13,0.05275,-231.2396,-2.964610256410256,396.3629,0.05081575641025641,8.907237
13,0.053,-251.5832,-3.225425641025641,382.6468,0.04905728205128204,8.756992
13,0.05325,-272.1715,-3.489378205128205,368.2459,0.04721101282051282,8.603787
13,0.0535,-292.9847,-3.756214102564102,354.0816,0.04539507692307692,8.44774
13,0.05375,-313.1258,-4.014433333333334,339.4664,0.043521333333333335,8.288879
13,0.054,-333.7622,-4.279002564102564,325.1064,0.0416803076923077,8.127256
13,0.05425,-353.3315,-4.529891025641025,310.4904,0.03980646153846154,7.962707
13,0.0545,-373.0197,-4.782303846153846,296.2988,0.03798702564102564,7.795185
13,0.05475,-393.0028,-5.038497435897436,282.9749,0.03627883333333333,7.624612
13,0.055,-413.2467,-5.298034615384615,269.9529,0.03460934615384616,7.450797
13,0.05525,-432.9582,-5.550746153846154,256.7259,0.03291357692307692,7.273766
13,0.0555,-452.1329,-5.796575641025641,243.109,0.031167820512820514,7.093532
13,0.05575,-471.5416,-6.045405128205129,229.6896,0.02944738461538462,6.909983
13,0.056,-491.3854,-6.2998128205128205,216.0241,0.027695397435897433,6.722861
13,0.05625,-511.1258,-6.552894871794872,202.0228,0.025900358974358974,6.532033
13,0.0565,-529.9925,-6.794775641025641,188.0756,0.02411225641025641,6.337567
13,0.05675,-549.2478,-7.0416384615384615,174.1314,0.022324538461538465,6.139187
13,0.057,-568.0937,-7.283252564102564,160.5745,0.020586474358974358,5.936577
13,0.05725,-587.1616,-7.527712820512821,146.7582,0.018815153846153843,5.729835
13,0.0575,-605.77,-7.766282051282051,133.9341,0.017171038461538463,5.518945
13,0.05775,-624.1333,-8.001708974358975,121.174,0.015535128205128207,5.303898
13,0.058,-641.8189,-8.228447435897435,108.4879,0.013908705128205127,5.084643
13,0.05825,-659.933,-8.460679487179487,95.91171,0.012296373076923077,4.860948
13,0.0585,-678.0552,-8.693015384615384,83.37078,0.010688561538461538,4.632693
13,0.05875,-695.3336,-8.914533333333335,70.12608,0.008990523076923076,4.399711
13,0.059,-712.6444,-9.136466666666667,57.041,0.0073129487179487175,4.161765
13,0.05925,-730.2084,-9.361646153846154,43.96239,0.005636203846153846,3.918764
13,0.0595,-747.2989,-9.580755128205128,30.26668,0.00388034358974359,3.670729
13,0.05975,-763.9579,-9.794332051282051,17.06963,0.0021884141025641027,3.41775
13,0.06,-780.4421,-10.005667948717948,4.348883,0.0005575491025641026,3.159313
13,0.06025,-797.5964,-10.225594871794872,-8.177735,-0.0010484275641025641,2.895032
13,0.0605,-814.5704,-10.443210256410255,-20.40649,-0.002616216666666667,2.624935
13,0.06075,-830.8966,-10.652520512820512,-31.91835,-0.004092096153846154,2.34914
13,0.061,-846.8373,-10.856888461538462,-42.53838,-0.005453638461538461,2.067508
13,0.06125,-862.8566,-11.062264102564102,-52.78349,-0.006767114102564103,1.779561
13,0.0615,-878.9493,-11.26858076923077,-62.74369,-0.008044062820512822,1.485238
13,0.06175,-894.3137,-11.465560256410257,-72.98115,-0.009356557692307694,1.184467
13,0.062,-909.7064,-11.662902564102565,-83.51628,-0.010707215384615384,0.8771574
13,0.06225,-924.779,-11.856141025641026,-92.66191,-0.011879732051282052,0.5631801
13,0.0625,-939.6658,-12.046997435897437,-102.0089,-0.013078064102564103,0.2425796
13,0.06275,-954.6695,-12.239352564102564,-110.3422,-0.014146435897435897,-0.08458694
13,0.063,-968.5559,-12.417383333333333,-118.9356,-0.015248153846153845,-0.4182897
13,0.06325,-982.3127,-12.593752564102564,-126.8694,-0.016265307692307693,-0.7584235
13,0.0635,-995.9368,-12.768420512820512,-134.4263,-0.017234141025641025,-1.104607
13,0.06375,-1009.418,-12.94125641025641,-141.1552,-0.018096820512820515,-1.456845
13,0.064,-1022.769,-13.112423076923076,-147.8224,-0.018951589743589743,-1.815175
13,0.06425,-1036.17,-13.284230769230769,-153.5645,-0.019687756410256413,-2.179253
13,0.0645,-1049.402,-13.453871794871795,-158.8572,-0.020366307692307694,-2.548487
13,0.06475,-1061.613,-13.610423076923079,-163.8728,-0.021009333333333335,-2.922249
13,0.065,-1074.271,-13.772705128205127,-167.7138,-0.021501769230769227,-3.300343
13,0.06525,-1086.394,-13.928128205128205,-171.0397,-0.02192816666666667,-3.68216
13,0.0655,-1097.995,-14.076858974358974,-173.8198,-0.022284589743589742,-4.066911
13,0.06575,-1109.906,-14.229564102564101,-176.1703,-0.022585935897435898,-4.453885
13,0.066,-1120.676,-14.367641025641026,-177.8632,-0.02280297435897436,-4.842375
13,0.06625,-1132.392,-14.517846153846154,-179.0329,-0.0229529358974359,-5.231538
13,0.0665,-1142.758,-14.65074358974359,-179.7243,-0.02304157692307692,-5.620243
13,0.06675,-1153.406,-14.78725641025641,-180.1021,-0.02309001282051282,-6.007424
13,0.067,-1162.989,-14.910115384615384,-178.9721,-0.022945141025641026,-6.392364
13,0.06725,-1173.78,-15.04846153846154,-178.0475,-0.022826602564102565,-6.774273
13,0.0675,-1182.987,-15.166500000000001,-176.5819,-0.022638705128205126,-7.152147
13,0.06775,-1192.621,-15.290012820512823,-174.7607,-0.022405217948717953,-7.525115
13,0.068,-1202.147,-15.412141025641025,-172.727,-0.02214448717948718,-7.892521
13,0.06825,-1210.541,-15.51975641025641,-170.1682,-0.0218164358974359,-8.25357
13,0.0685,-1219.233,-15.631192307692306,-167.3012,-0.021448871794871795,-8.607447
13,0.06875,-1227.399,-15.735884615384613,-163.8977,-0.02101252564102564,-8.953531
13,0.069,-1235.551,-15.840397435897435,-160.5526,-0.020583666666666667,-9.291399
13,0.06925,-1243.586,-15.943410256410257,-156.3778,-0.0200484358974359,-9.620799
13,0.0695,-1250.562,-16.03284615384615,-152.7802,-0.01958720512820513,-9.941201
13,0.06975,-1257.436,-16.120974358974358,-149.165,-0.01912371794871795,-10.252
13,0.07,-1263.925,-16.204166666666666,-144.3761,-0.01850975641025641,-10.55292
13,0.07025,-1270.28,-16.285641025641027,-140.3565,-0.017994423076923078,-10.84373
13,0.0705,-1276.55,-16.36602564102564,-136.1037,-0.017449192307692308,-11.12406
13,0.07075,-1281.445,-16.428782051282052,-131.6179,-0.01687408974358974,-11.39401
13,0.071,-1286.869,-16.498320512820513,-127.2228,-0.016310615384615385,-11.65383
13,0.07125,-1291.381,-16.55616666666667,-123.0298,-0.01577305128205128,-11.90341
13,0.0715,-1296.535,-16.62224358974359,-118.7462,-0.015223871794871797,-12.14263
13,0.07175,-1300.323,-16.670807692307694,-114.5048,-0.014680102564102564,-12.37169
13,0.072,-1304.291,-16.72167948717949,-110.4785,-0.014163910256410258,-12.59057
13,0.07225,-1307.618,-16.764333333333333,-106.551,-0.013660384615384616,-12.79947
13,0.0725,-1310.924,-16.80671794871795,-102.4174,-0.013130435897435897,-12.99853
13,0.07275,-1313.53,-16.840128205128202,-98.79286,-0.012665751282051283,-13.18788
13,0.073,-1316.767,-16.881628205128205,-95.32501,-0.012221155128205128,-13.36785
13,0.07325,-1319.035,-16.91070512820513,-91.48949,-0.011729421794871795,-13.53868
13,0.0735,-1321.276,-16.9394358974359,-87.49887,-0.011217803846153847,-13.70052
13,0.07375,-1322.813,-16.959141025641028,-84.87969,-0.010882011538461538,-13.85341
13,0.074,-1323.925,-16.973397435897432,-81.36556,-0.010431482051282052,-13.9976
13,0.07425,-1325.065,-16.98801282051282,-78.37657,-0.010048278205128205,-14.13336
13,0.0745,-1326.221,-17.00283333333333,-75.55856,-0.009686994871794872,-14.26092
13,0.07475,-1326.003,-17.000038461538463,-72.88918,-0.009344766666666665,-14.38057
13,0.075,-1326.203,-17.002602564102563,-70.25942,-0.00900761794871795,-14.49258
13,0.07525,-1325.562,-16.994384615384615,-67.85673,-0.00869958076923077,-14.59708
13,0.0755,-1325.195,-16.989679487179487,-65.165,-0.008354487179487181,-14.69435
13,0.07575,-1324.52,-16.981025641025642,-62.69055,-0.008037250000000001,-14.78463
13,0.076,-1323.147,-16.963423076923075,-60.75828,-0.007789523076923076,-14.8682
13,0.07625,-1321.933,-16.947858974358972,-58.87248,-0.007547753846153847,-14.94529
13,0.0765,-1320.153,-16.92503846153846,-57.11277,-0.00732215,-15.01609
13,0.07675,-1317.906,-16.89623076923077,-55.50444,-0.007115953846153846,-15.08095
13,0.077,-1315.143,-16.86080769230769,-53.88317,-0.006908098717948718,-15.14018
13,0.07725,-1312.605,-16.82826923076923,-52.21679,-0.006694460256410257,-15.19393
13,0.0775,-1309.919,-16.793833333333335,-50.76416,-0.00650822564102564,-15.24238
13,0.07775,-1305.474,-16.73684615384615,-49.59134,-0.006357864102564103,-15.28576
13,0.078,-1301.448,-16.68523076923077,-48.42343,-0.006208132051282051,-15.32439
13,0.07825,-1297.409,-16.633448717948717,-47.05237,-0.0060323551282051285,-15.35853
13,0.0785,-1292.87,-16.57525641025641,-46.09879,-0.005910101282051283,-15.38823
13,0.07875,-1287.465,-16.505961538461538,-45.4113,-0.005821961538461538,-15.41386
13,0.079,-1282.387,-16.440858974358974,-44.38927,-0.005690932051282052,-15.43579
13,0.07925,-1276.816,-16.3694358974359,-43.49197,-0.00557589358974359,-15.45419
13,0.0795,-1270.397,-16.287141025641027,-42.67702,-0.005471412820512821,-15.46914
13,0.07975,-1264.496,-16.211487179487182,-42.26758,-0.005418920512820513,-15.48097
13,0.08,-1258.383,-16.133115384615383,-41.7399,-0.005351269230769231,-15.49
13,0.08025,-1251.363,-16.043115384615383,-41.18673,-0.00528035,-15.49642
13,0.0805,-1244.478,-15.954846153846153,-40.99986,-0.005256392307692308,-15.50037
13,0.08075,-1237.186,-15.861358974358973,-40.33904,-0.005171671794871794,-15.50201
13,0.081,-1229.753,-15.766064102564101,-40.33531,-0.00517119358974359,-15.50154
13,0.08125,-1221.687,-15.662653846153846,-40.14393,-0.005146657692307693,-15.49916
13,0.0815,-1213.438,-15.556897435897437,-39.58036,-0.005074405128205128,-15.49506
13,0.08175,-1204.995,-15.448653846153844,-39.45075,-0.005057788461538462,-15.48933
13,0.082,-1196.465,-15.339294871794872,-39.13975,-0.005017916666666667,-15.48209
13,0.08225,-1187.202,-15.22053846153846,-39.04014,-0.005005146153846154,-15.47346
13,0.0825,-1178.055,-15.103269230769232,-38.95582,-0.004994335897435898,-15.46358
13,0.08275,-1168.069,-14.97524358974359,-38.48756,-0.004934302564102565,-15.45257
13,0.083,-1158.272,-14.849641025641025,-38.43206,-0.00492718717948718,-15.44053
13,0.08325,-1147.951,-14.717320512820514,-38.2697,-0.004906371794871795,-15.42736
13,0.0835,-1136.667,-14.572653846153846,-37.8585,-0.004853653846153846,-15.41308
13,0.08375,-1126.016,-14.436102564102564,-37.42985,-0.004798698717948718,-15.39787
13,0.084,-1115.152,-14.296820512820513,-37.09865,-0.004756237179487179,-15.38172
13,0.08425,-1104.09,-14.154999999999998,-37.24356,-0.0047748153846153855,-15.36456
13,0.0845,-1092.218,-14.002794871794872,-36.9304,-0.0047346666666666665,-15.3465
13,0.08475,-1079.93,-13.845256410256413,-36.48744,-0.004677876923076923,-15.32761
13,0.085,-1067.654,-13.687871794871795,-36.55803,-0.004686926923076923,-15.30784
13,0.08525,-1055.396,-13.530717948717948,-36.36429,-0.004662088461538461,-15.28717
13,0.0855,-1042.664,-13.36748717948718,-36.34312,-0.004659374358974359,-15.2655
13,0.08575,-1029.53,-13.199102564102564,-35.83681,-0.0045944628205128206,-15.24292
13,0.086,-1016.306,-13.029564102564104,-35.53248,-0.004555446153846154,-15.21962
13,0.08625,-1002.756,-12.855846153846155,-35.34188,-0.004531010256410257,-15.19555
13,0.0865,-989.046,-12.680076923076923,-35.25991,-0.004520501282051282,-15.17051
13,0.08675,-974.7731,-12.497091025641026,-35.09932,-0.00449991282051282,-15.14449
13,0.087,-960.4698,-12.313715384615383,-35.20775,-0.004513814102564102,-15.11771
13,0.08725,-946.4715,-12.13425,-35.14677,-0.004505996153846154,-15.09006
13,0.0875,-931.526,-11.942641025641025,-35.16599,-0.0045084602564102565,-15.06138
13,0.08775,-917.1021,-11.75771923076923,-34.97225,-0.004483621794871795,-15.0318
13,0.088,-901.3736,-11.556071794871796,-34.61713,-0.0044380935897435905,-15.00136
13,0.08825,-886.0452,-11.359553846153847,-34.694,-0.004447948717948718,-14.97003
13,0.0885,-871.119,-11.168192307692308,-34.45849,-0.004417755128205128,-14.93771
13,0.08875,-855.24,-10.964615384615385,-34.48085,-0.004420621794871794,-14.9044
13,0.089,-839.5064,-10.762902564102564,-34.59713,-0.004435529487179487,-14.87012
13,0.08925,-823.0374,-10.551761538461538,-34.1424,-0.0043772307692307695,-14.83478
13,0.0895,-806.9766,-10.345853846153846,-34.05141,-0.004365565384615385,-14.79843
13,0.08975,-790.5501,-10.135257692307691,-33.73708,-0.004325266666666667,-14.76105
13,0.09,-773.7453,-9.91981153846154,-33.56785,-0.004303570512820513,-14.72257
13,0.09025,-756.2091,-9.694988461538461,-33.28607,-0.004267444871794872,-14.68288
13,0.0905,-739.4296,-9.479866666666666,-32.75624,-0.004199517948717949,-14.64196
13,0.09075,-721.6954,-9.252505128205128,-32.77447,-0.004201855128205128,-14.59988
13,0.091,-703.9854,-9.025453846153846,-32.51426,-0.004168494871794872,-14.55678
13,0.09125,-686.4553,-8.800708974358972,-31.93599,-0.004094357692307692,-14.51242
13,0.0915,-668.2202,-8.566925641025641,-31.72912,-0.004067835897435898,-14.46656
13,0.09175,-650.096,-8.334564102564103,-31.45302,-0.004032438461538461,-14.41931
13,0.092,-632.0958,-8.103792307692308,-31.5093,-0.0040396538461538465,-14.3707
13,0.09225,-613.5487,-7.866008974358975,-30.76396,-0.003944097435897436,-14.32069
13,0.0925,-595.0355,-7.628660256410256,-30.35629,-0.0038918320512820515,-14.26907
13,0.09275,-576.1459,-7.386485897435898,-29.7894,-0.0038191538461538463,-14.21589
13,0.093,-557.4985,-7.1474166666666665,-29.84685,-0.0038265192307692306,-14.16114
13,0.09325,-538.806,-6.907769230769231,-29.43232,-0.0037733743589743593,-14.1047
13,0.0935,-519.7387,-6.663316666666667,-28.73424,-0.0036838769230769235,-14.04654
13,0.09375,-500.2434,-6.413376923076923,-28.58658,-0.0036649461538461542,-13.98662
13,0.094,-481.364,-6.171333333333333,-28.39481,-0.003640360256410256,-13.92492
13,0.09425,-461.6802,-5.918976923076923,-27.8032,-0.00356451282051282,-13.86125
13,0.0945,-441.7899,-5.663973076923076,-27.08904,-0.0034729538461538466,-13.79546
13,0.09475,-421.9963,-5.410208974358975,-26.88962,-0.0034473871794871796,-13.7276
13,0.095,-402.621,-5.1618076923076925,-26.60843,-0.0034113371794871794,-13.65768
13,0.09525,-382.6678,-4.905997435897436,-26.34194,-0.003377171794871795,-13.58553
13,0.0955,-362.385,-4.645961538461538,-25.5066,-0.0032700769230769224,-13.5109
13,0.09575,-342.3158,-4.388664102564103,-24.67008,-0.003162830769230769,-13.43366
13,0.096,-322.3824,-4.133107692307693,-24.072,-0.003086153846153846,-13.35396
13,0.09625,-301.8169,-3.8694474358974356,-23.39137,-0.0029988935897435898,-13.27167
13,0.0965,-282.0542,-3.616079487179487,-22.81409,-0.0029248833333333332,-13.18656
13,0.09675,-261.9379,-3.358178205128205,-21.61049,-0.002770575641025641,-13.09862
13,0.097,-241.5451,-3.096732051282051,-20.67827,-0.0026510602564102565,-13.00789
13,0.09725,-221.0936,-2.8345333333333333,-19.73547,-0.002530188461538461,-12.9142
13,0.0975,-200.6562,-2.572515384615385,-18.88621,-0.002421308974358974,-12.81716
13,0.09775,-179.5908,-2.302446153846154,-17.68202,-0.0022669256410256414,-12.71657
13,0.098,-159.0106,-2.038597435897436,-16.14291,-0.0020696038461538464,-12.61243
13,0.09825,-137.7983,-1.766644871794872,-14.7091,-0.0018857820512820512,-12.50471
13,0.0985,-117.2414,-1.5030948717948718,-13.56609,-0.001739242307692308,-12.39319
13,0.09875,-96.30007,-1.234616282051282,-11.98149,-0.0015360884615384614,-12.27771
13,0.099,-75.46358,-0.9674817948717949,-10.23139,-0.0013117166666666666,-12.1583
13,0.09925,-54.58101,-0.6997565384615384,-8.409121,-0.0010780924358974359,-12.0348
13,0.0995,-34.05957,-0.4366611538461539,-6.710198,-0.0008602817948717948,-11.90689
13,0.09975,-12.62745,-0.16189038461538463,-4.855972,-0.0006225605128205129,-11.77452
13,0.1,5.122986,0.06567930769230769,-3.157048,-0.00040474974358974364,-11.64676
14,0.0,7.56607,0.09700089743589743,0.0,0.0,-13.52576
14,0.00025,28.73199,0.3683588461538462,0.4759103,6.101414102564103e-05,-13.37034
14,0.0005,52.55524,0.6737851282051283,0.2088358,2.6773820512820508e-05,-13.20953
14,0.00075,74.14994,0.9506402564102564,0.5821911,7.463988461538461e-05,-13.0432
14,0.001,95.85404,1.2288979487179488,0.8820126,0.00011307853846153846,-12.87116
14,0.00125,117.9719,1.5124602564102565,1.389689,0.0001781652564102564,-12.69326
14,0.0015,139.2663,1.7854653846153847,1.389689,0.0001781652564102564,-12.50934
14,0.00175,160.4578,2.057151282051282,2.369943,0.00030383884615384617,-12.31936
14,0.002,182.2602,2.3366692307692305,3.216463,0.00041236705128205127,-12.12332
14,0.00225,203.6401,2.6107705128205123,4.589289,0.0005883703846153846,-11.9209
14,0.0025,225.2956,2.8884051282051284,5.46836,0.0007010717948717948,-11.71187
14,0.00275,246.6102,3.1616692307692307,7.707316,0.000988117435897436,-11.49621
14,0.003,268.209,3.438576923076923,9.050336,0.0011602994871794871,-11.27374
14,0.00325,289.8974,3.7166333333333332,11.21497,0.0014378166666666665,-11.04411
14,0.0035,311.1542,3.98915641025641,13.50354,0.0017312230769230767,-10.80712
14,0.00375,332.8847,4.267752564102564,16.35684,0.002097030769230769,-10.56253
14,0.004,354.7777,4.5484320512820515,18.82542,0.0024135153846153844,-10.31003
14,0.00425,375.0099,4.807819230769231,22.22229,0.0028490115384615386,-10.0492
14,0.0045,397.4292,5.095246153846154,25.53601,0.003273847435897436,-9.77959
14,0.00475,418.1147,5.360444871794873,30.05647,0.0038533935897435896,-9.500951
14,0.005,439.2941,5.631975641025641,34.34829,0.004403626923076923,-9.212862
14,0.00525,460.3038,5.9013307692307695,39.8145,0.005104423076923078,-8.914825
14,0.0055,481.0446,6.167238461538462,45.51267,0.005834957692307692,-8.606488
14,0.00575,501.9028,6.4346512820512825,51.90226,0.0066541358974358976,-8.287381
14,0.006,522.1021,6.693616666666665,58.77796,0.007535635897435897,-7.957069
14,0.00625,542.4853,6.954939743589745,66.46194,0.00852076153846154,-7.6151
14,0.0065,562.7611,7.214885897435898,74.8895,0.009601217948717948,-7.260819
14,0.00675,582.7462,7.471105128205129,84.2222,0.010797717948717948,-6.893938
14,0.007,602.8275,7.728557692307692,94.14867,0.012070342307692307,-6.514139
14,0.00725,622.615,7.9822435897435895,104.794,0.013435128205128204,-6.120711
14,0.0075,642.7176,8.23996923076923,116.0015,0.014871987179487178,-5.713117
14,0.00775,661.6011,8.482065384615384,127.5302,0.01635002564102564,-5.290736
14,0.008,680.2287,8.720880769230769,140.1667,0.017970089743589743,-4.85286
14,0.00825,699.875,8.97275641025641,153.4559,0.019673833333333335,-4.398931
14,0.0085,719.0654,9.21878717948718,168.1132,0.02155297435897436,-3.928419
14,0.00875,737.5887,9.456265384615385,184.395,0.02364038461538462,-3.440785
14,0.009,756.0457,9.692893589743589,202.1064,0.025911076923076926,-2.935616
14,0.00925,774.291,9.926807692307694,221.5991,0.028410141025641027,-2.412334
14,0.0095,792.9065,10.16546794871795,241.9246,0.031015974358974362,-1.870563
14,0.00975,810.9537,10.396842307692308,263.9873,0.03384452564102564,-1.310561
14,0.01,829.0395,10.62871153846154,286.8974,0.03678171794871795,-0.7326895
14,0.01025,847.4605,10.864878205128205,309.9515,0.039737371794871794,-0.1372552
14,0.0105,864.905,11.08852564102564,335.1677,0.04297021794871795,0.4751396
14,0.01075,882.9209,11.319498717948719,362.7272,0.04650348717948718,1.103508
14,0.011,900.1775,11.540737179487179,391.6559,0.05021229487179488,1.74625
14,0.01125,917.6448,11.764676923076925,421.7707,0.054073166666666665,2.401237
14,0.0115,934.7601,11.984103846153847,450.9969,0.05782011538461538,3.066014
14,0.01175,951.7305,12.201673076923075,479.648,0.06149333333333334,3.73748
14,0.012,969.0454,12.423658974358974,509.1444,0.06527492307692308,4.411946
14,0.01225,986.2853,12.644683333333335,539.9666,0.06922648717948718,5.085163
14,0.0125,1002.547,12.853166666666668,570.8424,0.07318492307692308,5.752482
14,0.01275,1018.52,13.057948717948717,601.0563,0.0770585,6.409212
14,0.013,1034.791,13.266551282051282,629.6915,0.08072967948717949,7.050845
14,0.01325,1050.208,13.464205128205128,658.735,0.08445320512820513,7.672974
14,0.0135,1066.486,13.672897435897438,688.5616,0.0882771282051282,8.27142
14,0.01375,1081.275,13.862500000000002,717.7884,0.09202415384615385,8.842761
14,0.014,1095.636,14.046615384615384,744.3508,0.09542958974358975,9.384364
14,0.01425,1110.009,14.230884615384616,768.7118,0.09855279487179487,9.894199
14,0.0145,1124.286,14.413923076923078,790.7188,0.10137420512820514,10.37142
14,0.01475,1137.528,14.583692307692308,812.6901,0.10419103846153847,10.81618
14,0.015,1150.567,14.750858974358975,833.395,0.10684551282051283,11.2293
14,0.01525,1163.192,14.91271794871795,853.078,0.10936897435897434,11.61251
14,0.0155,1175.6,15.071794871794872,871.7059,0.11175716666666667,11.96796
14,0.01575,1186.848,15.216,889.6093,0.11405247435897435,12.29776
14,0.016,1198.949,15.371141025641027,905.8126,0.1161298205128205,12.60411
14,0.01625,1210.111,15.514243589743591,921.1861,0.11810078205128205,12.88922
14,0.0165,1221.377,15.658679487179487,934.9294,0.11986274358974358,13.15513
14,0.01675,1231.588,15.789589743589742,948.4008,0.12158984615384615,13.40348
14,0.017,1241.547,15.91726923076923,961.3345,0.12324801282051284,13.63556
14,0.01725,1251.336,16.04276923076923,974.3239,0.12491332051282052,13.85287
14,0.0175,1261.502,16.173102564102564,987.3439,0.1265825512820513,14.05675
14,0.01775,1270.287,16.28573076923077,999.917,0.1281944871794872,14.24839
14,0.018,1280.013,16.410423076923074,1011.642,0.12969769230769232,14.42885
14,0.01825,1288.367,16.517525641025642,1022.887,0.13113935897435897,14.59902
14,0.0185,1297.815,16.638653846153847,1032.812,0.13241179487179486,14.75979
14,0.01875,1305.909,16.742423076923078,1042.951,0.13371166666666667,14.91177
14,0.019,1314.482,16.85233333333333,1053.082,0.13501051282051282,15.05556
14,0.01925,1321.974,16.948384615384615,1062.303,0.13619269230769232,15.19182
14,0.0195,1329.553,17.045551282051285,1070.148,0.13719846153846155,15.32109
14,0.01975,1336.639,17.136397435897432,1078.412,0.13825794871794872,15.44368
14,0.02,1343.27,17.22141025641026,1085.783,0.1392029487179487,15.55982
14,0.02025,1349.313,17.298884615384615,1092.922,0.14011820512820514,15.66993
14,0.0205,1355.212,17.37451282051282,1099.165,0.14091858974358973,15.77449
14,0.02075,1360.747,17.44547435897436,1105.483,0.14172858974358973,15.87365
14,0.021,1366.075,17.51378205128205,1111.621,0.14251551282051284,15.96759
14,0.02125,1371.123,17.5785,1117.622,0.14328487179487182,16.05661
14,0.0215,1376.014,17.641205128205126,1123.548,0.14404461538461538,16.14078
14,0.02175,1380.625,17.70032051282051,1128.637,0.14469705128205126,16.22034
14,0.022,1384.336,17.74789743589744,1134.231,0.14541423076923077,16.29545
14,0.02225,1388.338,17.799205128205127,1139.047,0.14603166666666667,16.36627
14,0.0225,1392.225,17.849038461538463,1144.046,0.1466725641025641,16.43297
14,0.02275,1395.374,17.889410256410258,1148.275,0.1472147435897436,16.49557
14,0.023,1398.466,17.929051282051283,1152.232,0.1477220512820513,16.55426
14,0.02325,1400.554,17.955820512820516,1156.109,0.14821910256410253,16.60921
14,0.0235,1403.079,17.98819230769231,1159.764,0.1486876923076923,16.66052
14,0.02375,1404.776,18.009948717948717,1162.957,0.1490970512820513,16.70836
14,0.024,1406.44,18.03128205128205,1165.855,0.14946858974358976,16.75272
14,0.02425,1407.356,18.04302564102564,1168.609,0.14982166666666666,16.79386
14,0.0245,1408.095,18.0525,1171.046,0.1501341025641026,16.83197
14,0.02475,1408.49,18.0575641025641,1173.003,0.150385,16.867
14,0.025,1408.361,18.055910256410257,1174.623,0.15059269230769232,16.89912
14,0.02525,1407.975,18.05096153846154,1176.691,0.1508578205128205,16.92836
14,0.0255,1407.73,18.04782051282051,1178.538,0.15109461538461538,16.95487
14,0.02575,1406.049,18.02626923076923,1179.957,0.1512765384615385,16.97869
14,0.026,1405.114,18.014282051282052,1180.452,0.15134,16.99994
14,0.02625,1403.384,17.992102564102563,1181.096,0.1514225641025641,17.01881
14,0.0265,1401.55,17.968589743589742,1181.593,0.15148628205128206,17.03533
14,0.02675,1399.331,17.940141025641022,1181.898,0.15152538461538462,17.04955
14,0.027,1396.511,17.90398717948718,1181.901,0.15152576923076924,17.06148
14,0.02725,1393.388,17.86394871794872,1181.877,0.1515226923076923,17.07139
14,0.0275,1390.015,17.82070512820513,1181.783,0.15151064102564102,17.07942
14,0.02775,1385.563,17.763628205128207,1181.601,0.1514873076923077,17.08548
14,0.028,1381.954,17.717358974358973,1181.057,0.1514175641025641,17.08972
14,0.02825,1377.433,17.659397435897436,1180.04,0.15128717948717949,17.09234
14,0.0285,1372.611,17.597576923076925,1179.057,0.15116115384615386,17.09338
14,0.02875,1367.559,17.532807692307692,1178.425,0.1510801282051282,17.09288
14,0.029,1361.65,17.457051282051285,1177.61,0.150975641025641,17.09087
14,0.02925,1356.147,17.3865,1176.516,0.15083538461538462,17.08755
14,0.0295,1349.858,17.305871794871795,1175.147,0.15065987179487178,17.0829
14,0.02975,1343.764,17.22774358974359,1173.994,0.15051205128205128,17.07684
14,0.03,1336.763,17.13798717948718,1172.353,0.15030166666666667,17.06964
14,0.03025,1330.265,17.054679487179488,1170.24,0.15003076923076922,17.06143
14,0.0305,1322.789,16.95883333333333,1168.266,0.14977769230769233,17.05216
14,0.03075,1315.533,16.86580769230769,1166.694,0.14957615384615383,17.04183
14,0.031,1307.41,16.761666666666667,1164.181,0.14925397435897436,17.03042
14,0.03125,1299.466,16.659820512820513,1161.668,0.14893179487179486,17.01813
14,0.0315,1291.134,16.553,1159.249,0.14862166666666665,17.00499
14,0.03175,1281.724,16.432358974358973,1156.736,0.1482994871794872,16.99099
14,0.032,1271.544,16.301846153846153,1154.27,0.14798333333333333,16.97614
14,0.03225,1262.788,16.189589743589742,1151.517,0.1476303846153846,16.96035
14,0.0325,1252.367,16.05598717948718,1148.224,0.14720820512820512,16.94368
14,0.03275,1242.153,15.925038461538461,1145.319,0.14683576923076924,16.92622
14,0.033,1231.479,15.78819230769231,1141.764,0.14637999999999998,16.90789
14,0.03325,1220.505,15.647500000000003,1138.54,0.14596666666666666,16.88869
14,0.0335,1209.061,15.500782051282052,1135.166,0.14553410256410254,16.86862
14,0.03375,1198.134,15.36069230769231,1132.037,0.1451329487179487,16.84762
14,0.034,1185.884,15.203641025641025,1128.336,0.14465846153846154,16.82578
14,0.03425,1173.839,15.049217948717947,1124.218,0.14413051282051284,16.8031
14,0.0345,1161.705,14.893653846153846,1120.14,0.14360769230769233,16.77953
14,0.03475,1148.834,14.728641025641027,1116.517,0.14314320512820514,16.755
14,0.035,1135.933,14.563243589743589,1112.265,0.14259807692307694,16.72957
14,0.03525,1122.829,14.39524358974359,1108.346,0.14209564102564104,16.70324
14,0.0355,1109.423,14.223371794871795,1103.977,0.14153551282051283,16.67594
14,0.03575,1095.812,14.048871794871793,1100.051,0.1410321794871795,16.64768
14,0.036,1082.26,13.875128205128204,1095.639,0.14046653846153845,16.61848
14,0.03625,1067.063,13.680294871794873,1091.216,0.13989948717948716,16.58833
14,0.0365,1052.758,13.496897435897436,1086.266,0.13926487179487182,16.5572
14,0.03675,1037.929,13.306782051282052,1081.719,0.1386819230769231,16.52503
14,0.037,1022.922,13.114384615384616,1076.414,0.13800179487179487,16.49179
14,0.03725,1007.757,12.919961538461537,1070.978,0.1373048717948718,16.45752
14,0.0375,991.5806,12.712571794871796,1065.279,0.13657423076923078,16.42224
14,0.03775,976.1935,12.515301282051281,1059.633,0.13585038461538462,16.38581
14,0.038,960.7542,12.317361538461538,1053.468,0.13506,16.34822
14,0.03825,943.9073,12.10137564102564,1047.072,0.13424,16.30957
14,0.0385,928.3763,11.902260256410257,1040.388,0.1333830769230769,16.26981
14,0.03875,911.5082,11.686002564102564,1033.435,0.13249166666666665,16.22885
14,0.039,894.5073,11.468042307692308,1026.325,0.1315801282051282,16.18665
14,0.03925,877.4685,11.249596153846152,1018.933,0.1306324358974359,16.14321
14,0.0395,859.5028,11.019266666666667,1011.448,0.1296728205128205,16.09864
14,0.03975,841.6475,10.790352564102564,1003.662,0.1286746153846154,16.05291
14,0.04,823.621,10.55924358974359,995.8301,0.12767052564102566,16.00582
14,0.04025,805.8108,10.330907692307692,987.9498,0.12666023076923077,15.95741
14,0.0405,787.5559,10.096870512820512,980.0178,0.1256433076923077,15.90773
14,0.04075,768.8498,9.857048717948718,972.1906,0.1246398205128205,15.85672
14,0.041,749.9258,9.614433333333332,963.6672,0.12354707692307691,15.80431
14,0.04125,731.1831,9.374142307692308,955.554,0.12250692307692308,15.75049
14,0.0415,712.1199,9.129742307692307,947.4027,0.12146188461538462,15.69502
14,0.04175,692.734,8.88120512820513,939.7546,0.12048135897435898,15.63797
14,0.042,673.2225,8.631057692307692,931.1494,0.11937812820512822,15.5794
14,0.04225,654.0361,8.385078205128206,922.6199,0.11828460256410257,15.51922
14,0.0425,635.1567,8.143034615384616,913.4933,0.11711452564102565,15.45744
14,0.04275,614.9863,7.884439743589744,904.7161,0.11598924358974358,15.39373
14,0.043,595.2651,7.631603846153846,895.1636,0.11476456410256411,15.32812
14,0.04325,574.9513,7.3711705128205125,885.3297,0.1135038076923077,15.2608
14,0.0435,554.8948,7.1140358974358975,875.1396,0.1121973846153846,15.19157
14,0.04375,534.4853,6.852375641025642,864.7426,0.11086443589743591,15.1204
14,0.044,514.2703,6.593208974358975,854.4788,0.1095485641025641,15.04723
14,0.04425,493.5711,6.3278346153846154,843.9796,0.10820251282051283,14.97206
14,0.0445,472.7969,6.061498717948718,833.3637,0.1068415,14.89501
14,0.04475,451.9482,5.794207692307692,822.845,0.10549294871794873,14.81582
14,0.045,430.8904,5.524235897435898,811.5553,0.10404555128205129,14.73445
14,0.04525,409.6442,5.251848717948718,800.3733,0.10261196153846153,14.65098
14,0.0455,388.5849,4.981857692307693,789.4026,0.10120546153846154,14.56536
14,0.04575,367.212,4.707846153846154,778.6012,0.09982066666666665,14.47744
14,0.046,345.4578,4.428946153846153,767.3549,0.09837883333333333,14.38718
14,0.04625,324.3726,4.158623076923077,755.5399,0.09686408974358975,14.29467
14,0.0465,303.02,3.8848717948717946,743.8135,0.09536070512820513,14.19977
14,0.04675,281.4405,3.6082115384615383,731.111,0.09373217948717949,14.10241
14,0.047,259.707,3.3295769230769228,718.063,0.09205935897435898,14.00249
14,0.04725,238.0161,3.051488461538461,704.5612,0.09032835897435898,13.90004
14,0.0475,216.0527,2.7699064102564104,690.7586,0.08855879487179487,13.79525
14,0.04775,194.2807,2.4907782051282052,677.1704,0.08681671794871794,13.68784
14,0.048,172.5639,2.212357692307692,663.5217,0.08506688461538461,13.57776
14,0.04825,150.2936,1.9268410256410258,649.4164,0.0832585128205128,13.46513
14,0.0485,128.6964,1.6499538461538463,636.2325,0.08156826923076922,13.3498
14,0.04875,105.9651,1.3585269230769232,623.2345,0.07990185897435897,13.23172
14,0.049,83.95204,1.0763082051282051,610.1641,0.07822616666666667,13.11087
14,0.04925,61.91467,0.7937778205128205,596.7415,0.07650532051282051,12.98725
14,0.0495,40.03938,0.5133253846153847,582.785,0.07471602564102564,12.86077
14,0.04975,17.85462,0.22890538461538462,568.6691,0.07290629487179487,12.7312
14,0.05,-3.886453,-0.04982632051282051,554.402,0.0710771794871795,12.59887
14,0.05025,-25.13623,-0.322259358974359,539.9588,0.06922548717948718,12.46405
14,0.0505,-47.17816,-0.6048482051282051,525.2971,0.06734578205128204,12.32657
14,0.05075,-69.53461,-0.891469358974359,511.1692,0.06553451282051281,12.18634
14,0.051,-91.05739,-1.167402435897436,496.3423,0.06363362820512822,12.04319
14,0.05125,-113.3445,-1.4531346153846152,482.0648,0.06180317948717949,11.89708
14,0.0515,-135.0592,-1.7315282051282053,468.2177,0.06002791025641025,11.74805
14,0.05175,-157.2222,-2.0156692307692308,454.9038,0.058321000000000005,11.59595
14,0.052,-179.3922,-2.2999,441.0606,0.05654623076923077,11.44057
14,0.05225,-200.9251,-2.57596282051282,426.027,0.05461884615384615,11.28208
14,0.0525,-222.8572,-2.8571435897435897,410.1692,0.05258579487179487,11.1206
14,0.05275,-244.6504,-3.1365435897435896,394.6967,0.05060214102564103,10.95594
14,0.053,-266.5171,-3.4168858974358978,378.9138,0.0485786923076923,10.78802
14,0.05325,-288.1832,-3.6946564102564103,362.8195,0.046515320512820514,10.61694
14,0.0535,-309.9602,-3.973848717948718,346.5798,0.04443330769230769,10.44266
14,0.05375,-331.3397,-4.247944871794871,331.3475,0.04248044871794872,10.26511
14,0.054,-352.5474,-4.519838461538461,316.4104,0.04056543589743589,10.08416
14,0.05425,-373.9648,-4.794420512820513,302.176,0.038740512820512815,9.89979
14,0.0545,-395.5975,-5.071762820512821,288.2109,0.03695011538461538,9.71213
14,0.05475,-416.5069,-5.339832051282051,273.2576,0.035033025641025645,9.521011
14,0.055,-437.7197,-5.611791025641026,258.122,0.0330925641025641,9.326146
14,0.05525,-458.113,-5.8732435897435895,243.0076,0.031154820512820515,9.127433
14,0.0555,-478.95,-6.140384615384615,227.9842,0.02922874358974359,8.92485
14,0.05575,-499.4021,-6.402591025641026,212.9927,0.027306756410256414,8.718223
14,0.056,-519.9949,-6.666601282051283,197.523,0.025323461538461534,8.507206
14,0.05625,-540.8481,-6.933950000000001,182.2076,0.02335994871794872,8.291579
14,0.0565,-560.4113,-7.184760256410256,168.0758,0.021548179487179485,8.07139
14,0.05675,-581.0087,-7.448829487179487,154.3251,0.01978526923076923,7.84642
14,0.057,-600.6808,-7.701035897435897,140.4988,0.018012666666666666,7.6163
14,0.05725,-620.5088,-7.955241025641024,126.5325,0.016222115384615383,7.380852
14,0.0575,-640.343,-8.20952564102564,111.8811,0.01434373076923077,7.140253
14,0.05775,-659.7471,-8.458296153846154,97.02413,0.012438991025641026,6.894429
14,0.058,-679.246,-8.708282051282051,81.20869,0.010411370512820513,6.642864
14,0.05825,-698.0114,-8.948864102564103,66.21762,0.008489438461538462,6.385283
14,0.0585,-716.8751,-9.190706410256409,50.98652,0.0065367333333333335,6.121506
14,0.05875,-735.3822,-9.427976923076923,35.77053,0.004585965384615385,5.851216
14,0.059,-754.1619,-9.668742307692307,21.41047,0.0027449320512820514,5.574005
14,0.05925,-772.6295,-9.905506410256411,7.413769,0.0009504832051282051,5.28962
14,0.0595,-790.7639,-10.137998717948719,-5.784457,-0.0007415970512820513,4.997882
14,0.05975,-809.5354,-10.378658974358974,-18.10185,-0.00232075,4.698362
14,0.06,-827.418,-10.607923076923075,-30.81416,-0.003950533333333334,4.390485
14,0.06025,-845.2632,-10.836707692307693,-43.23764,-0.0055432871794871795,4.073885
14,0.0605,-862.4838,-11.057484615384615,-56.13702,-0.007197053846153847,3.74844
14,0.06075,-879.9689,-11.281652564102563,-68.18126,-0.00874118717948718,3.413815
14,0.061,-896.954,-11.499410256410256,-80.40217,-0.010307970512820513,3.069492
14,0.06125,-913.9052,-11.716733333333334,-92.07913,-0.011805016666666668,2.715373
14,0.0615,-930.5905,-11.930647435897436,-103.1837,-0.013228679487179486,2.351384
14,0.06175,-946.5089,-12.134729487179488,-113.5133,-0.014552987179487178,1.977226
14,0.062,-963.1487,-12.348060256410255,-123.6508,-0.015852666666666668,1.592767
14,0.06225,-979.6339,-12.559408974358975,-133.2208,-0.017079589743589745,1.197894
14,0.0625,-994.2598,-12.746920512820514,-141.9136,-0.01819405128205128,0.7925899
14,0.06275,-1009.782,-12.945923076923078,-149.3176,-0.019143282051282053,0.3769173
14,0.063,-1024.83,-13.138846153846153,-156.3015,-0.02003865384615385,-0.04937737
14,0.06325,-1039.375,-13.325320512820513,-162.7551,-0.020866038461538464,-0.4862407
14,0.0635,-1054.339,-13.517166666666666,-168.7309,-0.021632166666666664,-0.9330722
14,0.06375,-1068.549,-13.699346153846154,-173.6433,-0.02226196153846154,-1.389454
14,0.064,-1082.759,-13.881525641025641,-177.662,-0.02277717948717949,-1.855004
14,0.06425,-1096.647,-14.059576923076921,-180.9208,-0.02319497435897436,-2.329271
14,0.0645,-1110.528,-14.237538461538461,-184.2108,-0.023616769230769233,-2.811252
14,0.06475,-1124.325,-14.414423076923079,-185.4146,-0.023771102564102566,-3.299777
14,0.065,-1137.656,-14.585333333333333,-186.3586,-0.023892128205128205,-3.793984
14,0.06525,-1150.865,-14.754679487179489,-186.7682,-0.023944641025641027,-4.29246
14,0.0655,-1163.763,-14.92003846153846,-185.9678,-0.02384202564102564,-4.793569
14,0.06575,-1175.961,-15.076423076923076,-184.8865,-0.023703397435897437,-5.295555
14,0.066,-1188.306,-15.234692307692308,-182.2029,-0.023359346153846154,-5.796831
14,0.06625,-1200.233,-15.387602564102563,-179.1888,-0.022972923076923075,-6.295996
14,0.0665,-1211.473,-15.531705128205127,-175.9401,-0.022556423076923078,-6.791357
14,0.06675,-1222.756,-15.676358974358974,-172.0048,-0.022051897435897434,-7.281608
14,0.067,-1233.684,-15.816461538461537,-167.3116,-0.02145020512820513,-7.765462
14,0.06725,-1244.399,-15.953833333333332,-162.2982,-0.020807461538461542,-8.241432
14,0.0675,-1254.514,-16.08351282051282,-156.538,-0.02006897435897436,-8.708124
14,0.06775,-1264.742,-16.214641025641026,-150.9561,-0.01935334615384615,-9.164582
14,0.068,-1274.241,-16.336423076923076,-144.6032,-0.018538871794871792,-9.610121
14,0.06825,-1283.743,-16.45824358974359,-137.5279,-0.01763178205128205,-10.04363
14,0.0685,-1293.137,-16.57867948717949,-130.8912,-0.016780923076923075,-10.4642
14,0.06875,-1301.477,-16.685602564102567,-123.322,-0.01581051282051282,-10.8715
14,0.069,-1309.874,-16.79325641025641,-116.3074,-0.014911205128205129,-11.26556
14,0.06925,-1317.909,-16.89626923076923,-108.4799,-0.013907679487179487,-11.64636
14,0.0695,-1325.054,-16.987871794871797,-100.6755,-0.012907115384615387,-12.01322
14,0.06975,-1332.033,-17.077346153846154,-93.33666,-0.01196623846153846,-12.36531
14,0.07,-1339.437,-17.17226923076923,-85.70307,-0.010987573076923076,-12.70275
14,0.07025,-1345.562,-17.25079487179487,-78.33852,-0.010043400000000001,-13.02574
14,0.0705,-1351.302,-17.324384615384613,-71.31282,-0.009142669230769231,-13.33425
14,0.07075,-1357.284,-17.401076923076925,-63.54883,-0.008147285897435897,-13.62859
14,0.071,-1362.368,-17.46625641025641,-56.78294,-0.0072798641025641035,-13.90932
14,0.07125,-1367.573,-17.53298717948718,-50.21511,-0.006437834615384616,-14.17688
14,0.0715,-1372.115,-17.59121794871795,-43.84924,-0.005621697435897436,-14.43153
14,0.07175,-1376.406,-17.64623076923077,-37.6979,-0.004833064102564102,-14.67388
14,0.072,-1380.766,-17.702128205128208,-32.35621,-0.004148232051282051,-14.90441
14,0.07225,-1384.127,-17.74521794871795,-27.23944,-0.0034922358974358975,-15.12338
14,0.0725,-1388.193,-17.797346153846153,-21.85266,-0.002801623076923077,-15.33109
14,0.07275,-1391.481,-17.8395,-16.54038,-0.0021205615384615384,-15.528
14,0.073,-1394.104,-17.873128205128207,-12.08051,-0.0015487833333333333,-15.71465
14,0.07325,-1396.759,-17.90716666666667,-7.79183,-0.0009989525641025641,-15.89114
14,0.0735,-1398.795,-17.93326923076923,-3.520991,-0.00045140910256410256,-16.05766
14,0.07375,-1400.585,-17.95621794871795,0.8249504,0.00010576287179487179,-16.21469
14,0.074,-1402.646,-17.982641025641023,5.261682,0.0006745746153846154,-16.3626
14,0.07425,-1403.0,-17.98717948717949,8.533639,0.001094056282051282,-16.50163
14,0.0745,-1403.916,-17.998923076923074,12.44857,0.0015959705128205128,-16.63181
14,0.07475,-1404.49,-18.00628205128205,16.15958,0.002071741025641025,-16.75344
14,0.075,-1404.61,-18.007820512820512,19.3231,0.0024773205128205125,-16.867
14,0.07525,-1403.993,-17.999910256410253,22.52779,0.002888178205128205,-16.97261
14,0.0755,-1403.513,-17.99375641025641,25.43738,0.0032612025641025645,-17.0706
14,0.07575,-1402.428,-17.979846153846157,28.19793,0.0036151192307692305,-17.16126
14,0.076,-1401.151,-17.96347435897436,30.92162,0.003964310256410256,-17.24492
14,0.07625,-1399.549,-17.9429358974359,33.33882,0.004274207692307692,-17.32198
14,0.0765,-1397.058,-17.911,35.37973,0.004535862820512821,-17.39249
14,0.07675,-1394.935,-17.88378205128205,37.70496,0.004833969230769231,-17.45689
14,0.077,-1391.85,-17.84423076923077,39.65664,0.005084184615384616,-17.51555
14,0.07725,-1388.989,-17.807551282051282,41.29145,0.005293775641025641,-17.56857
14,0.0775,-1385.079,-17.75742307692308,42.70153,0.005474555128205128,-17.61615
14,0.07775,-1381.583,-17.712602564102568,44.4079,0.005693320512820513,-17.6586
14,0.078,-1377.411,-17.659115384615387,45.40914,0.005821684615384615,-17.6963
14,0.07825,-1372.416,-17.59507692307692,46.31174,0.005937402564102565,-17.72949
14,0.0785,-1367.804,-17.53594871794872,47.47181,0.006086129487179487,-17.75824
14,0.07875,-1362.773,-17.471448717948714,48.31303,0.006193978205128205,-17.78283
14,0.079,-1357.558,-17.404589743589742,48.84816,0.0062625846153846155,-17.80369
14,0.07925,-1351.674,-17.329153846153847,49.30015,0.006320532051282051,-17.82103
14,0.0795,-1345.63,-17.25166666666667,49.64782,0.006365105128205128,-17.83502
14,0.07975,-1339.497,-17.17303846153846,49.81253,0.006386221794871796,-17.84605
14,0.08,-1332.44,-17.082564102564103,50.40355,0.00646199358974359,-17.85432
14,0.08025,-1325.643,-16.99542307692308,50.13,0.006426923076923077,-17.85994
14,0.0805,-1318.494,-16.90376923076923,49.69939,0.0063717166666666675,-17.86304
14,0.08075,-1310.654,-16.80325641025641,49.9649,0.00640575641025641,-17.86383
14,0.081,-1303.003,-16.705166666666663,49.99862,0.006410079487179488,-17.86267
14,0.08125,-1294.461,-16.595653846153848,49.9847,0.006408294871794871,-17.85963
14,0.0815,-1285.826,-16.48494871794872,49.58468,0.006357010256410256,-17.85483
14,0.08175,-1277.034,-16.37223076923077,49.55938,0.006353766666666667,-17.84849
14,0.082,-1266.994,-16.24351282051282,49.59566,0.00635841794871795,-17.84063
14,0.08225,-1257.511,-16.121935897435897,49.16995,0.006303839743589744,-17.83131
14,0.0825,-1247.505,-15.993653846153848,48.20166,0.006179699999999999,-17.8206
14,0.08275,-1237.358,-15.863564102564101,48.10263,0.0061670038461538465,-17.80873
14,0.083,-1226.673,-15.726576923076923,48.12694,0.006170120512820512,-17.7959
14,0.08325,-1215.747,-15.586500000000003,47.87085,0.006137288461538461,-17.78197
14,0.0835,-1204.033,-15.436320512820512,46.95923,0.006020414102564102,-17.76697
14,0.08375,-1192.498,-15.288435897435898,46.88354,0.006010710256410257,-17.75098
14,0.084,-1180.733,-15.137602564102563,46.72314,0.005990146153846154,-17.73396
14,0.08425,-1169.547,-14.994192307692309,46.40175,0.005948942307692308,-17.71592
14,0.0845,-1156.399,-14.825628205128202,45.40973,0.005821760256410256,-17.69685
14,0.08475,-1143.316,-14.657897435897436,45.1099,0.005783320512820513,-17.67695
14,0.085,-1131.015,-14.50019230769231,45.01715,0.0057714294871794875,-17.65626
14,0.08525,-1117.894,-14.33197435897436,44.6287,0.0057216282051282055,-17.63456
14,0.0855,-1104.041,-14.154371794871794,43.88513,0.005626298717948717,-17.6119
14,0.08575,-1090.635,-13.9825,43.15293,0.005532426923076923,-17.58833
14,0.086,-1076.702,-13.803871794871794,43.03645,0.00551749358974359,-17.56387
14,0.08625,-1062.264,-13.618769230769228,42.61074,0.005462915384615385,-17.53841
14,0.0865,-1047.783,-13.433115384615382,41.34753,0.005300965384615384,-17.51186
14,0.08675,-1033.155,-13.245576923076921,40.65945,0.0052127499999999995,-17.48454
14,0.087,-1018.042,-13.051820512820514,39.93352,0.005119682051282051,-17.45634
14,0.08725,-1002.588,-12.853692307692306,39.39545,0.005050698717948718,-17.42718
14,0.0875,-987.4338,-12.659407692307692,38.42245,0.004925955128205128,-17.39708
14,0.08775,-971.6551,-12.457116666666666,37.16159,0.00476430641025641,-17.36597
14,0.088,-955.6283,-12.251644871794872,36.89021,0.004729514102564103,-17.33394
14,0.08825,-938.904,-12.037230769230769,36.32978,0.004657664102564103,-17.30085
14,0.0885,-923.022,-11.833615384615385,35.045,0.004492948717948719,-17.26664
14,0.08875,-906.4345,-11.620955128205127,34.68733,0.004447093589743591,-17.23147
14,0.089,-889.3232,-11.401579487179488,33.60707,0.004308598717948718,-17.19531
14,0.08925,-872.2125,-11.182211538461539,33.16312,0.004251682051282051,-17.15799
14,0.0895,-854.7112,-10.957835897435896,32.73663,0.004197003846153846,-17.11931
14,0.08975,-837.2348,-10.733779487179486,31.90403,0.004090260256410256,-17.07933
14,0.09,-818.9059,-10.498793589743588,31.06163,0.003982260256410256,-17.03818
14,0.09025,-800.8886,-10.267802564102563,30.21177,0.003873303846153846,-16.99576
14,0.0905,-782.4529,-10.031447435897437,29.69272,0.0038067589743589745,-16.9519
14,0.09075,-764.2648,-9.798266666666667,28.92503,0.00370833717948718,-16.90664
14,0.091,-745.1114,-9.552710256410258,27.79752,0.003563784615384615,-16.86005
14,0.09125,-726.0684,-9.308569230769232,27.27611,0.0034969371794871798,-16.8121
14,0.0915,-707.3252,-9.068271794871794,27.03963,0.0034666192307692308,-16.76261
14,0.09175,-687.6192,-8.815630769230768,25.93682,0.0033252333333333335,-16.71161
14,0.092,-668.6796,-8.572815384615385,24.89264,0.0031913641025641025,-16.65921
14,0.09225,-649.2597,-8.323842307692306,23.85689,0.003058575641025641,-16.60519
14,0.0925,-630.1615,-8.078993589743591,23.33255,0.002991352564102564,-16.54946
14,0.09275,-610.1304,-7.822184615384615,22.48073,0.002882144871794872,-16.49214
14,0.093,-590.1174,-7.565607692307692,21.374,0.00274025641025641,-16.43314
14,0.09325,-570.0964,-7.308928205128205,20.43042,0.0026192846153846156,-16.37219
14,0.0935,-549.9027,-7.0500346153846145,19.33682,0.002479079487179487,-16.30922
14,0.09375,-530.0148,-6.79506153846154,18.17656,0.002330328205128205,-16.24428
14,0.094,-509.504,-6.532102564102565,17.41043,0.0022321064102564106,-16.17733
14,0.09425,-488.468,-6.262410256410257,16.40606,0.0021033410256410257,-16.10821
14,0.0945,-468.3001,-6.003847435897435,14.9297,0.0019140641025641027,-16.03666
14,0.09475,-447.4302,-5.736284615384616,14.14887,0.0018139576923076924,-15.96269
14,0.095,-426.3916,-5.466558974358974,12.98194,0.001664351282051282,-15.88635
14,0.09525,-405.1595,-5.194352564102563,11.96835,0.001534403846153846,-15.80739
14,0.0955,-383.9726,-4.922725641025641,10.98614,0.0014084794871794873,-15.72565
14,0.09575,-362.6939,-4.649921794871795,10.61455,0.0013608397435897436,-15.64113
14,0.096,-341.2031,-4.374398717948718,9.243288,0.001185036923076923,-15.55378
14,0.09625,-319.8216,-4.1002769230769225,8.354412,0.0010710784615384616,-15.46341
14,0.0965,-298.356,-3.825076923076923,7.640449,0.0009795447435897438,-15.36982
14,0.09675,-276.2969,-3.5422679487179485,6.957075,0.0008919326923076923,-15.27298
14,0.097,-255.1185,-3.27075,6.196639,0.0007944408974358975,-15.1729
14,0.09725,-233.3623,-2.9918243589743594,5.374237,0.0006890047435897436,-15.0693
14,0.0975,-211.6921,-2.714001282051282,4.647332,0.0005958117948717948,-14.96196
14,0.09775,-189.9961,-2.435847435897436,4.450458,0.0005705715384615385,-14.85079
14,0.098,-167.6913,-2.149888461538462,3.56315,0.00045681410256410255,-14.73577
14,0.09825,-145.5066,-1.8654692307692307,2.78134,0.0003565820512820513,-14.61674
14,0.0985,-123.9453,-1.5890423076923077,1.935408,0.00024812923076923075,-14.4934
14,0.09875,-101.5002,-1.3012846153846156,1.97894,0.0002537102564102564,-14.36574
14,0.099,-79.8903,-1.0242346153846154,1.692845,0.00021703141025641027,-14.23377
14,0.09925,-57.91219,-0.7424639743589744,1.254191,0.00016079371794871798,-14.09731
14,0.0995,-35.64994,-0.45705051282051284,0.7304351,9.364552564102565e-05,-13.95618
14,0.09975,-13.9114,-0.17835128205128206,1.133008,0.00014525743589743589,-13.81036
14,0.1,4.987247,0.0639390641025641,0.5290507,6.782701282051281e-05,-13.66923
15,0.0,7.296219,0.09354126923076923,0.0,0.0,-15.22197
15,0.00025,29.16707,0.3739367948717949,-2.144636,-0.00027495333333333336,-15.05089
15,0.0005,54.53613,0.6991811538461539,-3.780222,-0.0004846438461538462,-14.87389
15,0.00075,78.43282,1.0055489743589745,-5.536208,-0.0007097702564102564,-14.69099
15,0.001,101.0212,1.2951435897435897,-7.149047,-0.0009165444871794872,-14.50206
15,0.00125,123.4506,1.5826999999999998,-8.38912,-0.0010755282051282053,-14.30691
15,0.0015,146.7319,1.881178205128205,-9.839205,-0.0012614365384615385,-14.10529
15,0.00175,169.1841,2.169026923076923,-10.88868,-0.0013959846153846155,-13.89692
15,0.002,191.9736,2.4612000000000003,-11.77854,-0.0015100692307692307,-13.68173
15,0.00225,214.8847,2.754932051282051,-12.76232,-0.0016361948717948719,-13.45962
15,0.0025,237.5532,3.0455538461538465,-13.49687,-0.0017303679487179488,-13.23022
15,0.00275,260.4075,3.3385576923076927,-13.09214,-0.0016784794871794874,-12.9932
15,0.003,283.3819,3.6331012820512814,-13.35784,-0.0017125435897435896,-12.74843
15,0.00325,305.4405,3.9159038461538462,-13.34176,-0.0017104820512820512,-12.49569
15,0.0035,328.461,4.211038461538462,-12.50858,-0.0016036641025641027,-12.23458
15,0.00375,350.8777,4.498432051282052,-11.65127,-0.001493752564102564,-11.96464
15,0.004,373.7229,4.791319230769231,-10.84064,-0.0013898256410256411,-11.68544
15,0.00425,396.2232,5.079784615384616,-9.416828,-0.001207285641025641,-11.39663
15,0.0045,418.4541,5.364796153846154,-7.629272,-0.0009781117948717947,-11.09775
15,0.00475,440.2473,5.644196153846154,-5.280114,-0.0006769376923076924,-10.78841
15,0.005,462.9431,5.935167948717949,-2.586819,-0.0003316434615384616,-10.46817
15,0.00525,485.411,6.2232179487179495,0.7729866,9.910084615384614e-05,-10.13635
15,0.0055,507.5922,6.507592307692307,4.879895,0.0006256275641025642,-9.79235
15,0.00575,528.963,6.781576923076923,10.1002,0.001294897435897436,-9.435715
15,0.006,550.8485,7.062160256410256,15.36463,0.001969824358974359,-9.065972
15,0.00625,572.1788,7.335625641025641,21.38988,0.0027422923076923077,-8.682459
15,0.0065,593.4503,7.6083371794871795,28.55776,0.0036612512820512816,-8.284454
15,0.00675,614.9427,7.883880769230768,37.18415,0.004767198717948718,-7.871416
15,0.007,635.8845,8.152365384615385,46.83412,0.006004374358974359,-7.442809
15,0.00725,656.7534,8.419915384615386,57.22434,0.0073364538461538455,-6.99763
15,0.0075,677.0713,8.680401282051282,69.25721,0.008879129487179487,-6.534627
15,0.00775,697.4864,8.942133333333333,82.76878,0.010611382051282052,-6.052654
15,0.008,718.0559,9.20584487179487,97.8379,0.012543320512820514,-5.55072
15,0.00825,737.6662,9.457258974358973,113.3863,0.014536705128205128,-5.028104
15,0.0085,757.2795,9.70871153846154,129.4127,0.016591371794871794,-4.48377
15,0.00875,776.9632,9.961066666666667,147.2237,0.018874833333333334,-3.916422
15,0.009,796.9427,10.217214102564101,166.5402,0.021351307692307694,-3.325313
15,0.00925,815.9543,10.460952564102564,187.2284,0.024003641025641027,-2.709909
15,0.0095,835.5342,10.711976923076923,210.1572,0.026943230769230768,-2.069392
15,0.00975,854.5412,10.95565641025641,235.4656,0.030187897435897434,-1.403197
15,0.01,873.6764,11.200979487179486,263.0827,0.03372855128205128,-0.7113301
15,0.01025,892.6019,11.443614102564103,291.6946,0.03739674358974359,0.005929364
15,0.0105,911.4347,11.685060256410257,320.7832,0.04112605128205128,0.7480493
15,0.01075,930.1531,11.925039743589743,353.4906,0.04531930769230769,1.514051
15,0.011,948.8106,12.164238461538462,388.445,0.04980064102564103,2.302059
15,0.01125,966.6477,12.39291923076923,425.3562,0.054532846153846154,3.109348
15,0.0115,985.7515,12.637839743589742,460.7531,0.059070910256410265,3.932328
15,0.01175,1004.57,12.879102564102565,495.8682,0.06357284615384616,4.766271
15,0.012,1022.955,13.114807692307693,532.7301,0.06829873076923076,5.605229
15,0.01225,1041.766,13.35597435897436,570.1986,0.07310238461538462,6.44217
15,0.0125,1060.591,13.597320512820511,606.4572,0.07775092307692306,7.268886
15,0.01275,1078.077,13.8215,641.3963,0.08223029487179487,8.076371
15,0.013,1095.403,14.043628205128204,676.9915,0.08679378205128205,8.855872
15,0.01325,1112.916,14.268153846153846,713.2278,0.09143946153846154,9.599546
15,0.0135,1129.378,14.479205128205127,747.2572,0.09580220512820513,10.30077
15,0.01375,1145.076,14.68046153846154,778.0514,0.09975017948717947,10.95448
15,0.014,1160.784,14.881846153846157,804.9612,0.10320015384615384,11.55785
15,0.01425,1175.738,15.073564102564104,830.5337,0.10647867948717947,12.11075
15,0.0145,1189.093,15.244782051282053,854.7641,0.10958514102564103,12.61515
15,0.01475,1203.03,15.42346153846154,877.6512,0.11251938461538462,13.07448
15,0.015,1216.284,15.593384615384617,898.7081,0.11521898717948718,13.49276
15,0.01525,1229.222,15.75925641025641,918.0824,0.1177028717948718,13.87413
15,0.0155,1241.173,15.91247435897436,935.6722,0.11995797435897435,14.22308
15,0.01575,1253.669,16.07267948717949,951.5847,0.12199803846153845,14.54381
15,0.016,1265.158,16.21997435897436,967.5249,0.12404165384615384,14.83991
15,0.01625,1276.467,16.36496153846154,982.9654,0.12602120512820514,15.11435
15,0.0165,1288.21,16.51551282051282,997.9351,0.12794039743589744,15.36969
15,0.01675,1299.062,16.654641025641023,1012.71,0.12983461538461538,15.60793
15,0.017,1309.981,16.794628205128205,1026.815,0.13164294871794874,15.83045
15,0.01725,1320.614,16.93094871794872,1040.327,0.1333752564102564,16.03865
15,0.0175,1330.999,17.064089743589744,1052.689,0.13496012820512823,16.2339
15,0.01775,1340.908,17.1911282051282,1064.597,0.13648679487179488,16.41739
15,0.018,1350.462,17.31361538461538,1075.879,0.13793320512820512,16.59005
15,0.01825,1360.089,17.43703846153846,1086.376,0.13927897435897435,16.75283
15,0.0185,1370.091,17.565269230769232,1096.037,0.1405175641025641,16.90664
15,0.01875,1378.348,17.671128205128202,1105.028,0.1416702564102564,17.05202
15,0.019,1386.545,17.77621794871795,1113.488,0.1427548717948718,17.18947
15,0.01925,1394.605,17.87955128205128,1121.946,0.14383923076923075,17.31961
15,0.0195,1402.487,17.980602564102565,1129.673,0.1448298717948718,17.44298
15,0.01975,1409.97,18.076538461538462,1137.67,0.1458551282051282,17.55984
15,0.02,1416.943,18.165935897435897,1145.47,0.14685512820512822,17.6704
15,0.02025,1423.467,18.249576923076926,1152.809,0.14779602564102565,17.77507
15,0.0205,1430.005,18.33339743589744,1159.54,0.14865897435897435,17.87429
15,0.02075,1436.156,18.41225641025641,1165.981,0.1494847435897436,17.96818
15,0.021,1441.549,18.48139743589744,1172.335,0.15029935897435898,18.05701
15,0.02125,1446.919,18.55024358974359,1178.872,0.15113743589743592,18.14105
15,0.0215,1451.996,18.615333333333336,1184.914,0.15191205128205126,18.22053
15,0.02175,1456.907,18.678294871794872,1190.811,0.15266807692307693,18.29567
15,0.022,1461.391,18.73578205128205,1195.808,0.15330871794871795,18.36654
15,0.02225,1465.012,18.782205128205128,1200.673,0.1539324358974359,18.43328
15,0.0225,1469.522,18.84002564102564,1205.6,0.15456410256410255,18.49617
15,0.02275,1472.926,18.883666666666663,1209.767,0.15509833333333334,18.55528
15,0.023,1475.339,18.914602564102562,1213.908,0.15562923076923074,18.61061
15,0.02325,1478.298,18.95253846153846,1217.836,0.1561328205128205,18.66233
15,0.0235,1481.11,18.988589743589742,1221.162,0.15655923076923078,18.71073
15,0.02375,1482.679,19.00870512820513,1224.984,0.15704923076923075,18.7559
15,0.024,1484.423,19.031064102564102,1227.392,0.15735794871794873,18.79787
15,0.02425,1485.56,19.045641025641025,1230.186,0.15771615384615384,18.83682
15,0.0245,1485.622,19.0464358974359,1232.729,0.1580421794871795,18.87277
15,0.02475,1486.563,19.0585,1234.798,0.1583074358974359,18.90577
15,0.025,1486.565,19.05852564102564,1236.711,0.1585526923076923,18.93591
15,0.02525,1486.182,19.053615384615387,1237.906,0.15870589743589741,18.9634
15,0.0255,1485.116,19.039948717948718,1239.302,0.15888487179487176,18.98839
15,0.02575,1484.366,19.03033333333333,1240.682,0.15906179487179486,19.01071
15,0.026,1483.116,19.014307692307693,1241.872,0.15921435897435898,19.03046
15,0.02625,1481.231,18.990141025641027,1242.263,0.15926448717948719,19.04783
15,0.0265,1479.152,18.96348717948718,1242.675,0.15931730769230767,19.06293
15,0.02675,1477.51,18.9424358974359,1243.154,0.15937871794871794,19.07576
15,0.027,1474.023,18.89773076923077,1243.159,0.15937935897435898,19.08635
15,0.02725,1470.688,18.85497435897436,1242.735,0.159325,19.09495
15,0.0275,1467.302,18.811564102564102,1242.375,0.15927884615384613,19.10174
15,0.02775,1462.991,18.75629487179487,1242.172,0.15925282051282053,19.10662
15,0.028,1458.351,18.696807692307694,1241.675,0.15918910256410257,19.10963
15,0.02825,1453.688,18.63702564102564,1240.577,0.15904833333333335,19.11093
15,0.0285,1448.525,18.570833333333336,1239.532,0.15891435897435896,19.11073
15,0.02875,1443.44,18.505641025641026,1238.537,0.15878679487179487,19.10909
15,0.029,1437.372,18.427846153846158,1237.356,0.15863538461538462,19.10593
15,0.02925,1431.642,18.354384615384618,1236.219,0.1584896153846154,19.10145
15,0.0295,1424.962,18.26874358974359,1234.398,0.15825615384615382,19.09577
15,0.02975,1418.822,18.190025641025642,1232.578,0.15802282051282052,19.0889
15,0.03,1411.857,18.10073076923077,1231.086,0.15783153846153847,19.08075
15,0.03025,1404.436,18.00558974358974,1229.134,0.15758128205128205,19.07149
15,0.0305,1396.506,17.90392307692308,1227.167,0.15732910256410254,19.06135
15,0.03075,1388.754,17.80453846153846,1225.187,0.1570752564102564,19.05015
15,0.031,1380.248,17.69548717948718,1222.797,0.15676884615384615,19.03794
15,0.03125,1371.478,17.583051282051283,1220.409,0.15646269230769233,19.02483
15,0.0315,1362.184,17.463897435897433,1217.521,0.15609243589743588,19.01073
15,0.03175,1352.554,17.3404358974359,1214.612,0.1557194871794872,18.99564
15,0.032,1342.88,17.216410256410256,1211.567,0.15532910256410257,18.97963
15,0.03225,1332.187,17.079320512820512,1208.411,0.1549244871794872,18.96273
15,0.0325,1321.746,16.94546153846154,1204.977,0.1544842307692308,18.94491
15,0.03275,1310.879,16.806141025641022,1201.754,0.15407102564102562,18.92611
15,0.033,1299.561,16.66103846153846,1198.021,0.15359243589743587,18.90638
15,0.03325,1288.344,16.51723076923077,1194.635,0.15315833333333334,18.88578
15,0.0335,1276.636,16.367128205128203,1190.647,0.15264705128205128,18.86425
15,0.03375,1264.119,16.206653846153845,1186.565,0.15212371794871796,18.84179
15,0.034,1251.474,16.044538461538462,1182.521,0.1516052564102564,18.81831
15,0.03425,1239.109,15.88601282051282,1178.483,0.1510875641025641,18.79394
15,0.0345,1226.087,15.719064102564102,1173.676,0.15047128205128205,18.76876
15,0.03475,1212.873,15.549653846153847,1169.083,0.1498824358974359,18.74258
15,0.035,1199.069,15.372679487179486,1164.612,0.14930923076923078,18.71534
15,0.03525,1185.182,15.194641025641026,1159.428,0.1486446153846154,18.687
15,0.0355,1171.067,15.013679487179486,1153.946,0.14794179487179487,18.65773
15,0.03575,1156.237,14.823551282051284,1149.029,0.14731141025641026,18.62755
15,0.036,1141.518,14.634846153846155,1143.792,0.14664,18.59618
15,0.03625,1126.386,14.440846153846154,1138.629,0.1459780769230769,18.56378
15,0.0365,1110.705,14.239807692307691,1132.817,0.1452329487179487,18.53052
15,0.03675,1095.21,14.041153846153845,1127.598,0.14456384615384615,18.49616
15,0.037,1079.883,13.844653846153848,1122.115,0.14386089743589744,18.46066
15,0.03725,1063.3,13.63205128205128,1116.705,0.14316730769230768,18.424
15,0.0375,1047.284,13.426717948717949,1110.288,0.14234461538461537,18.38622
15,0.03775,1030.707,13.214192307692308,1104.708,0.14162923076923079,18.34722
15,0.038,1013.68,12.995897435897435,1098.752,0.140865641025641,18.30692
15,0.03825,996.684,12.778,1092.586,0.1400751282051282,18.26549
15,0.0385,979.4533,12.557093589743591,1086.214,0.1392582051282051,18.22285
15,0.03875,962.227,12.33624358974359,1079.552,0.13840410256410254,18.17884
15,0.039,943.8298,12.10038205128205,1072.124,0.13745179487179487,18.13345
15,0.03925,925.3333,11.863247435897437,1064.278,0.13644589743589744,18.08676
15,0.0395,907.0551,11.628911538461539,1055.974,0.13538128205128205,18.0388
15,0.03975,888.4517,11.39040641025641,1047.833,0.13433756410256412,17.98944
15,0.04,869.6255,11.149044871794871,1039.511,0.133270641025641,17.93861
15,0.04025,849.8942,10.896079487179486,1030.923,0.13216961538461539,17.88645
15,0.0405,830.7028,10.650035897435897,1021.305,0.13093653846153847,17.83284
15,0.04075,811.2779,10.400998717948719,1012.241,0.12977448717948717,17.77758
15,0.041,791.6803,10.149747435897435,1002.644,0.12854410256410256,17.72059
15,0.04125,771.9302,9.896541025641024,993.0679,0.12731639743589743,17.662
15,0.0415,751.5536,9.635302564102563,982.8928,0.12601189743589744,17.6019
15,0.04175,731.3791,9.376655128205128,972.9685,0.12473955128205128,17.54016
15,0.042,710.8081,9.112924358974357,963.468,0.12352153846153845,17.47659
15,0.04225,690.6351,8.854296153846153,953.3405,0.12222314102564102,17.4111
15,0.0425,670.2119,8.592460256410257,943.9121,0.12101437179487179,17.34389
15,0.04275,649.1206,8.322058974358974,934.4592,0.11980246153846155,17.27478
15,0.043,627.8319,8.049126923076923,924.492,0.11852461538461537,17.20345
15,0.04325,606.8049,7.7795499999999995,914.197,0.11720474358974359,17.13018
15,0.0435,585.6124,7.5078512820512815,903.1431,0.11578757692307692,17.05507
15,0.04375,564.5201,7.237437179487179,891.7875,0.11433173076923077,16.97791
15,0.044,542.8566,6.9597,880.2548,0.1128531794871795,16.89853
15,0.04425,521.3074,6.683428205128205,868.7803,0.11138208974358975,16.81692
15,0.0445,498.8801,6.395898717948718,857.0421,0.10987719230769231,16.73325
15,0.04475,476.7399,6.112049999999999,845.1683,0.10835491025641027,16.64727
15,0.045,454.5845,5.82800641025641,833.2382,0.10682541025641026,16.55875
15,0.04525,432.5259,5.5452038461538455,821.1122,0.10527079487179487,16.46802
15,0.0455,410.7468,5.265984615384616,809.0297,0.10372175641025641,16.37499
15,0.04575,387.7947,4.971726923076923,796.6858,0.10213920512820512,16.27945
15,0.046,364.9525,4.678878205128205,784.7465,0.10060852564102564,16.1813
15,0.04625,342.0547,4.385316666666666,772.917,0.09909192307692308,16.08053
15,0.0465,319.5473,4.096760256410256,759.5464,0.09737774358974359,15.97727
15,0.04675,297.0009,3.807703846153846,745.6491,0.09559603846153847,15.87122
15,0.047,274.7133,3.5219653846153847,731.5026,0.09378238461538461,15.76223
15,0.04725,250.8987,3.21665,716.7719,0.09189383333333333,15.65046
15,0.0475,228.0499,2.9237166666666665,701.2743,0.08990696153846153,15.53601
15,0.04775,204.9849,2.628011538461539,686.6011,0.08802578205128204,15.41882
15,0.048,181.7446,2.3300589743589746,670.9677,0.0860215,15.29866
15,0.04825,158.2308,2.0286,655.7422,0.08406951282051282,15.17556
15,0.0485,135.4028,1.7359333333333333,640.958,0.08217410256410256,15.04968
15,0.04875,112.086,1.437,627.5771,0.08045860256410256,14.92083
15,0.049,88.37926,1.133067435897436,613.4331,0.07864526923076923,14.78895
15,0.04925,65.57102,0.8406541025641026,598.8195,0.07677173076923076,14.65397
15,0.0495,42.39405,0.5435134615384616,583.5249,0.07481088461538461,14.51586
15,0.04975,19.05601,0.24430782051282052,567.7412,0.07278733333333333,14.37457
15,0.05,-3.959894,-0.05076787179487179,552.1281,0.07078565384615385,14.23011
15,0.05025,-27.07102,-0.347064358974359,536.4127,0.06877085897435897,14.08272
15,0.0505,-50.01906,-0.6412700000000001,520.3908,0.06671676923076923,13.93231
15,0.05075,-72.94633,-0.935209358974359,504.5002,0.06467951282051282,13.77865
15,0.051,-96.7083,-1.23985,489.2901,0.06272950000000001,13.62154
15,0.05125,-119.3702,-1.5303871794871795,474.2108,0.06079625641025641,13.46106
15,0.0515,-142.7209,-1.829755128205128,458.7028,0.058808051282051285,13.29734
15,0.05175,-165.8664,-2.126492307692308,442.7199,0.05675896153846154,13.13034
15,0.052,-189.2146,-2.4258282051282047,426.1837,0.05463893589743589,12.95973
15,0.05225,-212.424,-2.7233846153846155,409.2085,0.05246262820512821,12.78569
15,0.0525,-235.7635,-3.0226089743589744,391.5646,0.05020058974358974,12.60843
15,0.05275,-258.8792,-3.3189641025641032,374.021,0.047951410256410254,12.42772
15,0.053,-281.2174,-3.605351282051282,356.7784,0.04574082051282051,12.24356
15,0.05325,-304.3858,-3.9023820512820517,340.3551,0.04363526923076923,12.05598
15,0.0535,-327.3404,-4.196671794871795,324.0298,0.041542282051282055,11.86496
15,0.05375,-350.0236,-4.4874820512820515,308.5815,0.039561730769230766,11.67037
15,0.054,-372.6976,-4.7781743589743595,293.1347,0.037581371794871796,11.47201
15,0.05425,-394.9583,-5.063567948717949,277.0875,0.035524038461538454,11.2699
15,0.0545,-417.0788,-5.347164102564103,260.421,0.03338730769230769,11.06404
15,0.05475,-439.3071,-5.632142307692307,244.0875,0.031293269230769236,10.85418
15,0.055,-461.9791,-5.922808974358975,227.9224,0.029220820512820513,10.64
15,0.05525,-483.9547,-6.204547435897436,211.6495,0.02713455128205128,10.42112
15,0.0555,-505.6182,-6.482284615384616,194.9393,0.02499221794871795,10.19747
15,0.05575,-527.1815,-6.75873717948718,179.0323,0.022952858974358975,9.968844
15,0.056,-549.2462,-7.04161794871795,163.4427,0.02095419230769231,9.734941
15,0.05625,-570.8485,-7.318570512820512,147.9565,0.01896878205128205,9.495764
15,0.0565,-591.9342,-7.588900000000001,131.9742,0.016919769230769228,9.251237
15,0.05675,-612.953,-7.858371794871795,115.5338,0.01481202564102564,9.001108
15,0.057,-633.9724,-8.127851282051282,98.74757,0.01265994487179487,8.744873
15,0.05725,-654.9061,-8.396232051282052,81.71147,0.010475829487179488,8.482255
15,0.0575,-675.7309,-8.663216666666667,64.22397,0.008233842307692307,8.213128
15,0.05775,-696.1931,-8.925552564102563,47.36612,0.0060725794871794875,7.936845
15,0.058,-716.5084,-9.186005128205128,30.74436,0.003941584615384615,7.652947
15,0.05825,-736.7974,-9.446120512820514,15.20932,0.0019499128205128207,7.361124
15,0.0585,-756.9876,-9.704969230769231,-0.2125615,-2.7251474358974356e-05,7.061118
15,0.05875,-776.2823,-9.952337179487179,-15.18932,-0.001947348717948718,6.752672
15,0.059,-795.8384,-10.20305641025641,-29.8796,-0.0038307179487179484,6.43504
15,0.05925,-815.7586,-10.45844358974359,-44.08573,-0.0056520166666666665,6.107792
15,0.0595,-835.1511,-10.707065384615385,-58.90424,-0.00755182564102564,5.770467
15,0.05975,-853.7241,-10.94518076923077,-73.80708,-0.009462446153846154,5.42269
15,0.06,-873.0153,-11.192503846153846,-87.83026,-0.011260289743589743,5.064271
15,0.06025,-891.609,-11.430884615384615,-101.5648,-0.013021128205128204,4.694472
15,0.0605,-910.5968,-11.674317948717949,-114.7369,-0.014709858974358976,4.312693
15,0.06075,-929.145,-11.912115384615385,-127.3343,-0.016324910256410256,3.918636
15,0.061,-946.6497,-12.136534615384617,-139.2733,-0.017855551282051282,3.511904
15,0.06125,-964.1662,-12.361105128205129,-149.9268,-0.019221384615384612,3.091911
15,0.0615,-981.8209,-12.587447435897436,-159.9961,-0.020512320512820516,2.657789
15,0.06175,-999.0527,-12.80836794871795,-169.5996,-0.021743538461538463,2.209433
15,0.062,-1015.878,-13.024076923076924,-178.716,-0.022912307692307694,1.746414
15,0.06225,-1032.582,-13.238230769230771,-187.0212,-0.02397707692307692,1.268094
15,0.0625,-1049.158,-13.450743589743588,-194.8299,-0.02497819230769231,0.7743874
15,0.06275,-1065.328,-13.65805128205128,-201.3436,-0.02581328205128205,0.2652993
15,0.063,-1080.956,-13.858410256410256,-207.1582,-0.02655874358974359,-0.2589333
15,0.06325,-1096.741,-14.06078205128205,-212.2444,-0.027210820512820512,-0.7984856
15,0.0635,-1112.317,-14.26047435897436,-215.8237,-0.027669705128205126,-1.352487
15,0.06375,-1127.895,-14.460192307692306,-218.4207,-0.02800265384615385,-1.919522
15,0.064,-1142.793,-14.651192307692307,-219.5551,-0.028148089743589743,-2.498859
15,0.06425,-1157.76,-14.843076923076923,-219.9202,-0.028194897435897433,-3.088964
15,0.0645,-1172.981,-15.03821794871795,-218.775,-0.028048076923076926,-3.687575
15,0.06475,-1186.76,-15.214871794871796,-216.466,-0.027752051282051285,-4.292639
15,0.065,-1201.4,-15.402564102564103,-212.7827,-0.027279833333333336,-4.90193
15,0.06525,-1215.488,-15.583179487179489,-208.442,-0.026723333333333335,-5.512664
15,0.0655,-1229.298,-15.76023076923077,-202.8027,-0.02600034615384615,-6.121873
15,0.06575,-1241.866,-15.921358974358975,-196.3629,-0.02517473076923077,-6.727158
15,0.066,-1254.745,-16.086474358974357,-188.8231,-0.024208089743589744,-7.326377
15,0.06625,-1267.666,-16.252128205128205,-180.9902,-0.02320387179487179,-7.917107
15,0.0665,-1279.518,-16.40407692307692,-173.3704,-0.022226974358974357,-8.497466
15,0.06675,-1291.019,-16.55152564102564,-164.4428,-0.021082410256410257,-9.065652
15,0.067,-1303.014,-16.70530769230769,-155.3803,-0.019920551282051283,-9.620132
15,0.06725,-1314.681,-16.854884615384616,-145.7735,-0.018688910256410257,-10.15977
15,0.0675,-1325.172,-16.989384615384616,-136.1253,-0.01745196153846154,-10.68349
15,0.06775,-1336.008,-17.12830769230769,-125.6286,-0.016106230769230772,-11.19036
15,0.068,-1346.26,-17.25974358974359,-114.7295,-0.014708910256410256,-11.67974
15,0.06825,-1355.788,-17.381897435897436,-103.8477,-0.01331380769230769,-12.15103
15,0.0685,-1365.562,-17.507205128205126,-93.10527,-0.011936573076923078,-12.60384
15,0.06875,-1374.414,-17.62069230769231,-82.29111,-0.010550142307692308,-13.0382
15,0.069,-1383.74,-17.74025641025641,-71.11575,-0.009117403846153846,-13.45423
15,0.06925,-1391.558,-17.84048717948718,-60.15079,-0.007711639743589744,-13.85213
15,0.0695,-1399.287,-17.93957692307692,-49.30054,-0.006320582051282051,-14.23202
15,0.06975,-1406.454,-18.03146153846154,-39.50801,-0.005065129487179487,-14.59441
15,0.07,-1413.735,-18.12480769230769,-29.71959,-0.003810203846153846,-14.93972
15,0.07025,-1420.301,-18.20898717948718,-20.62768,-0.002644574358974359,-15.2684
15,0.0705,-1426.299,-18.285884615384614,-11.86246,-0.0015208282051282051,-15.58086
15,0.07075,-1432.182,-18.36130769230769,-3.678451,-0.00047159628205128203,-15.87768
15,0.071,-1438.012,-18.43605128205128,4.620664,0.0005923928205128205,-16.15953
15,0.07125,-1443.453,-18.50580769230769,12.30111,0.0015770653846153846,-16.42708
15,0.0715,-1448.509,-18.570628205128205,20.13079,0.002580870512820513,-16.68074
15,0.07175,-1453.156,-18.63020512820513,27.40259,0.003513152564102564,-16.92102
15,0.072,-1457.724,-18.688769230769232,35.16344,0.004508133333333334,-17.14865
15,0.07225,-1461.37,-18.73551282051282,42.48916,0.005447328205128205,-17.36402
15,0.0725,-1465.178,-18.784333333333336,49.25407,0.0063146243589743585,-17.56754
15,0.07275,-1468.302,-18.824384615384613,56.10114,0.0071924538461538455,-17.75965
15,0.073,-1472.107,-18.873166666666666,62.23581,0.00797895,-17.94095
15,0.07325,-1474.792,-18.907589743589742,68.14734,0.008736838461538462,-18.11179
15,0.0735,-1476.777,-18.933038461538462,73.77335,0.009458121794871795,-18.27247
15,0.07375,-1479.014,-18.96171794871795,79.83783,0.010235619230769231,-18.42336
15,0.074,-1480.329,-18.978576923076922,85.10323,0.010910670512820513,-18.56474
15,0.07425,-1481.382,-18.992076923076926,89.90411,0.011526167948717948,-18.69699
15,0.0745,-1482.153,-19.00196153846154,93.80433,0.012026196153846152,-18.82063
15,0.07475,-1482.466,-19.00597435897436,98.4501,0.012621807692307693,-18.93591
15,0.075,-1482.072,-19.000923076923076,102.6082,0.013154897435897435,-19.0433
15,0.07525,-1481.659,-18.995628205128206,105.9935,0.013588910256410257,-19.14312
15,0.0755,-1481.158,-18.989205128205125,109.4045,0.014026217948717948,-19.23557
15,0.07575,-1480.473,-18.980423076923078,112.9935,0.014486346153846153,-19.32105
15,0.076,-1479.056,-18.96225641025641,116.3619,0.014918192307692308,-19.39981
15,0.07625,-1477.034,-18.936333333333337,118.7619,0.015225884615384617,-19.47211
15,0.0765,-1474.818,-18.90792307692308,120.6612,0.015469384615384614,-19.53802
15,0.07675,-1471.999,-18.87178205128205,123.0653,0.015777602564102565,-19.59791
15,0.077,-1469.32,-18.8374358974359,125.6752,0.016112205128205128,-19.65235
15,0.07725,-1466.472,-18.800923076923077,127.6304,0.016362871794871794,-19.70134
15,0.0775,-1462.182,-18.745923076923077,128.9999,0.01653844871794872,-19.74511
15,0.07775,-1458.379,-18.697166666666664,130.1622,0.01668746153846154,-19.78397
15,0.078,-1454.136,-18.64276923076923,131.8044,0.016897999999999996,-19.81821
15,0.07825,-1449.016,-18.577128205128208,132.9678,0.017047153846153847,-19.84813
15,0.0785,-1443.891,-18.511423076923077,133.3443,0.017095423076923077,-19.87382
15,0.07875,-1438.543,-18.442858974358973,133.8485,0.017160064102564106,-19.89573
15,0.079,-1432.567,-18.36624358974359,134.7675,0.017277884615384615,-19.91412
15,0.07925,-1427.354,-18.29941025641026,135.5587,0.017379320512820512,-19.92909
15,0.0795,-1420.454,-18.210948717948718,135.3419,0.017351525641025642,-19.9408
15,0.07975,-1413.776,-18.125333333333337,135.2742,0.017342846153846157,-19.94952
15,0.08,-1406.822,-18.036179487179485,135.5776,0.01738174358974359,-19.95557
15,0.08025,-1399.49,-17.942179487179487,135.9774,0.017433,-19.9591
15,0.0805,-1391.654,-17.84171794871795,135.708,0.01739846153846154,-19.96023
15,0.08075,-1383.761,-17.74052564102564,135.1499,0.017326910256410255,-19.95924
15,0.081,-1375.092,-17.629384615384616,135.1356,0.017325076923076922,-19.95638
15,0.08125,-1366.204,-17.5154358974359,134.7467,0.01727521794871795,-19.9517
15,0.0815,-1357.262,-17.400794871794872,134.4708,0.017239846153846154,-19.94532
15,0.08175,-1347.89,-17.280641025641028,133.8135,0.017155576923076926,-19.93743
15,0.082,-1337.55,-17.14807692307692,133.5406,0.017120589743589744,-19.9282
15,0.08225,-1327.785,-17.022884615384616,133.2641,0.017085141025641026,-19.9177
15,0.0825,-1316.917,-16.883551282051283,132.7839,0.017023576923076923,-19.90598
15,0.08275,-1305.726,-16.740076923076927,131.9362,0.016914897435897438,-19.89312
15,0.083,-1294.661,-16.59821794871795,131.866,0.016905897435897436,-19.87919
15,0.08325,-1283.646,-16.457,131.3244,0.01683646153846154,-19.86416
15,0.0835,-1271.327,-16.299064102564103,130.3926,0.016717,-19.84799
15,0.08375,-1258.811,-16.138602564102563,129.8759,0.016650756410256408,-19.83084
15,0.084,-1246.588,-15.981897435897435,129.0903,0.016550038461538463,-19.8128
15,0.08425,-1234.194,-15.823,128.4175,0.01646378205128205,-19.79374
15,0.0845,-1220.802,-15.651307692307691,127.4502,0.01633976923076923,-19.77358
15,0.08475,-1207.389,-15.479346153846153,127.0369,0.01628678205128205,-19.75245
15,0.085,-1193.913,-15.306576923076923,126.1549,0.01617370512820513,-19.73037
15,0.08525,-1180.613,-15.136064102564104,125.3127,0.01606573076923077,-19.70725
15,0.0855,-1165.786,-14.94597435897436,123.5931,0.015845269230769232,-19.68307
15,0.08575,-1151.786,-14.76648717948718,122.8015,0.015743782051282053,-19.65796
15,0.086,-1136.609,-14.571910256410256,121.8477,0.0156215,-19.63195
15,0.08625,-1121.464,-14.37774358974359,121.0761,0.015522576923076922,-19.605
15,0.0865,-1106.23,-14.182435897435898,119.458,0.015315128205128203,-19.57705
15,0.08675,-1090.64,-13.982564102564103,117.8518,0.015109205128205128,-19.54804
15,0.087,-1074.609,-13.777038461538462,117.1292,0.015016564102564103,-19.51807
15,0.08725,-1059.133,-13.578628205128204,115.313,0.014783717948717948,-19.48712
15,0.0875,-1042.435,-13.36455128205128,113.8522,0.014596435897435898,-19.4551
15,0.08775,-1025.575,-13.148397435897438,112.0687,0.014367782051282052,-19.42197
15,0.088,-1008.772,-12.93297435897436,110.9951,0.014230141025641026,-19.38776
15,0.08825,-992.0723,-12.71887564102564,109.8906,0.014088538461538461,-19.35244
15,0.0885,-974.4145,-12.49249358974359,107.992,0.013845128205128206,-19.31588
15,0.08875,-956.6494,-12.264735897435898,106.0749,0.013599346153846153,-19.27819
15,0.089,-938.6437,-12.03389358974359,104.7326,0.013427256410256412,-19.23935
15,0.08925,-920.3589,-11.799473076923075,103.4345,0.013260833333333333,-19.19917
15,0.0895,-902.0498,-11.564741025641025,101.6171,0.013027833333333332,-19.15761
15,0.08975,-883.8243,-11.33108076923077,99.73939,0.012787101282051282,-19.11475
15,0.09,-864.3452,-11.081348717948718,97.87791,0.01254845,-19.07073
15,0.09025,-845.4333,-10.838888461538462,96.68235,0.012395173076923076,-19.02532
15,0.0905,-825.5172,-10.583553846153846,94.74184,0.012146389743589742,-18.97829
15,0.09075,-806.0426,-10.333879487179487,92.87938,0.01190761282051282,-18.92979
15,0.091,-786.8046,-10.087238461538462,90.81259,0.011642639743589743,-18.87992
15,0.09125,-766.4792,-9.82665641025641,89.21053,0.011437247435897437,-18.82851
15,0.0915,-746.3513,-9.568606410256411,87.08002,0.01116410512820513,-18.77538
15,0.09175,-726.4817,-9.313867948717949,85.01284,0.01089908205128205,-18.72056
15,0.092,-705.9329,-9.050421794871797,83.00743,0.010641978205128204,-18.6641
15,0.09225,-685.5756,-8.789430769230771,80.94907,0.010378085897435899,-18.60579
15,0.0925,-664.9179,-8.524588461538462,78.66678,0.010085484615384617,-18.54551
15,0.09275,-643.7623,-8.253362820512821,76.48194,0.009805376923076923,-18.48319
15,0.093,-623.4105,-7.992442307692307,74.1022,0.00950028205128205,-18.41892
15,0.09325,-602.7954,-7.728146153846153,71.51832,0.009169015384615384,-18.35257
15,0.0935,-580.7291,-7.445244871794872,68.99033,0.008844914102564102,-18.28393
15,0.09375,-559.7088,-7.175753846153846,66.35253,0.008506734615384615,-18.21298
15,0.094,-537.719,-6.893833333333334,63.74669,0.008172652564102564,-18.13965
15,0.09425,-516.2297,-6.618329487179487,61.44439,0.007877485897435896,-18.06381
15,0.0945,-494.2258,-6.336228205128205,58.86699,0.0075470500000000005,-17.98541
15,0.09475,-471.5806,-6.045905128205129,56.05957,0.007187124358974359,-17.90428
15,0.095,-450.1875,-5.771634615384615,53.31313,0.0068350166666666665,-17.82043
15,0.09525,-428.0747,-5.488137179487179,50.69455,0.0064993012820512815,-17.7338
15,0.0955,-405.9,-5.203846153846153,47.38474,0.0060749666666666665,-17.64408
15,0.09575,-382.7089,-4.90652435897436,45.04441,0.005774924358974359,-17.55127
15,0.096,-360.4897,-4.621662820512821,42.56211,0.005456680769230769,-17.45532
15,0.09625,-337.6515,-4.328865384615384,39.49918,0.005063997435897437,-17.35596
15,0.0965,-314.9633,-4.037991025641026,36.60823,0.00469336282051282,-17.253
15,0.09675,-292.3075,-3.747532051282051,34.09867,0.004371624358974359,-17.14637
15,0.097,-269.3625,-3.4533653846153847,31.60813,0.004052324358974359,-17.03614
15,0.09725,-246.5285,-3.160621794871795,28.86444,0.0037005692307692305,-16.92204
15,0.0975,-223.7481,-2.8685653846153847,25.40502,0.003257053846153846,-16.80376
15,0.09775,-200.8791,-2.575373076923077,23.47138,0.003009151282051282,-16.68125
15,0.098,-177.4823,-2.275414102564103,21.15105,0.0027116730769230772,-16.55455
15,0.09825,-153.9543,-1.9737730769230768,18.47579,0.0023686910256410254,-16.42354
15,0.0985,-130.7231,-1.6759371794871794,15.80779,0.002026639743589744,-16.28785
15,0.09875,-107.7842,-1.3818487179487178,13.43,0.001721794871794872,-16.14743
15,0.099,-84.2137,-1.0796628205128207,11.25831,0.001443373076923077,-16.00231
15,0.09925,-61.3933,-0.7870935897435898,9.162499,0.001174679358974359,-15.85231
15,0.0995,-37.82836,-0.4849789743589744,6.838441,0.0008767232051282052,-15.69715
15,0.09975,-14.83929,-0.1902473076923077,4.119458,0.0005281356410256411,-15.53659
15,0.1,4.445809,0.05699755128205128,2.310332,0.00029619641025641026,-15.38048
16,0.0,7.239959,0.09281998717948717,0.0,0.0,-16.42315
16,0.00025,30.58423,0.39210551282051287,-3.585897,-0.0004597303846153846,-16.23624
16,0.0005,57.48744,0.7370184615384615,-7.25572,-0.0009302205128205129,-16.04322
16,0.00075,82.10082,1.0525746153846154,-10.10589,-0.001295626923076923,-15.84394
16,0.001,106.3961,1.3640525641025643,-13.83473,-0.0017736833333333332,-15.63824
16,0.00125,130.856,1.6776410256410257,-17.11708,-0.0021944974358974363,-15.42587
16,0.0015,153.8294,1.972171794871795,-20.15216,-0.002583610256410256,-15.2066
16,0.00175,178.387,2.28701282051282,-22.63427,-0.002901829487179487,-14.98008
16,0.002,202.3324,2.594005128205128,-25.70896,-0.003296020512820513,-14.74609
16,0.00225,226.0493,2.898067948717949,-28.60972,-0.0036679128205128206,-14.50435
16,0.0025,249.7044,3.2013384615384615,-30.66415,-0.003931301282051282,-14.25432
16,0.00275,273.56,3.5071794871794872,-32.49583,-0.004166132051282051,-13.99582
16,0.003,297.4132,3.8129897435897435,-34.51654,-0.004425197435897436,-13.72872
16,0.00325,320.9183,4.114337179487179,-36.43018,-0.004670535897435897,-13.45261
16,0.0035,344.6063,4.418029487179487,-37.40906,-0.004796033333333333,-13.16714
16,0.00375,368.3187,4.722034615384615,-37.92948,-0.004862753846153846,-12.8718
16,0.004,391.5027,5.019265384615385,-38.16812,-0.004893348717948718,-12.56625
16,0.00425,415.4324,5.3260564102564105,-38.66933,-0.00495760641025641,-12.25004
16,0.0045,438.8965,5.626878205128205,-38.17401,-0.004894103846153846,-11.92249
16,0.00475,462.8666,5.934187179487179,-36.80295,-0.004718326923076923,-11.58324
16,0.005,486.4316,6.236302564102564,-35.045,-0.004492948717948719,-11.23178
16,0.00525,510.3222,6.542592307692308,-32.92507,-0.0042211628205128205,-10.86742
16,0.0055,533.331,6.837576923076923,-30.32237,-0.003887483333333333,-10.4895
16,0.00575,556.468,7.134205128205128,-25.92427,-0.0033236243589743588,-10.09722
16,0.006,579.3466,7.427520512820513,-21.58225,-0.002766955128205128,-9.689672
16,0.00625,601.9209,7.716934615384615,-16.31449,-0.002091601282051282,-9.265788
16,0.0065,625.1186,8.014341025641027,-10.54572,-0.0013520153846153845,-8.824616
16,0.00675,647.272,8.298358974358974,-3.521579,-0.0004514844871794872,-8.365321
16,0.007,669.0768,8.577907692307694,5.100888,0.00065396,-7.887018
16,0.00725,691.3816,8.863866666666667,14.32712,0.0018368102564102564,-7.388586
16,0.0075,712.6907,9.137060256410255,24.60694,0.0031547358974358974,-6.868554
16,0.00775,733.9045,9.40903205128205,37.70104,0.004833466666666666,-6.325451
16,0.008,755.0175,9.67971153846154,52.39935,0.006717865384615384,-5.757951
16,0.00825,776.1812,9.951041025641025,70.29021,0.009011565384615384,-5.164553
16,0.0085,796.9473,10.217273076923076,89.89646,0.011525187179487181,-4.543762
16,0.00875,817.3674,10.47906923076923,112.457,0.0144175641025641,-3.894249
16,0.009,837.7805,10.74077564102564,137.3118,0.017604076923076924,-3.214615
16,0.00925,858.5273,11.006760256410256,162.4493,0.020826833333333333,-2.503211
16,0.0095,878.0596,11.25717435897436,188.4315,0.024157884615384616,-1.758273
16,0.00975,898.5998,11.520510256410256,217.5526,0.027891358974358977,-0.97859
16,0.01,918.4856,11.775456410256409,249.3354,0.03196607692307692,-0.1637929
16,0.01025,937.8801,12.024103846153846,283.1986,0.03630751282051282,0.6862223
16,0.0105,957.734,12.278641025641026,317.7926,0.04074264102564103,1.570828
16,0.01075,977.2206,12.52846923076923,353.5894,0.04533197435897436,2.487858
16,0.011,996.7185,12.778442307692307,395.5315,0.050709166666666666,3.43335
16,0.01125,1017.505,13.044935897435897,441.2985,0.056576730769230775,4.402343
16,0.0115,1036.906,13.293666666666667,484.7579,0.06214844871794872,5.389155
16,0.01175,1057.16,13.553333333333335,526.6715,0.06752198717948718,6.386604
16,0.012,1077.152,13.809641025641026,570.0833,0.07308760256410256,7.386283
16,0.01225,1098.051,14.077576923076922,613.168,0.07861128205128205,8.378152
16,0.0125,1118.329,14.337551282051281,652.7446,0.08368520512820513,9.34964
16,0.01275,1138.596,14.597384615384616,693.8468,0.08895471794871795,10.28567
16,0.013,1157.74,14.842820512820513,736.569,0.09443192307692308,11.17081
16,0.01325,1176.698,15.085871794871796,776.7099,0.09957819230769231,11.99253
16,0.0135,1194.316,15.311743589743589,810.6004,0.10392312820512821,12.74247
16,0.01375,1210.999,15.525628205128205,841.0612,0.10782835897435897,13.41707
16,0.014,1226.26,15.721282051282051,868.8512,0.11139117948717948,14.01766
16,0.01425,1241.287,15.913935897435898,894.1739,0.11463767948717948,14.54952
16,0.0145,1255.019,16.08998717948718,916.9088,0.11755241025641026,15.02075
16,0.01475,1267.987,16.25624358974359,937.0111,0.12012962820512822,15.4402
16,0.015,1280.652,16.418615384615386,954.4959,0.12237126923076924,15.81631
16,0.01525,1293.757,16.586628205128207,971.1984,0.12451261538461537,16.15678
16,0.0155,1306.164,16.74569230769231,987.3462,0.12658284615384613,16.4679
16,0.01575,1318.372,16.90220512820513,1003.384,0.12863897435897437,16.75439
16,0.016,1331.08,17.065128205128204,1019.632,0.13072205128205128,17.01954
16,0.01625,1342.457,17.21098717948718,1035.23,0.13272179487179486,17.26603
16,0.0165,1354.528,17.36574358974359,1050.76,0.13471282051282052,17.49604
16,0.01675,1366.366,17.51751282051282,1065.183,0.13656192307692308,17.71101
16,0.017,1377.18,17.65615384615385,1079.061,0.13834115384615384,17.91222
16,0.01725,1388.289,17.798576923076922,1091.734,0.1399658974358974,18.10104
16,0.0175,1399.384,17.940820512820512,1103.456,0.14146871794871793,18.27893
16,0.01775,1410.487,18.083166666666667,1114.847,0.14292910256410257,18.44666
16,0.018,1419.924,18.204153846153847,1124.987,0.1442291025641026,18.60484
16,0.01825,1430.213,18.3360641025641,1134.893,0.14549910256410256,18.75441
16,0.0185,1439.977,18.46124358974359,1144.378,0.1467151282051282,18.89618
16,0.01875,1449.744,18.58646153846154,1154.002,0.14794897435897433,19.03061
16,0.019,1458.66,18.70076923076923,1163.193,0.1491273076923077,19.15789
16,0.01925,1467.446,18.813410256410254,1172.238,0.15028692307692307,19.27858
16,0.0195,1475.744,18.91979487179487,1180.43,0.1513371794871795,19.39317
16,0.01975,1483.684,19.021589743589743,1188.676,0.15239435897435896,19.50187
16,0.02,1491.236,19.118410256410257,1196.594,0.1534094871794872,19.60489
16,0.02025,1498.269,19.208576923076922,1203.757,0.1543278205128205,19.70251
16,0.0205,1505.034,19.295307692307695,1210.505,0.15519294871794873,19.79512
16,0.02075,1511.459,19.37767948717949,1217.365,0.1560724358974359,19.88293
16,0.021,1517.535,19.455576923076926,1223.799,0.1568973076923077,19.96602
16,0.02125,1523.463,19.531576923076923,1229.944,0.1576851282051282,20.04474
16,0.0215,1528.519,19.596397435897437,1235.423,0.1583875641025641,20.11929
16,0.02175,1533.532,19.660666666666664,1241.06,0.1591102564102564,20.18972
16,0.022,1538.148,19.719846153846152,1246.503,0.1598080769230769,20.25625
16,0.02225,1542.64,19.777435897435897,1251.127,0.16040089743589742,20.31915
16,0.0225,1546.596,19.828153846153846,1255.791,0.16099884615384613,20.37861
16,0.02275,1550.052,19.87246153846154,1259.877,0.1615226923076923,20.4347
16,0.023,1553.124,19.911846153846152,1263.524,0.1619902564102564,20.48739
16,0.02325,1555.822,19.946435897435894,1267.098,0.1624484615384615,20.53682
16,0.0235,1558.239,19.977423076923078,1270.781,0.16292064102564102,20.58308
16,0.02375,1560.334,20.00428205128205,1273.968,0.16332923076923078,20.62619
16,0.024,1561.546,20.019820512820512,1276.613,0.16366833333333336,20.66623
16,0.02425,1562.784,20.035692307692308,1279.335,0.1640173076923077,20.70336
16,0.0245,1563.61,20.046282051282052,1281.264,0.16426461538461537,20.73774
16,0.02475,1564.391,20.056294871794872,1283.85,0.16459615384615384,20.76922
16,0.025,1563.939,20.0505,1285.788,0.1648446153846154,20.79779
16,0.02525,1563.972,20.050923076923077,1287.209,0.1650267948717949,20.82373
16,0.0255,1563.154,20.0404358974359,1288.227,0.1651573076923077,20.84716
16,0.02575,1562.893,20.037089743589743,1290.072,0.16539384615384614,20.86803
16,0.026,1561.339,20.017166666666665,1290.928,0.16550358974358975,20.88639
16,0.02625,1559.708,19.99625641025641,1291.605,0.1655903846153846,20.90251
16,0.0265,1557.59,19.969102564102563,1291.887,0.16562653846153846,20.91653
16,0.02675,1555.053,19.936576923076924,1292.628,0.16572153846153845,20.92827
16,0.027,1551.98,19.89717948717949,1292.485,0.16570320512820513,20.93781
16,0.02725,1548.443,19.85183333333333,1292.468,0.16570102564102565,20.94536
16,0.0275,1545.063,19.8085,1292.5,0.1657051282051282,20.95104
16,0.02775,1540.558,19.75074358974359,1292.048,0.1656471794871795,20.95485
16,0.028,1535.546,19.68648717948718,1291.632,0.16559384615384615,20.95687
16,0.02825,1530.555,19.6225,1290.557,0.16545602564102563,20.95737
16,0.0285,1525.408,19.556512820512822,1289.949,0.16537807692307693,20.95633
16,0.02875,1519.803,19.484653846153847,1288.907,0.16524448717948717,20.95374
16,0.029,1513.903,19.40901282051282,1288.061,0.1651360256410256,20.94971
16,0.02925,1506.989,19.320371794871797,1286.817,0.16497653846153845,20.94441
16,0.0295,1499.795,19.228141025641026,1285.126,0.16475974358974357,20.93798
16,0.02975,1493.246,19.14417948717949,1283.82,0.1645923076923077,20.93032
16,0.03,1485.381,19.043346153846155,1282.438,0.1644151282051282,20.92153
16,0.03025,1477.602,18.943615384615388,1280.724,0.1641953846153846,20.91184
16,0.0305,1469.512,18.839897435897434,1278.798,0.16394846153846154,20.90114
16,0.03075,1461.171,18.732961538461538,1277.138,0.16373564102564103,20.88932
16,0.031,1451.824,18.613128205128206,1275.007,0.1634624358974359,20.87642
16,0.03125,1442.652,18.495538461538462,1272.914,0.16319410256410255,20.86262
16,0.0315,1432.956,18.37123076923077,1270.51,0.16288589743589743,20.84787
16,0.03175,1422.701,18.239756410256412,1268.238,0.1625946153846154,20.83203
16,0.032,1413.106,18.11674358974359,1265.418,0.1622330769230769,20.81525
16,0.03225,1402.358,17.978948717948718,1262.675,0.16188141025641026,20.79744
16,0.0325,1391.066,17.834179487179487,1259.505,0.161475,20.77864
16,0.03275,1379.926,17.691358974358973,1256.199,0.16105115384615387,20.75883
16,0.033,1367.703,17.534653846153848,1252.442,0.16056948717948716,20.73798
16,0.03325,1355.755,17.38147435897436,1248.872,0.1601117948717949,20.71626
16,0.0335,1343.837,17.228679487179487,1244.989,0.15961397435897437,20.6937
16,0.03375,1330.841,17.0620641025641,1241.025,0.15910576923076925,20.67012
16,0.034,1317.802,16.894897435897434,1236.788,0.1585625641025641,20.64544
16,0.03425,1304.816,16.728410256410257,1232.505,0.15801346153846157,20.61975
16,0.0345,1291.128,16.552923076923076,1227.819,0.1574126923076923,20.59323
16,0.03475,1276.74,16.36846153846154,1223.137,0.15681243589743588,20.56562
16,0.035,1261.97,16.179102564102564,1218.194,0.15617871794871796,20.53683
16,0.03525,1247.279,15.99075641025641,1213.294,0.15555051282051283,20.50718
16,0.0355,1232.939,15.806910256410259,1207.745,0.15483910256410255,20.47654
16,0.03575,1216.957,15.602012820512822,1202.268,0.1541369230769231,20.44478
16,0.036,1201.562,15.404641025641023,1196.985,0.1534596153846154,20.4118
16,0.03625,1184.817,15.189961538461539,1191.033,0.15269653846153844,20.37767
16,0.0365,1168.819,14.984858974358975,1185.111,0.1519373076923077,20.34254
16,0.03675,1152.18,14.771538461538462,1179.197,0.15117910256410255,20.30614
16,0.037,1135.358,14.555871794871795,1172.685,0.15034423076923076,20.26847
16,0.03725,1118.321,14.337448717948718,1166.33,0.14952948717948716,20.22973
16,0.0375,1101.304,14.119282051282052,1158.876,0.14857384615384614,20.18984
16,0.03775,1083.356,13.889179487179486,1152.012,0.14769384615384615,20.14864
16,0.038,1065.96,13.666153846153845,1145.331,0.14683730769230768,20.10599
16,0.03825,1047.981,13.435653846153846,1138.097,0.14590987179487178,20.06211
16,0.0385,1029.87,13.203461538461537,1130.788,0.1449728205128205,20.01704
16,0.03875,1011.577,12.968935897435896,1123.683,0.14406192307692306,19.97057
16,0.039,992.5192,12.724605128205129,1116.077,0.14308679487179488,19.92266
16,0.03925,973.1824,12.476697435897437,1108.482,0.14211307692307693,19.87325
16,0.0395,954.7923,12.240926923076922,1099.355,0.14094294871794874,19.82237
16,0.03975,934.6147,11.982239743589744,1090.667,0.13982910256410255,19.76992
16,0.04,914.9923,11.730670512820511,1081.655,0.13867371794871797,19.71576
16,0.04025,894.835,11.47224358974359,1072.125,0.13745192307692308,19.66003
16,0.0405,874.3951,11.21019358974359,1061.476,0.1360866666666667,19.60263
16,0.04075,853.8473,10.946760256410256,1050.763,0.13471320512820512,19.54354
16,0.041,833.0494,10.680120512820514,1040.132,0.1333502564102564,19.48272
16,0.04125,812.5512,10.417323076923077,1029.305,0.13196217948717948,19.42003
16,0.0415,791.3551,10.145578205128206,1017.822,0.13049,19.35565
16,0.04175,769.9929,9.871703846153846,1006.764,0.1290723076923077,19.28941
16,0.042,748.5365,9.596621794871796,995.7077,0.12765483333333333,19.22123
16,0.04225,726.9281,9.319591025641026,985.1196,0.12629738461538462,19.1513
16,0.0425,705.2493,9.041657692307691,973.7352,0.12483784615384613,19.07954
16,0.04275,683.2981,8.76023205128205,963.7709,0.12356037179487178,19.0057
16,0.043,660.9568,8.473805128205129,953.5092,0.12224476923076923,18.92959
16,0.04325,638.2828,8.18311282051282,943.0301,0.12090129487179485,18.85136
16,0.0435,616.2474,7.900607692307692,931.871,0.11947064102564102,18.77105
16,0.04375,593.4635,7.6085064102564095,920.3856,0.11799815384615385,18.68846
16,0.044,570.4121,7.312975641025641,908.29,0.11644743589743589,18.60355
16,0.04425,547.3745,7.017621794871795,896.1023,0.11488491025641026,18.5162
16,0.0445,524.3606,6.7225717948717945,884.0121,0.11333488461538462,18.42654
16,0.04475,501.4601,6.428975641025642,871.3549,0.11171216666666667,18.33444
16,0.045,478.2974,6.132017948717948,858.0237,0.11000303846153846,18.23954
16,0.04525,454.9107,5.832188461538461,844.532,0.10827333333333333,18.14198
16,0.0455,431.7656,5.53545641025641,831.1731,0.10656065384615383,18.04195
16,0.04575,407.9241,5.229796153846154,817.8998,0.10485894871794872,17.93923
16,0.046,384.4261,4.928539743589744,804.0768,0.10308676923076923,17.83373
16,0.04625,360.2908,4.619112820512821,790.3409,0.10132575641025642,17.72557
16,0.0465,337.241,4.323602564102564,775.8005,0.09946160256410258,17.61475
16,0.04675,313.0941,4.014026923076924,760.7057,0.0975263717948718,17.50105
16,0.047,289.8406,3.715905128205128,744.2937,0.09542226923076921,17.38428
16,0.04725,265.0262,3.397771794871795,727.7577,0.09330226923076923,17.26456
16,0.0475,240.6904,3.085774358974359,710.7202,0.09111797435897435,17.14185
16,0.04775,216.238,2.772282051282051,694.3055,0.08901352564102565,17.01606
16,0.048,192.1955,2.464044871794872,677.6382,0.08687669230769231,16.8871
16,0.04825,167.1131,2.142475641025641,662.0895,0.08488326923076923,16.75494
16,0.0485,142.9069,1.8321397435897435,646.8529,0.08292985897435896,16.61968
16,0.04875,118.5736,1.520174358974359,632.2597,0.08105893589743589,16.48097
16,0.049,93.92988,1.2042292307692308,616.9276,0.07909328205128205,16.33873
16,0.04925,69.27143,0.8880952564102563,600.9822,0.077049,16.19337
16,0.0495,44.2868,0.5677794871794872,584.8842,0.07498515384615384,16.04487
16,0.04975,20.34604,0.2608466666666666,568.565,0.07289294871794873,15.89308
16,0.05,-4.286074,-0.05494966666666667,551.8612,0.0707514358974359,15.73821
16,0.05025,-28.67457,-0.36762269230769234,534.8281,0.06856770512820512,15.58014
16,0.0505,-53.37506,-0.684295641025641,516.8282,0.06626002564102565,15.41864
16,0.05075,-77.65871,-0.9956244871794871,500.2447,0.0641339358974359,15.25353
16,0.051,-102.1227,-1.3092653846153846,483.4394,0.06197941025641025,15.08456
16,0.05125,-126.6611,-1.6238602564102564,466.4931,0.059806807692307694,14.91178
16,0.0515,-150.845,-1.9339102564102564,448.3442,0.05748002564102564,14.73537
16,0.05175,-175.2142,-2.2463358974358973,429.6717,0.055086115384615386,14.55545
16,0.052,-199.8742,-2.562489743589744,409.8364,0.05254312820512821,14.37184
16,0.05225,-224.4622,-2.8777205128205128,390.6304,0.05008082051282051,14.18452
16,0.0525,-248.0424,-3.180030769230769,371.0036,0.04756456410256411,13.99364
16,0.05275,-272.2506,-3.490392307692308,352.8935,0.045242756410256414,13.79901
16,0.053,-296.3134,-3.798889743589744,335.5915,0.043024551282051286,13.60063
16,0.05325,-320.2313,-4.105529487179487,319.69,0.040985897435897437,13.39851
16,0.0535,-344.1878,-4.412664102564102,303.2694,0.03888069230769231,13.19253
16,0.05375,-367.9295,-4.717044871794872,286.0988,0.03667933333333333,12.98265
16,0.054,-391.379,-5.017679487179487,268.8072,0.03446246153846154,12.7687
16,0.05425,-414.9003,-5.319234615384616,251.6748,0.032266,12.55064
16,0.0545,-438.7682,-5.625233333333333,233.8033,0.02997478205128205,12.32843
16,0.05475,-462.1467,-5.924957692307692,215.6935,0.02765301282051282,12.10153
16,0.055,-485.6595,-6.226403846153846,197.5687,0.025329320512820514,11.86962
16,0.05525,-508.9915,-6.525532051282051,180.3331,0.023119628205128206,11.63247
16,0.0555,-532.2262,-6.82341282051282,163.1872,0.020921435897435895,11.3902
16,0.05575,-555.627,-7.123423076923077,145.9623,0.018713115384615387,11.1426
16,0.056,-578.3659,-7.414947435897436,127.0431,0.016287576923076922,10.88881
16,0.05625,-601.1569,-7.707139743589743,107.163,0.013738846153846154,10.62862
16,0.0565,-623.9702,-7.999617948717948,87.98791,0.011280501282051282,10.36188
16,0.05675,-646.2649,-8.285447435897437,68.61619,0.008796947435897437,10.08835
16,0.057,-668.5048,-8.57057435897436,49.6086,0.006360076923076924,9.807401
16,0.05725,-690.564,-8.853384615384615,31.76873,0.0040729141025641034,9.518718
16,0.0575,-712.5699,-9.135511538461538,15.43816,0.001979251282051282,9.222288
16,0.05775,-733.5888,-9.404984615384615,-0.1223601,-1.5687192307692307e-05,8.917461
16,0.058,-754.9115,-9.678352564102564,-16.1986,-0.0020767435897435897,8.603427
16,0.05825,-776.2717,-9.952201282051282,-32.43759,-0.0041586653846153844,8.27954
16,0.0585,-797.1497,-10.21986794871795,-48.72188,-0.006246394871794871,7.945486
16,0.05875,-817.9456,-10.486482051282051,-64.67105,-0.008291160256410256,7.600742
16,0.059,-838.6514,-10.751941025641024,-81.16006,-0.010405135897435898,7.244584
16,0.05925,-858.986,-11.012641025641026,-97.03668,-0.0124406,6.876532
16,0.0595,-879.0795,-11.27025,-113.1053,-0.014500679487179487,6.495948
16,0.05975,-898.8361,-11.523539743589742,-127.982,-0.016407948717948716,6.101932
16,0.06,-918.73,-11.778589743589745,-142.5266,-0.018272641025641023,5.693792
16,0.06025,-938.8255,-12.036224358974358,-156.5015,-0.020064294871794872,5.270809
16,0.0605,-957.7014,-12.278223076923076,-169.8278,-0.02177279487179487,4.83236
16,0.06075,-976.6015,-12.52053205128205,-182.6337,-0.023414576923076923,4.377667
16,0.061,-995.7139,-12.76556282051282,-195.9172,-0.02511758974358974,3.90573
16,0.06125,-1014.261,-13.003346153846154,-208.8129,-0.026770884615384617,3.41594
16,0.0615,-1032.414,-13.236076923076924,-220.2055,-0.028231474358974357,2.907301
16,0.06175,-1050.785,-13.471602564102565,-230.1602,-0.02950771794871795,2.378934
16,0.062,-1069.199,-13.707679487179488,-239.4243,-0.03069542307692308,1.830493
16,0.06225,-1086.089,-13.924217948717947,-247.4351,-0.03172244871794872,1.261606
16,0.0625,-1103.232,-14.144,-254.3144,-0.032604410256410254,0.6722151
16,0.06275,-1120.762,-14.36874358974359,-259.1397,-0.033223038461538464,0.06242512
16,0.063,-1137.546,-14.583923076923078,-262.525,-0.03365705128205128,-0.5673364
16,0.06325,-1154.529,-14.801653846153846,-264.6344,-0.03392748717948718,-1.215968
16,0.0635,-1171.359,-15.017423076923077,-265.0715,-0.03398352564102564,-1.881876
16,0.06375,-1188.068,-15.231641025641025,-263.9522,-0.03384002564102564,-2.563034
16,0.064,-1203.935,-15.435064102564102,-260.7122,-0.03342464102564102,-3.257276
16,0.06425,-1219.864,-15.63928205128205,-256.2445,-0.03285185897435898,-3.961559
16,0.0645,-1235.122,-15.834897435897437,-250.6153,-0.03213016666666667,-4.672252
16,0.06475,-1250.795,-16.035833333333333,-242.5899,-0.031101269230769227,-5.385917
16,0.065,-1265.335,-16.22224358974359,-233.3202,-0.029912846153846154,-6.098984
16,0.06525,-1280.17,-16.4124358974359,-222.5458,-0.028531512820512823,-6.807934
16,0.0655,-1293.977,-16.58944871794872,-211.2589,-0.02708447435897436,-7.509085
16,0.06575,-1307.941,-16.76847435897436,-198.6942,-0.025473615384615383,-8.199096
16,0.066,-1321.609,-16.943705128205128,-184.9142,-0.023706948717948716,-8.875256
16,0.06625,-1334.902,-17.114128205128207,-171.6656,-0.02200841025641026,-9.535018
16,0.0665,-1347.565,-17.276474358974358,-158.555,-0.020327564102564102,-10.17606
16,0.06675,-1359.975,-17.435576923076923,-145.3236,-0.018631230769230768,-10.79663
16,0.067,-1372.018,-17.58997435897436,-131.536,-0.016863589743589744,-11.39568
16,0.06725,-1384.066,-17.7444358974359,-117.8585,-0.015110064102564102,-11.97234
16,0.0675,-1395.586,-17.892128205128206,-103.7549,-0.013301910256410256,-12.52599
16,0.06775,-1406.405,-18.030833333333334,-89.77606,-0.011509751282051282,-13.05666
16,0.068,-1417.006,-18.16674358974359,-76.52979,-0.00981151153846154,-13.5643
16,0.06825,-1427.392,-18.29989743589744,-62.31699,-0.007989357692307691,-14.04896
16,0.0685,-1437.454,-18.428897435897433,-49.1072,-0.006295794871794871,-14.51087
16,0.06875,-1446.671,-18.5470641025641,-36.00035,-0.004615429487179487,-14.95065
16,0.069,-1456.383,-18.671576923076923,-23.77532,-0.0030481179487179487,-15.36907
16,0.06925,-1465.013,-18.78221794871795,-12.06012,-0.0015461692307692308,-15.76651
16,0.0695,-1473.356,-18.889179487179486,-0.878483,-0.00011262602564102563,-16.14375
16,0.06975,-1481.205,-18.989807692307693,10.01176,0.0012835589743589743,-16.50159
16,0.07,-1488.416,-19.08225641025641,20.60572,0.0026417589743589747,-16.84095
16,0.07025,-1495.416,-19.172,31.08104,0.0039847487179487185,-17.16276
16,0.0705,-1501.956,-19.255846153846154,41.41616,0.005309764102564103,-17.46761
16,0.07075,-1508.787,-19.343423076923077,52.12424,0.0066825948717948724,-17.7563
16,0.071,-1514.604,-19.418,61.98678,0.007947023076923078,-18.02996
16,0.07125,-1519.676,-19.48302564102564,71.76127,0.00920016282051282,-18.28914
16,0.0715,-1525.567,-19.55855128205128,81.29693,0.010422683333333335,-18.5342
16,0.07175,-1530.49,-19.621666666666666,90.83828,0.011645933333333332,-18.76568
16,0.072,-1535.241,-19.682576923076923,99.24799,0.012724101282051283,-18.98423
16,0.07225,-1539.356,-19.735333333333333,107.6636,0.013803025641025642,-19.19036
16,0.0725,-1543.224,-19.784923076923075,115.2276,0.01477276923076923,-19.38441
16,0.07275,-1546.307,-19.82444871794872,122.5658,0.015713564102564102,-19.56693
16,0.073,-1549.656,-19.867384615384612,129.6251,0.016618602564102566,-19.73852
16,0.07325,-1551.901,-19.89616666666667,135.7878,0.01740869230769231,-19.89962
16,0.0735,-1554.557,-19.93021794871795,141.5271,0.0181445,-20.05058
16,0.07375,-1556.208,-19.95138461538462,147.0771,0.018856038461538462,-20.19192
16,0.074,-1557.101,-19.962833333333336,151.6664,0.019444410256410256,-20.32415
16,0.07425,-1558.728,-19.98369230769231,156.7214,0.020092487179487178,-20.44763
16,0.0745,-1559.192,-19.989641025641028,160.7869,0.02061370512820513,-20.56266
16,0.07475,-1559.726,-19.99648717948718,164.7826,0.02112597435897436,-20.66971
16,0.075,-1560.133,-20.001705128205128,169.0517,0.021673294871794875,-20.76922
16,0.07525,-1559.901,-19.998730769230768,172.4299,0.022106397435897436,-20.86145
16,0.0755,-1559.04,-19.98769230769231,175.1779,0.022458705128205126,-20.94658
16,0.07575,-1558.283,-19.97798717948718,178.5738,0.022894076923076923,-21.02512
16,0.076,-1557.172,-19.96374358974359,181.4642,0.023264641025641027,-21.09739
16,0.07625,-1555.555,-19.94301282051282,184.3489,0.02363447435897436,-21.16345
16,0.0765,-1552.924,-19.90928205128205,186.1978,0.023871512820512822,-21.22349
16,0.07675,-1550.545,-19.87878205128205,188.4944,0.02416594871794872,-21.27795
16,0.077,-1547.975,-19.84583333333333,190.3771,0.024407320512820515,-21.32717
16,0.07725,-1544.827,-19.805474358974358,192.287,0.024652179487179487,-21.37115
16,0.0775,-1540.441,-19.74924358974359,193.7716,0.024842512820512818,-21.41007
16,0.07775,-1535.739,-19.688961538461538,195.066,0.025008461538461535,-21.44443
16,0.078,-1531.572,-19.63553846153846,195.848,0.02510871794871795,-21.47462
16,0.07825,-1526.29,-19.56782051282051,197.2996,0.025294820512820514,-21.50075
16,0.0785,-1520.821,-19.49770512820513,198.134,0.02540179487179487,-21.52288
16,0.07875,-1515.26,-19.426410256410257,198.5503,0.025455166666666664,-21.54138
16,0.079,-1509.04,-19.346666666666668,198.9872,0.02551117948717949,-21.5566
16,0.07925,-1502.498,-19.26279487179487,198.9982,0.025512589743589744,-21.56857
16,0.0795,-1495.719,-19.175884615384618,199.6529,0.02559652564102564,-21.57754
16,0.07975,-1488.985,-19.089551282051282,199.125,0.025528846153846152,-21.58378
16,0.08,-1480.936,-18.98635897435897,199.1809,0.02553601282051282,-21.58748
16,0.08025,-1473.363,-18.88926923076923,198.7246,0.02547751282051282,-21.58876
16,0.0805,-1465.162,-18.78412820512821,199.2694,0.02554735897435897,-21.58784
16,0.08075,-1456.53,-18.673461538461538,198.8631,0.02549526923076923,-21.58496
16,0.081,-1447.617,-18.55919230769231,198.2575,0.0254176282051282,-21.58019
16,0.08125,-1438.128,-18.437538461538463,197.4912,0.02531938461538461,-21.57366
16,0.0815,-1428.391,-18.312705128205128,197.0977,0.0252689358974359,-21.5656
16,0.08175,-1418.16,-18.181538461538462,196.4508,0.025185999999999997,-21.55618
16,0.082,-1407.877,-18.04970512820513,196.2596,0.02516148717948718,-21.54549
16,0.08225,-1397.052,-17.910923076923073,194.8652,0.024982717948717946,-21.5335
16,0.0825,-1386.199,-17.771782051282052,194.1945,0.02489673076923077,-21.52019
16,0.08275,-1374.783,-17.625423076923074,193.6333,0.02482478205128205,-21.50585
16,0.083,-1363.306,-17.47828205128205,192.8588,0.02472548717948718,-21.49058
16,0.08325,-1351.101,-17.321807692307694,191.6615,0.02457198717948718,-21.47412
16,0.0835,-1338.995,-17.16660256410256,190.9091,0.02447552564102564,-21.45649
16,0.08375,-1326.248,-17.003179487179487,189.8929,0.02434524358974359,-21.43787
16,0.084,-1313.414,-16.838641025641028,189.0737,0.02424021794871795,-21.4183
16,0.08425,-1299.848,-16.66471794871795,187.7206,0.02406674358974359,-21.39771
16,0.0845,-1285.911,-16.48603846153846,186.2774,0.023881717948717948,-21.37601
16,0.08475,-1271.903,-16.30644871794872,185.1487,0.02373701282051282,-21.35331
16,0.085,-1257.743,-16.124910256410256,183.9983,0.023589525641025642,-21.32967
16,0.08525,-1242.453,-15.928884615384614,182.7501,0.0234295,-21.30495
16,0.0855,-1227.219,-15.733576923076924,181.3414,0.023248897435897434,-21.27915
16,0.08575,-1211.593,-15.53324358974359,179.6415,0.02303096153846154,-21.25239
16,0.086,-1196.526,-15.340076923076923,177.8793,0.02280503846153846,-21.22467
16,0.08625,-1180.356,-15.132769230769231,176.3147,0.022604448717948717,-21.19589
16,0.0865,-1163.677,-14.918935897435897,174.6961,0.022396935897435896,-21.16599
16,0.08675,-1147.386,-14.710076923076922,172.7007,0.022141115384615388,-21.13504
16,0.087,-1130.857,-14.498166666666666,170.8826,0.02190802564102564,-21.10298
16,0.08725,-1113.928,-14.281128205128207,169.1725,0.02168878205128205,-21.0698
16,0.0875,-1096.532,-14.058102564102562,167.1773,0.02143298717948718,-21.03547
16,0.08775,-1079.202,-13.835923076923077,165.1626,0.021174692307692308,-20.99997
16,0.088,-1061.944,-13.614666666666666,162.6903,0.02085773076923077,-20.96329
16,0.08825,-1043.296,-13.375589743589744,160.7645,0.02061083333333333,-20.92531
16,0.0885,-1025.504,-13.147487179487177,158.5124,0.020322102564102565,-20.88601
16,0.08875,-1006.496,-12.90379487179487,156.2576,0.02003302564102564,-20.84546
16,0.089,-988.0644,-12.667492307692308,153.5637,0.019687653846153848,-20.80363
16,0.08925,-968.6856,-12.419046153846155,151.3377,0.01940226923076923,-20.76038
16,0.0895,-949.6512,-12.175015384615385,148.8303,0.019080807692307692,-20.7158
16,0.08975,-929.7229,-11.919524358974359,146.3974,0.018768897435897436,-20.66987
16,0.09,-910.0716,-11.667584615384616,143.8033,0.018436320512820514,-20.62253
16,0.09025,-889.696,-11.406358974358975,140.86,0.018058974358974363,-20.57365
16,0.0905,-869.8142,-11.151464102564104,137.6681,0.01764975641025641,-20.52308
16,0.09075,-849.2649,-10.888011538461539,135.0368,0.017312410256410254,-20.47099
16,0.091,-828.7673,-10.625221794871795,132.0566,0.016930333333333332,-20.4174
16,0.09125,-807.5231,-10.352860256410256,129.5102,0.016603871794871796,-20.36204
16,0.0915,-786.6066,-10.0847,125.8417,0.016133551282051285,-20.30468
16,0.09175,-765.1481,-9.809591025641026,122.5229,0.015708064102564104,-20.24542
16,0.092,-743.9211,-9.537450000000002,119.0642,0.015264641025641026,-20.18443
16,0.09225,-722.8152,-9.266861538461539,115.7715,0.014842500000000002,-20.1214
16,0.0925,-700.2658,-8.977766666666666,112.1599,0.014379474358974359,-20.05604
16,0.09275,-678.4026,-8.697469230769231,108.4199,0.013899987179487178,-19.9885
16,0.093,-656.4124,-8.41554358974359,104.8364,0.013440564102564103,-19.91875
16,0.09325,-633.8321,-8.126052564102563,101.1865,0.012972628205128206,-19.84653
16,0.0935,-611.3044,-7.837235897435898,97.05492,0.01244293846153846,-19.77177
16,0.09375,-588.3842,-7.543387179487179,92.83957,0.011902508974358973,-19.6945
16,0.094,-565.3111,-7.247578205128205,89.0617,0.011418166666666667,-19.61464
16,0.09425,-542.7844,-6.958774358974359,84.65419,0.010853101282051282,-19.53187
16,0.0945,-519.5847,-6.6613423076923075,80.35766,0.010302264102564102,-19.44622
16,0.09475,-496.7111,-6.368091025641025,75.72876,0.009708815384615384,-19.35777
16,0.095,-473.5468,-6.071112820512821,71.86461,0.009213411538461537,-19.26623
16,0.09525,-450.1622,-5.771310256410256,67.65672,0.008673938461538463,-19.17147
16,0.0955,-426.5334,-5.4683769230769235,62.90644,0.008064928205128205,-19.07336
16,0.09575,-403.5838,-5.174151282051282,58.51912,0.007502451282051283,-18.97186
16,0.096,-380.1217,-4.8733551282051275,54.21691,0.006950885897435897,-18.8669
16,0.09625,-356.3917,-4.569124358974359,49.89725,0.006397083333333333,-18.75817
16,0.0965,-332.2265,-4.259314102564103,45.65778,0.0058535615384615386,-18.64547
16,0.09675,-308.6039,-3.9564602564102564,41.04378,0.005262023076923077,-18.5288
16,0.097,-284.4068,-3.646241025641025,36.65607,0.004699496153846154,-18.40813
16,0.09725,-260.4296,-3.3388410256410257,32.50348,0.004167112820512821,-18.28319
16,0.0975,-236.0892,-3.0267846153846154,28.69894,0.003679351282051282,-18.15366
16,0.09775,-211.5614,-2.712325641025641,24.89048,0.00319108717948718,-18.0196
16,0.098,-187.6298,-2.405510256410256,20.59415,0.002640275641025641,-17.88102
16,0.09825,-163.3117,-2.093739743589744,16.74785,0.0021471602564102563,-17.73771
16,0.0985,-138.6299,-1.77730641025641,12.67918,0.0016255358974358975,-17.58938
16,0.09875,-114.1518,-1.4634846153846153,8.944447,0.0011467239743589745,-17.43584
16,0.099,-89.30291,-1.1449091025641025,5.238347,0.0006715829487179487,-17.27711
16,0.09925,-65.09675,-0.8345737179487179,2.006588,0.0002572548717948718,-17.11303
16,0.0995,-40.63127,-0.5209137179487179,-1.813048,-0.00023244205128205127,-16.94335
16,0.09975,-16.21644,-0.20790307692307688,-5.326391,-0.000682870641025641,-16.76789
16,0.1,5.404088,0.06928317948717948,-8.930917,-0.001144989358974359,-16.59692
