table,t_s,V,E_kV_cm,D_nm,S_%,P_uC_cm2
1,0.0,4.968637,0.055827382022471915,0.0,0.0,-0.3242128
1,0.00025,13.18833,0.14818348314606744,-3.407259,-0.00038283808988764044,-0.3031593
1,0.0005,22.22664,0.24973752808988767,-8.442457,-0.0009485906741573032,-0.2819621
1,0.00075,30.87343,0.34689247191011235,-12.28778,-0.0013806494382022471,-0.2606029
1,0.001,40.64868,0.4567267415730337,-15.94015,-0.0017910280898876404,-0.2391625
1,0.00125,49.39525,0.5550028089887641,-20.50787,-0.002304255056179775,-0.2177042
1,0.0015,58.4204,0.6564089887640451,-24.42065,-0.0027438932584269663,-0.1961647
1,0.00175,67.75905,0.7613376404494383,-29.10367,-0.0032700752808988765,-0.1745425
1,0.002,76.05434,0.8545431460674157,-33.1345,-0.003722977528089888,-0.1528568
1,0.00225,85.12355,0.956444382022472,-37.9787,-0.004267269662921349,-0.1310653
1,0.0025,93.70652,1.052882247191011,-41.22556,-0.004632085393258427,-0.1091477
1,0.00275,102.955,1.156797752808989,-46.24585,-0.005196162921348314,-0.08714219
1,0.003,111.5993,1.2539247191011236,-50.12765,-0.0056323202247191015,-0.06508496
1,0.00325,119.9903,1.3482056179775281,-54.32084,-0.0061034651685393255,-0.04298402
1,0.0035,129.295,1.452752808988764,-59.37447,-0.0066712887640449445,-0.02079367
1,0.00375,138.0846,1.5515123595505618,-63.09469,-0.007089291011235955,0.001470036
1,0.004,146.2979,1.6437966292134831,-66.94589,-0.007522010112359551,0.02374203
1,0.00425,155.1751,1.743540449438202,-71.10026,-0.007988793258426967,0.04602321
1,0.0045,163.4304,1.836296629213483,-75.02362,-0.008429620224719101,0.06835374
1,0.00475,172.0463,1.9331044943820226,-79.87763,-0.008975014606741574,0.09072086
1,0.005,180.4626,2.0276696629213484,-84.39045,-0.009482073033707865,0.1130602
1,0.00525,188.5751,2.118821348314607,-89.4782,-0.010053730337078652,0.1353863
1,0.0055,197.5703,2.2198910112359553,-92.71368,-0.010417267415730336,0.1577532
1,0.00575,205.9006,2.3134898876404497,-98.25401,-0.011039776404494382,0.1801793
1,0.006,214.3843,2.408812359550562,-102.7139,-0.011540887640449438,0.2025948
1,0.00625,222.5783,2.5008797752808993,-107.4271,-0.012070460674157303,0.2249855
1,0.0065,231.0564,2.5961393258426964,-111.4163,-0.01251868539325843,0.2474227
1,0.00675,238.9774,2.6851393258426963,-115.3566,-0.012961415730337078,0.2699139
1,0.007,247.3259,2.7789426966292137,-119.0748,-0.013379191011235955,0.2923463
1,0.00725,255.2038,2.867458426966292,-123.9912,-0.013931595505617978,0.3147018
1,0.0075,264.0638,2.967008988764045,-128.6291,-0.014452707865168538,0.337089
1,0.00775,271.999,3.056168539325843,-133.1596,-0.014961752808988765,0.359494
1,0.008,280.3769,3.150302247191011,-137.7253,-0.015474752808988766,0.3818166
1,0.00825,287.6146,3.231624719101124,-141.744,-0.01592629213483146,0.4039953
1,0.0085,295.9869,3.3256955056179778,-145.9811,-0.016402370786516855,0.4260804
1,0.00875,303.1405,3.406073033707865,-149.5256,-0.016800629213483145,0.4480715
1,0.009,310.5692,3.489541573033708,-153.9977,-0.017303112359550562,0.4698593
1,0.00925,317.9169,3.5721000000000003,-158.0528,-0.017758741573033705,0.4914763
1,0.0095,325.3501,3.6556191011235954,-163.0523,-0.018320483146067417,0.513014
1,0.00975,332.6248,3.7373573033707865,-166.6298,-0.018722449438202247,0.5344638
1,0.01,340.1487,3.8218955056179778,-170.4124,-0.0191474606741573,0.5557809
1,0.01025,346.7559,3.8961337078651685,-174.5608,-0.019613573033707865,0.5769214
1,0.0105,353.947,3.976932584269663,-178.5144,-0.020057797752808987,0.597906
1,0.01075,360.891,4.054955056179775,-183.0253,-0.0205646404494382,0.6187847
1,0.011,367.7458,4.131975280898876,-186.5674,-0.020962629213483148,0.6395058
1,0.01125,374.591,4.208887640449438,-190.31,-0.02138314606741573,0.6600411
1,0.0115,381.4702,4.286182022471911,-194.5691,-0.021861696629213483,0.6804808
1,0.01175,388.1999,4.361796629213483,-197.9367,-0.022240078651685393,0.7008038
1,0.012,394.7934,4.4358808988764045,-202.0327,-0.022700303370786518,0.7209121
1,0.01225,401.3038,4.509031460674158,-205.4215,-0.02308106741573034,0.7407668
1,0.0125,407.6572,4.58041797752809,-209.9743,-0.02359261797752809,0.760416
1,0.01275,413.9706,4.651355056179775,-213.8533,-0.024028460674157304,0.7799
1,0.013,420.48,4.724494382022472,-216.1433,-0.02428576404494382,0.7991736
1,0.01325,426.1461,4.788158426966293,-220.1212,-0.024732719101123596,0.8182076
1,0.0135,432.0169,4.854122471910113,-223.7343,-0.025138685393258423,0.8370001
1,0.01375,438.308,4.924808988764045,-227.3475,-0.025544662921348313,0.8555521
1,0.014,443.4812,4.982934831460674,-230.4096,-0.025888719101123597,0.8738531
1,0.01425,449.4599,5.050111235955056,-233.4125,-0.026226123595505618,0.8918868
1,0.0145,455.0718,5.1131662921348315,-236.801,-0.026606853932584267,0.9096929
1,0.01475,460.0992,5.16965393258427,-240.3384,-0.027004314606741575,0.9272933
1,0.015,465.8347,5.234097752808989,-242.6115,-0.027259719101123597,0.9446306
1,0.01525,471.2222,5.294631460674157,-246.4208,-0.027687730337078654,0.9616607
1,0.0155,476.473,5.3536292134831465,-249.617,-0.02804685393258427,0.9784272
1,0.01575,481.3013,5.407879775280899,-252.5129,-0.028372235955056176,0.9949191
1,0.016,486.0492,5.461226966292135,-255.4989,-0.02870774157303371,1.011057
1,0.01625,491.0199,5.517077528089888,-257.7347,-0.028958955056179774,1.026844
1,0.0165,495.0617,5.562491011235955,-260.5592,-0.029276314606741568,1.042327
1,0.01675,499.0807,5.607648314606741,-263.0974,-0.02956150561797753,1.057488
1,0.017,503.0571,5.652326966292135,-265.1732,-0.02979474157303371,1.072273
1,0.01725,507.1683,5.698520224719101,-268.5456,-0.03017366292134831,1.086687
1,0.0175,511.4152,5.746238202247192,-270.359,-0.030377415730337077,1.100778
1,0.01775,515.1262,5.787934831460675,-272.6697,-0.030637044943820226,1.114524
1,0.018,519.2258,5.8339977528089895,-274.3036,-0.030820629213483147,1.12787
1,0.01825,522.7499,5.873594382022472,-276.7947,-0.031100528089887638,1.140903
1,0.0185,526.6271,5.917158426966292,-279.1878,-0.03136941573033708,1.153663
1,0.01875,529.738,5.952112359550562,-281.8593,-0.031669584269662925,1.166113
1,0.019,533.1274,5.990195505617978,-283.1284,-0.0318121797752809,1.178218
1,0.01925,536.7954,6.031408988764045,-284.6967,-0.03198839325842697,1.189963
1,0.0195,539.6601,6.063596629213484,-287.1529,-0.03226437078651685,1.201385
1,0.01975,542.6646,6.097355056179775,-288.577,-0.03242438202247191,1.212478
1,0.02,545.779,6.132348314606742,-289.366,-0.032513033707865166,1.223199
1,0.02025,548.3854,6.161633707865168,-291.0057,-0.03269726966292135,1.233535
1,0.0205,551.4112,6.195631460674158,-292.7623,-0.0328946404494382,1.243539
1,0.02075,553.6615,6.2209157303370795,-293.6965,-0.03299960674157304,1.253209
1,0.021,555.5948,6.242638202247191,-295.204,-0.03316898876404495,1.262492
1,0.02125,557.6911,6.266192134831461,-297.152,-0.033387865168539324,1.271378
1,0.0215,559.6963,6.288722471910113,-298.6328,-0.03355424719101123,1.279866
1,0.02175,561.425,6.30814606741573,-299.8313,-0.03368891011235955,1.287974
1,0.022,563.1982,6.328069662921349,-300.9726,-0.03381714606741573,1.295691
1,0.02225,564.8549,6.346684269662922,-301.0832,-0.033829573033707865,1.303029
1,0.0225,566.1683,6.361441573033709,-302.7335,-0.034015000000000004,1.310029
1,0.02275,567.2982,6.374137078651685,-303.2445,-0.03407241573033708,1.316671
1,0.023,568.2241,6.3845404494382025,-304.1583,-0.03417508988764045,1.322922
1,0.02325,569.7876,6.4021078651685395,-304.8375,-0.03425140449438202,1.328791
1,0.0235,570.5276,6.410422471910113,-305.9321,-0.034374393258426963,1.334314
1,0.02375,570.8735,6.414308988764045,-306.6737,-0.03445771910112359,1.339488
1,0.024,571.8278,6.425031460674157,-306.2266,-0.03440748314606742,1.344281
1,0.02425,572.4315,6.431814606741574,-306.9612,-0.03449002247191012,1.348698
1,0.0245,572.4047,6.431513483146068,-307.9793,-0.03460441573033708,1.352739
1,0.02475,572.3024,6.430364044943821,-308.5832,-0.03467226966292135,1.35642
1,0.025,572.3449,6.430841573033709,-308.8793,-0.0347055393258427,1.359731
1,0.02525,572.6255,6.433994382022472,-308.8993,-0.03470778651685393,1.362657
1,0.0255,571.5431,6.421832584269663,-309.0095,-0.034720168539325844,1.365232
1,0.02575,571.6981,6.42357415730337,-309.7872,-0.03480755056179775,1.367466
1,0.026,570.6112,6.41136179775281,-309.7209,-0.0348001011235955,1.369362
1,0.02625,570.365,6.408595505617979,-309.6711,-0.03479450561797753,1.370923
1,0.0265,569.8049,6.402302247191011,-309.8676,-0.03481658426966292,1.372162
1,0.02675,569.0689,6.394032584269663,-310.1559,-0.03484897752808988,1.373099
1,0.027,568.1886,6.384141573033707,-309.6986,-0.03479759550561798,1.373725
1,0.02725,567.1954,6.37298202247191,-309.7013,-0.0347978988764045,1.374021
1,0.0275,565.6835,6.355994382022471,-309.5131,-0.034776752808988766,1.374015
1,0.02775,564.3479,6.340987640449438,-309.8692,-0.03481676404494382,1.373722
1,0.028,563.1015,6.326983146067416,-308.284,-0.034638651685393256,1.37309
1,0.02825,560.8344,6.3015101123595505,-308.6754,-0.03468262921348315,1.372089
1,0.0285,558.9594,6.280442696629213,-308.9185,-0.03470994382022472,1.370734
1,0.02875,557.018,6.258629213483147,-308.0612,-0.03461361797752809,1.369017
1,0.029,554.6796,6.2323550561797765,-308.4248,-0.03465447191011236,1.366937
1,0.02925,552.3249,6.205897752808989,-307.531,-0.03455404494382022,1.364504
1,0.0295,549.6628,6.175986516853933,-307.7659,-0.03458043820224719,1.361727
1,0.02975,547.1795,6.148084269662921,-307.66,-0.0345685393258427,1.35864
1,0.03,544.3644,6.116453932584271,-306.436,-0.03443101123595506,1.355227
1,0.03025,541.1537,6.080378651685393,-305.1928,-0.034291325842696625,1.35148
1,0.0305,538.1568,6.046705617977528,-304.1567,-0.034174910112359555,1.347428
1,0.03075,534.8029,6.009021348314607,-303.9457,-0.03415120224719101,1.34309
1,0.031,531.7791,5.975046067415731,-302.8982,-0.03403350561797752,1.338467
1,0.03125,528.3031,5.935989887640449,-301.8687,-0.03391783146067416,1.333555
1,0.0315,524.552,5.893842696629213,-301.1216,-0.033833887640449437,1.328389
1,0.03175,521.0583,5.85458764044944,-300.9679,-0.033816617977528086,1.322978
1,0.032,517.289,5.812235955056179,-299.1466,-0.033611977528089886,1.317264
1,0.03225,513.8494,5.773588764044944,-297.6316,-0.03344175280898876,1.311253
1,0.0325,509.5498,5.725278651685394,-297.5975,-0.03343792134831461,1.304968
1,0.03275,505.5389,5.680212359550562,-297.092,-0.033381123595505616,1.298404
1,0.033,500.9891,5.629091011235955,-295.2119,-0.03316987640449438,1.291566
1,0.03325,496.7397,5.581344943820225,-293.6345,-0.032992640449438206,1.284457
1,0.0335,492.1792,5.5301033707865175,-291.7509,-0.032781,1.277079
1,0.03375,487.519,5.477741573033708,-290.6292,-0.03265496629213483,1.269431
1,0.034,482.9176,5.426040449438203,-289.028,-0.03247505617977529,1.2615
1,0.03425,477.4713,5.364846067415731,-287.0851,-0.032256752808988765,1.253272
1,0.0345,472.8435,5.312848314606742,-286.3207,-0.03217086516853932,1.244791
1,0.03475,467.7254,5.255341573033708,-284.7724,-0.03199689887640449,1.236084
1,0.035,462.8003,5.200003370786517,-282.9452,-0.03179159550561798,1.227137
1,0.03525,457.9608,5.145626966292135,-280.8538,-0.03155660674157303,1.217909
1,0.0355,451.9685,5.0782977528089885,-279.3133,-0.03138351685393259,1.208403
1,0.03575,446.3596,5.015276404494382,-277.6536,-0.03119703370786517,1.198613
1,0.036,440.7725,4.9525,-275.4609,-0.03095066292134831,1.188504
1,0.03625,434.8025,4.8854213483146065,-273.6396,-0.03074602247191011,1.178085
1,0.0365,428.7662,4.817597752808989,-270.7983,-0.030426775280898877,1.167383
1,0.03675,422.1641,4.743416853932585,-270.3751,-0.03037922471910112,1.156419
1,0.037,416.6758,4.681750561797753,-267.413,-0.03004640449438202,1.14515
1,0.03725,409.6067,4.602322471910113,-265.534,-0.029835280898876406,1.133542
1,0.0375,403.1495,4.529769662921349,-263.0111,-0.029551808988764045,1.121665
1,0.03775,397.1298,4.462132584269663,-261.044,-0.029330786516853932,1.109524
1,0.038,390.1524,4.383734831460674,-257.6191,-0.028945966292134834,1.097073
1,0.03825,383.7757,4.312086516853932,-255.2366,-0.02867826966292135,1.08435
1,0.0385,376.7791,4.233473033707865,-253.0094,-0.028428022471910112,1.07142
1,0.03875,370.7635,4.16588202247191,-250.9249,-0.028193808988764044,1.058276
1,0.039,363.7734,4.087341573033708,-247.4494,-0.027803303370786518,1.044872
1,0.03925,356.6851,4.007697752808989,-245.267,-0.02755808988764045,1.031204
1,0.0395,349.6034,3.9281280898876405,-242.2978,-0.027224471910112357,1.017302
1,0.03975,342.4603,3.8478685393258427,-239.6886,-0.02693130337078652,1.003198
1,0.04,335.6202,3.7710134831460675,-236.8967,-0.026617606741573034,0.9887946
1,0.04025,328.1074,3.6866,-233.9035,-0.02628129213483146,0.9740692
1,0.0405,321.0485,3.6072865168539323,-230.963,-0.025950898876404498,0.9591489
1,0.04075,313.7368,3.5251325842696635,-228.2428,-0.025645258426966293,0.9440316
1,0.041,305.4051,3.43151797752809,-225.1893,-0.025302168539325844,0.9286422
1,0.04125,297.9343,3.347576404494382,-222.1852,-0.024964629213483146,0.912961
1,0.0415,290.3593,3.2624640449438207,-218.6764,-0.024570382022471908,0.8970081
1,0.04175,282.693,3.176325842696629,-216.3111,-0.02430461797752809,0.8808004
1,0.042,274.9858,3.0897280898876405,-212.7635,-0.023906011235955055,0.8643392
1,0.04225,266.8536,2.998355056179775,-209.3217,-0.02351929213483146,0.8476515
1,0.0425,258.8429,2.9083471910112357,-206.8165,-0.023237808988764045,0.8307804
1,0.04275,250.6403,2.8161831460674156,-203.9963,-0.022920932584269662,0.8137272
1,0.043,242.5897,2.725726966292135,-200.309,-0.022506629213483148,0.7964414
1,0.04325,234.5664,2.6355775280898874,-197.4234,-0.02218240449438202,0.7789018
1,0.0435,226.5451,2.545450561797753,-194.3624,-0.021838471910112362,0.7611814
1,0.04375,218.3871,2.453787640449438,-191.7654,-0.02154667415730337,0.7432934
1,0.044,209.9915,2.3594550561797756,-187.4985,-0.02106724719101124,0.7251582
1,0.04425,200.8666,2.2569280898876403,-184.5783,-0.020739134831460674,0.7067828
1,0.0445,193.1183,2.169868539325843,-181.1922,-0.020358674157303372,0.6882307
1,0.04475,184.1008,2.068548314606742,-178.0532,-0.02000597752808989,0.6695078
1,0.045,175.6621,1.9737314606741574,-174.6114,-0.019619258426966293,0.6505215
1,0.04525,166.8685,1.874926966292135,-171.2512,-0.01924170786516854,0.6312809
1,0.0455,158.4516,1.7803550561797756,-167.831,-0.018857415730337078,0.6119134
1,0.04575,149.5642,1.680496629213483,-164.6501,-0.018500011235955058,0.5924424
1,0.046,141.6139,1.591167415730337,-160.8589,-0.01807403370786517,0.5728259
1,0.04625,132.6774,1.4907573033707868,-157.5614,-0.01770352808988764,0.5530348
1,0.0465,124.2484,1.3960494382022473,-153.7169,-0.01727156179775281,0.5331158
1,0.04675,115.2521,1.294967415730337,-150.6892,-0.016931370786516853,0.5131003
1,0.047,106.4341,1.1958887640449438,-146.38,-0.016447191011235953,0.4929326
1,0.04725,97.66119,1.0973167415730338,-142.657,-0.016028876404494383,0.4725956
1,0.0475,89.06961,1.0007821348314607,-139.8506,-0.01571355056179775,0.4521768
1,0.04775,80.53526,0.9048905617977527,-136.2394,-0.015307797752808988,0.4316833
1,0.048,71.52025,0.8035983146067416,-131.285,-0.014751123595505618,0.4110285
1,0.04825,62.85522,0.7062384269662922,-127.7824,-0.014357573033707863,0.3901899
1,0.0485,53.89896,0.6056062921348315,-124.7246,-0.014014,0.3691827
1,0.04875,44.75378,0.5028514606741573,-121.0377,-0.013599741573033708,0.3480233
1,0.049,35.95555,0.40399494382022477,-116.7457,-0.013117494382022471,0.3267128
1,0.04925,26.72528,0.30028404494382027,-112.6211,-0.012654056179775282,0.3052588
1,0.0495,18.08102,0.20315752808988766,-109.0958,-0.012257955056179775,0.2836956
1,0.04975,8.804154,0.0989230786516854,-105.945,-0.011903932584269663,0.262068
1,0.05,-0.05435199,-0.0006106965168539327,-101.6919,-0.011426056179775282,0.2403772
1,0.05025,-9.869617,-0.11089457303370787,-96.91707,-0.010889558426966291,0.2185813
1,0.0505,-18.57972,-0.2087608988764045,-93.069,-0.010457191011235956,0.1967366
1,0.05075,-27.56637,-0.3097344943820225,-88.37068,-0.009929289887640448,0.1748604
1,0.051,-35.9979,-0.404470786516854,-84.17436,-0.009457793258426965,0.1528863
1,0.05125,-45.13245,-0.5071061797752809,-80.31531,-0.009024192134831459,0.1308204
1,0.0515,-53.8309,-0.6048415730337079,-76.3186,-0.008575123595505618,0.108717
1,0.05175,-62.85148,-0.7061964044943821,-71.4642,-0.008029685393258428,0.0865833
1,0.052,-71.82547,-0.8070277528089888,-66.9106,-0.007518044943820225,0.0643545
1,0.05225,-80.80654,-0.9079386516853933,-62.44014,-0.007015746067415731,0.04202527
1,0.0525,-89.22846,-1.0025669662921348,-58.96856,-0.006625680898876404,0.01968737
1,0.05275,-98.29361,-1.104422584269663,-53.5655,-0.006018595505617978,-0.002631781
1,0.053,-106.9323,-1.2014865168539326,-49.22956,-0.005531411235955057,-0.02497665
1,0.05325,-115.9524,-1.3028359550561797,-44.97951,-0.005053877528089888,-0.04732874
1,0.0535,-124.6164,-1.4001842696629214,-40.89887,-0.004595378651685394,-0.06967496
1,0.05375,-133.1153,-1.4956775280898875,-36.27625,-0.004075983146067416,-0.09198268
1,0.054,-141.7388,-1.592570786516854,-31.85756,-0.0035795011235955055,-0.1142992
1,0.05425,-150.6753,-1.6929808988764046,-27.55534,-0.003096105617977528,-0.1366631
1,0.0545,-159.0683,-1.7872842696629214,-23.64335,-0.002656556179775281,-0.1590129
1,0.05475,-167.7622,-1.8849685393258429,-19.19603,-0.0021568573033707863,-0.1813144
1,0.055,-176.3366,-1.9813101123595507,-15.48718,-0.001740132584269663,-0.2036002
1,0.05525,-184.6739,-2.0749876404494385,-10.85828,-0.0012200314606741574,-0.2258996
1,0.0555,-193.228,-2.1711011235955056,-6.747455,-0.0007581410112359551,-0.2481636
1,0.05575,-200.9231,-2.257562921348315,-2.584073,-0.00029034528089887644,-0.2703601
1,0.056,-209.8064,-2.3573752808988764,1.571465,0.0001765691011235955,-0.2925358
1,0.05625,-217.9614,-2.4490044943820224,5.183834,0.0005824532584269663,-0.3146605
1,0.0565,-226.3692,-2.543474157303371,9.429181,0.0010594585393258426,-0.3366449
1,0.05675,-234.7703,-2.6378685393258428,12.8133,0.001439696629213483,-0.3584497
1,0.057,-243.1436,-2.731950561797753,17.51475,0.001967949438202247,-0.3801737
1,0.05725,-251.839,-2.8296516853932583,22.24993,0.0024999921348314606,-0.4018609
1,0.0575,-259.7164,-2.9181617977528096,25.1403,0.0028247528089887643,-0.4233944
1,0.05775,-267.5691,-3.0063943820224717,29.55938,0.003321278651685393,-0.4447557
1,0.058,-275.9211,-3.100237078651686,33.3498,0.003747168539325843,-0.4660369
1,0.05825,-283.1902,-3.1819123595505623,37.07473,0.0041657000000000005,-0.4872569
1,0.0585,-291.637,-3.276820224719101,41.75853,0.004691969662921349,-0.5083493
1,0.05875,-298.6994,-3.3561730337078655,45.14501,0.005072473033707866,-0.5292881
1,0.059,-306.2745,-3.4412865168539324,49.91783,0.005608744943820225,-0.5500811
1,0.05925,-313.6769,-3.5244595505617977,53.9416,0.00606085393258427,-0.5707932
1,0.0595,-321.0402,-3.6071932584269666,56.71823,0.006372834831460674,-0.5913924
1,0.05975,-327.8722,-3.683957303370787,60.46198,0.006793480898876404,-0.6118269
1,0.06,-335.3374,-3.7678359550561797,65.80504,0.007393824719101124,-0.6321571
1,0.06025,-342.3918,-3.8470988764044947,68.76365,0.007726252808988763,-0.6523545
1,0.0605,-349.3991,-3.9258325842696626,72.08423,0.008099351685393259,-0.672344
1,0.06075,-356.1536,-4.001725842696629,75.86956,0.008524669662921348,-0.6921271
1,0.061,-363.5154,-4.084442696629213,79.61134,0.008945094382022472,-0.7117219
1,0.06125,-370.3764,-4.161532584269663,83.61628,0.009395087640449438,-0.7311355
1,0.0615,-377.0078,-4.236042696629213,87.04002,0.009779777528089888,-0.7503432
1,0.06175,-383.2255,-4.305904494382022,90.43825,0.010161601123595505,-0.7693026
1,0.062,-390.0449,-4.382526966292135,94.20946,0.010585332584269663,-0.7880164
1,0.06225,-397.0881,-4.46166404494382,97.71319,0.01097901011235955,-0.8065065
1,0.0625,-403.1412,-4.529676404494383,101.0322,0.011351932584269664,-0.8247645
1,0.06275,-409.3963,-4.599958426966292,104.2465,0.011713089887640448,-0.8427939
1,0.063,-415.8814,-4.672824719101123,107.7087,0.012102101123595504,-0.8606307
1,0.06325,-421.7901,-4.739214606741573,111.8842,0.012571258426966292,-0.878283
1,0.0635,-427.3914,-4.8021505617977525,114.9566,0.01291647191011236,-0.8956652
1,0.06375,-433.6592,-4.872575280898876,117.6595,0.013220168539325844,-0.9127642
1,0.064,-439.4155,-4.937252808988765,120.6926,0.013560966292134831,-0.9296243
1,0.06425,-445.0365,-5.0004101123595515,124.1136,0.013945348314606741,-0.9462477
1,0.0645,-449.9621,-5.0557539325842695,127.4906,0.014324786516853932,-0.9625896
1,0.06475,-455.8131,-5.121495505617978,130.1527,0.014623898876404496,-0.9786331
1,0.065,-461.1768,-5.181761797752809,133.9102,0.015046089887640451,-0.9944118
1,0.06525,-466.8601,-5.245619101123596,136.9367,0.01538614606741573,-1.00992
1,0.0655,-472.155,-5.305112359550561,139.4953,0.015673629213483146,-1.025134
1,0.06575,-476.7969,-5.357268539325842,142.4519,0.016005831460674157,-1.040035
1,0.066,-481.3842,-5.408811235955057,145.8996,0.016393213483146065,-1.054635
1,0.06625,-485.9669,-5.460302247191012,148.7295,0.016711179775280898,-1.068971
1,0.0665,-490.3962,-5.510069662921349,150.8344,0.016947685393258426,-1.08304
1,0.06675,-494.749,-5.558977528089889,154.0636,0.017310516853932586,-1.096796
1,0.067,-498.7953,-5.604441573033708,157.7159,0.017720887640449438,-1.110278
1,0.06725,-503.4307,-5.656524719101124,159.867,0.01796258426966292,-1.123519
1,0.0675,-506.77,-5.6940449438202245,162.3774,0.018244651685393257,-1.136453
1,0.06775,-511.1952,-5.743766292134832,164.3987,0.018471764044943818,-1.149039
1,0.068,-514.5659,-5.781639325842698,167.8228,0.018856494382022474,-1.161314
1,0.06825,-517.8079,-5.818066292134832,170.3818,0.019144022471910112,-1.173323
1,0.0685,-521.9459,-5.864560674157305,173.3063,0.019472617977528087,-1.18501
1,0.06875,-525.382,-5.903168539325842,175.686,0.01974,-1.196339
1,0.069,-528.8175,-5.941769662921349,177.8552,0.01998373033707865,-1.207327
1,0.06925,-532.5589,-5.983807865168539,179.9,0.020213483146067416,-1.217981
1,0.0695,-535.5503,-6.017419101123595,182.0166,0.02045130337078652,-1.228268
1,0.06975,-538.4013,-6.0494528089887645,183.4006,0.020606808988764044,-1.238166
1,0.07,-540.8993,-6.077520224719102,186.7302,0.020980921348314606,-1.247722
1,0.07025,-543.8633,-6.110823595505618,188.8915,0.021223764044943822,-1.256977
1,0.0705,-546.5396,-6.140894382022472,190.6363,0.021419808988764045,-1.265884
1,0.07075,-548.606,-6.164112359550562,192.6352,0.02164440449438202,-1.274417
1,0.071,-551.5037,-6.1966707865168535,193.96,0.02179325842696629,-1.282631
1,0.07125,-553.1295,-6.2149382022471915,196.941,0.02212820224719101,-1.290545
1,0.0715,-555.1028,-6.2371101123595505,198.0646,0.022254449438202248,-1.2981
1,0.07175,-557.3627,-6.262502247191011,199.1748,0.022379191011235956,-1.305302
1,0.072,-558.8564,-6.279285393258427,201.442,0.022633932584269663,-1.312195
1,0.07225,-560.4827,-6.297558426966292,202.6731,0.022772258426966292,-1.318778
1,0.0725,-561.4992,-6.308979775280899,204.1661,0.022940011235955057,-1.325018
1,0.07275,-563.04,-6.32629213483146,204.7622,0.023006988764044944,-1.330898
1,0.073,-564.0737,-6.337906741573034,206.0592,0.023152719101123598,-1.336435
1,0.07325,-565.1759,-6.350291011235955,207.4659,0.023310775280898876,-1.341644
1,0.0735,-565.8247,-6.357580898876405,209.0448,0.0234881797752809,-1.346517
1,0.07375,-566.4142,-6.364204494382024,210.1445,0.02361174157303371,-1.351028
1,0.074,-567.1167,-6.3720977528089895,210.7375,0.023678370786516852,-1.355207
1,0.07425,-567.1152,-6.372080898876405,212.0489,0.023825719101123594,-1.359094
1,0.0745,-568.3201,-6.385619101123596,211.6297,0.02377861797752809,-1.362657
1,0.07475,-567.9945,-6.3819606741573045,213.1266,0.023946808988764043,-1.36588
1,0.075,-568.1079,-6.383234831460674,213.9322,0.02403732584269663,-1.368787
1,0.07525,-568.0659,-6.3827629213483155,214.2032,0.024067775280898877,-1.371383
1,0.0755,-567.6956,-6.3786022471910115,214.8918,0.02414514606741573,-1.373652
1,0.07575,-567.0306,-6.371130337078653,214.9201,0.02414832584269663,-1.375607
1,0.076,-566.7743,-6.368250561797753,214.9569,0.0241524606741573,-1.37727
1,0.07625,-566.042,-6.3600224719101135,215.5648,0.02422076404494382,-1.378631
1,0.0765,-565.2427,-6.351041573033708,215.2083,0.02418070786516854,-1.379669
1,0.07675,-563.9562,-6.336586516853933,214.855,0.024141011235955055,-1.380384
1,0.077,-563.4867,-6.331311235955057,215.3856,0.02420062921348315,-1.380796
1,0.07725,-562.4874,-6.320083146067416,215.377,0.024199662921348314,-1.380907
1,0.0775,-561.7966,-6.312321348314607,214.9354,0.024150044943820226,-1.380708
1,0.07775,-560.2173,-6.294576404494382,214.3859,0.024088303370786518,-1.380199
1,0.078,-558.4355,-6.274556179775281,214.5436,0.024106022471910113,-1.37939
1,0.07825,-556.4794,-6.252577528089889,214.7052,0.024124179775280898,-1.378283
1,0.0785,-554.7406,-6.233040449438202,213.9616,0.024040629213483145,-1.376877
1,0.07875,-552.2148,-6.204660674157303,212.8882,0.023920022471910114,-1.375165
1,0.079,-550.4912,-6.185294382022473,212.9098,0.023922449438202244,-1.37318
1,0.07925,-548.0454,-6.157813483146067,212.0803,0.023829247191011236,-1.370945
1,0.0795,-545.1624,-6.125420224719101,211.0073,0.023708685393258426,-1.368438
1,0.07975,-542.6766,-6.0974898876404495,210.2167,0.02361985393258427,-1.365656
1,0.08,-539.8357,-6.065569662921348,209.6735,0.023558820224719102,-1.362633
1,0.08025,-537.0854,-6.034667415730338,208.9993,0.02348306741573034,-1.359361
1,0.0805,-533.8348,-5.998143820224719,207.8859,0.02335796629213483,-1.35582
1,0.08075,-530.2585,-5.957960674157304,206.8537,0.023241988764044944,-1.352014
1,0.081,-527.5092,-5.927069662921348,206.307,0.023180561797752807,-1.347953
1,0.08125,-523.7906,-5.885287640449439,205.1803,0.02305396629213483,-1.343652
1,0.0815,-520.467,-5.847943820224719,203.4974,0.02286487640449438,-1.339102
1,0.08175,-516.8385,-5.80717415730337,202.0621,0.022703606741573033,-1.334273
1,0.082,-513.1421,-5.765641573033708,201.9444,0.02269038202247191,-1.329171
1,0.08225,-509.1125,-5.720365168539326,200.3592,0.022512269662921348,-1.323846
1,0.0825,-504.9274,-5.673341573033708,199.0815,0.02236870786516854,-1.318285
1,0.08275,-500.606,-5.624786516853933,196.8276,0.022115460674157303,-1.312446
1,0.083,-496.6731,-5.580596629213484,195.4025,0.021955337078651684,-1.306377
1,0.08325,-492.021,-5.5283258426966295,194.2726,0.02182838202247191,-1.30012
1,0.0835,-488.0567,-5.483783146067416,192.6713,0.021648460674157304,-1.293619
1,0.08375,-483.281,-5.430123595505618,190.6496,0.021421303370786515,-1.28685
1,0.084,-478.3372,-5.374575280898877,189.466,0.021288314606741573,-1.279854
1,0.08425,-473.7661,-5.3232146067415735,188.386,0.021166966292134833,-1.272627
1,0.0845,-468.4956,-5.263995505617978,186.2584,0.02092791011235955,-1.265133
1,0.08475,-463.5862,-5.208833707865169,184.5363,0.02073441573033708,-1.257378
1,0.085,-458.58,-5.152584269662921,182.8813,0.020548460674157304,-1.249402
1,0.08525,-453.1656,-5.0917483146067415,180.842,0.02031932584269663,-1.241199
1,0.0855,-447.6885,-5.030207865168539,179.3603,0.020152842696629213,-1.23272
1,0.08575,-442.0543,-4.966902247191011,177.3041,0.019921808988764046,-1.223953
1,0.086,-436.1213,-4.900239325842698,175.6001,0.01973034831460674,-1.214941
1,0.08625,-430.4678,-4.836716853932585,173.5471,0.01949967415730337,-1.205733
1,0.0865,-424.4006,-4.7685460674157305,172.0968,0.019336719101123598,-1.196304
1,0.08675,-417.9509,-4.696077528089888,169.4519,0.019039539325842694,-1.186615
1,0.087,-411.9673,-4.62884606741573,167.484,0.018818426966292136,-1.176702
1,0.08725,-405.6123,-4.5574415730337074,165.6831,0.01861607865168539,-1.166577
1,0.0875,-399.2594,-4.4860606741573035,163.2174,0.018339033707865167,-1.15622
1,0.08775,-392.7374,-4.4127797752808995,161.3165,0.018125449438202247,-1.145607
1,0.088,-385.8597,-4.335502247191012,159.0478,0.017870539325842698,-1.134744
1,0.08825,-379.1918,-4.26058202247191,157.0924,0.017650831460674157,-1.123655
1,0.0885,-372.7604,-4.188319101123596,154.5357,0.017363561797752808,-1.112323
1,0.08875,-365.6706,-4.108658426966292,152.1266,0.017092876404494382,-1.100697
1,0.089,-358.7549,-4.0309539325842705,150.4245,0.016901629213483146,-1.088809
1,0.08925,-352.3549,-3.959043820224719,147.824,0.016609438202247195,-1.076685
1,0.0895,-345.1633,-3.878239325842697,145.0783,0.016300932584269665,-1.064271
1,0.08975,-337.8967,-3.796592134831461,142.1225,0.0159688202247191,-1.051533
1,0.09,-331.3022,-3.7224966292134836,140.98,0.01584044943820225,-1.03856
1,0.09025,-323.7722,-3.6378898876404495,138.8254,0.015598359550561798,-1.025389
1,0.0905,-316.5532,-3.5567775280898877,134.9695,0.015165112359550561,-1.011956
1,0.09075,-309.1706,-3.4738269662921346,131.4854,0.014773640449438201,-0.9982362
1,0.091,-301.2385,-3.3847022471910115,129.0225,0.014496910112359552,-0.9843286
1,0.09125,-293.8503,-3.301688764044944,126.889,0.014257191011235956,-0.9702413
1,0.0915,-285.8098,-3.2113460674157306,124.1163,0.013945651685393258,-0.9558563
1,0.09175,-278.1947,-3.125783146067416,120.8412,0.013577662921348314,-0.9412087
1,0.092,-270.4525,-3.0387921348314606,118.3599,0.013298865168539327,-0.9263701
1,0.09225,-262.4971,-2.949405617977528,115.6307,0.012992213483146067,-0.9113464
1,0.0925,-254.3659,-2.858043820224719,112.267,0.012614269662921347,-0.8960903
1,0.09275,-246.3598,-2.7680876404494383,108.2464,0.012162516853932584,-0.8805645
1,0.093,-238.4251,-2.6789337078651685,106.1231,0.011923943820224717,-0.8647878
1,0.09325,-230.0949,-2.58533595505618,102.9766,0.011570404494382023,-0.8487876
1,0.0935,-222.5396,-2.500444943820225,98.97366,0.011120635955056178,-0.832559
1,0.09375,-213.365,-2.397359550561798,94.94989,0.010668526966292134,-0.8160623
1,0.094,-205.2936,-2.3066696629213483,92.62662,0.010407485393258429,-0.7993746
1,0.09425,-196.8322,-2.2115977528089887,89.54055,0.01006073595505618,-0.7825444
1,0.0945,-188.4959,-2.1179314606741575,86.03917,0.009667322471910112,-0.7654904
1,0.09475,-179.6303,-2.01831797752809,81.78794,0.00918965617977528,-0.7481584
1,0.095,-170.8422,-1.9195752808988764,78.31284,0.008799195505617976,-0.7306344
1,0.09525,-162.3387,-1.8240303370786517,75.08167,0.008436142696629215,-0.7129823
1,0.0955,-153.8636,-1.7288044943820224,71.28733,0.008009812359550563,-0.6951162
1,0.09575,-145.4615,-1.6343988764044945,67.44828,0.007578458426966292,-0.6770201
1,0.096,-136.5797,-1.534603370786517,63.49863,0.007134677528089888,-0.6587534
1,0.09625,-128.0671,-1.438956179775281,59.62272,0.00669918202247191,-0.6403148
1,0.0965,-119.393,-1.3414943820224718,56.50332,0.006348687640449438,-0.6216462
1,0.09675,-110.6818,-1.2436157303370787,52.45641,0.005893978651685393,-0.6027193
1,0.097,-102.0953,-1.147138202247191,48.49775,0.005449185393258427,-0.5835689
1,0.09725,-93.24087,-1.0476502247191013,44.10102,0.004955170786516854,-0.5642452
1,0.0975,-85.04384,-0.9555487640449439,39.88352,0.004481294382022472,-0.5447359
1,0.09775,-76.36108,-0.8579896629213484,36.42214,0.004092375280898877,-0.5250225
1,0.098,-67.53246,-0.7587916853932585,31.66186,0.003557512359550562,-0.5051529
1,0.09825,-58.36044,-0.6557352808988764,27.55456,0.00309601797752809,-0.4851596
1,0.0985,-49.77645,-0.5592859550561797,23.00331,0.0025846415730337077,-0.4649894
1,0.09875,-40.62874,-0.4565026966292135,18.28303,0.002054273033707865,-0.4446209
1,0.099,-30.98416,-0.34813662921348315,14.78244,0.0016609483146067415,-0.4241652
1,0.09925,-22.15503,-0.2489329213483146,10.52846,0.0011829730337078652,-0.4036427
1,0.0995,-12.94148,-0.14540988764044946,5.81093,0.0006529134831460674,-0.3829836
1,0.09975,-4.351917,-0.04889794382022473,1.57774,0.0001772741573033708,-0.3622022
1,0.1,2.739952,0.03078597752808989,-3.077436,-0.0003457793258426966,-0.3432391
2,0.0,5.453073,0.06127048314606742,0.0,0.0,-0.2336199
2,0.00025,13.90552,0.156241797752809,4.366923,0.0004906655056179775,-0.2117317
2,0.0005,22.255,0.2500561797752809,7.912622,0.0008890586516853932,-0.1897406
2,0.00075,31.52224,0.3541824719101124,12.04659,0.0013535494382022472,-0.1675968
2,0.001,40.79455,0.45836573033707867,16.88021,0.0018966528089887644,-0.1453453
2,0.00125,49.68598,0.5582694382022472,20.96084,0.0023551505617977527,-0.1231076
2,0.0015,59.02818,0.6632379775280899,25.55915,0.002871814606741573,-0.1008612
2,0.00175,68.26808,0.7670570786516854,29.79744,0.0033480269662921353,-0.07864156
2,0.002,76.82421,0.8631933707865169,34.33613,0.0038579921348314604,-0.05654327
2,0.00225,85.83415,0.9644286516853933,38.16146,0.004287804494382022,-0.03445269
2,0.0025,94.73014,1.0643835955056182,42.10914,0.0047313640449438196,-0.01225064
2,0.00275,103.8849,1.1672460674157306,46.32743,0.005205329213483146,0.01003291
2,0.003,112.3443,1.2622955056179777,51.13163,0.0057451269662921346,0.03233797
2,0.00325,121.4561,1.3646752808988765,55.0801,0.006188775280898877,0.05459758
2,0.0035,129.2707,1.452479775280899,59.23956,0.006656130337078651,0.07688798
2,0.00375,138.4909,1.556077528089888,62.93076,0.007070871910112359,0.09917108
2,0.004,146.7942,1.6493730337078651,67.3016,0.007561977528089887,0.1213747
2,0.00425,155.5869,1.7481674157303373,71.56773,0.00804131797752809,0.1435711
2,0.0045,163.592,1.8381123595505622,75.79386,0.00851616404494382,0.1658066
2,0.00475,172.4373,1.9374977528089887,79.29132,0.008909137078651685,0.1880451
2,0.005,180.4464,2.0274876404494386,83.25587,0.00935459213483146,0.2102389
2,0.00525,189.3743,2.127801123595506,86.93138,0.009767570786516855,0.2323736
2,0.0055,197.6575,2.220870786516854,90.53669,0.010172661797752808,0.2545503
2,0.00575,206.4876,2.320085393258427,94.66438,0.010636447191011235,0.2768047
2,0.006,214.9647,2.4153337078651687,99.50859,0.011180740449438202,0.2989665
2,0.00625,223.261,2.508550561797753,103.1504,0.011589932584269665,0.3210388
2,0.0065,231.4905,2.6010168539325846,106.96,0.012017977528089887,0.3431916
2,0.00675,239.7635,2.6939719101123596,110.6092,0.012428,0.3653464
2,0.007,247.9585,2.7860505617977527,114.9628,0.012917168539325842,0.3873399
2,0.00725,256.3166,2.8799617977528094,119.4964,0.01342656179775281,0.4092286
2,0.0075,264.0365,2.9667022471910114,123.4739,0.013873471910112359,0.4310822
2,0.00775,272.2801,3.059326966292135,127.4953,0.014325314606741574,0.4528019
2,0.008,280.034,3.146449438202247,131.1328,0.014734022471910115,0.4743296
2,0.00825,287.453,3.229808988764045,135.144,0.015184719101123597,0.4957036
2,0.0085,295.4865,3.320073033707865,140.0235,0.01573297752808989,0.5169834
2,0.00875,302.6346,3.4003887640449437,143.1045,0.016079157303370787,0.5381465
2,0.009,310.744,3.4915056179775283,147.5408,0.01657761797752809,0.5590312
2,0.00925,318.1873,3.5751382022471914,152.0325,0.017082303370786516,0.5798562
2,0.0095,325.6606,3.659107865168539,154.9299,0.01740785393258427,0.60055
2,0.00975,332.8644,3.740049438202247,159.4227,0.017912662921348316,0.6208871
2,0.01,339.7253,3.8171382022471914,163.1547,0.018331988764044942,0.6411103
2,0.01025,346.8982,3.897732584269663,167.2514,0.01879229213483146,0.6613532
2,0.0105,354.3953,3.9819696629213484,170.4339,0.019149876404494382,0.6814513
2,0.01075,361.5429,4.062279775280898,174.304,0.019584719101123596,0.7012187
2,0.011,367.683,4.131269662921349,178.6019,0.020067629213483148,0.7207043
2,0.01125,375.055,4.214101123595506,182.8668,0.02054683146067416,0.7399221
2,0.0115,381.5056,4.2865797752809,185.9046,0.020888157303370784,0.7589667
2,0.01175,387.9543,4.359037078651685,189.2088,0.021259415730337076,0.7778742
2,0.012,394.5174,4.432779775280899,193.5757,0.021750078651685396,0.7965351
2,0.01225,400.9169,4.504684269662922,196.8884,0.02212229213483146,0.8149189
2,0.0125,407.4719,4.57833595505618,200.82,0.022564044943820225,0.8330973
2,0.01275,413.7098,4.648424719101124,203.8069,0.02289965168539326,0.8511015
2,0.013,420.1787,4.721108988764045,208.3754,0.02341296629213483,0.8688511
2,0.01325,426.6754,4.794105617977529,211.6238,0.023777955056179773,0.8863335
2,0.0135,431.9773,4.8536775280898885,215.2562,0.02418608988764045,0.903634
2,0.01375,437.6637,4.917569662921349,219.1807,0.024627044943820224,0.9207539
2,0.014,443.9806,4.98854606741573,221.7334,0.024913865168539325,0.9376146
2,0.01425,449.6569,5.052324719101124,225.7129,0.025360999999999998,0.9541829
2,0.0145,455.6102,5.119215730337079,228.3511,0.025657426966292137,0.9705199
2,0.01475,461.2099,5.182133707865169,231.154,0.025972359550561798,0.9866119
2,0.015,466.254,5.238808988764045,235.1448,0.02642076404494382,1.002401
2,0.01525,471.6162,5.299058426966292,238.3054,0.026775887640449438,1.017848
2,0.0155,476.3504,5.3522516853932585,241.4891,0.027133606741573033,1.032983
2,0.01575,481.3439,5.408358426966292,244.1822,0.027436202247191014,1.04783
2,0.016,486.3976,5.4651415730337085,247.0341,0.027756640449438204,1.062308
2,0.01625,490.4318,5.5104696629213485,249.5092,0.028034741573033706,1.0764
2,0.0165,495.1766,5.56378202247191,252.0313,0.028318123595505618,1.090159
2,0.01675,499.9133,5.617003370786517,255.1346,0.02866680898876405,1.103602
2,0.017,503.8417,5.661142696629214,257.6508,0.028949528089887638,1.116713
2,0.01725,508.1448,5.709492134831461,259.8286,0.02919422471910112,1.129453
2,0.0175,512.1207,5.754165168539327,262.197,0.029460337078651682,1.141791
2,0.01775,516.1843,5.799823595505618,264.3544,0.02970274157303371,1.153658
2,0.018,519.8163,5.840632584269662,266.5106,0.029945011235955058,1.165098
2,0.01825,523.8966,5.886478651685394,268.9017,0.03021367415730337,1.176338
2,0.0185,527.4679,5.926605617977528,271.1187,0.03046277528089887,1.187359
2,0.01875,531.066,5.967033707865169,272.9058,0.030663573033707866,1.198231
2,0.019,534.0644,6.000723595505618,275.568,0.03096269662921348,1.20892
2,0.01925,537.5531,6.039922471910112,276.5645,0.031074662921348317,1.219222
2,0.0195,540.4381,6.072338202247191,278.254,0.03126449438202247,1.229167
2,0.01975,543.3428,6.104975280898877,279.9949,0.0314601011235955,1.238774
2,0.02,545.9487,6.134255056179776,281.6565,0.03164679775280899,1.248193
2,0.02025,548.63,6.16438202247191,283.6724,0.03187330337078651,1.25739
2,0.0205,551.201,6.193269662921349,285.8035,0.03211275280898876,1.266159
2,0.02075,553.8342,6.222856179775281,287.1173,0.032260370786516855,1.274517
2,0.021,556.2765,6.250297752808989,288.1424,0.03237555056179776,1.282489
2,0.02125,558.4554,6.2747797752809005,289.8025,0.032562078651685394,1.290087
2,0.0215,560.218,6.294584269662922,290.4896,0.032639280898876404,1.297329
2,0.02175,562.2151,6.317023595505619,291.8391,0.032790910112359545,1.30419
2,0.022,564.3054,6.34051011235955,293.5306,0.03298096629213483,1.31067
2,0.02225,565.5686,6.354703370786517,295.2087,0.03316951685393259,1.316804
2,0.0225,566.9817,6.370580898876406,295.3648,0.03318705617977528,1.322632
2,0.02275,568.1866,6.384119101123596,295.9017,0.03324738202247191,1.32814
2,0.023,569.2751,6.396349438202248,297.0386,0.03337512359550562,1.333296
2,0.02325,570.5053,6.41017191011236,297.5249,0.03342976404494382,1.338116
2,0.0235,570.8589,6.414144943820224,297.8795,0.03346960674157303,1.342633
2,0.02375,571.7959,6.424673033707865,297.6779,0.03344695505617978,1.34685
2,0.024,571.6703,6.423261797752809,299.2105,0.03361915730337079,1.3507
2,0.02425,572.3292,6.430665168539326,299.4231,0.03364304494382022,1.354184
2,0.0245,571.9752,6.426687640449438,299.2129,0.03361942696629213,1.357368
2,0.02475,572.4827,6.43238988764045,300.0788,0.033716719101123595,1.360252
2,0.025,572.4953,6.4325314606741575,300.3643,0.03374879775280899,1.362833
2,0.02525,572.1018,6.428110112359551,300.2953,0.03374104494382023,1.365123
2,0.0255,572.004,6.427011235955057,301.0942,0.03383080898876405,1.367169
2,0.02575,571.9964,6.42692584269663,300.8741,0.03380607865168539,1.368994
2,0.026,571.4074,6.42030786516854,301.3875,0.03386376404494382,1.37059
2,0.02625,570.5484,6.410656179775281,300.3741,0.0337498988764045,1.371966
2,0.0265,570.1716,6.406422471910113,300.2596,0.03373703370786516,1.37313
2,0.02675,569.2295,6.395837078651686,300.2639,0.033737516853932586,1.374074
2,0.027,568.3958,6.386469662921349,300.5369,0.03376819101123595,1.374789
2,0.02725,567.1883,6.372902247191012,300.1812,0.03372822471910112,1.375274
2,0.0275,565.7094,6.3562853932584265,300.5326,0.03376770786516854,1.375549
2,0.02775,564.4791,6.34246179775281,300.0443,0.03371284269662921,1.375617
2,0.028,562.3037,6.318019101123596,300.2961,0.03374113483146068,1.375443
2,0.02825,560.7838,6.300941573033708,299.567,0.03365921348314607,1.375002
2,0.0285,558.6211,6.276641573033707,299.66,0.03366966292134832,1.374283
2,0.02875,556.4786,6.252568539325844,298.9348,0.0335881797752809,1.373301
2,0.029,554.3863,6.229059550561798,299.3462,0.03363440449438202,1.372023
2,0.02925,552.0691,6.203023595505619,299.0003,0.033595539325842694,1.370413
2,0.0295,549.3305,6.172252808988764,297.8971,0.03347158426966292,1.368476
2,0.02975,546.989,6.14594382022472,297.2437,0.03339816853932585,1.366236
2,0.03,544.3755,6.116578651685393,297.2135,0.033394775280898875,1.363681
2,0.03025,541.4708,6.083941573033709,296.2947,0.033291539325842695,1.360809
2,0.0305,538.0824,6.0458696629213495,295.3907,0.033189966292134825,1.357694
2,0.03075,535.1417,6.012828089887641,294.4985,0.03308971910112359,1.354289
2,0.031,531.8146,5.975444943820225,294.7891,0.03312237078651686,1.350508
2,0.03125,528.5903,5.939216853932584,293.6074,0.03298959550561798,1.34616
2,0.0315,525.2272,5.901429213483147,292.1293,0.03282351685393259,1.341168
2,0.03175,521.2669,5.856931460674157,290.339,0.032622359550561794,1.33596
2,0.032,517.2378,5.811660674157303,290.4947,0.03263985393258427,1.330756
2,0.03225,513.2502,5.766856179775281,290.0539,0.03259032584269663,1.325345
2,0.0325,509.1709,5.721021348314607,288.1193,0.03237295505617978,1.319673
2,0.03275,505.1089,5.675380898876405,287.1667,0.03226592134831461,1.313532
2,0.033,500.3545,5.621960674157304,285.7854,0.03211071910112359,1.307005
2,0.03325,496.3405,5.576859550561799,284.9485,0.03201668539325843,1.300467
2,0.0335,491.808,5.525932584269664,284.1787,0.03193019101123595,1.293834
2,0.03375,487.6406,5.479107865168539,282.9617,0.03179344943820225,1.286969
2,0.034,483.1252,5.4283730337078655,281.5569,0.031635606741573036,1.279853
2,0.03425,478.3298,5.374492134831461,281.3263,0.03160969662921348,1.27254
2,0.0345,473.198,5.316831460674157,279.2733,0.031379022471910115,1.265034
2,0.03475,468.1483,5.260093258426966,277.552,0.031185617977528092,1.257231
2,0.035,463.088,5.20323595505618,276.3064,0.031045662921348315,1.249076
2,0.03525,457.7683,5.14346404494382,275.3107,0.030933786516853932,1.240879
2,0.0355,452.2435,5.081387640449439,274.344,0.03082516853932584,1.232634
2,0.03575,446.5009,5.016864044943821,272.2748,0.030592674157303375,1.223713
2,0.036,441.1038,4.956222471910112,270.1276,0.030351415730337075,1.214035
2,0.03625,434.9859,4.887482022471911,268.7844,0.030200494382022474,1.2041
2,0.0365,429.3628,4.824301123595506,266.4541,0.029938662921348315,1.194185
2,0.03675,422.8539,4.751167415730338,265.9293,0.029879696629213484,1.184169
2,0.037,416.6221,4.681147191011236,263.8104,0.02964161797752809,1.173874
2,0.03725,410.1861,4.608832584269663,261.9181,0.029429,1.163317
2,0.0375,404.0049,4.539380898876405,259.6553,0.029174752808988767,1.152486
2,0.03775,397.4879,4.466156179775281,257.7614,0.028961955056179774,1.141329
2,0.038,390.7906,4.390905617977528,255.4405,0.028701179775280895,1.129893
2,0.03825,384.5426,4.320703370786517,253.318,0.028462696629213486,1.118293
2,0.0385,377.7363,4.244228089887641,251.063,0.028209325842696628,1.106524
2,0.03875,370.997,4.168505617977528,248.8632,0.027962157303370785,1.094549
2,0.039,364.1786,4.091894382022472,246.1286,0.027654898876404498,1.082393
2,0.03925,357.648,4.018516853932584,243.9665,0.027411966292134833,1.069979
2,0.0395,350.0445,3.933084269662922,241.5993,0.02714598876404494,1.057252
2,0.03975,343.3113,3.857430337078652,238.7842,0.026829685393258425,1.044312
2,0.04,335.9327,3.774524719101124,236.7821,0.026604730337078657,1.031238
2,0.04025,329.1412,3.698215730337079,234.3408,0.026330426966292134,1.017982
2,0.0405,321.5601,3.613034831460674,231.4254,0.02600285393258427,1.004531
2,0.04075,313.9166,3.527152808988764,228.6781,0.025694168539325844,0.9908189
2,0.041,306.2747,3.441288764044944,226.4145,0.025439831460674155,0.9767703
2,0.04125,298.7133,3.3563292134831464,223.0935,0.025066685393258428,0.9624219
2,0.0415,290.9964,3.2696224719101123,220.1647,0.024737606741573034,0.9477203
2,0.04175,283.4649,3.1849988764044945,217.4806,0.024436022471910113,0.9326935
2,0.042,275.6113,3.0967561797752814,214.3753,0.024087112359550564,0.9174874
2,0.04225,267.7141,3.008023595505618,211.3316,0.023745123595505617,0.9020577
2,0.0425,259.9846,2.921175280898877,207.8197,0.02335052808988764,0.8864004
2,0.04275,251.7688,2.8288629213483145,204.7532,0.023005977528089888,0.8705683
2,0.043,243.5373,2.736374157303371,201.5989,0.02265156179775281,0.8544502
2,0.04325,235.319,2.6440337078651686,198.8034,0.022337460674157303,0.8379705
2,0.0435,226.5846,2.5458943820224715,194.731,0.021879887640449437,0.8212833
2,0.04375,218.5922,2.4560921348314606,190.5241,0.02140720224719101,0.8045355
2,0.044,210.0173,2.3597449438202247,187.4385,0.02106050561797753,0.7874763
2,0.04425,201.7129,2.266437078651685,184.0234,0.020676786516853934,0.770077
2,0.0445,192.5718,2.1637280898876408,179.6815,0.020188932584269664,0.7525613
2,0.04475,184.4138,2.072065168539326,176.4025,0.01982050561797753,0.7349187
2,0.045,175.4768,1.9716494382022471,172.4517,0.019376595505617978,0.7170851
2,0.04525,166.9925,1.8763202247191013,168.306,0.018910786516853934,0.6990939
2,0.0455,158.6208,1.782256179775281,164.8638,0.01852402247191011,0.6809612
2,0.04575,150.2141,1.6877988764044944,160.7781,0.018064955056179773,0.6626119
2,0.046,141.5308,1.5902337078651685,157.172,0.017659775280898876,0.643974
2,0.04625,133.1904,1.496521348314607,153.511,0.017248426966292134,0.6251232
2,0.0465,123.9597,1.392805617977528,149.4809,0.016795606741573033,0.6062007
2,0.04675,115.0905,1.2931516853932585,145.1019,0.01630358426966292,0.5872022
2,0.047,107.1077,1.2034573033707865,140.6436,0.015802651685393257,0.5680294
2,0.04725,98.31051,1.1046124719101125,137.4316,0.015441752808988764,0.5486092
2,0.0475,89.15926,1.0017894382022474,132.7949,0.014920775280898878,0.5290204
2,0.04775,80.49221,0.9044068539325844,129.2801,0.014525853932584269,0.5092788
2,0.048,71.36475,0.8018511235955057,126.1113,0.014169808988764045,0.4892198
2,0.04825,62.55538,0.7028694382022472,121.626,0.013665842696629214,0.4688899
2,0.0485,53.63913,0.6026868539325844,117.0924,0.013156449438202246,0.4485369
2,0.04875,44.46154,0.49956786516853935,113.2823,0.012728348314606744,0.4281582
2,0.049,35.67647,0.4008592134831461,109.6209,0.012316955056179777,0.4075758
2,0.04925,26.37479,0.2963459550561798,105.8399,0.011892123595505618,0.3867376
2,0.0495,17.37092,0.1951788764044944,101.3891,0.011392033707865169,0.3658355
2,0.04975,8.761608,0.09844503370786518,97.58691,0.010964821348314608,0.3448678
2,0.05,-0.2696101,-0.0030293269662921354,94.11612,0.010574844943820223,0.3236119
2,0.05025,-9.169141,-0.10302405617977528,89.94215,0.010105859550561798,0.3021446
2,0.0505,-18.07222,-0.20305865168539328,85.82896,0.009643703370786516,0.2806452
2,0.05075,-26.9211,-0.30248426966292136,81.2734,0.009131842696629212,0.2591224
2,0.051,-36.48261,-0.40991696629213487,77.19277,0.008673344943820225,0.2374433
2,0.05125,-45.1755,-0.5075898876404494,73.17136,0.008221501123595506,0.2155752
2,0.0515,-53.85876,-0.6051546067415731,68.86875,0.00773806179775281,0.1936541
2,0.05175,-62.96291,-0.7074484269662922,63.84806,0.007173939325842696,0.1717395
2,0.052,-72.22762,-0.8115462921348315,60.5463,0.0068029550561797755,0.1496939
2,0.05225,-80.76856,-0.9075119101123594,56.02839,0.006295324719101124,0.1274947
2,0.0525,-90.13457,-1.0127479775280899,51.67441,0.005806113483146068,0.1051988
2,0.05275,-98.91254,-1.1113768539325846,47.36867,0.0053223224719101125,0.08282538
2,0.053,-107.4423,-1.2072168539325845,43.67472,0.00490727191011236,0.06039138
2,0.05325,-116.2168,-1.305806741573034,39.07445,0.004390387640449438,0.03789502
2,0.0535,-124.9492,-1.4039235955056182,34.45379,0.0038712123595505614,0.0153565
2,0.05375,-133.3609,-1.4984370786516854,30.10059,0.0033820887640449437,-0.007202085
2,0.054,-141.7459,-1.5926505617977529,25.70896,0.002888647191011236,-0.02984184
2,0.05425,-150.4712,-1.6906876404494384,21.88756,0.002459276404494382,-0.05261209
2,0.0545,-158.9599,-1.7860662921348316,16.55862,0.0018605191011235958,-0.07542493
2,0.05475,-167.3337,-1.8801539325842695,12.23719,0.0013749651685393259,-0.09818665
2,0.055,-175.669,-1.973808988764045,7.95733,0.00089408202247191,-0.1209011
2,0.05525,-184.3589,-2.0714483146067417,3.441379,0.00038667179775280896,-0.1435273
2,0.0555,-193.3329,-2.1722797752808987,-0.8259309,-9.280122471910112e-05,-0.1661757
2,0.05575,-201.2452,-2.2611820224719104,-5.313253,-0.0005969947191011236,-0.1889738
2,0.056,-210.0587,-2.360210112359551,-8.789928,-0.0009876323595505619,-0.2117612
2,0.05625,-218.1818,-2.451480898876405,-13.56942,-0.0015246539325842695,-0.2344681
2,0.0565,-226.5692,-2.545721348314607,-17.65712,-0.0019839460674157304,-0.2571114
2,0.05675,-234.5105,-2.6349494382022476,-23.10802,-0.0025964067415730338,-0.2796774
2,0.057,-243.1036,-2.7315011235955056,-26.14036,-0.002937119101123596,-0.3021383
2,0.05725,-251.1046,-2.8214,-30.45316,-0.003421703370786517,-0.3244897
2,0.0575,-259.2854,-2.9133191011235953,-34.97774,-0.003930083146067415,-0.346861
2,0.05775,-267.2424,-3.002723595505618,-39.40114,-0.004427094382022471,-0.3692251
2,0.058,-274.9714,-3.0895662921348315,-42.46289,-0.0047711112359550565,-0.3914502
2,0.05825,-282.7557,-3.177030337078652,-46.40312,-0.005213833707865169,-0.4136952
2,0.0585,-289.7057,-3.255120224719101,-50.34923,-0.005657216853932584,-0.4359801
2,0.05875,-297.9969,-3.348279775280899,-53.97023,-0.006064070786516855,-0.4581274
2,0.059,-305.5122,-3.432721348314607,-57.96223,-0.00651261011235955,-0.4800616
2,0.05925,-312.789,-3.5144831460674157,-61.5095,-0.0069111797752809,-0.5018666
2,0.0595,-320.438,-3.600426966292135,-65.84112,-0.007397878651685394,-0.5235953
2,0.05975,-327.7471,-3.6825516853932587,-69.82881,-0.00784593370786517,-0.5452149
2,0.06,-334.953,-3.7635168539325843,-73.04586,-0.0082074,-0.5667367
2,0.06025,-342.2333,-3.84531797752809,-77.05198,-0.008657525842696629,-0.5881534
2,0.0605,-349.2755,-3.92444382022472,-80.82632,-0.009081608988764044,-0.6094197
2,0.06075,-355.7773,-3.9974977528089894,-84.92852,-0.009542530337078654,-0.6304792
2,0.061,-363.1801,-4.080675280898876,-88.45304,-0.009938543820224719,-0.6513594
2,0.06125,-369.9438,-4.15667191011236,-91.16065,-0.010242769662921349,-0.6720762
2,0.0615,-377.1375,-4.2375,-95.50051,-0.010730394382022472,-0.6925823
2,0.06175,-383.0371,-4.303787640449438,-98.97679,-0.011120987640449437,-0.7128137
2,0.062,-389.7314,-4.379004494382023,-101.755,-0.01143314606741573,-0.7328243
2,0.06225,-396.0306,-4.44978202247191,-105.2717,-0.011828280898876404,-0.7526969
2,0.0625,-402.6134,-4.523746067415731,-108.3734,-0.012176786516853933,-0.772353
2,0.06275,-408.4872,-4.58974382022472,-112.2819,-0.012615943820224717,-0.7917503
2,0.063,-414.9626,-4.662501123595506,-115.0091,-0.012922370786516854,-0.8109628
2,0.06325,-420.5634,-4.725431460674157,-117.7022,-0.013224966292134831,-0.8299786
2,0.0635,-427.0713,-4.79855393258427,-121.0757,-0.013604011235955057,-0.8487147
2,0.06375,-433.2565,-4.868050561797753,-125.2144,-0.014069033707865167,-0.8671407
2,0.064,-438.5879,-4.92795393258427,-126.3439,-0.01419594382022472,-0.885344
2,0.06425,-444.4297,-4.993592134831461,-129.681,-0.014570898876404496,-0.9033061
2,0.0645,-449.954,-5.055662921348315,-132.1701,-0.014850573033707863,-0.9209501
2,0.06475,-455.9068,-5.122548314606742,-136.5629,-0.01534414606741573,-0.9383101
2,0.065,-460.8354,-5.177925842696629,-139.1419,-0.015633921348314605,-0.9553927
2,0.06525,-465.9692,-5.235608988764046,-141.7091,-0.015922370786516857,-0.9721846
2,0.0655,-471.5386,-5.298186516853932,-143.6998,-0.016146044943820225,-0.9886661
2,0.06575,-476.2388,-5.35099775280899,-146.9722,-0.01651373033707865,-1.004841
2,0.066,-480.9704,-5.40416179775281,-148.9586,-0.016736921348314608,-1.020781
2,0.06625,-485.7182,-5.45750786516854,-151.5505,-0.01702814606741573,-1.036539
2,0.0665,-489.9905,-5.505511235955057,-154.0075,-0.017304213483146064,-1.052012
2,0.06675,-494.4689,-5.555830337078652,-157.0269,-0.01764347191011236,-1.067114
2,0.067,-498.9432,-5.606103370786517,-159.1831,-0.017885741573033707,-1.081895
2,0.06725,-502.8275,-5.649747191011237,-161.0212,-0.018092269662921347,-1.096393
2,0.0675,-506.9366,-5.695916853932585,-163.5476,-0.018376134831460673,-1.110548
2,0.06775,-510.9835,-5.741387640449439,-166.1819,-0.01867212359550562,-1.12432
2,0.068,-514.6864,-5.782993258426967,-168.7589,-0.018961674157303373,-1.137772
2,0.06825,-518.7743,-5.828924719101124,-170.7708,-0.019187730337078653,-1.150946
2,0.0685,-522.2843,-5.868362921348315,-173.229,-0.019463932584269664,-1.163749
2,0.06875,-525.661,-5.9063033707865165,-175.1832,-0.01968350561797753,-1.176147
2,0.069,-529.0626,-5.9445235955056175,-177.6285,-0.019958258426966292,-1.188187
2,0.06925,-532.1618,-5.97934606741573,-178.8199,-0.020092123595505617,-1.199858
2,0.0695,-535.3021,-6.014630337078652,-181.102,-0.0203485393258427,-1.211062
2,0.06975,-538.4803,-6.050340449438203,-183.1578,-0.020579528089887642,-1.221754
2,0.07,-541.1201,-6.080001123595506,-184.2732,-0.02070485393258427,-1.232061
2,0.07025,-543.84,-6.11056179775281,-185.756,-0.020871460674157304,-1.242056
2,0.0705,-546.65,-6.142134831460674,-188.0581,-0.021130123595505618,-1.251668
2,0.07075,-548.7524,-6.165757303370786,-190.339,-0.021386404494382023,-1.260874
2,0.071,-551.3578,-6.195031460674158,-191.8513,-0.02155632584269663,-1.269753
2,0.07125,-553.2587,-6.2163898876404495,-193.0921,-0.021695741573033705,-1.278336
2,0.0715,-555.6852,-6.24365393258427,-194.4432,-0.02184755056179775,-1.286565
2,0.07175,-557.0746,-6.259265168539327,-196.3574,-0.022062629213483148,-1.29442
2,0.072,-558.8939,-6.279706741573034,-197.6626,-0.022209280898876405,-1.301913
2,0.07225,-560.3895,-6.296511235955057,-198.994,-0.022358876404494382,-1.308989
2,0.0725,-561.9318,-6.313840449438202,-200.709,-0.022551573033707865,-1.315572
2,0.07275,-563.7101,-6.333821348314608,-202.0754,-0.022705101123595507,-1.321755
2,0.073,-564.4273,-6.341879775280899,-203.4798,-0.022862898876404497,-1.327607
2,0.07325,-565.5502,-6.354496629213484,-203.8265,-0.02290185393258427,-1.333112
2,0.0735,-566.2699,-6.362583146067416,-205.4952,-0.023089348314606743,-1.338307
2,0.07375,-566.6442,-6.366788764044943,-207.0643,-0.023265651685393258,-1.343206
2,0.074,-566.8518,-6.369121348314607,-207.3553,-0.023298348314606743,-1.347795
2,0.07425,-567.4394,-6.375723595505618,-208.9327,-0.023475584269662925,-1.352069
2,0.0745,-567.4915,-6.376308988764046,-210.0974,-0.023606449438202247,-1.356001
2,0.07475,-567.5756,-6.37725393258427,-210.8006,-0.023685460674157305,-1.359584
2,0.075,-567.6531,-6.378124719101123,-211.2485,-0.023735786516853936,-1.362833
2,0.07525,-567.2813,-6.373947191011236,-211.9348,-0.023812898876404493,-1.365767
2,0.0755,-567.0767,-6.371648314606741,-212.5874,-0.023886224719101123,-1.368411
2,0.07575,-567.096,-6.371865168539326,-214.029,-0.024048202247191012,-1.370764
2,0.076,-566.4426,-6.364523595505617,-214.3114,-0.024079932584269662,-1.372823
2,0.07625,-566.0359,-6.359953932584269,-214.7585,-0.02413016853932584,-1.374582
2,0.0765,-565.109,-6.349539325842698,-215.4652,-0.024209573033707864,-1.376038
2,0.07675,-563.7177,-6.333906741573034,-216.1033,-0.024281269662921347,-1.377201
2,0.077,-563.2882,-6.329080898876405,-216.4029,-0.02431493258426966,-1.378074
2,0.07725,-561.9536,-6.314085393258428,-216.2519,-0.02429796629213483,-1.378672
2,0.0775,-560.3819,-6.296425842696629,-216.4429,-0.024319426966292135,-1.379035
2,0.07775,-559.2398,-6.283593258426966,-217.2563,-0.0244108202247191,-1.379161
2,0.078,-557.5613,-6.264733707865168,-216.8084,-0.024360494382022473,-1.379071
2,0.07825,-555.8048,-6.244997752808989,-216.701,-0.024348426966292133,-1.378778
2,0.0785,-553.9809,-6.224504494382023,-217.0826,-0.024391303370786516,-1.378255
2,0.07875,-551.727,-6.199179775280899,-217.4638,-0.024434134831460674,-1.377458
2,0.079,-549.7791,-6.177293258426967,-217.1437,-0.024398168539325842,-1.376367
2,0.07925,-547.0911,-6.147091011235955,-217.0731,-0.024390235955056183,-1.374929
2,0.0795,-544.9608,-6.123155056179775,-216.6974,-0.024348022471910112,-1.373116
2,0.07975,-541.1718,-6.08058202247191,-216.9755,-0.02437926966292135,-1.370946
2,0.08,-539.3332,-6.0599235955056185,-216.0523,-0.0242755393258427,-1.368412
2,0.08025,-536.1403,-6.024048314606742,-216.4194,-0.02431678651685393,-1.365457
2,0.0805,-533.3926,-5.9931752808988765,-215.8617,-0.02425412359550562,-1.362072
2,0.08075,-529.9799,-5.954830337078652,-215.2123,-0.024181157303370785,-1.35826
2,0.081,-526.8908,-5.920121348314607,-213.8428,-0.024027280898876405,-1.354079
2,0.08125,-523.4755,-5.881747191011236,-213.5839,-0.023998191011235955,-1.349637
2,0.0815,-519.9949,-5.842639325842697,-213.3847,-0.023975808988764044,-1.344846
2,0.08175,-516.097,-5.7988426966292135,-213.4592,-0.0239841797752809,-1.339535
2,0.082,-512.699,-5.760662921348315,-211.0198,-0.02371008988764045,-1.333781
2,0.08225,-507.86,-5.706292134831461,-210.0696,-0.02360332584269663,-1.327829
2,0.0825,-504.5379,-5.668965168539326,-208.9201,-0.02347416853932584,-1.321687
2,0.08275,-499.748,-5.615146067415731,-207.8557,-0.023354573033707866,-1.315168
2,0.083,-495.8648,-5.571514606741574,-206.1905,-0.02316747191011236,-1.308183
2,0.08325,-491.4142,-5.52150786516854,-204.8163,-0.023013067415730337,-1.30089
2,0.0835,-487.4651,-5.4771359550561804,-203.6147,-0.022878056179775282,-1.293375
2,0.08375,-482.3547,-5.419715730337079,-202.1264,-0.022710831460674156,-1.285584
2,0.084,-478.1042,-5.371957303370786,-200.0451,-0.022476977528089886,-1.277595
2,0.08425,-472.8549,-5.312976404494382,-198.818,-0.022339101123595505,-1.269344
2,0.0845,-468.4085,-5.263016853932585,-197.2335,-0.02216106741573034,-1.260717
2,0.08475,-463.1156,-5.20354606741573,-195.3197,-0.02194603370786517,-1.251867
2,0.085,-457.8659,-5.144560674157304,-193.2388,-0.021712224719101125,-1.242889
2,0.08525,-452.9793,-5.089655056179776,-192.0278,-0.02157615730337079,-1.233711
2,0.0855,-447.1673,-5.024351685393259,-190.2261,-0.021373719101123595,-1.224313
2,0.08575,-441.6638,-4.962514606741572,-188.5707,-0.021187719101123596,-1.2142
2,0.086,-435.6558,-4.8950089887640456,-185.5042,-0.020843168539325843,-1.203385
2,0.08625,-429.819,-4.829426966292135,-184.0775,-0.020682865168539327,-1.192595
2,0.0865,-424.0567,-4.76468202247191,-182.0225,-0.020451966292134832,-1.181857
2,0.08675,-417.8628,-4.695087640449438,-180.2247,-0.02024996629213483,-1.171014
2,0.087,-411.7353,-4.626239325842697,-177.6912,-0.01996530337078652,-1.160039
2,0.08725,-405.2998,-4.553930337078652,-175.7884,-0.019751505617977526,-1.148749
2,0.0875,-398.9479,-4.482560674157304,-173.6467,-0.019510865168539327,-1.136795
2,0.08775,-392.5216,-4.4103550561797755,-171.3371,-0.019251359550561797,-1.124362
2,0.088,-386.2563,-4.339958426966293,-169.1437,-0.01900491011235955,-1.112049
2,0.08825,-379.3088,-4.261896629213484,-167.3938,-0.01880829213483146,-1.09969
2,0.0885,-372.6581,-4.187169662921348,-164.5124,-0.018484539325842698,-1.086844
2,0.08875,-366.3082,-4.115822471910112,-162.7684,-0.018288584269662924,-1.073538
2,0.089,-359.3329,-4.037448314606742,-159.4607,-0.01791693258426966,-1.059969
2,0.08925,-352.1128,-3.956323595505618,-156.4312,-0.017576539325842695,-1.046218
2,0.0895,-345.0448,-3.8769078651685396,-154.5479,-0.017364932584269663,-1.032267
2,0.08975,-337.6951,-3.794326966292135,-152.2921,-0.01711147191011236,-1.018112
2,0.09,-330.858,-3.7175056179775283,-149.188,-0.01676269662921348,-1.003756
2,0.09025,-323.7266,-3.637377528089888,-145.9258,-0.01639615730337079,-0.9891919
2,0.0905,-316.3628,-3.554638202247191,-143.6818,-0.016144022471910113,-0.9742946
2,0.09075,-308.5588,-3.4669528089887645,-141.4114,-0.015888921348314603,-0.9590451
2,0.091,-301.6168,-3.3889528089887646,-138.116,-0.01551865168539326,-0.9435532
2,0.09125,-293.6168,-3.299065168539326,-135.2213,-0.015193404494382024,-0.9278413
2,0.0915,-285.7379,-3.210538202247191,-132.3407,-0.014869741573033708,-0.9119306
2,0.09175,-277.7789,-3.121111235955057,-129.8582,-0.014590808988764045,-0.8956654
2,0.092,-270.5614,-3.0400157303370787,-125.6403,-0.014116887640449438,-0.8790966
2,0.09225,-262.8496,-2.953366292134832,-122.3723,-0.013749696629213482,-0.8625096
2,0.0925,-254.7138,-2.861952808988764,-119.6655,-0.013445561797752808,-0.8456955
2,0.09275,-246.7837,-2.772850561797753,-117.501,-0.013202359550561798,-0.8285233
2,0.093,-238.1511,-2.675855056179776,-113.7694,-0.012783078651685393,-0.8110262
2,0.09325,-230.2965,-2.5876011235955056,-110.9532,-0.012466651685393257,-0.793299
2,0.0935,-221.9202,-2.493485393258427,-107.5314,-0.012082179775280899,-0.7754895
2,0.09375,-213.791,-2.4021460674157304,-104.7869,-0.011773808988764045,-0.7575822
2,0.094,-204.5486,-2.2982988764044943,-100.2314,-0.011261955056179775,-0.7395309
2,0.09425,-196.2786,-2.205377528089888,-97.50534,-0.01095565617977528,-0.7212539
2,0.0945,-187.4865,-2.1065898876404496,-93.97493,-0.010558980898876405,-0.7028295
2,0.09475,-179.5062,-2.016923595505618,-91.11516,-0.010237658426966292,-0.6841469
2,0.095,-170.7748,-1.91881797752809,-86.7247,-0.009744348314606742,-0.6652683
2,0.09525,-162.282,-1.8233932584269665,-83.59511,-0.009392708988764046,-0.6461551
2,0.0955,-153.4706,-1.7243887640449438,-80.14588,-0.009005155056179775,-0.6267098
2,0.09575,-145.0897,-1.6302213483146069,-76.81667,-0.008631086516853933,-0.6070662
2,0.096,-136.172,-1.5300224719101125,-72.66937,-0.008165097752808988,-0.5871999
2,0.09625,-128.0514,-1.438779775280899,-68.50716,-0.007697433707865168,-0.5672425
2,0.0965,-119.0936,-1.3381303370786517,-65.34266,-0.0073418719101123586,-0.5471578
2,0.09675,-110.3379,-1.2397516853932586,-61.91776,-0.006957051685393259,-0.5268639
2,0.097,-102.1262,-1.147485393258427,-57.80928,-0.006495424719101123,-0.5064714
2,0.09725,-92.81795,-1.0428983146067416,-53.72629,-0.006036661797752809,-0.4859963
2,0.0975,-84.30588,-0.9472570786516854,-50.03392,-0.005621788764044944,-0.4653407
2,0.09775,-75.18501,-0.844775393258427,-46.38508,-0.005211806741573034,-0.4444686
2,0.098,-66.42781,-0.7463798876404494,-41.96521,-0.004715192134831461,-0.4234941
2,0.09825,-57.24008,-0.6431469662921349,-37.64064,-0.004229285393258427,-0.4024545
2,0.0985,-48.58974,-0.5459521348314608,-33.60276,-0.0037755910112359553,-0.3810846
2,0.09875,-39.50079,-0.4438291011235955,-29.43898,-0.0033077505617977528,-0.3594817
2,0.099,-30.45893,-0.34223516853932584,-24.77047,-0.0027831988764044943,-0.3379824
2,0.09925,-21.79441,-0.24488101123595507,-20.9028,-0.002348629213483146,-0.3166085
2,0.0995,-12.66493,-0.14230258426966294,-16.2539,-0.0018262808988764045,-0.2951054
2,0.09975,-3.735013,-0.04196643820224719,-12.1015,-0.0013597191011235955,-0.2733191
2,0.1,3.556413,0.03995969662921348,-8.522461,-0.0009575798876404494,-0.2534463
3,0.0,5.457056,0.06131523595505618,0.0,0.0,-0.3735583
3,0.00025,16.04189,0.18024595505617977,4.680667,0.0005259176404494382,-0.3456809
3,0.0005,26.32718,0.29581101123595505,9.97588,0.001120885393258427,-0.3176673
3,0.00075,37.54441,0.4218473033707865,14.80793,0.0016638123595505618,-0.2894546
3,0.001,47.72384,0.5362229213483147,19.90784,0.00223683595505618,-0.2611397
3,0.00125,58.26186,0.6546276404494382,26.10349,0.0029329764044943823,-0.2329064
3,0.0015,69.13822,0.7768339325842697,30.4661,0.0034231573033707864,-0.2046651
3,0.00175,80.48613,0.9043385393258428,35.75426,0.004017332584269663,-0.1762492
3,0.002,91.52102,1.0283260674157302,41.40439,0.004652178651685394,-0.1477114
3,0.00225,101.7633,1.1434078651685395,46.32233,0.005204756179775281,-0.1190992
3,0.0025,112.6219,1.2654146067415732,51.41831,0.005777338202247191,-0.09036122
3,0.00275,122.8626,1.3804786516853933,56.28095,0.00632370224719101,-0.06146865
3,0.003,133.4113,1.4990033707865171,62.77584,0.007053465168539326,-0.03256764
3,0.00325,143.8926,1.616770786516854,68.04243,0.007645216853932584,-0.003760716
3,0.0035,154.7578,1.7388516853932585,73.42902,0.008250451685393257,0.0250914
3,0.00375,165.155,1.855674157303371,77.86889,0.008749313483146066,0.05412691
3,0.004,175.5684,1.9726786516853934,83.68962,0.009403328089887641,0.08318835
3,0.00425,185.3199,2.0822460674157304,89.25466,0.010028613483146067,0.1121298
3,0.0045,196.1025,2.2033988764044943,94.39025,0.010605646067415729,0.1410296
3,0.00475,206.2637,2.3175696629213487,99.73449,0.01120612247191011,0.169918
3,0.005,216.2755,2.430061797752809,104.4254,0.011733191011235955,0.1987287
3,0.00525,226.1389,2.540886516853933,109.2668,0.012277168539325842,0.2273816
3,0.0055,236.7195,2.6597696629213488,114.4455,0.012859044943820225,0.255916
3,0.00575,246.8928,2.774076404494382,119.1074,0.01338285393258427,0.284388
3,0.006,256.978,2.8873932584269664,124.5297,0.013992101123595505,0.3127557
3,0.00625,266.7341,2.997012359550562,129.5755,0.014559044943820225,0.3410021
3,0.0065,276.9353,3.111632584269663,134.6138,0.01512514606741573,0.3691766
3,0.00675,287.2925,3.2280056179775283,139.2297,0.015643786516853934,0.3973053
3,0.007,296.7162,3.3338898876404497,144.5971,0.016246865168539328,0.4253099
3,0.00725,306.4155,3.442870786516854,149.8147,0.01683311235955056,0.4531559
3,0.0075,316.1811,3.5525966292134834,154.9781,0.017413269662921352,0.4809615
3,0.00775,326.1519,3.664628089887641,159.3819,0.017908078651685394,0.5088144
3,0.008,336.1247,3.77668202247191,165.0819,0.018548528089887637,0.5366379
3,0.00825,344.9842,3.8762269662921347,169.526,0.019047865168539325,0.5643242
3,0.0085,353.9171,3.9765966292134833,174.3326,0.019587932584269663,0.5918547
3,0.00875,363.3829,4.08295393258427,179.6396,0.020184224719101123,0.6192921
3,0.009,372.2703,4.182812359550562,185.3638,0.020827393258426967,0.6465956
3,0.00925,381.3208,4.284503370786517,189.7296,0.02131793258426966,0.6736774
3,0.0095,389.9149,4.381066292134832,194.882,0.02189685393258427,0.7005612
3,0.00975,399.0226,4.4834000000000005,199.8768,0.022458067415730337,0.7272652
3,0.01,407.7256,4.581186516853933,205.4058,0.023079303370786515,0.7536958
3,0.01025,416.0163,4.674340449438202,209.9927,0.02359468539325843,0.7798219
3,0.0105,424.3506,4.7679842696629215,214.822,0.024137303370786515,0.8056874
3,0.01075,432.732,4.862157303370787,219.2846,0.024638719101123596,0.8312703
3,0.011,441.1473,4.956711235955057,225.0775,0.025289606741573035,0.8565675
3,0.01125,449.4173,5.049632584269664,229.1601,0.025748325842696627,0.8815808
3,0.0115,457.6012,5.141586516853933,234.1177,0.026305359550561798,0.9063727
3,0.01175,465.5455,5.230848314606742,238.2281,0.02676720224719101,0.9309595
3,0.012,473.2254,5.317139325842697,243.0284,0.027306561797752812,0.9552275
3,0.01225,481.3859,5.408830337078651,248.3789,0.027907741573033707,0.9791103
3,0.0125,489.1995,5.496623595505618,251.5579,0.028264932584269663,1.002689
3,0.01275,496.5087,5.578749438202247,255.8099,0.02874268539325843,1.026026
3,0.013,503.7849,5.660504494382023,260.3839,0.02925661797752809,1.048995
3,0.01325,511.2374,5.744240449438203,263.8418,0.029645146067415726,1.071543
3,0.0135,518.5147,5.826007865168539,268.1848,0.03013312359550562,1.093751
3,0.01375,525.4738,5.9041999999999994,271.6226,0.030519393258426963,1.115656
3,0.014,532.4365,5.982432584269663,276.0362,0.03101530337078652,1.137192
3,0.01425,538.8953,6.055003370786518,279.8192,0.0314403595505618,1.158325
3,0.0145,545.7836,6.1324,283.4872,0.03185249438202247,1.179151
3,0.01475,552.3077,6.205704494382022,286.8596,0.032231415730337075,1.199726
3,0.015,558.7137,6.27768202247191,291.5665,0.03276028089887641,1.21998
3,0.01525,565.2313,6.350913483146067,295.0754,0.0331545393258427,1.239838
3,0.0155,571.2494,6.418532584269664,299.1089,0.03360774157303371,1.259361
3,0.01575,576.7524,6.48036404494382,302.6021,0.03400023595505618,1.278617
3,0.016,582.6626,6.546770786516854,306.3764,0.03442431460674157,1.297538
3,0.01625,588.0157,6.606917977528091,310.1116,0.034844,1.316042
3,0.0165,593.8054,6.671970786516854,313.5329,0.035228415730337075,1.334159
3,0.01675,598.8318,6.728447191011237,316.5484,0.03556723595505618,1.351905
3,0.017,603.9017,6.785412359550563,320.4675,0.03600758426966292,1.369201
3,0.01725,609.1399,6.844268539325843,324.263,0.03643404494382022,1.385992
3,0.0175,613.518,6.893460674157304,326.9384,0.036734651685393256,1.402324
3,0.01775,618.4486,6.948860674157304,329.4727,0.03701940449438202,1.418219
3,0.018,622.9007,6.998884269662922,333.7922,0.037504741573033705,1.433623
3,0.01825,627.372,7.049123595505618,335.9311,0.03774506741573034,1.448512
3,0.0185,631.3535,7.093859550561799,338.816,0.03806921348314606,1.462933
3,0.01875,635.9651,7.145675280898876,341.3628,0.03835537078651685,1.476922
3,0.019,639.8706,7.189557303370787,343.9845,0.03864994382022472,1.490461
3,0.01925,644.038,7.23638202247191,346.2509,0.03890459550561798,1.503518
3,0.0195,647.5834,7.27621797752809,348.5817,0.03916648314606742,1.516147
3,0.01975,651.296,7.317932584269664,350.7598,0.039411213483146065,1.528401
3,0.02,654.3866,7.3526584269662925,353.6502,0.03973597752808988,1.540246
3,0.02025,658.1301,7.394720224719101,355.2444,0.0399151011235955,1.551649
3,0.0205,660.9816,7.426759550561798,357.1645,0.040130842696629206,1.56264
3,0.02075,663.7658,7.458042696629215,358.4975,0.04028061797752809,1.57324
3,0.021,666.6665,7.4906348314606745,361.2946,0.040594898876404495,1.583429
3,0.02125,669.203,7.519134831460674,363.577,0.04085134831460674,1.593187
3,0.0215,670.9797,7.539097752808988,364.5147,0.040956707865168536,1.60253
3,0.02175,673.7497,7.570221348314607,366.0568,0.04112997752808989,1.611495
3,0.022,675.5538,7.590492134831461,367.8346,0.04132973033707865,1.620055
3,0.02225,677.8097,7.615839325842697,369.3954,0.041505101123595504,1.628191
3,0.0225,679.1565,7.63097191011236,371.2073,0.04170868539325843,1.63594
3,0.02275,680.91,7.650674157303371,371.9211,0.04178888764044944,1.643317
3,0.023,682.0556,7.663546067415731,374.2267,0.04204794382022472,1.650311
3,0.02325,682.8974,7.673004494382022,375.4691,0.0421875393258427,1.656912
3,0.0235,684.4144,7.690049438202248,376.8617,0.042344011235955055,1.663155
3,0.02375,685.2156,7.6990516853932585,378.0555,0.04247814606741573,1.669065
3,0.024,685.9566,7.707377528089888,378.4101,0.042517988764044945,1.674617
3,0.02425,686.2727,7.710929213483147,380.1863,0.04271756179775281,1.679798
3,0.0245,686.0858,7.708829213483146,381.7146,0.042889280898876406,1.684628
3,0.02475,686.6946,7.715669662921349,381.1326,0.04282388764044944,1.689129
3,0.025,686.3471,7.711765168539325,382.9186,0.04302456179775281,1.693287
3,0.02525,686.6748,7.715447191011236,383.7406,0.04311692134831461,1.697092
3,0.0255,686.2874,7.711094382022473,384.0586,0.043152651685393256,1.700555
3,0.02575,685.6933,7.704419101123596,384.2594,0.04317521348314607,1.703692
3,0.026,684.5901,7.692023595505619,385.096,0.04326921348314607,1.706519
3,0.02625,684.2695,7.688421348314606,385.1128,0.04327110112359551,1.709038
3,0.0265,683.8861,7.684113483146069,384.9638,0.0432543595505618,1.711266
3,0.02675,682.549,7.66908988764045,385.0383,0.04326273033707865,1.713215
3,0.027,681.771,7.6603483146067415,385.3368,0.04329626966292135,1.714888
3,0.02725,680.2855,7.643657303370786,385.443,0.04330820224719101,1.716307
3,0.0275,679.0765,7.630073033707866,385.2842,0.0432903595505618,1.717501
3,0.02775,676.7,7.603370786516854,385.7768,0.04334570786516854,1.718477
3,0.028,675.1927,7.586434831460674,385.816,0.04335011235955056,1.71926
3,0.02825,672.4339,7.555437078651686,386.0948,0.04338143820224719,1.719858
3,0.0285,670.5051,7.533765168539325,385.8231,0.04335091011235955,1.720272
3,0.02875,667.8527,7.5039629213483146,385.3062,0.043292831460674155,1.720537
3,0.029,665.3015,7.47529775280899,386.0835,0.043380168539325845,1.720678
3,0.02925,662.1096,7.439433707865168,385.3399,0.04329661797752809,1.720729
3,0.0295,659.4211,7.40922584269663,385.6183,0.043327898876404494,1.720705
3,0.02975,655.8332,7.368912359550563,385.6207,0.04332816853932584,1.720553
3,0.03,652.7436,7.334197752808989,386.507,0.043427752808988765,1.720221
3,0.03025,649.229,7.29470786516854,386.4168,0.04341761797752809,1.719653
3,0.0305,645.2769,7.25030224719101,386.1933,0.04339250561797753,1.718783
3,0.03075,641.971,7.213157303370787,385.2952,0.04329159550561798,1.717558
3,0.031,637.833,7.166662921348315,386.2741,0.04340158426966292,1.715928
3,0.03125,633.7026,7.12025393258427,385.1822,0.043278898876404494,1.71385
3,0.0315,629.6451,7.07466404494382,385.1367,0.043273786516853936,1.711291
3,0.03175,625.4022,7.026991011235956,384.2285,0.0431717415730337,1.708211
3,0.032,621.44,6.98247191011236,383.6723,0.04310924719101124,1.704481
3,0.03225,615.8341,6.919484269662922,383.4096,0.04307973033707865,1.700032
3,0.0325,611.1359,6.866695505617978,381.7918,0.04289795505617978,1.694896
3,0.03275,606.2579,6.811886516853932,380.7859,0.04278493258426967,1.689101
3,0.033,600.9155,6.7518595505617975,379.4239,0.04263189887640449,1.682644
3,0.03325,595.5644,6.691734831460674,378.5289,0.042531337078651685,1.675554
3,0.0335,590.2098,6.631570786516854,376.448,0.04229752808988764,1.667919
3,0.03375,585.0963,6.574115730337079,374.5926,0.042089056179775285,1.659798
3,0.034,578.8806,6.504276404494382,373.1709,0.041929314606741576,1.651248
3,0.03425,573.9358,6.448716853932584,371.7916,0.04177433707865169,1.642325
3,0.0345,567.5378,6.376829213483146,369.4656,0.041512988764044946,1.633096
3,0.03475,561.1636,6.305208988764045,366.5568,0.04118615730337079,1.623633
3,0.035,555.0057,6.236019101123596,365.5423,0.04107216853932585,1.613916
3,0.03525,548.6574,6.16468988764045,363.6398,0.040858404494382015,1.603914
3,0.0355,541.9358,6.0891662921348315,361.3546,0.0406016404494382,1.593647
3,0.03575,535.5651,6.017585393258428,359.4709,0.04038998876404494,1.583115
3,0.036,528.4403,5.937531460674157,357.8006,0.04020231460674157,1.572279
3,0.03625,521.6103,5.8607898876404505,356.0154,0.04000173033707865,1.561114
3,0.0365,513.9603,5.774834831460674,353.7541,0.03974765168539326,1.549647
3,0.03675,507.1192,5.697968539325842,351.5759,0.03950291011235955,1.537907
3,0.037,499.2924,5.610026966292135,350.1394,0.03934150561797753,1.525847
3,0.03725,491.7669,5.525470786516855,348.1754,0.03912083146067416,1.513402
3,0.0375,484.3509,5.442144943820225,345.3983,0.03880879775280899,1.500555
3,0.03775,476.5662,5.354676404494382,342.9786,0.0385369213483146,1.487355
3,0.038,468.2643,5.2613966292134835,341.1389,0.03833021348314607,1.473816
3,0.03825,460.6502,5.175844943820225,338.7395,0.03806061797752809,1.459919
3,0.0385,452.3241,5.082293258426967,336.0476,0.03775815730337079,1.445698
3,0.03875,444.3281,4.992450561797753,333.049,0.03742123595505618,1.431192
3,0.039,436.1103,4.900115730337079,330.492,0.03713393258426967,1.416367
3,0.03925,427.9335,4.808241573033708,327.1941,0.03676338202247191,1.401174
3,0.0395,419.4341,4.712742696629214,324.1732,0.03642395505617978,1.38564
3,0.03975,411.0391,4.618416853932585,320.72,0.03603595505617978,1.369863
3,0.04,402.4191,4.521562921348315,318.0171,0.0357322584269663,1.353821
3,0.04025,393.8746,4.425557303370787,315.4389,0.03544257303370786,1.337455
3,0.0405,384.9579,4.325369662921348,311.2995,0.034977471910112364,1.320829
3,0.04075,375.9971,4.224686516853932,306.458,0.03443348314606742,1.304018
3,0.041,366.5546,4.118591011235956,305.1344,0.03428476404494382,1.286897
3,0.04125,357.3866,4.015579775280899,301.6801,0.0338966404494382,1.269351
3,0.0415,348.0008,3.910121348314607,297.7955,0.033460168539325846,1.251502
3,0.04175,338.8116,3.80687191011236,293.047,0.032926629213483154,1.233464
3,0.042,329.3402,3.7004516853932583,290.7147,0.032664573033707865,1.215179
3,0.04225,319.9758,3.5952337078651686,286.8137,0.03222625842696629,1.196563
3,0.0425,310.3697,3.4873000000000007,283.2445,0.031825224719101125,1.177649
3,0.04275,300.9307,3.3812438202247193,278.3901,0.03127978651685394,1.158508
3,0.043,290.8825,3.2683426966292135,275.1977,0.03092108988764045,1.139134
3,0.04325,280.9401,3.1566303370786515,271.4356,0.030498382022471914,1.119389
3,0.0435,270.8883,3.043688764044944,267.6985,0.030078483146067418,1.0993
3,0.04375,260.9631,2.9321696629213485,262.1676,0.02945703370786517,1.079001
3,0.044,251.4598,2.8253910112359555,259.0776,0.029109842696629216,1.058448
3,0.04425,241.6344,2.7149932584269663,255.4021,0.028696865168539323,1.037557
3,0.0445,230.8508,2.593829213483146,250.9681,0.028198662921348316,1.016329
3,0.04475,220.6683,2.4794191011235953,245.9172,0.02763114606741573,0.9948488
3,0.045,210.2508,2.362368539325843,242.2205,0.027215786516853933,0.9730802
3,0.04525,200.081,2.2481011235955055,237.3547,0.026669067415730337,0.9509501
3,0.0455,189.9431,2.1341921348314603,233.4404,0.026229258426966294,0.9284782
3,0.04575,179.6183,2.018183146067416,228.2397,0.025644910112359552,0.9057384
3,0.046,169.3351,1.902641573033708,223.2931,0.025089112359550563,0.8827052
3,0.04625,158.9318,1.7857505617977532,218.4124,0.024540719101123598,0.8592391
3,0.0465,148.5411,1.6690011235955058,214.0447,0.024049966292134833,0.8354264
3,0.04675,138.4387,1.5554910112359552,208.2005,0.023393314606741572,0.8114546
3,0.047,127.8054,1.4360157303370789,203.2508,0.022837168539325842,0.7872858
3,0.04725,117.4351,1.3194955056179776,198.0258,0.02225008988764045,0.7628295
3,0.0475,106.6863,1.1987224719101126,193.2396,0.021712314606741574,0.738245
3,0.04775,96.30026,1.082025393258427,187.1082,0.02102339325842697,0.7136586
3,0.048,85.94457,0.9656693258426967,182.0319,0.020453022471910113,0.6888404
3,0.04825,75.03731,0.8431158426966293,177.841,0.019982134831460673,0.663692
3,0.0485,64.15183,0.7208070786516855,172.2944,0.019358921348314607,0.6383988
3,0.04875,53.85692,0.6051339325842697,166.3545,0.018691516853932583,0.6130517
3,0.049,42.63362,0.4790294382022472,161.9703,0.01819891011235955,0.5875589
3,0.04925,31.6904,0.35607191011235956,156.3425,0.017566573033707865,0.561744
3,0.0495,20.87279,0.23452573033707863,151.3783,0.017008797752808988,0.5355978
3,0.04975,10.09874,0.11346898876404493,146.0807,0.016413561797752812,0.5092979
3,0.05,-0.7760999,-0.008720223595505618,141.1471,0.01585922471910112,0.482776
3,0.05025,-11.70969,-0.13156955056179778,135.7264,0.015250157303370787,0.4559357
3,0.0505,-22.26291,-0.2501450561797753,131.1195,0.014732528089887639,0.4290764
3,0.05075,-32.8916,-0.36956853932584266,125.1058,0.014056831460674157,0.4022734
3,0.051,-43.85103,-0.49270820224719103,120.0251,0.01348596629213483,0.3752425
3,0.05125,-54.59418,-0.6134177528089888,115.1907,0.012942775280898877,0.3479204
3,0.0515,-65.33936,-0.7341501123595505,109.0644,0.012254426966292134,0.3204167
3,0.05175,-75.85206,-0.8522703370786516,104.1336,0.011700404494382022,0.2927701
3,0.052,-87.30177,-0.9809187640449439,98.67835,0.011087455056179774,0.265106
3,0.05225,-97.09576,-1.090963595505618,93.65413,0.010522935955056179,0.2373941
3,0.0525,-107.6318,-1.2093460674157304,88.24126,0.009914748314606741,0.2094812
3,0.05275,-117.5985,-1.3213314606741573,81.50793,0.009158194382022472,0.1812626
3,0.053,-128.4804,-1.4436000000000002,76.48449,0.008593762921348315,0.1529165
3,0.05325,-140.0506,-1.5736022471910114,71.5544,0.0080398202247191,0.1245234
3,0.0535,-150.3309,-1.6891112359550564,66.3039,0.007449876404494381,0.09615915
3,0.05375,-160.523,-1.803629213483146,60.17452,0.006761182022471911,0.0679081
3,0.054,-170.9835,-1.9211629213483146,55.28756,0.006212085393258427,0.0394755
3,0.05425,-181.2085,-2.0360505617977527,49.21622,0.005529912359550562,0.01081283
3,0.0545,-191.586,-2.1526516853932587,44.82538,0.005036559550561798,-0.01798355
3,0.05475,-201.8161,-2.2675966292134837,39.18544,0.004402858426966292,-0.04686841
3,0.055,-212.0228,-2.3822786516853935,33.13606,0.003723152808988764,-0.07594031
3,0.05525,-221.9364,-2.493667415730337,28.18911,0.003167315730337079,-0.1050898
3,0.0555,-232.0444,-2.607240449438202,22.61701,0.0025412370786516854,-0.1344817
3,0.05575,-241.846,-2.717370786516854,16.39234,0.0018418359550561798,-0.1641437
3,0.056,-252.1986,-2.8336921348314608,11.70853,0.0013155651685393258,-0.1936691
3,0.05625,-263.0476,-2.9555910112359554,5.050101,0.0005674270786516853,-0.2231348
3,0.0565,-272.6264,-3.06321797752809,-0.3513932,-3.948238202247191e-05,-0.252467
3,0.05675,-282.2162,-3.170968539325843,-5.513657,-0.0006195120224719101,-0.2816789
3,0.057,-292.2969,-3.284234831460674,-11.17242,-0.0012553280898876405,-0.3110337
3,0.05725,-302.2641,-3.396225842696629,-17.66927,-0.0019853112359550563,-0.3406169
3,0.0575,-311.62,-3.501348314606742,-22.03816,-0.002476197752808989,-0.3701509
3,0.05775,-321.496,-3.612314606741573,-28.58952,-0.003212305617977528,-0.3991428
3,0.058,-331.3625,-3.723174157303371,-33.81061,-0.003798944943820224,-0.4276725
3,0.05825,-340.0746,-3.8210629213483145,-38.81208,-0.004360907865168539,-0.4561021
3,0.0585,-349.6376,-3.928512359550562,-43.77826,-0.004918905617977528,-0.4845248
3,0.05875,-358.3492,-4.026395505617978,-49.11779,-0.005518852808988764,-0.512956
3,0.059,-367.3536,-4.127568539325843,-54.0067,-0.006068168539325843,-0.5414269
3,0.05925,-376.6229,-4.23171797752809,-58.77679,-0.006604133707865168,-0.5697394
3,0.0595,-385.1101,-4.3270797752808985,-64.47869,-0.007244796629213483,-0.5976113
3,0.05975,-394.2969,-4.430302247191012,-69.12092,-0.007766395505617978,-0.6252432
3,0.06,-402.8211,-4.526079775280899,-74.21338,-0.00833858202247191,-0.6529075
3,0.06025,-411.3028,-4.621379775280898,-79.48114,-0.008930465168539325,-0.6806137
3,0.0605,-419.6274,-4.714914606741573,-83.9116,-0.00942826966292135,-0.7083633
3,0.06075,-427.9354,-4.808262921348315,-88.76953,-0.009974104494382022,-0.7360301
3,0.061,-436.1597,-4.900670786516853,-93.40235,-0.01049464606741573,-0.7633511
3,0.06125,-444.8845,-4.998702247191011,-97.90928,-0.011001042696629213,-0.7903538
3,0.0615,-453.1165,-5.091196629213483,-103.0033,-0.011573404494382022,-0.8173157
3,0.06175,-461.6534,-5.187116853932585,-107.3891,-0.012066191011235955,-0.8440928
3,0.062,-468.9904,-5.269555056179775,-112.2074,-0.012607573033707867,-0.8704262
3,0.06225,-477.189,-5.361674157303371,-117.0112,-0.01314732584269663,-0.8963322
3,0.0625,-484.137,-5.439741573033708,-121.1793,-0.013615651685393257,-0.9221014
3,0.06275,-491.6963,-5.524677528089888,-126.5639,-0.014220662921348316,-0.9476947
3,0.063,-499.3205,-5.610342696629214,-129.7774,-0.01458173033707865,-0.9728518
3,0.06325,-506.3587,-5.689423595505619,-135.1013,-0.015179921348314609,-0.9976903
3,0.0635,-513.6142,-5.770946067415731,-139.1301,-0.015632595505617977,-1.022243
3,0.06375,-520.3834,-5.847004494382023,-143.843,-0.016162134831460673,-1.046496
3,0.064,-527.1871,-5.923450561797753,-146.7996,-0.016494337078651687,-1.07055
3,0.06425,-534.515,-6.005786516853933,-152.3682,-0.01712002247191011,-1.094393
3,0.0645,-541.1824,-6.080701123595506,-156.0547,-0.01753423595505618,-1.11777
3,0.06475,-547.7217,-6.1541764044943825,-160.5028,-0.018034022471910112,-1.140583
3,0.065,-554.2022,-6.226991011235955,-163.7908,-0.018403460674157303,-1.162963
3,0.06525,-560.2877,-6.295367415730337,-167.6146,-0.018833101123595507,-1.184969
3,0.0655,-566.2471,-6.362326966292136,-171.5634,-0.019276786516853932,-1.206526
3,0.06575,-572.1811,-6.429001123595506,-175.0315,-0.019666460674157303,-1.227547
3,0.066,-577.8077,-6.492221348314607,-177.5595,-0.01995050561797753,-1.248078
3,0.06625,-583.6222,-6.557552808988765,-180.9851,-0.020335404494382023,-1.268276
3,0.0665,-589.0346,-6.618366292134831,-184.4889,-0.02072908988764045,-1.288069
3,0.06675,-594.0838,-6.675098876404495,-187.1777,-0.02103120224719101,-1.307384
3,0.067,-599.0195,-6.730556179775281,-190.2943,-0.02138138202247191,-1.326297
3,0.06725,-604.0651,-6.787248314606742,-192.2736,-0.021603775280898876,-1.344827
3,0.0675,-608.9396,-6.842017977528091,-196.1464,-0.022038921348314606,-1.362962
3,0.06775,-613.9513,-6.898329213483145,-199.2352,-0.022385977528089886,-1.380678
3,0.068,-618.2661,-6.946810112359551,-201.1914,-0.022605775280898875,-1.398023
3,0.06825,-622.4021,-6.99328202247191,-204.1516,-0.02293838202247191,-1.415024
3,0.0685,-626.7052,-7.041631460674157,-206.3898,-0.02318986516853933,-1.43165
3,0.06875,-631.0631,-7.090596629213483,-209.748,-0.023567191011235954,-1.447857
3,0.069,-635.2624,-7.137779775280898,-211.5662,-0.023771483146067418,-1.463635
3,0.06925,-639.2353,-7.182419101123596,-214.4687,-0.024097606741573033,-1.478962
3,0.0695,-642.8911,-7.223495505617978,-217.1426,-0.024398044943820224,-1.493795
3,0.06975,-646.7678,-7.267053932584269,-219.5988,-0.024674022471910115,-1.50812
3,0.07,-649.7556,-7.3006247191011235,-221.582,-0.02489685393258427,-1.521969
3,0.07025,-653.2159,-7.339504494382023,-223.9449,-0.02516234831460674,-1.535354
3,0.0705,-656.7993,-7.3797674157303375,-225.5831,-0.02534641573033708,-1.548223
3,0.07075,-659.8312,-7.413833707865169,-228.2334,-0.02564420224719101,-1.560561
3,0.071,-661.8612,-7.436642696629215,-229.9233,-0.025834078651685397,-1.572397
3,0.07125,-664.3774,-7.464914606741573,-231.7548,-0.026039865168539327,-1.583758
3,0.0715,-666.5847,-7.489715730337078,-234.2538,-0.026320651685393257,-1.594617
3,0.07175,-668.8979,-7.515706741573035,-235.806,-0.02649505617977528,-1.604971
3,0.072,-670.9183,-7.538407865168541,-237.641,-0.02670123595505618,-1.614854
3,0.07225,-672.7102,-7.558541573033708,-238.6505,-0.026814662921348317,-1.624295
3,0.0725,-674.8197,-7.582243820224719,-240.2004,-0.026988808988764042,-1.633274
3,0.07275,-676.0237,-7.59577191011236,-241.422,-0.02712606741573034,-1.641777
3,0.073,-677.4439,-7.611729213483146,-242.6448,-0.027263460674157306,-1.649829
3,0.07325,-678.6549,-7.62533595505618,-244.0324,-0.027419370786516854,-1.657448
3,0.0735,-679.5914,-7.635858426966292,-245.2642,-0.027557775280898877,-1.664623
3,0.07375,-680.7234,-7.648577528089888,-245.887,-0.027627752808988763,-1.671361
3,0.074,-680.9781,-7.651439325842697,-246.8549,-0.027736505617977525,-1.677678
3,0.07425,-681.9131,-7.661944943820225,-247.229,-0.027778539325842698,-1.683595
3,0.0745,-682.0291,-7.663248314606742,-248.3844,-0.027908359550561798,-1.689129
3,0.07475,-681.9673,-7.66255393258427,-249.2205,-0.02800230337078652,-1.694282
3,0.075,-681.7272,-7.659856179775282,-249.2582,-0.028006539325842694,-1.699089
3,0.07525,-681.8184,-7.660880898876405,-250.2818,-0.028121550561797753,-1.703562
3,0.0755,-681.4213,-7.656419101123595,-250.5618,-0.02815301123595506,-1.707705
3,0.07575,-681.0323,-7.652048314606742,-252.1297,-0.028329179775280898,-1.71152
3,0.076,-680.1956,-7.642647191011237,-252.1485,-0.028331292134831463,-1.715028
3,0.07625,-680.0209,-7.640684269662922,-252.8411,-0.028409112359550563,-1.718245
3,0.0765,-678.6493,-7.625273033707866,-253.7616,-0.028512539325842697,-1.721161
3,0.07675,-678.5085,-7.623691011235955,-254.4008,-0.0285843595505618,-1.723788
3,0.077,-677.0645,-7.607466292134831,-254.7456,-0.028623101123595507,-1.726143
3,0.07725,-675.6742,-7.591844943820226,-255.0448,-0.028656719101123596,-1.728213
3,0.0775,-674.2054,-7.575341573033709,-254.9895,-0.02865050561797753,-1.729996
3,0.07775,-672.4403,-7.555508988764045,-256.3896,-0.0288078202247191,-1.731505
3,0.078,-670.2983,-7.5314415730337085,-256.641,-0.028836067415730336,-1.732758
3,0.07825,-667.9578,-7.50514382022472,-256.4033,-0.028809359550561797,-1.733789
3,0.0785,-666.0195,-7.483365168539326,-256.8923,-0.028864303370786517,-1.734603
3,0.07875,-663.0003,-7.449441573033709,-256.9822,-0.02887440449438202,-1.73522
3,0.079,-660.1199,-7.417077528089888,-257.0794,-0.028885325842696628,-1.735686
3,0.07925,-657.4704,-7.38730786516854,-256.8225,-0.0288564606741573,-1.736017
3,0.0795,-654.4771,-7.353675280898876,-257.2469,-0.028904146067415728,-1.73625
3,0.07975,-651.6524,-7.321937078651684,-257.5571,-0.028939,-1.736425
3,0.08,-647.84,-7.279101123595507,-256.4229,-0.02881156179775281,-1.736566
3,0.08025,-644.5595,-7.2422415730337075,-256.4766,-0.02881759550561798,-1.736663
3,0.0805,-641.0673,-7.203003370786518,-256.2272,-0.028789573033707862,-1.736676
3,0.08075,-636.8528,-7.155649438202247,-256.521,-0.028822584269662926,-1.736539
3,0.081,-633.3023,-7.11575617977528,-256.3888,-0.028807730337078653,-1.73617
3,0.08125,-629.3957,-7.071861797752809,-256.2307,-0.028789966292134834,-1.735495
3,0.0815,-625.2931,-7.025765168539325,-255.3899,-0.028695494382022475,-1.73443
3,0.08175,-620.5281,-6.972225842696629,-255.5334,-0.028711617977528088,-1.732911
3,0.082,-615.802,-6.919123595505618,-254.9103,-0.028641606741573032,-1.730816
3,0.08225,-611.6412,-6.872373033707866,-254.1322,-0.0285541797752809,-1.728004
3,0.0825,-606.3722,-6.813170786516855,-253.258,-0.028455955056179774,-1.724395
3,0.08275,-601.5099,-6.758538202247191,-252.3835,-0.02835769662921348,-1.719903
3,0.083,-596.5362,-6.702653932584271,-251.2081,-0.028225629213483146,-1.714401
3,0.08325,-591.0666,-6.641197752808989,-250.4708,-0.02814278651685393,-1.707662
3,0.0835,-585.7373,-6.581317977528091,-248.8174,-0.027957011235955058,-1.699629
3,0.08375,-579.9714,-6.5165325842696635,-247.8287,-0.02784592134831461,-1.690484
3,0.084,-574.3702,-6.453597752808989,-244.9681,-0.027524505617977528,-1.680513
3,0.08425,-568.7304,-6.390229213483146,-243.3763,-0.027345651685393258,-1.670002
3,0.0845,-562.7153,-6.3226438202247195,-241.5675,-0.02714241573033708,-1.659134
3,0.08475,-556.5949,-6.253875280898877,-239.076,-0.026862471910112363,-1.648022
3,0.085,-550.1199,-6.181122471910113,-236.5394,-0.026577460674157304,-1.636683
3,0.08525,-544.0481,-6.1129,-235.0868,-0.026414247191011236,-1.625092
3,0.0855,-537.3488,-6.037626966292135,-232.6843,-0.026144303370786513,-1.613218
3,0.08575,-530.8804,-5.964948314606742,-230.9759,-0.025952348314606744,-1.600981
3,0.086,-523.8427,-5.885873033707866,-228.153,-0.02563516853932584,-1.588331
3,0.08625,-517.0826,-5.809916853932584,-225.0869,-0.025290662921348312,-1.575309
3,0.0865,-509.2173,-5.721542696629214,-221.8809,-0.02493043820224719,-1.561877
3,0.08675,-502.1665,-5.642320224719101,-219.9161,-0.02470967415730337,-1.547934
3,0.087,-494.6431,-5.557787640449439,-216.5555,-0.024332078651685393,-1.533564
3,0.08725,-486.8832,-5.470597752808989,-213.8635,-0.02402960674157303,-1.518913
3,0.0875,-478.8644,-5.380498876404495,-210.9963,-0.023707449438202244,-1.503989
3,0.08775,-471.2489,-5.2949314606741575,-208.4715,-0.02342376404494382,-1.488811
3,0.088,-463.4221,-5.206989887640449,-204.4042,-0.02296676404494382,-1.473468
3,0.08825,-455.5578,-5.118626966292135,-201.6064,-0.022652404494382022,-1.457926
3,0.0885,-447.5213,-5.028329213483146,-199.054,-0.02236561797752809,-1.442091
3,0.08875,-439.8546,-4.9421865168539325,-196.2029,-0.02204526966292135,-1.425898
3,0.089,-431.5836,-4.84925393258427,-193.0286,-0.021688606741573035,-1.409379
3,0.08925,-423.1192,-4.754148314606741,-189.5468,-0.021297393258426965,-1.392577
3,0.0895,-414.6279,-4.658740449438203,-187.1777,-0.02103120224719101,-1.37544
3,0.08975,-406.5807,-4.568322471910113,-183.0739,-0.020570101123595506,-1.3579
3,0.09,-397.8823,-4.4705876404494385,-180.2055,-0.020247808988764045,-1.339981
3,0.09025,-388.7412,-4.367878651685394,-176.5645,-0.01983870786516854,-1.32173
3,0.0905,-379.9044,-4.268588764044945,-173.1713,-0.019457449438202247,-1.303096
3,0.09075,-371.2328,-4.171155056179776,-170.4528,-0.019152,-1.284057
3,0.091,-362.4012,-4.071923595505618,-166.3258,-0.01868829213483146,-1.264753
3,0.09125,-353.0382,-3.966721348314607,-162.1334,-0.018217235955056178,-1.245265
3,0.0915,-343.5993,-3.860666292134832,-158.8748,-0.017851101123595507,-1.225472
3,0.09175,-334.0089,-3.752908988764045,-155.3719,-0.017457516853932587,-1.205295
3,0.092,-324.8272,-3.6497438202247197,-150.9175,-0.01695702247191011,-1.184821
3,0.09225,-315.3412,-3.543159550561798,-148.002,-0.01662943820224719,-1.164047
3,0.0925,-305.027,-3.4272696629213484,-144.0304,-0.016183191011235953,-1.142879
3,0.09275,-295.8003,-3.323598876404495,-140.2314,-0.015756337078651685,-1.121289
3,0.093,-286.2808,-3.216638202247191,-135.3119,-0.015203584269662921,-1.099417
3,0.09325,-276.0102,-3.101238202247191,-131.8097,-0.014810078651685392,-1.077377
3,0.0935,-266.78,-2.9975280898876404,-127.2824,-0.014301393258426965,-1.055088
3,0.09375,-256.7064,-2.8843415730337076,-123.9179,-0.013923359550561799,-1.032519
3,0.094,-246.6672,-2.771541573033708,-118.5713,-0.013322617977528088,-1.009713
3,0.09425,-236.2148,-2.6540988764044946,-114.4436,-0.012858831460674158,-0.9867246
3,0.0945,-226.0865,-2.540297752808989,-110.7167,-0.012440078651685393,-0.9635389
3,0.09475,-215.8494,-2.4252741573033707,-106.4298,-0.011958404494382024,-0.9401043
3,0.095,-205.9196,-2.313703370786517,-101.033,-0.011352022471910113,-0.9164246
3,0.09525,-195.5594,-2.1972966292134832,-96.57665,-0.010851308988764045,-0.8924941
3,0.0955,-185.1733,-2.0805988764044945,-92.64074,-0.01040907191011236,-0.868354
3,0.09575,-175.1443,-1.9679134831460674,-88.29146,-0.009920388764044944,-0.8440359
3,0.096,-164.621,-1.849674157303371,-83.6155,-0.009394999999999999,-0.8195992
3,0.09625,-154.166,-1.7322022471910112,-79.07563,-0.008884902247191013,-0.7950795
3,0.0965,-143.8443,-1.6162280898876407,-74.5683,-0.008378460674157302,-0.7703806
3,0.09675,-133.2804,-1.497532584269663,-69.99235,-0.007864308988764045,-0.7453856
3,0.097,-122.9754,-1.3817460674157303,-65.56307,-0.0073666370786516855,-0.720055
3,0.09725,-112.7058,-1.2663573033707864,-61.25576,-0.006882669662921348,-0.6944153
3,0.0975,-102.4134,-1.1507123595505617,-56.68568,-0.006369177528089887,-0.6684492
3,0.09775,-91.34609,-1.026360561797753,-51.80069,-0.005820302247191011,-0.6421717
3,0.098,-80.40034,-0.9033746067415731,-46.56627,-0.005232165168539326,-0.6156735
3,0.09825,-70.15304,-0.7882364044943821,-42.06992,-0.004726957303370787,-0.5889966
3,0.0985,-59.62818,-0.6699795505617977,-37.38965,-0.004201084269662922,-0.5620712
3,0.09875,-48.63685,-0.5464814606741574,-33.0188,-0.003709977528089888,-0.5348605
3,0.099,-37.71389,-0.42375157303370786,-27.08512,-0.0030432719101123593,-0.5074485
3,0.09925,-26.88514,-0.3020802247191011,-22.51779,-0.002530088764044944,-0.4799637
3,0.0995,-16.21745,-0.1822185393258427,-17.04571,-0.0019152483146067417,-0.4523915
3,0.09975,-5.161795,-0.05799769662921348,-12.48701,-0.001403034831460674,-0.4246511
3,0.1,2.66955,0.029994943820224725,-7.590642,-0.0008528811235955057,-0.3990993
4,0.0,5.989786,0.06730096629213483,0.0,0.0,-0.4788486
4,0.00025,17.69761,0.19884955056179776,5.656803,0.0006355958426966292,-0.4440072
4,0.0005,30.28438,0.3402739325842697,12.26268,0.001377829213483146,-0.4090189
4,0.00075,42.42697,0.4767075280898876,18.98582,0.0021332382022471908,-0.3738126
4,0.001,54.33201,0.6104720224719101,24.88538,0.002796110112359551,-0.3384512
4,0.00125,66.08004,0.7424723595505618,31.79089,0.0035720101123595505,-0.3029532
4,0.0015,80.11639,0.9001841573033708,37.72496,0.004238759550561798,-0.267339
4,0.00175,93.29525,1.0482612359550563,44.33868,0.004981874157303371,-0.2316125
4,0.002,106.2097,1.1933674157303371,51.39478,0.005774694382022472,-0.195716
4,0.00225,118.4121,1.3304730337078652,57.93321,0.006509349438202247,-0.1596981
4,0.0025,130.5744,1.4671280898876404,64.66733,0.007265992134831462,-0.1235395
4,0.00275,142.6243,1.6025202247191013,70.73631,0.0079479,-0.08720034
4,0.003,154.9305,1.7407921348314608,78.27558,0.008795008988764046,-0.05087491
4,0.00325,167.688,1.884134831460674,84.4281,0.009486303370786518,-0.01464017
4,0.0035,179.4411,2.016192134831461,90.80808,0.010203155056179776,0.02173376
4,0.00375,191.9772,2.157047191011236,97.48259,0.0109531,0.058382
4,0.004,204.0291,2.292461797752809,104.5501,0.011747202247191012,0.09498419
4,0.00425,216.6873,2.434688764044944,111.2234,0.012497011235955056,0.1314434
4,0.0045,228.411,2.566415730337079,118.467,0.013310898876404496,0.1680302
4,0.00475,240.5024,2.702274157303371,124.7046,0.014011752808988764,0.2047016
4,0.005,252.5093,2.8371831460674155,133.0592,0.01495047191011236,0.2412198
4,0.00525,264.4224,2.9710382022471906,140.0922,0.015740696629213482,0.2776886
4,0.0055,275.9841,3.1009449438202252,145.9956,0.016404000000000002,0.3142466
4,0.00575,287.6298,3.2317955056179777,153.3055,0.017225337078651683,0.3508168
4,0.006,299.4376,3.364467415730337,161.0036,0.01809029213483146,0.387202
4,0.00625,310.8924,3.493173033707865,167.6997,0.018842662921348317,0.4233108
4,0.0065,322.5452,3.6241033707865173,174.4875,0.019605337078651686,0.4593551
4,0.00675,333.1703,3.743486516853933,181.4867,0.020391764044943823,0.49539
4,0.007,345.4719,3.881706741573034,188.8676,0.021221078651685394,0.5313574
4,0.00725,356.3954,4.004442696629214,195.744,0.02199370786516854,0.5672194
4,0.0075,367.5063,4.1292842696629215,202.4715,0.02274960674157303,0.6029439
4,0.00775,379.1018,4.259570786516854,209.8268,0.023576044943820224,0.6384851
4,0.008,389.6804,4.378431460674158,217.1551,0.024399449438202245,0.6737494
4,0.00825,400.9493,4.505048314606742,222.8841,0.025043157303370783,0.708741
4,0.0085,411.7015,4.625859550561798,229.3009,0.02576414606741573,0.7435996
4,0.00875,422.9254,4.751970786516855,235.0989,0.026415606741573033,0.7784043
4,0.009,433.4958,4.870739325842696,243.1555,0.02732084269662921,0.8130315
4,0.00925,444.2116,4.991141573033707,249.8935,0.02807792134831461,0.8472949
4,0.0095,454.779,5.109876404494382,256.2719,0.02879459550561798,0.8811951
4,0.00975,465.0526,5.2253101123595505,261.3185,0.02936162921348314,0.9148885
4,0.01,475.6651,5.344551685393259,268.6503,0.030185426966292138,0.9484216
4,0.01025,485.7706,5.458096629213483,275.5248,0.030957842696629215,0.9817036
4,0.0105,494.8874,5.560532584269663,280.251,0.03148887640449438,1.014729
4,0.01075,505.0522,5.67474382022472,287.1361,0.03226248314606742,1.04746
4,0.011,514.9125,5.785533707865169,293.078,0.03293011235955056,1.079789
4,0.01125,524.3358,5.891413483146067,300.1867,0.033728842696629215,1.111606
4,0.0115,533.4338,5.993638202247191,304.8693,0.03425497752808989,1.143052
4,0.01175,542.5116,6.0956359550561805,310.0998,0.03484267415730337,1.174312
4,0.012,551.9242,6.201395505617978,316.2762,0.03553665168539326,1.20526
4,0.01225,560.8886,6.302119101123596,322.9558,0.03628716853932584,1.235725
4,0.0125,569.7299,6.401459550561798,327.8604,0.03683824719101124,1.265749
4,0.01275,578.8989,6.504482022471911,332.5913,0.03736980898876405,1.295383
4,0.013,587.4023,6.600025842696629,338.3814,0.03802038202247191,1.324535
4,0.01325,595.6252,6.69241797752809,344.221,0.038676516853932585,1.353204
4,0.0135,603.961,6.786078651685394,349.0648,0.039220764044943825,1.381462
4,0.01375,612.6873,6.884126966292136,353.9992,0.03977519101123595,1.4093
4,0.014,620.5384,6.972341573033709,359.5368,0.04039739325842697,1.436634
4,0.01425,627.9048,7.055110112359551,365.0858,0.04102087640449438,1.463413
4,0.0145,636.0907,7.147086516853932,369.8155,0.04155230337078652,1.489714
4,0.01475,643.6288,7.2317842696629215,373.1733,0.04192958426966292,1.51564
4,0.015,650.7657,7.311974157303371,379.7145,0.04266455056179775,1.54108
4,0.01525,658.122,7.394629213483146,383.4794,0.04308757303370786,1.565966
4,0.0155,665.1794,7.47392584269663,388.3997,0.04364041573033708,1.590416
4,0.01575,672.6111,7.55742808988764,391.9979,0.04404470786516854,1.614449
4,0.016,678.8329,7.62733595505618,397.1955,0.04462870786516854,1.637926
4,0.01625,685.5266,7.702546067415732,401.2883,0.04508857303370786,1.660795
4,0.0165,692.1789,7.777291011235955,405.2524,0.045533977528089895,1.683185
4,0.01675,698.5221,7.848562921348315,409.5472,0.046016539325842695,1.705113
4,0.017,704.4607,7.915288764044943,413.798,0.04649415730337079,1.726515
4,0.01725,710.684,7.985213483146067,417.8394,0.04694824719101123,1.747342
4,0.0175,716.4073,8.049520224719101,421.662,0.04737775280898876,1.767618
4,0.01775,722.1463,8.114003370786516,424.6598,0.04771458426966292,1.787392
4,0.018,726.7372,8.165586516853933,428.8844,0.048189258426966294,1.80662
4,0.01825,732.5329,8.230706741573034,432.1728,0.048558741573033706,1.825252
4,0.0185,737.0544,8.28151011235955,436.5915,0.04905522471910113,1.843341
4,0.01875,742.6521,8.344405617977529,439.4152,0.04937249438202247,1.860915
4,0.019,746.7177,8.390086516853932,443.4978,0.049831213483146064,1.877892
4,0.01925,750.7189,8.435043820224719,446.0729,0.050120550561797754,1.894252
4,0.0195,754.5824,8.478453932584271,449.1142,0.05046226966292135,1.910086
4,0.01975,758.9438,8.527458426966293,451.8144,0.050765662921348306,1.92542
4,0.02,762.8129,8.570931460674156,456.175,0.05125561797752809,1.940232
4,0.02025,766.3376,8.610534831460674,458.2744,0.05149150561797752,1.954461
4,0.0205,770.0988,8.652795505617979,460.6227,0.051755359550561805,1.968119
4,0.02075,773.6609,8.692819101123597,462.8919,0.05201032584269663,1.98126
4,0.021,776.2729,8.722167415730338,465.3297,0.05228423595505618,1.993852
4,0.02125,779.9657,8.763659550561798,468.6001,0.052651696629213485,2.005884
4,0.0215,782.8309,8.795852808988764,470.4327,0.052857606741573034,2.017374
4,0.02175,785.6855,8.827926966292136,472.4603,0.053085426966292135,2.028333
4,0.022,787.8862,8.85265393258427,474.469,0.05331112359550561,2.038759
4,0.02225,790.2064,8.878723595505619,476.6958,0.053561325842696635,2.048662
4,0.0225,792.245,8.901629213483147,478.163,0.05372617977528091,2.058092
4,0.02275,793.9585,8.92088202247191,479.9227,0.053923898876404495,2.06705
4,0.023,795.4349,8.937470786516855,481.193,0.05406662921348315,2.0755
4,0.02325,796.9007,8.953940449438203,483.066,0.054277078651685386,2.083461
4,0.0235,798.0165,8.966477528089886,484.9034,0.054483528089887635,2.090966
4,0.02375,799.1075,8.97873595505618,484.9559,0.05448942696629213,2.098009
4,0.024,799.7578,8.986042696629214,486.8266,0.05469961797752809,2.104585
4,0.02425,800.4405,8.993713483146069,487.6518,0.05479233707865168,2.110712
4,0.0245,801.0448,9.000503370786516,488.8507,0.05492704494382023,2.116428
4,0.02475,800.8959,8.998830337078653,489.5146,0.0550016404494382,2.121753
4,0.025,800.9369,8.999291011235956,490.3692,0.05509766292134831,2.126675
4,0.02525,801.0108,9.000121348314607,491.2696,0.05519883146067416,2.131175
4,0.0255,800.8837,8.998693258426966,491.4834,0.055222853932584276,2.135281
4,0.02575,799.9634,8.988352808988765,491.8116,0.05525973033707866,2.139031
4,0.026,799.153,8.979247191011236,492.9176,0.055384,2.14241
4,0.02625,798.1679,8.968178651685394,493.7988,0.05548301123595506,2.145423
4,0.0265,796.8835,8.953747191011237,493.8616,0.05549006741573034,2.14811
4,0.02675,795.4749,8.937920224719102,494.0722,0.055513730337078654,2.150468
4,0.027,794.2229,8.923852808988764,494.5612,0.05556867415730337,2.152497
4,0.02725,791.7137,8.895659550561799,494.3553,0.0555455393258427,2.154226
4,0.0275,790.1765,8.87838764044944,494.2777,0.0555368202247191,2.155675
4,0.02775,787.6826,8.850366292134831,494.5079,0.055562685393258426,2.15687
4,0.028,785.9078,8.830424719101124,494.3326,0.055542988764044954,2.157821
4,0.02825,783.7623,8.80631797752809,494.3518,0.055545146067415736,2.158538
4,0.0285,781.0253,8.775565168539327,493.4455,0.05544331460674157,2.159043
4,0.02875,778.0603,8.742250561797754,493.678,0.055469438202247194,2.159364
4,0.029,775.1707,8.709783146067418,493.942,0.05549910112359551,2.159534
4,0.02925,772.0801,8.675057303370789,493.3545,0.055433089887640445,2.159601
4,0.0295,768.6872,8.636934831460675,492.827,0.0553738202247191,2.159593
4,0.02975,765.3985,8.599983146067416,492.8599,0.05537751685393258,2.15946
4,0.03,761.569,8.556955056179776,493.3486,0.055432426966292137,2.15913
4,0.03025,757.4284,8.510431460674157,492.4007,0.055325921348314606,2.158539
4,0.0305,753.2929,8.463965168539328,491.8054,0.05525903370786517,2.157612
4,0.03075,748.9103,8.414722471910112,491.7187,0.055249292134831464,2.15628
4,0.031,744.2475,8.362331460674158,491.4999,0.05522470786516854,2.15445
4,0.03125,739.2748,8.306458426966294,490.4896,0.05511119101123596,2.152022
4,0.0315,734.5766,8.25366966292135,488.8942,0.05493193258426966,2.148864
4,0.03175,728.9323,8.190250561797754,488.162,0.05484966292134832,2.144841
4,0.032,723.6182,8.130541573033709,487.1447,0.0547353595505618,2.139904
4,0.03225,718.0787,8.0683,485.6944,0.05457240449438202,2.134004
4,0.0325,712.366,8.004112359550563,484.2469,0.05440976404494382,2.127187
4,0.03275,706.474,7.9379101123595515,481.8962,0.054145640449438204,2.119574
4,0.033,700.6504,7.872476404494382,480.3274,0.053969370786516854,2.111251
4,0.03325,694.0893,7.798756179775282,478.185,0.05372865168539326,2.102335
4,0.0335,688.4313,7.735183146067416,475.3883,0.05341441573033708,2.09295
4,0.03375,681.224,7.654202247191012,473.3129,0.053181224719101125,2.083173
4,0.034,674.7131,7.581046067415731,471.8367,0.0530153595505618,2.073039
4,0.03425,668.1317,7.50709775280899,469.3931,0.05274079775280899,2.062551
4,0.0345,661.0075,7.427050561797754,466.5611,0.05242259550561798,2.051727
4,0.03475,654.6313,7.355407865168539,463.4151,0.05206911235955056,2.04058
4,0.035,646.5239,7.2643134831460685,461.8405,0.05189219101123596,2.029042
4,0.03525,638.966,7.179393258426967,459.0203,0.05157531460674157,2.017127
4,0.0355,631.2806,7.093040449438202,456.5029,0.0512924606741573,2.004866
4,0.03575,623.6239,7.007010112359551,453.2419,0.05092605617977528,1.99222
4,0.036,615.6903,6.917868539325843,451.6928,0.050752000000000005,1.979135
4,0.03625,607.626,6.827258426966292,448.5334,0.05039701123595505,1.965611
4,0.0365,599.3221,6.733956179775281,444.9391,0.04999315730337078,1.951705
4,0.03675,590.8546,6.638815730337079,441.6624,0.04962498876404495,1.937458
4,0.037,582.3045,6.5427471910112365,439.2278,0.049351438202247196,1.922887
4,0.03725,573.8811,6.448102247191011,435.8852,0.04897586516853932,1.907968
4,0.0375,564.7536,6.3455460674157305,432.1097,0.04855165168539326,1.892717
4,0.03775,555.9863,6.247037078651686,429.2021,0.048224955056179776,1.877116
4,0.038,547.0888,6.147065168539326,426.0454,0.04787026966292135,1.86109
4,0.03825,537.037,6.034123595505619,422.8358,0.04750964044943821,1.844638
4,0.0385,528.4479,5.937616853932584,418.6603,0.047040483146067416,1.827826
4,0.03875,518.2483,5.823014606741572,415.1479,0.04664583146067416,1.810664
4,0.039,508.748,5.7162696629213485,412.3744,0.04633420224719101,1.793052
4,0.03925,498.8679,5.605257303370787,408.2958,0.04587593258426966,1.775
4,0.0395,488.6996,5.491006741573034,404.0896,0.04540332584269663,1.756612
4,0.03975,478.9077,5.3809853932584275,399.9078,0.0449334606741573,1.737892
4,0.04,467.8946,5.2572426966292145,396.9778,0.044604247191011234,1.718705
4,0.04025,457.822,5.144067415730337,393.98,0.04426741573033708,1.699056
4,0.0405,447.5671,5.0288438202247185,389.9617,0.04381592134831461,1.679081
4,0.04075,437.1836,4.912175280898877,385.3242,0.043294853932584275,1.658831
4,0.041,427.0568,4.798391011235956,381.1377,0.0428244606741573,1.638253
4,0.04125,416.0563,4.67478988764045,377.2908,0.042392224719101125,1.617279
4,0.0415,405.5872,4.557159550561798,373.06,0.04191685393258427,1.595953
4,0.04175,394.8066,4.436029213483146,369.0401,0.0414651797752809,1.574275
4,0.042,383.873,4.313179775280899,364.7261,0.0409804606741573,1.552157
4,0.04225,373.0832,4.19194606741573,360.1372,0.04046485393258427,1.529605
4,0.0425,361.7531,4.064641573033708,355.6009,0.03995515730337079,1.506742
4,0.04275,350.3322,3.9363168539325843,350.8787,0.03942457303370786,1.4836
4,0.043,338.9985,3.80897191011236,346.5196,0.038934786516853934,1.460076
4,0.04325,327.6491,3.681450561797753,341.3267,0.03835131460674157,1.436104
4,0.0435,315.9137,3.5495921348314607,336.9535,0.03785994382022472,1.411809
4,0.04375,304.4782,3.421103370786517,332.4635,0.037355449438202244,1.387296
4,0.044,292.6061,3.2877089887640456,327.5239,0.036800438202247196,1.36243
4,0.04425,281.171,3.159224719101124,322.648,0.03625258426966293,1.337103
4,0.0445,269.0644,3.023195505617977,317.7653,0.035703966292134834,1.311416
4,0.04475,257.6385,2.894814606741573,312.0877,0.035066033707865166,1.285436
4,0.045,245.191,2.7549550561797753,307.3855,0.03453769662921348,1.259083
4,0.04525,233.8006,2.6269730337078654,302.9229,0.034036280898876406,1.232225
4,0.0455,221.7816,2.4919280898876406,296.408,0.03330426966292135,1.204971
4,0.04575,209.4637,2.3535247191011237,291.6273,0.03276711235955056,1.177518
4,0.046,196.8911,2.212259550561798,285.5289,0.032081898876404495,1.149744
4,0.04625,184.9025,2.0775561797752813,280.0031,0.03146102247191011,1.121594
4,0.0465,172.5097,1.9383112359550565,274.5514,0.030848471910112356,1.093097
4,0.04675,160.0162,1.797934831460674,268.4518,0.030163123595505617,1.064269
4,0.047,147.8842,1.661620224719101,263.2249,0.029575831460674155,1.035097
4,0.04725,135.3212,1.5204629213483147,257.4006,0.028921415730337078,1.005518
4,0.0475,123.2156,1.3844449438202249,251.6234,0.02827229213483146,0.9756569
4,0.04775,110.6223,1.242947191011236,244.9383,0.027521157303370788,0.9455903
4,0.048,98.04815,1.1016646067415732,239.5301,0.026913494382022476,0.9152097
4,0.04825,86.0332,0.9666651685393258,233.6196,0.026249393258426967,0.8844957
4,0.0485,73.65561,0.8275911235955056,227.4483,0.02555598876404494,0.8535269
4,0.04875,61.00501,0.6854495505617978,220.4828,0.02477334831460674,0.8223516
4,0.049,49.41096,0.5551793258426967,214.7232,0.02412620224719101,0.7908461
4,0.04925,36.45951,0.4096574157303371,208.2056,0.02339388764044944,0.7589972
4,0.0495,24.51445,0.27544325842696626,202.0609,0.02270347191011236,0.7269896
4,0.04975,11.60707,0.1304165168539326,195.4789,0.021963921348314607,0.6948274
4,0.05,-1.178253,-0.01323879775280899,189.1472,0.02125249438202247,0.662263
4,0.05025,-13.70374,-0.15397460674157304,183.2017,0.020584460674157302,0.6292629
4,0.0505,-26.0935,-0.29318539325842696,176.2617,0.019804685393258428,0.5959267
4,0.05075,-38.85147,-0.43653337078651683,170.4979,0.019157067415730335,0.56225
4,0.051,-51.29744,-0.5763757303370787,164.3163,0.01846250561797753,0.5286072
4,0.05125,-63.94297,-0.7184603370786518,158.2018,0.017775483146067413,0.494926
4,0.0515,-76.74146,-0.862263595505618,151.0179,0.016968303370786517,0.461211
4,0.05175,-88.92811,-0.9991922471910113,144.5191,0.016238101123595507,0.4274319
4,0.052,-101.8036,-1.1438606741573034,139.1282,0.01563238202247191,0.3930862
4,0.05225,-113.5547,-1.2758955056179775,131.9921,0.014830573033707866,0.3581275
4,0.0525,-126.0867,-1.4167044943820224,125.3109,0.014079876404494382,0.3227956
4,0.05275,-139.3608,-1.5658516853932585,118.5528,0.013320539325842698,0.2875709
4,0.053,-152.2479,-1.7106505617977528,112.0999,0.012595494382022473,0.252812
4,0.05325,-163.0534,-1.8320606741573036,106.0509,0.011915831460674159,0.2180087
4,0.0535,-174.9939,-1.966223595505618,99.01327,0.011125086516853932,0.1825126
4,0.05375,-187.5249,-2.1070213483146065,92.69878,0.010415593258426966,0.1465275
4,0.054,-199.9957,-2.2471426966292136,86.72902,0.009744833707865169,0.1103486
4,0.05425,-211.6865,-2.3785,80.56081,0.009051776404494382,0.07414208
4,0.0545,-224.6425,-2.5240730337078654,72.94311,0.008195855056179776,0.03796634
4,0.05475,-236.5324,-2.6576674157303373,66.94315,0.007521702247191011,0.001767559
4,0.055,-248.2439,-2.789257303370787,61.57734,0.0069188022471910115,-0.03443749
4,0.05525,-260.07,-2.9221348314606743,53.99298,0.006066626966292135,-0.07059898
4,0.0555,-271.4614,-3.050128089887641,48.06792,0.00540088988764045,-0.1066405
4,0.05575,-283.2758,-3.1828741573033708,41.12712,0.004621024719101123,-0.1427195
4,0.056,-294.9798,-3.314379775280899,35.32874,0.003969521348314607,-0.1793633
4,0.05625,-307.0454,-3.4499483146067416,28.85699,0.003242358426966292,-0.216489
4,0.0565,-318.2429,-3.575762921348315,21.59146,0.002426006741573034,-0.2535022
4,0.05675,-329.6434,-3.703858426966292,15.5217,0.001744011235955056,-0.2903953
4,0.057,-341.0779,-3.83233595505618,9.388002,0.0010548316853932586,-0.3272489
4,0.05725,-351.8125,-3.952949438202247,3.756691,0.00042210011235955055,-0.3640063
4,0.0575,-363.562,-4.0849662921348315,-3.874345,-0.00043531966292134833,-0.400752
4,0.05775,-374.3361,-4.206023595505618,-9.531148,-0.0010709155056179774,-0.4375192
4,0.058,-385.8699,-4.335616853932584,-16.49822,-0.0018537325842696627,-0.4741854
4,0.05825,-396.5208,-4.45528988764045,-22.43269,-0.002520526966292135,-0.5108009
4,0.0585,-407.6378,-4.5802000000000005,-30.16099,-0.003388875280898877,-0.5472804
4,0.05875,-418.6033,-4.70340786516854,-36.07232,-0.004053069662921348,-0.5835831
4,0.059,-429.6124,-4.827105617977528,-42.30994,-0.004753925842696629,-0.6198891
4,0.05925,-440.0972,-4.944912359550561,-48.93503,-0.00549831797752809,-0.6562141
4,0.0595,-450.5668,-5.062548314606742,-55.75465,-0.006264567415730337,-0.6922716
4,0.05975,-461.3632,-5.183856179775281,-62.7531,-0.007050910112359551,-0.7278363
4,0.06,-471.069,-5.292910112359551,-67.57024,-0.007592161797752808,-0.7631891
4,0.06025,-481.4014,-5.409004494382023,-73.99925,-0.008314522471910113,-0.7985775
4,0.0605,-490.8768,-5.515469662921348,-80.8224,-0.009081168539325843,-0.8338286
4,0.06075,-500.7387,-5.626277528089887,-87.21101,-0.00979898988764045,-0.8687675
4,0.061,-510.5342,-5.736339325842697,-93.23567,-0.010475917977528091,-0.9034987
4,0.06125,-519.8506,-5.84101797752809,-99.86194,-0.011220442696629213,-0.9377659
4,0.0615,-529.2819,-5.946987640449438,-105.2458,-0.011825370786516855,-0.9718059
4,0.06175,-538.6545,-6.052297752808989,-111.7034,-0.012550943820224718,-1.005906
4,0.062,-547.59,-6.152696629213484,-117.041,-0.013150674157303371,-1.039661
4,0.06225,-556.5574,-6.253453932584271,-123.2676,-0.01385029213483146,-1.073009
4,0.0625,-565.3668,-6.352435955056181,-129.7119,-0.014574370786516855,-1.105816
4,0.06275,-574.1417,-6.451030337078652,-135.3676,-0.015209842696629214,-1.138159
4,0.063,-582.8098,-6.548424719101123,-140.5887,-0.015796483146067415,-1.170841
4,0.06325,-591.2494,-6.64325168539326,-146.1388,-0.01642008988764045,-1.203852
4,0.0635,-599.4034,-6.734869662921349,-151.7505,-0.017050617977528087,-1.236133
4,0.06375,-607.9555,-6.830960674157304,-158.0634,-0.017759932584269663,-1.267204
4,0.064,-616.0315,-6.921702247191012,-161.9679,-0.0181986404494382,-1.297599
4,0.06425,-624.1459,-7.012875280898877,-167.5549,-0.018826393258426968,-1.327906
4,0.0645,-631.6729,-7.097448314606742,-172.9898,-0.019437056179775283,-1.3581
4,0.06475,-639.4794,-7.18516179775281,-177.9218,-0.019991213483146066,-1.387831
4,0.065,-646.2978,-7.2617730337078665,-182.1942,-0.02047125842696629,-1.417062
4,0.06525,-653.8556,-7.346692134831461,-187.0165,-0.021013089887640453,-1.44585
4,0.0655,-660.6081,-7.422562921348315,-191.916,-0.021563595505617976,-1.474048
4,0.06575,-668.0581,-7.506270786516854,-197.3841,-0.02217798876404494,-1.501631
4,0.066,-675.1495,-7.585949438202247,-201.0518,-0.022590089887640448,-1.52876
4,0.06625,-681.4872,-7.657159550561799,-204.8732,-0.0230194606741573,-1.55556
4,0.0665,-687.9095,-7.7293202247191015,-209.4245,-0.023530842696629212,-1.58192
4,0.06675,-694.2629,-7.800706741573033,-214.3071,-0.024079449438202248,-1.607704
4,0.067,-700.5484,-7.8713303370786525,-218.5587,-0.024557157303370786,-1.632901
4,0.06725,-706.8355,-7.94197191011236,-221.8973,-0.024932280898876405,-1.657531
4,0.0675,-711.9855,-7.999837078651686,-226.1027,-0.025404797752808985,-1.68152
4,0.06775,-717.2479,-8.058965168539325,-230.2072,-0.02586597752808989,-1.704849
4,0.068,-722.7235,-8.120488764044943,-233.3129,-0.026214932584269667,-1.727614
4,0.06825,-728.3385,-8.183578651685393,-236.8049,-0.02660729213483146,-1.749836
4,0.0685,-732.9405,-8.235286516853934,-239.9949,-0.026965719101123595,-1.771425
4,0.06875,-737.3418,-8.284739325842699,-243.8151,-0.027394955056179775,-1.792342
4,0.069,-742.1307,-8.338547191011237,-246.3529,-0.027680101123595507,-1.812652
4,0.06925,-746.5924,-8.388678651685394,-249.6892,-0.02805496629213483,-1.832398
4,0.0695,-750.4842,-8.432406741573033,-253.4588,-0.028478516853932587,-1.851527
4,0.06975,-754.5716,-8.478332584269664,-255.9346,-0.028756696629213478,-1.869993
4,0.07,-757.9069,-8.515807865168538,-258.7591,-0.02907405617977528,-1.887876
4,0.07025,-762.1766,-8.56378202247191,-261.2165,-0.02935016853932584,-1.90521
4,0.0705,-766.0031,-8.606776404494383,-263.9916,-0.029661977528089887,-1.921924
4,0.07075,-769.2234,-8.642959550561798,-266.4509,-0.02993830337078652,-1.937979
4,0.071,-772.2491,-8.676956179775281,-268.5813,-0.03017767415730337,-1.953382
4,0.07125,-775.5545,-8.714095505617978,-271.1202,-0.03046294382022472,-1.968149
4,0.0715,-778.3918,-8.745975280898875,-273.2019,-0.030696842696629215,-1.982241
4,0.07175,-780.977,-8.775022471910113,-275.737,-0.030981685393258428,-1.995654
4,0.072,-783.3737,-8.801951685393258,-276.7912,-0.031100134831460673,-2.008431
4,0.07225,-786.0434,-8.831948314606741,-278.8905,-0.03133601123595505,-2.020583
4,0.0725,-787.9822,-8.853732584269665,-280.8969,-0.03156144943820225,-2.032112
4,0.07275,-789.4206,-8.869894382022473,-282.6892,-0.031762831460674164,-2.043035
4,0.073,-791.2232,-8.890148314606742,-284.0249,-0.031912910112359555,-2.053387
4,0.07325,-792.417,-8.90356179775281,-285.3921,-0.03206652808988764,-2.063191
4,0.0735,-793.582,-8.916651685393258,-287.3608,-0.03228773033707865,-2.072416
4,0.07375,-795.1217,-8.93395168539326,-288.0989,-0.03237066292134832,-2.081063
4,0.074,-795.7457,-8.940962921348316,-289.5088,-0.03252907865168539,-2.089179
4,0.07425,-796.2917,-8.94709775280899,-291.1042,-0.03270833707865168,-2.096776
4,0.0745,-796.703,-8.951719101123595,-292.1136,-0.03282175280898877,-2.103844
4,0.07475,-796.4725,-8.949129213483145,-293.7075,-0.03300084269662921,-2.1104
4,0.075,-796.8053,-8.952868539325843,-294.1741,-0.033053269662921346,-2.116428
4,0.07525,-796.7901,-8.95269775280899,-295.2228,-0.03317110112359551,-2.121891
4,0.0755,-796.2826,-8.946995505617979,-296.417,-0.033305280898876403,-2.126859
4,0.07575,-795.6505,-8.939893258426967,-297.6983,-0.033449247191011236,-2.131399
4,0.076,-794.3579,-8.925369662921348,-297.2206,-0.03339557303370787,-2.13552
4,0.07625,-794.2039,-8.923639325842696,-297.7544,-0.03345555056179775,-2.139251
4,0.0765,-792.768,-8.90750561797753,-299.4329,-0.03364414606741573,-2.142595
4,0.07675,-791.2222,-8.890137078651685,-299.3615,-0.033636123595505614,-2.145575
4,0.077,-789.7564,-8.873667415730337,-299.2627,-0.03362502247191011,-2.148211
4,0.07725,-787.9366,-8.853220224719102,-298.9889,-0.03359425842696629,-2.150511
4,0.0775,-785.8544,-8.829824719101126,-299.8337,-0.0336891797752809,-2.152492
4,0.07775,-784.1846,-8.811062921348315,-300.5039,-0.03376448314606741,-2.154186
4,0.078,-781.6415,-8.782488764044944,-300.731,-0.03379,-2.155617
4,0.07825,-779.3055,-8.756241573033709,-301.0216,-0.03382265168539325,-2.156795
4,0.0785,-776.8339,-8.728470786516855,-301.6169,-0.033889539325842696,-2.157746
4,0.07875,-773.9433,-8.695992134831462,-301.6083,-0.03388857303370787,-2.15849
4,0.079,-771.0655,-8.663657303370789,-302.2813,-0.033964191011235954,-2.159047
4,0.07925,-768.4023,-8.633733707865169,-301.7534,-0.03390487640449438,-2.159455
4,0.0795,-764.2441,-8.587012359550563,-301.164,-0.03383865168539326,-2.159754
4,0.07975,-760.7305,-8.547533707865169,-302.8425,-0.03402724719101123,-2.159982
4,0.08,-756.9541,-8.505102247191013,-302.2397,-0.033959516853932586,-2.160164
4,0.08025,-752.9184,-8.459757303370786,-302.0821,-0.03394180898876405,-2.160295
4,0.0805,-748.8118,-8.413615730337078,-301.7177,-0.033900865168539324,-2.160324
4,0.08075,-744.1648,-8.361402247191013,-302.5491,-0.033994280898876406,-2.160172
4,0.081,-739.9477,-8.314019101123597,-301.9962,-0.033932157303370784,-2.159756
4,0.08125,-734.9254,-8.257588764044943,-302.4358,-0.033981550561797746,-2.158977
4,0.0815,-729.746,-8.199393258426966,-302.2268,-0.03395806741573034,-2.157743
4,0.08175,-724.8538,-8.144424719101124,-302.037,-0.03393674157303371,-2.155919
4,0.082,-719.5641,-8.08498988764045,-301.1549,-0.03383762921348314,-2.153338
4,0.08225,-714.061,-8.023157303370787,-300.702,-0.033786741573033706,-2.149774
4,0.0825,-708.1665,-7.956926966292136,-300.2016,-0.03373051685393258,-2.144947
4,0.08275,-702.2563,-7.8905202247191015,-298.8983,-0.033584078651685396,-2.138658
4,0.083,-696.3076,-7.823680898876405,-297.7791,-0.03345832584269663,-2.130749
4,0.08325,-690.3031,-7.756214606741573,-295.9946,-0.0332578202247191,-2.120912
4,0.0835,-684.1817,-7.687434831460674,-293.8122,-0.03301260674157304,-2.109181
4,0.08375,-677.9053,-7.616913483146067,-291.2132,-0.032720584269662914,-2.096471
4,0.084,-670.7035,-7.535994382022472,-289.3021,-0.03250585393258427,-2.083608
4,0.08425,-663.6451,-7.4566865168539325,-286.7851,-0.03222304494382023,-2.070868
4,0.0845,-656.7107,-7.378771910112359,-284.7469,-0.03199403370786517,-2.058184
4,0.08475,-649.5758,-7.2986044943820225,-282.4786,-0.03173916853932584,-2.045315
4,0.085,-642.6946,-7.2212876404494395,-280.2353,-0.03148711235955056,-2.032128
4,0.08525,-634.5786,-7.130096629213485,-277.5689,-0.031187516853932583,-2.018527
4,0.0855,-626.9934,-7.044869662921348,-274.4338,-0.030835258426966293,-2.004386
4,0.08575,-619.2695,-6.958084269662922,-272.5537,-0.030624011235955054,-1.989658
4,0.086,-611.5597,-6.8714573033707875,-269.3378,-0.030262674157303375,-1.974455
4,0.08625,-603.6205,-6.782252808988765,-266.4611,-0.029939449438202245,-1.95884
4,0.0865,-595.586,-6.691977528089889,-264.0104,-0.02966408988764045,-1.942799
4,0.08675,-587.0552,-6.59612584269663,-261.0828,-0.029335146067415732,-1.926307
4,0.087,-578.7376,-6.502669662921349,-257.8218,-0.02896874157303371,-1.909351
4,0.08725,-569.7788,-6.402008988764046,-254.9318,-0.028644022471910113,-1.891941
4,0.0875,-560.7527,-6.3005921348314615,-251.5422,-0.028263168539325846,-1.874088
4,0.08775,-551.6414,-6.19821797752809,-248.1883,-0.02788632584269663,-1.855797
4,0.088,-542.205,-6.092191011235956,-244.6422,-0.02748788764044944,-1.837124
4,0.08825,-533.3531,-5.992731460674158,-241.4922,-0.027133955056179777,-1.818075
4,0.0885,-523.8681,-5.8861584269662925,-237.8014,-0.02671925842696629,-1.7986
4,0.08875,-514.0189,-5.775493258426967,-234.875,-0.02639044943820225,-1.778759
4,0.089,-504.3069,-5.6663696629213485,-230.463,-0.025894719101123596,-1.758578
4,0.08925,-494.4982,-5.556159550561798,-226.3823,-0.025436213483146067,-1.737954
4,0.0895,-484.059,-5.438865168539326,-223.4386,-0.025105460674157306,-1.716782
4,0.08975,-473.9692,-5.325496629213483,-219.5149,-0.02466459550561798,-1.695091
4,0.09,-463.8582,-5.21188988764045,-215.0915,-0.02416758426966292,-1.673021
4,0.09025,-454.0596,-5.101793258426967,-210.75,-0.023679775280898877,-1.65072
4,0.0905,-443.3955,-4.98197191011236,-206.2764,-0.023177123595505618,-1.628109
4,0.09075,-433.178,-4.867168539325843,-202.4539,-0.022747629213483146,-1.605079
4,0.091,-422.4506,-4.74663595505618,-197.4889,-0.02218976404494382,-1.581706
4,0.09125,-411.8766,-4.627826966292135,-193.1541,-0.02170270786516854,-1.557943
4,0.0915,-400.8898,-4.504379775280898,-188.6628,-0.021198067415730337,-1.533678
4,0.09175,-390.488,-4.387505617977529,-184.0771,-0.020682820224719102,-1.508876
4,0.092,-379.7064,-4.26636404494382,-178.8807,-0.020098955056179774,-1.483732
4,0.09225,-368.6153,-4.141744943820225,-173.8694,-0.019535887640449442,-1.458295
4,0.0925,-357.2583,-4.014138202247191,-169.761,-0.019074269662921348,-1.432462
4,0.09275,-346.1611,-3.889450561797753,-164.5681,-0.01849079775280899,-1.406309
4,0.093,-334.7772,-3.7615415730337083,-159.3254,-0.01790173033707865,-1.379908
4,0.09325,-323.2237,-3.6317269662921348,-154.4197,-0.01735052808988764,-1.353117
4,0.0935,-312.1483,-3.507284269662921,-149.5958,-0.016808516853932583,-1.325807
4,0.09375,-300.3557,-3.3747831460674163,-143.5598,-0.01613031460674157,-1.298161
4,0.094,-288.7358,-3.2442224719101125,-139.2043,-0.01564093258426966,-1.270364
4,0.09425,-277.3696,-3.116512359550562,-132.8204,-0.014923640449438202,-1.242311
4,0.0945,-265.1278,-2.97896404494382,-128.0048,-0.014382561797752807,-1.21379
4,0.09475,-253.2303,-2.8452842696629213,-122.5688,-0.013771775280898877,-1.184773
4,0.095,-241.2463,-2.710632584269663,-116.6649,-0.01310841573033708,-1.155376
4,0.09525,-229.6193,-2.579992134831461,-110.292,-0.012392359550561798,-1.125714
4,0.0955,-217.3076,-2.441658426966292,-104.9422,-0.011791258426966291,-1.095708
4,0.09575,-205.2754,-2.306465168539326,-99.2874,-0.01115588764044944,-1.065302
4,0.096,-192.7722,-2.165979775280899,-93.31372,-0.01048468764044944,-1.034599
4,0.09625,-180.5977,-2.0291876404494382,-86.80353,-0.009753205617977528,-1.003632
4,0.0965,-168.5807,-1.894165168539326,-81.11692,-0.009114260674157304,-0.9723471
4,0.09675,-155.7235,-1.7497022471910113,-75.68288,-0.008503694382022472,-0.9407129
4,0.097,-143.8402,-1.6161820224719103,-69.64448,-0.007825222471910113,-0.9087931
4,0.09725,-131.5664,-1.4782741573033706,-63.41078,-0.007124806741573034,-0.8766679
4,0.0975,-119.2775,-1.3401966292134833,-56.86256,-0.006389051685393259,-0.8443546
4,0.09775,-106.3539,-1.1949876404494382,-50.75553,-0.0057028685393258425,-0.8118554
4,0.098,-94.12165,-1.0575466292134832,-44.06455,-0.004951073033707865,-0.7790506
4,0.09825,-81.59971,-0.9168506741573034,-38.24656,-0.004297366292134832,-0.7457967
4,0.0985,-69.29808,-0.7786301123595506,-32.23366,-0.003621759550561798,-0.7121693
4,0.09875,-57.02027,-0.6406771910112359,-25.83407,-0.0029027044943820226,-0.678424
4,0.099,-44.90858,-0.504590786516854,-20.02549,-0.0022500550561797756,-0.6446574
4,0.09925,-32.38866,-0.3639175280898877,-13.53452,-0.001520732584269663,-0.610721
4,0.0995,-19.97257,-0.22441089887640453,-6.681569,-0.0007507380898876404,-0.5764598
4,0.09975,-6.745588,-0.07579312359550562,-1.389886,-0.00015616696629213483,-0.5419156
4,0.1,2.736406,0.030746134831460676,4.254368,0.0004780188764044944,-0.5104212
5,0.0,7.141877,0.08024580898876406,0.0,0.0,-0.6246403
5,0.00025,21.06576,0.23669393258426968,7.329842,0.0008235777528089888,-0.5817949
5,0.0005,34.83418,0.3913952808988765,14.89264,0.0016733303370786517,-0.5386306
5,0.00075,47.96898,0.5389773033707865,21.89031,0.002459585393258427,-0.4950552
5,0.001,61.57684,0.6918746067415731,30.5814,0.0034361123595505615,-0.4512311
5,0.00125,76.76647,0.8625446067415731,38.31088,0.004304593258426966,-0.4072509
5,0.0015,92.38053,1.0379834831460673,46.04074,0.0051731168539325845,-0.3630721
5,0.00175,105.9712,1.1906876404494382,53.45177,0.006005816853932585,-0.3186828
5,0.002,120.1463,1.349958426966292,61.39341,0.0068981359550561805,-0.2742327
5,0.00225,134.368,1.5097528089887642,70.02607,0.00786809775280899,-0.2298362
5,0.0025,148.5335,1.6689157303370787,78.00184,0.008764251685393258,-0.1853698
5,0.00275,162.6398,1.8274134831460676,86.48665,0.009717601123595506,-0.1407171
5,0.003,176.9709,1.9884370786516854,94.62674,0.01063221797752809,-0.09593753
5,0.00325,191.3081,2.149529213483146,101.5817,0.01141367415730337,-0.05115568
5,0.0035,205.1469,2.305021348314607,109.959,0.01235494382022472,-0.006073114
5,0.00375,219.5388,2.4667280898876407,117.7516,0.013230516853932586,0.0393145
5,0.004,233.0793,2.618868539325843,126.5388,0.014217842696629212,0.08468701
5,0.00425,247.2914,2.7785550561797754,134.6856,0.015133213483146068,0.1300828
5,0.0045,261.5,2.938202247191011,142.5848,0.016020764044943823,0.1755921
5,0.00475,275.0471,3.090416853932584,150.8136,0.016945348314606742,0.2212122
5,0.005,288.5714,3.2423752808988766,159.5204,0.017923640449438203,0.2667786
5,0.00525,302.1048,3.39443595505618,166.922,0.018755280898876403,0.3123243
5,0.0055,315.7035,3.547230337078652,175.5389,0.01972347191011236,0.3580289
5,0.00575,328.9442,3.6960022471910117,183.8767,0.020660303370786517,0.4037106
5,0.006,342.2294,3.845274157303371,191.7258,0.021542224719101125,0.4492358
5,0.00625,355.1722,3.9906988764044944,199.8255,0.02245230337078652,0.4946461
5,0.0065,368.5476,4.140984269662921,207.429,0.023306629213483147,0.539919
5,0.00675,381.8354,4.290285393258427,215.3013,0.024191157303370788,0.5849795
5,0.007,395.3673,4.442329213483147,223.1147,0.025069067415730336,0.6297437
5,0.00725,407.2895,4.576286516853933,230.721,0.02592370786516854,0.6744226
5,0.0075,420.4304,4.723937078651685,237.8022,0.02671934831460674,0.7189868
5,0.00775,433.514,4.870943820224719,245.9972,0.02764013483146067,0.7632793
5,0.008,446.0243,5.011508988764045,253.4117,0.028473224719101124,0.8073062
5,0.00825,458.1725,5.148005617977528,262.2276,0.029463775280898875,0.8511572
5,0.0085,470.2624,5.283847191011237,269.2413,0.03025183146067416,0.8949088
5,0.00875,482.715,5.4237640449438205,276.7716,0.03109793258426966,0.9384544
5,0.009,494.6423,5.557778651685393,284.8152,0.03200170786516854,0.9816586
5,0.00925,506.7991,5.69437191011236,292.6517,0.032882213483146065,1.024561
5,0.0095,518.4357,5.825120224719101,300.5224,0.03376656179775281,1.067307
5,0.00975,530.6745,5.962634831460674,308.2652,0.034636539325842694,1.109721
5,0.01,542.2027,6.092165168539326,316.3292,0.03554260674157303,1.151601
5,0.01025,553.8854,6.223431460674157,324.1316,0.0364192808988764,1.193056
5,0.0105,565.1249,6.3497179775280905,331.6348,0.03726233707865168,1.234123
5,0.01075,576.5462,6.478047191011236,338.3795,0.03802016853932584,1.274741
5,0.011,587.6601,6.602922471910113,346.1631,0.03889473033707865,1.314833
5,0.01125,598.5461,6.725237078651686,353.3357,0.0397006404494382,1.354412
5,0.0115,610.1427,6.85553595505618,359.8078,0.04042784269662921,1.393673
5,0.01175,620.1383,6.9678460674157305,366.6878,0.04120087640449438,1.432525
5,0.012,631.0035,7.089926966292135,374.0341,0.04202630337078652,1.470775
5,0.01225,641.2498,7.20505393258427,381.633,0.04288011235955056,1.508538
5,0.0125,651.5356,7.320624719101124,388.1122,0.04360811235955056,1.545977
5,0.01275,661.1797,7.4289853932584275,394.4761,0.04432315730337078,1.582992
5,0.013,670.6308,7.535177528089888,401.7048,0.04513537078651685,1.619463
5,0.01325,680.7606,7.648995505617977,408.1777,0.045862662921348316,1.655373
5,0.0135,690.042,7.7532808988764055,414.5855,0.04658264044943821,1.690706
5,0.01375,699.5376,7.859973033707865,420.671,0.047266404494382026,1.725452
5,0.014,708.6869,7.962774157303372,427.2926,0.04801040449438202,1.759605
5,0.01425,717.2511,8.059001123595506,433.7145,0.04873196629213483,1.793132
5,0.0145,726.4976,8.162894382022474,439.4348,0.04937469662921348,1.825991
5,0.01475,734.8015,8.256196629213484,445.647,0.05007269662921348,1.858169
5,0.015,743.4366,8.353220224719102,451.6607,0.05074839325842696,1.889653
5,0.01525,751.7188,8.446278651685393,456.9198,0.051339303370786515,1.920459
5,0.0155,760.0105,8.539443820224719,462.3464,0.051949033707865175,1.950665
5,0.01575,767.8165,8.627151685393258,467.9624,0.05258004494382022,1.980276
5,0.016,775.9715,8.718780898876405,473.0933,0.05315655056179775,2.009236
5,0.01625,783.6448,8.804997752808989,478.914,0.05381056179775281,2.037506
5,0.0165,790.3639,8.880493258426966,483.3017,0.05430356179775281,2.065125
5,0.01675,797.7354,8.963319101123595,488.3977,0.054876146067415726,2.092175
5,0.017,803.8857,9.03242359550562,493.0858,0.0554028988764045,2.118627
5,0.01725,811.1655,9.114219101123595,498.445,0.05600505617977528,2.1444
5,0.0175,817.8106,9.188883146067415,502.2683,0.05643464044943821,2.169495
5,0.01775,824.8376,9.26783820224719,506.4184,0.056900943820224724,2.193967
5,0.018,830.5726,9.332276404494381,511.7897,0.05750446067415731,2.217742
5,0.01825,836.5239,9.399144943820225,515.7138,0.057945370786516855,2.240739
5,0.0185,842.3855,9.465005617977527,518.5897,0.05826850561797752,2.263001
5,0.01875,847.9229,9.52722359550562,522.0616,0.05865860674157304,2.284556
5,0.019,853.5303,9.590228089887642,526.5207,0.05915962921348315,2.305385
5,0.01925,858.6134,9.647341573033707,530.6924,0.059628359550561796,2.325467
5,0.0195,863.5694,9.703026966292134,533.4745,0.05994095505617978,2.344863
5,0.01975,868.3395,9.756623595505618,537.2261,0.06036248314606742,2.363607
5,0.02,872.9997,9.808985393258427,539.8341,0.06065551685393259,2.381709
5,0.02025,876.6141,9.849596629213483,543.81,0.06110224719101123,2.399165
5,0.0205,880.4852,9.89309213483146,546.5505,0.06141016853932585,2.415974
5,0.02075,884.5077,9.938288764044945,549.6456,0.06175793258426966,2.43216
5,0.021,887.7158,9.974334831460673,553.3694,0.062176337078651694,2.447647
5,0.02125,890.9898,10.011121348314605,556.1158,0.06248492134831461,2.462398
5,0.0215,894.211,10.047314606741573,558.6438,0.06276896629213484,2.476468
5,0.02175,896.7055,10.075342696629214,560.4298,0.0629696404494382,2.489887
5,0.022,899.4157,10.105794382022472,563.3641,0.06329933707865168,2.502633
5,0.02225,901.9122,10.133844943820224,565.7262,0.0635647415730337,2.514694
5,0.0225,904.2066,10.159624719101124,567.7435,0.06379140449438203,2.526099
5,0.02275,906.2001,10.182023595505619,569.4425,0.06398230337078652,2.536872
5,0.023,908.5893,10.208868539325843,572.5227,0.06432839325842696,2.546997
5,0.02325,909.626,10.220516853932583,573.9525,0.06448904494382023,2.556489
5,0.0235,911.6247,10.242974157303372,575.8217,0.06469906741573032,2.5654
5,0.02375,912.4664,10.252431460674158,577.4045,0.06487691011235955,2.573728
5,0.024,914.0771,10.270529213483147,579.0532,0.06506215730337078,2.581473
5,0.02425,914.5856,10.276242696629213,580.8161,0.06526023595505619,2.588666
5,0.0245,915.5444,10.28701573033708,581.7483,0.06536497752808988,2.595354
5,0.02475,915.2258,10.28343595505618,581.9965,0.06539286516853933,2.601556
5,0.025,915.4861,10.286360674157304,584.0135,0.06561949438202247,2.607271
5,0.02525,915.4709,10.28618988764045,585.3979,0.06577504494382022,2.612494
5,0.0255,914.7978,10.278626966292137,585.9187,0.0658335617977528,2.617245
5,0.02575,914.4038,10.2742,587.5435,0.06601612359550563,2.621559
5,0.026,913.1603,10.260228089887642,588.1036,0.06607905617977528,2.625452
5,0.02625,911.9908,10.24708764044944,588.7479,0.06615144943820224,2.62893
5,0.0265,910.9368,10.235244943820224,588.804,0.06615775280898875,2.632003
5,0.02675,909.3966,10.217939325842696,589.3197,0.06621569662921349,2.634695
5,0.027,907.473,10.196325842696629,590.5688,0.06635604494382022,2.637013
5,0.02725,905.4126,10.173175280898876,591.0767,0.06641311235955055,2.638971
5,0.0275,903.5203,10.15191348314607,590.3829,0.06633515730337078,2.640605
5,0.02775,901.2219,10.126088764044944,590.748,0.0663761797752809,2.641932
5,0.028,898.3222,10.09350786516854,591.3281,0.0664413595505618,2.642979
5,0.02825,895.6824,10.063847191011236,591.2857,0.06643659550561798,2.643774
5,0.0285,891.8883,10.021216853932584,591.9905,0.06651578651685393,2.644348
5,0.02875,888.9294,9.987970786516854,591.9167,0.06650749438202247,2.644733
5,0.029,884.7037,9.940491011235956,591.9979,0.06651661797752809,2.644961
5,0.02925,881.4095,9.903477528089889,592.3999,0.06656178651685393,2.645071
5,0.0295,877.2917,9.857210112359551,592.0913,0.06652711235955056,2.645092
5,0.02975,873.3487,9.812906741573036,592.094,0.06652741573033709,2.645001
5,0.03,868.9124,9.763060674157305,591.4308,0.06645289887640449,2.644726
5,0.03025,864.5905,9.7145,591.6446,0.06647692134831461,2.644156
5,0.0305,859.6608,9.659110112359551,591.5614,0.06646757303370787,2.643188
5,0.03075,855.0497,9.6073,590.7453,0.06637587640449438,2.641721
5,0.031,850.0223,9.550812359550562,590.0386,0.06629647191011236,2.639606
5,0.03125,844.9108,9.493379775280898,590.2237,0.06631726966292134,2.636692
5,0.0315,838.8811,9.425630337078651,588.5181,0.06612562921348314,2.632846
5,0.03175,833.4951,9.365113483146068,587.3988,0.06599986516853934,2.6279
5,0.032,826.9492,9.291564044943822,586.447,0.0658929213483146,2.621673
5,0.03225,821.0825,9.22564606741573,585.1885,0.06575151685393259,2.614172
5,0.0325,814.3523,9.15002584269663,582.9295,0.06549769662921348,2.60559
5,0.03275,807.5825,9.073960674157304,579.7027,0.06513513483146068,2.596162
5,0.033,800.8781,8.998630337078652,578.9983,0.06505598876404495,2.586087
5,0.03325,793.5649,8.916459550561799,576.4782,0.06477283146067415,2.575508
5,0.0335,786.4037,8.835996629213483,573.9808,0.06449222471910113,2.564553
5,0.03375,778.7197,8.749659550561798,571.6693,0.06423250561797753,2.553322
5,0.034,771.0489,8.663470786516855,569.1868,0.06395357303370786,2.541816
5,0.03425,763.1598,8.574829213483147,566.2599,0.06362470786516854,2.529989
5,0.0345,755.2252,8.485676404494383,564.0104,0.06337195505617978,2.517693
5,0.03475,746.9603,8.392812359550563,560.9102,0.0630236179775281,2.504804
5,0.035,738.8286,8.301444943820226,558.2912,0.06272934831460675,2.491336
5,0.03525,729.926,8.201415730337079,555.8942,0.062460022471910105,2.477345
5,0.0355,721.2514,8.103948314606741,552.2693,0.06205273033707866,2.462963
5,0.03575,712.2024,8.00227415730337,549.1868,0.0617063820224719,2.448232
5,0.036,703.308,7.902337078651685,546.2019,0.06137100000000001,2.43312
5,0.03625,693.9642,7.797350561797754,542.9523,0.06100587640449439,2.41753
5,0.0365,684.2295,7.68797191011236,539.6705,0.06063713483146067,2.401423
5,0.03675,674.868,7.5827865168539335,536.3343,0.060262280898876405,2.384981
5,0.037,664.9479,7.4713247191011245,533.058,0.05989415730337079,2.368191
5,0.03725,654.9863,7.359396629213483,528.9534,0.059432966292134834,2.350948
5,0.0375,645.0236,7.2474561797752814,525.5819,0.059054146067415735,2.333313
5,0.03775,634.9232,7.133968539325842,522.106,0.058663595505617984,2.315275
5,0.038,624.6688,7.018750561797753,518.7454,0.058286000000000004,2.296729
5,0.03825,614.2686,6.901894382022472,514.4749,0.057806168539325846,2.277611
5,0.0385,603.4925,6.780814606741573,510.6516,0.057376584269662925,2.257983
5,0.03875,592.2028,6.653964044943821,505.6321,0.05681259550561797,2.238028
5,0.039,581.3959,6.532538202247191,501.7538,0.056376831460674154,2.217694
5,0.03925,570.3949,6.408931460674157,498.3097,0.05598985393258427,2.196824
5,0.0395,559.434,6.285775280898876,493.2517,0.05542153932584269,2.17546
5,0.03975,548.236,6.159955056179775,488.7526,0.05491602247191011,2.153675
5,0.04,536.3046,6.025894382022473,484.2563,0.05441082022471911,2.131474
5,0.04025,524.3256,5.891298876404495,479.9098,0.05392244943820224,2.108862
5,0.0405,512.4226,5.7575573033707865,474.4436,0.05330826966292135,2.086007
5,0.04075,500.2643,5.620947191011236,469.6801,0.05277304494382023,2.062714
5,0.041,488.4059,5.487706741573033,465.2575,0.052276123595505625,2.03869
5,0.04125,475.2908,5.34034606741573,460.347,0.05172438202247191,2.014101
5,0.0415,463.2035,5.204533707865169,454.5502,0.05107305617977528,1.989151
5,0.04175,450.4435,5.0611629213483145,449.6774,0.05052555056179775,1.963821
5,0.042,437.7113,4.918104494382023,444.412,0.04993393258426966,1.93797
5,0.04225,425.1286,4.776725842696629,438.8815,0.04931252808988764,1.91166
5,0.0425,412.6897,4.636962921348315,433.7329,0.048734033707865165,1.884946
5,0.04275,399.441,4.488101123595506,427.6024,0.04804521348314606,1.857725
5,0.043,386.7843,4.345891011235955,421.6608,0.04737761797752809,1.829912
5,0.04325,374.4234,4.207004494382023,415.9829,0.046739651685393256,1.801647
5,0.0435,360.7229,4.053066292134831,410.2657,0.046097269662921346,1.773059
5,0.04375,347.742,3.907213483146068,403.3555,0.04532084269662921,1.744
5,0.044,334.3109,3.7563022471910115,397.9638,0.044715033707865164,1.714445
5,0.04425,321.2855,3.6099494382022477,392.4705,0.044097808988764045,1.684505
5,0.0445,307.8666,3.4591752808988767,385.1881,0.04327956179775281,1.654352
5,0.04475,294.2856,3.3065797752808987,378.5771,0.04253675280898876,1.623961
5,0.045,280.737,3.154348314606742,372.7713,0.04188441573033708,1.592999
5,0.04525,266.9144,2.999038202247191,366.6086,0.04119197752808989,1.561314
5,0.0455,253.1211,2.844057303370787,360.7977,0.04053906741573034,1.529103
5,0.04575,239.1288,2.6868404494382023,353.8114,0.039754089887640454,1.496689
5,0.046,225.3858,2.5324247191011238,346.84,0.03897078651685393,1.463917
5,0.04625,211.0465,2.3713089887640453,340.4671,0.03825473033707865,1.430533
5,0.0465,197.2234,2.215993258426966,333.1592,0.03743361797752809,1.396657
5,0.04675,183.2711,2.059225842696629,325.9862,0.036627662921348315,1.362367
5,0.047,169.3832,1.9031820224719103,319.3384,0.035880719101123594,1.327636
5,0.04725,155.0409,1.742032584269663,312.4533,0.035107112359550566,1.292458
5,0.0475,140.8658,1.582761797752809,304.7932,0.03424642696629213,1.256893
5,0.04775,126.677,1.4233370786516855,297.1233,0.0333846404494382,1.221013
5,0.048,112.4304,1.2632629213483146,289.657,0.032545730337078645,1.185074
5,0.04825,98.04005,1.101573595505618,283.1755,0.03181747191011236,1.149229
5,0.0485,83.58635,0.9391724719101123,275.8264,0.03099173033707865,1.112748
5,0.04875,69.20863,0.7776250561797754,267.7432,0.03008350561797753,1.075321
5,0.049,55.00007,0.6179783146067416,261.0734,0.029334089887640448,1.037389
5,0.04925,40.83001,0.45876415730337083,254.1,0.028550561797752807,0.9990332
5,0.0495,26.00961,0.2922428089887641,246.5666,0.027704112359550562,0.9606567
5,0.04975,11.69824,0.1314408988764045,239.1952,0.026875865168539327,0.9215021
5,0.05,-2.13096,-0.023943370786516854,232.6662,0.02614226966292135,0.882182
5,0.05025,-16.30356,-0.18318606741573035,225.8995,0.025381966292134833,0.8428787
5,0.0505,-30.88084,-0.3469757303370787,218.4583,0.024545876404494384,0.8023983
5,0.05075,-45.10104,-0.5067532584269663,210.9065,0.023697359550561795,0.7618485
5,0.051,-58.9191,-0.6620123595505619,204.1226,0.02293512359550562,0.7210804
5,0.05125,-72.98888,-0.8200997752808988,196.2456,0.02205006741573034,0.679527
5,0.0515,-86.84036,-0.975734382022472,188.2322,0.021149685393258427,0.6378551
5,0.05175,-100.82,-1.132808988764045,178.7776,0.020087370786516855,0.5965282
5,0.052,-115.3719,-1.2963134831460674,172.7709,0.019412460674157306,0.5554793
5,0.05225,-130.0399,-1.4611224719101124,164.8873,0.018526662921348316,0.5140417
5,0.0525,-143.9385,-1.6172865168539325,157.2539,0.017668977528089887,0.4715802
5,0.05275,-158.1237,-1.776670786516854,148.4715,0.016682191011235956,0.4288985
5,0.053,-171.7513,-1.9297898876404496,141.1008,0.01585402247191011,0.3864069
5,0.05325,-186.3003,-2.0932617977528087,133.8067,0.015034460674157304,0.3439537
5,0.0535,-200.91,-2.2574157303370788,125.9113,0.014147337078651684,0.3011384
5,0.05375,-214.5127,-2.4102550561797753,117.672,0.013221573033707863,0.2574233
5,0.054,-228.6615,-2.569230337078652,110.2116,0.01238332584269663,0.2131799
5,0.05425,-242.9673,-2.7299696629213486,101.9436,0.011454337078651686,0.1686512
5,0.0545,-256.7793,-2.8851606741573033,93.11802,0.010462698876404495,0.1239103
5,0.05475,-270.0747,-3.034547191011236,84.94891,0.009544821348314607,0.07889983
5,0.055,-283.9581,-3.190540449438202,77.02374,0.008654352808988764,0.03371806
5,0.05525,-297.1344,-3.3385887640449443,68.93503,0.0077455089887640445,-0.01138126
5,0.0555,-310.8618,-3.4928292134831462,60.69259,0.006819392134831461,-0.05632501
5,0.05575,-324.3086,-3.6439168539325846,52.27013,0.005873048314606742,-0.1010536
5,0.056,-337.3537,-3.790491011235955,45.08775,0.005066039325842697,-0.1460317
5,0.05625,-350.5746,-3.9390404494382025,37.26768,0.004187379775280898,-0.1914321
5,0.0565,-364.105,-4.091067415730337,29.80567,0.003348951685393258,-0.2364745
5,0.05675,-376.9926,-4.23587191011236,20.71337,0.002327344943820225,-0.2820164
5,0.057,-390.1041,-4.383192134831461,13.58433,0.0015263292134831462,-0.3283315
5,0.05725,-403.1478,-4.529750561797753,5.992509,0.0006733156179775282,-0.3739214
5,0.0575,-415.8303,-4.672250561797753,-1.898543,-0.0002133194382022472,-0.4189042
5,0.05775,-428.3279,-4.812673033707865,-11.13281,-0.0012508775280898876,-0.4635554
5,0.058,-440.9952,-4.955002247191011,-17.5324,-0.001969932584269663,-0.5077385
5,0.05825,-453.2198,-5.092357303370787,-24.48026,-0.002750591011235955,-0.5528089
5,0.0585,-465.3336,-5.2284674157303375,-32.58662,-0.0036614179775280903,-0.5989861
5,0.05875,-477.6337,-5.3666707865168535,-39.72116,-0.004463051685393259,-0.644828
5,0.059,-489.9763,-5.505351685393259,-47.40631,-0.005326551685393258,-0.6896057
5,0.05925,-501.8636,-5.638916853932584,-54.67458,-0.006143211235955056,-0.7342455
5,0.0595,-513.872,-5.773842696629214,-62.17032,-0.006985429213483146,-0.7794697
5,0.05975,-525.5349,-5.904886516853932,-69.5284,-0.007812179775280899,-0.8244725
5,0.06,-537.2936,-6.037006741573034,-75.98878,-0.008538065168539328,-0.8693637
5,0.06025,-548.7023,-6.165194382022472,-82.6629,-0.009287966292134832,-0.9145258
5,0.0605,-560.4346,-6.297017977528091,-90.25471,-0.010140978651685395,-0.9593444
5,0.06075,-572.17,-6.428876404494382,-97.65515,-0.010972488764044944,-1.002773
5,0.061,-582.8488,-6.548862921348315,-103.9555,-0.011680393258426966,-1.045128
5,0.06125,-594.1461,-6.675798876404495,-109.9516,-0.012354112359550562,-1.087867
5,0.0615,-604.8462,-6.796024719101123,-116.881,-0.013132696629213484,-1.13159
5,0.06175,-615.9449,-6.9207292134831455,-124.7391,-0.014015629213483146,-1.17535
5,0.062,-626.1582,-7.035485393258426,-130.9304,-0.014711280898876402,-1.217827
5,0.06225,-636.2961,-7.149394382022472,-137.4559,-0.015444483146067419,-1.260103
5,0.0625,-646.7693,-7.267070786516856,-144.4626,-0.016231752808988763,-1.302388
5,0.06275,-656.7826,-7.3795797752809,-151.6787,-0.01704255056179775,-1.343897
5,0.063,-666.5559,-7.48939213483146,-157.6944,-0.01771847191011236,-1.385155
5,0.06325,-675.8965,-7.594342696629214,-164.8807,-0.018525921348314604,-1.426194
5,0.0635,-685.2534,-7.6994764044943835,-171.0065,-0.019214213483146066,-1.466878
5,0.06375,-694.7015,-7.805634831460675,-178.1842,-0.020020696629213484,-1.506939
5,0.064,-703.8593,-7.9085314606741575,-184.1736,-0.020693662921348315,-1.546122
5,0.06425,-712.4534,-8.005094382022472,-190.6571,-0.021422146067415732,-1.584566
5,0.0645,-721.8195,-8.110331460674157,-196.6629,-0.022096955056179778,-1.622757
5,0.06475,-730.2915,-8.205522471910113,-202.5264,-0.022755775280898876,-1.660698
5,0.065,-738.0788,-8.2930202247191,-208.5805,-0.023436011235955057,-1.698182
5,0.06525,-747.0457,-8.39377191011236,-214.32,-0.024080898876404494,-1.735058
5,0.0655,-755.1804,-8.485173033707865,-219.7478,-0.02469076404494382,-1.771096
5,0.06575,-763.1434,-8.574644943820225,-225.4387,-0.025330191011235955,-1.806476
5,0.066,-771.1804,-8.664948314606741,-230.4967,-0.02589850561797753,-1.841592
5,0.06625,-778.5397,-8.747637078651685,-236.3955,-0.026561292134831462,-1.876152
5,0.0665,-785.857,-8.829853932584271,-241.053,-0.027084606741573033,-1.909654
5,0.06675,-792.8086,-8.907961797752808,-246.2137,-0.027664460674157305,-1.942309
5,0.067,-800.2231,-8.991270786516854,-251.3336,-0.028239730337078647,-1.974409
5,0.06725,-806.8717,-9.065974157303371,-255.9021,-0.028753044943820225,-2.005924
5,0.0675,-812.9582,-9.13436179775281,-260.7875,-0.029301966292134836,-2.036724
5,0.06775,-819.5482,-9.208406741573032,-265.4823,-0.02982947191011236,-2.066772
5,0.068,-825.7279,-9.277841573033708,-269.3503,-0.030264078651685393,-2.096349
5,0.06825,-831.4228,-9.341829213483146,-273.8341,-0.03076787640449438,-2.125523
5,0.0685,-837.6375,-9.411657303370788,-278.7164,-0.03131644943820225,-2.153778
5,0.06875,-843.4352,-9.4768,-282.6703,-0.03176070786516854,-2.180837
5,0.069,-848.4986,-9.53369213483146,-286.6082,-0.032203168539325845,-2.206898
5,0.06925,-853.6886,-9.592006741573034,-290.5245,-0.032643202247191014,-2.232186
5,0.0695,-858.868,-9.650202247191013,-294.2694,-0.03306397752808989,-2.256723
5,0.06975,-863.4507,-9.701693258426968,-297.8344,-0.033464539325842695,-2.280385
5,0.07,-867.9149,-9.751852808988763,-300.7263,-0.033789471910112355,-2.3032
5,0.07025,-871.8797,-9.796401123595507,-304.785,-0.03424550561797753,-2.325276
5,0.0705,-875.6941,-9.839259550561799,-308.0416,-0.03461141573033708,-2.346553
5,0.07075,-879.6614,-9.88383595505618,-310.6131,-0.03490034831460674,-2.367044
5,0.071,-882.6634,-9.917566292134833,-313.3945,-0.035212865168539324,-2.386778
5,0.07125,-886.6231,-9.962057303370788,-316.1405,-0.03552140449438202,-2.405725
5,0.0715,-889.2158,-9.991188764044944,-318.8003,-0.035820258426966296,-2.423888
5,0.07175,-892.0633,-10.023183146067417,-321.1502,-0.036084292134831455,-2.441309
5,0.072,-894.7482,-10.053350561797753,-323.5978,-0.036359303370786515,-2.457968
5,0.07225,-897.4083,-10.083239325842698,-326.48,-0.03668314606741573,-2.473799
5,0.0725,-899.644,-10.108359550561797,-328.5456,-0.03691523595505618,-2.488756
5,0.07275,-901.953,-10.134303370786517,-331.101,-0.0372023595505618,-2.502827
5,0.073,-903.5135,-10.151837078651686,-332.6576,-0.03737725842696629,-2.516087
5,0.07325,-905.7385,-10.176837078651687,-334.1161,-0.03754113483146068,-2.528568
5,0.0735,-906.476,-10.185123595505619,-335.1393,-0.037656101123595506,-2.540241
5,0.07375,-908.3586,-10.206276404494384,-337.8344,-0.037958921348314606,-2.551129
5,0.074,-909.1989,-10.215717977528088,-338.3881,-0.038021134831460676,-2.561296
5,0.07425,-910.3917,-10.229120224719102,-339.9027,-0.03819131460674157,-2.5708
5,0.0745,-910.8652,-10.234440449438202,-341.4401,-0.03836405617977528,-2.579639
5,0.07475,-910.7969,-10.233673033707866,-342.5429,-0.03848796629213483,-2.587813
5,0.075,-910.9012,-10.234844943820226,-343.248,-0.03856719101123595,-2.595354
5,0.07525,-910.338,-10.228516853932584,-344.041,-0.03865629213483146,-2.602301
5,0.0755,-910.3658,-10.228829213483147,-345.6168,-0.03883334831460674,-2.60866
5,0.07575,-909.6203,-10.220452808988764,-346.4427,-0.03892614606741573,-2.614362
5,0.076,-908.7106,-10.210231460674159,-345.7984,-0.03885375280898877,-2.619408
5,0.07625,-907.529,-10.196955056179775,-347.6259,-0.039059089887640445,-2.623921
5,0.0765,-905.8981,-10.178630337078651,-348.4632,-0.03915316853932584,-2.62793
5,0.07675,-904.6233,-10.164306741573034,-348.9581,-0.039208775280898875,-2.631419
5,0.077,-902.9007,-10.14495168539326,-348.7899,-0.03918987640449438,-2.634448
5,0.07725,-901.0981,-10.12469775280899,-348.8252,-0.03919384269662921,-2.637081
5,0.0775,-898.9176,-10.100197752808988,-349.9931,-0.03932506741573034,-2.639337
5,0.07775,-896.3589,-10.07144831460674,-350.3637,-0.039366707865168535,-2.641236
5,0.078,-893.6122,-10.040586516853933,-350.1661,-0.039344505617977525,-2.642799
5,0.07825,-890.3225,-10.003623595505617,-350.7265,-0.03940747191011236,-2.644051
5,0.0785,-887.4279,-9.9711,-351.0763,-0.03944677528089888,-2.645031
5,0.07875,-883.9853,-9.932419101123596,-351.8422,-0.039532831460674156,-2.645783
5,0.079,-880.3918,-9.892042696629215,-350.7535,-0.03941050561797752,-2.646354
5,0.07925,-876.856,-9.852314606741572,-351.343,-0.03947674157303371,-2.646783
5,0.0795,-872.2611,-9.800686516853933,-351.9073,-0.03954014606741573,-2.64711
5,0.07975,-868.3626,-9.756883146067418,-352.3705,-0.039592191011235955,-2.647374
5,0.08,-864.3857,-9.712198876404495,-351.8356,-0.039532089887640454,-2.647602
5,0.08025,-859.8156,-9.660849438202247,-351.5571,-0.039500797752808986,-2.647793
5,0.0805,-855.1985,-9.60897191011236,-352.0795,-0.03955949438202247,-2.647904
5,0.08075,-850.3179,-9.55413370786517,-351.8854,-0.03953768539325843,-2.647847
5,0.081,-845.2819,-9.497549438202247,-351.9489,-0.0395448202247191,-2.647497
5,0.08125,-839.9617,-9.43777191011236,-352.3281,-0.03958742696629213,-2.646721
5,0.0815,-834.7419,-9.379122471910112,-352.2293,-0.03957632584269663,-2.645402
5,0.08175,-828.6387,-9.310547191011235,-352.3603,-0.03959104494382022,-2.643271
5,0.082,-822.7872,-9.244800000000001,-351.4716,-0.03949119101123596,-2.639955
5,0.08225,-816.3522,-9.172496629213484,-350.6296,-0.03939658426966292,-2.63499
5,0.0825,-810.1472,-9.102777528089888,-350.2441,-0.03935326966292135,-2.627699
5,0.08275,-804.2507,-9.036524719101124,-348.1095,-0.03911342696629214,-2.617809
5,0.083,-796.4659,-8.949055056179775,-346.0317,-0.03887996629213483,-2.605642
5,0.08325,-788.8134,-8.86307191011236,-343.5712,-0.03860350561797753,-2.592125
5,0.0835,-781.6172,-8.782215730337079,-342.104,-0.03843865168539325,-2.578158
5,0.08375,-773.9808,-8.696413483146069,-339.9866,-0.038200741573033714,-2.56418
5,0.084,-766.5045,-8.612410112359552,-337.2171,-0.03788956179775281,-2.550384
5,0.08425,-758.5931,-8.52351797752809,-335.5064,-0.037697348314606735,-2.536571
5,0.0845,-750.1251,-8.428371910112359,-332.898,-0.037404269662921354,-2.522419
5,0.08475,-742.2918,-8.340357303370787,-331.0234,-0.0371936404494382,-2.507627
5,0.085,-733.7007,-8.24382808988764,-328.2389,-0.03688077528089888,-2.492094
5,0.08525,-725.179,-8.148078651685394,-325.5595,-0.0365797191011236,-2.47583
5,0.0855,-716.6487,-8.052232584269662,-322.5217,-0.03623839325842697,-2.458871
5,0.08575,-707.6175,-7.950758426966292,-319.3646,-0.035883662921348314,-2.441298
5,0.086,-698.5392,-7.848755056179776,-316.1652,-0.035524179775280905,-2.423237
5,0.08625,-688.9609,-7.74113370786517,-313.156,-0.03518606741573034,-2.404772
5,0.0865,-679.6147,-7.636120224719101,-310.4641,-0.03488360674157303,-2.385921
5,0.08675,-669.8546,-7.526456179775281,-307.902,-0.03459573033707865,-2.366677
5,0.087,-660.7459,-7.424111235955056,-303.0237,-0.03404760674157304,-2.346894
5,0.08725,-650.4302,-7.308204494382023,-299.6047,-0.03366344943820224,-2.326444
5,0.0875,-640.1186,-7.192343820224719,-295.7048,-0.03322525842696629,-2.305344
5,0.08775,-630.2633,-7.0816101123595505,-292.4631,-0.03286102247191011,-2.283761
5,0.088,-619.9087,-6.965266292134831,-288.5707,-0.03242367415730337,-2.26187
5,0.08825,-609.1949,-6.844886516853932,-284.7885,-0.03199870786516854,-2.239667
5,0.0885,-598.7257,-6.727255056179775,-281.4597,-0.031624685393258425,-2.216785
5,0.08875,-588.1046,-6.6079168539325845,-277.4241,-0.031171247191011234,-2.19307
5,0.089,-577.1001,-6.484270786516854,-272.8298,-0.030655033707865167,-2.16878
5,0.08925,-565.3364,-6.352094382022473,-268.0487,-0.030117831460674156,-2.14408
5,0.0895,-554.5659,-6.231077528089889,-263.379,-0.029593146067415733,-2.119015
5,0.08975,-543.141,-6.102707865168539,-259.527,-0.02916033707865168,-2.09356
5,0.09,-531.3439,-5.970156179775281,-255.0977,-0.028662662921348312,-2.06764
5,0.09025,-519.9367,-5.841985393258428,-250.0433,-0.028094752808988762,-2.041187
5,0.0905,-507.6487,-5.70391797752809,-245.1971,-0.02755023595505618,-2.014274
5,0.09075,-495.4403,-5.566744943820225,-239.8549,-0.02694998876404494,-1.986949
5,0.091,-483.0344,-5.427352808988764,-235.1577,-0.026422213483146065,-1.959179
5,0.09125,-470.7322,-5.289125842696629,-230.1892,-0.025863955056179777,-1.930769
5,0.0915,-458.5942,-5.152743820224719,-225.0387,-0.025285247191011235,-1.901753
5,0.09175,-446.2728,-5.014301123595507,-219.0623,-0.02461374157303371,-1.872355
5,0.092,-433.1618,-4.866986516853933,-214.3365,-0.024082752808988764,-1.842635
5,0.09225,-420.684,-4.726786516853933,-208.477,-0.02342438202247191,-1.812496
5,0.0925,-407.5172,-4.578844943820225,-202.799,-0.022786404494382025,-1.781805
5,0.09275,-395.1989,-4.440437078651685,-196.9273,-0.022126662921348315,-1.750379
5,0.093,-382.2768,-4.295244943820225,-190.3449,-0.021387067415730338,-1.718312
5,0.09325,-369.0372,-4.146485393258428,-184.6042,-0.020742044943820225,-1.686002
5,0.0935,-356.1232,-4.001384269662922,-178.4877,-0.020054797752808988,-1.653396
5,0.09375,-343.2169,-3.856369662921349,-172.2987,-0.01935940449438202,-1.620281
5,0.094,-329.9894,-3.7077460674157305,-165.5552,-0.018601707865168543,-1.586691
5,0.09425,-316.6641,-3.558023595505618,-159.5231,-0.01792394382022472,-1.552592
5,0.0945,-303.0259,-3.4047853932584267,-153.6902,-0.01726856179775281,-1.518064
5,0.09475,-289.1151,-3.2484842696629213,-147.9738,-0.01662626966292135,-1.483195
5,0.095,-275.9069,-3.100077528089888,-140.7059,-0.01580965168539326,-1.447932
5,0.09525,-261.864,-2.9422921348314603,-134.4687,-0.015108842696629213,-1.412318
5,0.0955,-248.7084,-2.7944764044943824,-128.2177,-0.014406483146067416,-1.376226
5,0.09575,-234.5844,-2.635779775280899,-121.1126,-0.013608157303370786,-1.339496
5,0.096,-220.7785,-2.480657303370787,-114.4271,-0.012856977528089886,-1.302323
5,0.09625,-207.0699,-2.3266280898876404,-107.7495,-0.012106685393258427,-1.265027
5,0.0965,-192.8335,-2.1666685393258427,-101.8232,-0.011440808988764045,-1.227511
5,0.09675,-178.6801,-2.007641573033708,-95.00676,-0.010674916853932584,-1.189356
5,0.097,-164.856,-1.852314606741573,-87.3769,-0.009817629213483146,-1.150487
5,0.09725,-150.6606,-1.6928157303370786,-81.11731,-0.009114304494382022,-1.111163
5,0.0975,-136.3442,-1.5319573033707865,-74.18828,-0.00833576179775281,-1.071496
5,0.09775,-122.1037,-1.3719516853932585,-67.0659,-0.007535494382022472,-1.031432
5,0.098,-107.8409,-1.2116955056179777,-59.70861,-0.0067088325842696635,-0.9911125
5,0.09825,-93.37407,-1.0491468539325846,-51.62421,-0.005800473033707865,-0.9506941
5,0.0985,-79.17919,-0.8896538202247192,-45.12187,-0.005069873033707865,-0.9099774
5,0.09875,-64.66522,-0.7265755056179776,-37.90732,-0.004259249438202247,-0.868796
5,0.099,-50.26015,-0.564720786516854,-29.42447,-0.0033061202247191006,-0.8273504
5,0.09925,-35.94624,-0.40389033707865174,-22.25072,-0.0025000808988764047,-0.7857629
5,0.0995,-21.59283,-0.24261606741573033,-14.82322,-0.0016655303370786516,-0.7438187
5,0.09975,-7.28348,-0.08183685393258427,-7.711041,-0.0008664091011235955,-0.7014273
5,0.1,4.244226,0.04768793258426967,-0.5066964,-5.693217977528091e-05,-0.6630671
6,0.0,7.695518,0.08646649438202247,0.0,0.0,-0.8071202
6,0.00025,23.33281,0.262166404494382,9.390748,0.0010551402247191012,-0.7550139
6,0.0005,38.58524,0.4335420224719101,17.91674,0.0020131168539325845,-0.7026074
6,0.00075,53.50593,0.6011902247191011,26.72588,0.0030029078651685396,-0.6497352
6,0.001,68.62718,0.7710919101123596,37.01551,0.0041590460674157306,-0.5965
6,0.00125,87.44935,0.9825769662921348,46.53058,0.005228155056179775,-0.5430023
6,0.0015,105.0215,1.1800168539325844,55.94093,0.006285497752808989,-0.4892925
6,0.00175,120.8762,1.3581595505617976,65.14187,0.007319311235955055,-0.4353344
6,0.002,136.1519,1.5297966292134832,75.13422,0.008442047191011236,-0.3810274
6,0.00225,151.2595,1.699544943820225,84.59909,0.009505515730337078,-0.3263792
6,0.0025,167.0204,1.8766337078651687,94.41025,0.010607893258426966,-0.2713899
6,0.00275,183.2073,2.058508988764045,103.2637,0.011602662921348315,-0.2161591
6,0.003,199.2848,2.2391550561797753,113.209,0.012720112359550562,-0.1608517
6,0.00325,214.7799,2.413257303370787,122.5986,0.013775123595505619,-0.1054221
6,0.0035,230.2896,2.587523595505618,132.1678,0.014850314606741574,-0.04979669
6,0.00375,245.8338,2.7621775280898877,141.515,0.01590056179775281,0.005787901
6,0.004,261.6899,2.94033595505618,150.4402,0.016903393258426967,0.06127491
6,0.00425,277.2503,3.1151719101123594,160.5777,0.01804243820224719,0.1170238
6,0.0045,292.9302,3.291350561797753,169.3162,0.01902429213483146,0.1731272
6,0.00475,308.1507,3.4623674157303372,178.5599,0.02006291011235955,0.2294542
6,0.005,323.1337,3.6307157303370787,187.951,0.021118089887640447,0.2857417
6,0.00525,339.5875,3.8155898876404493,197.0633,0.02214194382022472,0.3418581
6,0.0055,354.3249,3.9811786516853935,205.2168,0.023058067415730337,0.3979253
6,0.00575,369.2846,4.149265168539326,214.4338,0.024093685393258426,0.4540195
6,0.006,384.4078,4.319188764044944,223.6124,0.025124988764044946,0.5100114
6,0.00625,399.5888,4.489761797752809,232.9702,0.026176426966292132,0.5658651
6,0.0065,414.5749,4.658144943820226,241.7679,0.027164932584269663,0.6217944
6,0.00675,429.7554,4.828712359550562,251.0712,0.02821024719101124,0.6776594
6,0.007,444.1746,4.990725842696629,260.7396,0.029296584269662924,0.7331126
6,0.00725,458.8659,5.155796629213484,269.706,0.03030404494382023,0.7882372
6,0.0075,472.9255,5.313769662921349,279.2223,0.03137329213483146,0.8432062
6,0.00775,486.8955,5.47073595505618,288.8836,0.03245883146067416,0.8979583
6,0.008,501.3963,5.633666292134832,298.8548,0.03357919101123596,0.9524714
6,0.00825,515.1896,5.788647191011237,308.386,0.03465011235955057,1.006783
6,0.0085,529.1322,5.945305617977528,317.3751,0.03566012359550562,1.060762
6,0.00875,543.0019,6.101144943820224,326.4686,0.03668186516853932,1.114303
6,0.009,556.4766,6.2525460674157305,336.6453,0.03782531460674157,1.167427
6,0.00925,570.2035,6.406780898876405,346.0941,0.03888697752808989,1.220196
6,0.0095,583.474,6.5558876404494395,354.6636,0.03984984269662921,1.27269
6,0.00975,596.5885,6.703241573033708,364.7877,0.04098738202247191,1.324822
6,0.01,609.7922,6.851597752808988,374.4173,0.0420693595505618,1.376425
6,0.01025,622.615,6.995674157303371,383.61,0.04310224719101124,1.427537
6,0.0105,635.3077,7.138288764044943,392.5638,0.04410829213483146,1.478201
6,0.01075,648.3989,7.285380898876405,403.0143,0.045282505617977524,1.52843
6,0.011,659.8496,7.414040449438203,412.1011,0.04630349438202247,1.578063
6,0.01125,672.2693,7.5535876404494395,419.8984,0.047179595505617976,1.626967
6,0.0115,684.6555,7.692758426966292,429.1538,0.048219528089887644,1.67534
6,0.01175,696.7631,7.828798876404495,437.6363,0.04917261797752809,1.723216
6,0.012,708.0781,7.955933707865169,446.2623,0.050141831460674156,1.770358
6,0.01225,720.2247,8.092412359550561,454.2271,0.05103675280898876,1.816769
6,0.0125,731.8294,8.222802247191012,462.2974,0.051943528089887635,1.862628
6,0.01275,742.9762,8.348047191011236,470.3676,0.05285029213483146,1.907858
6,0.013,754.0815,8.47282584269663,477.9096,0.053697707865168545,1.95229
6,0.01325,765.9668,8.606368539325844,485.8317,0.054587831460674155,1.995937
6,0.0135,776.3286,8.722793258426968,493.2615,0.0554226404494382,2.038941
6,0.01375,787.3701,8.846855056179775,500.4114,0.056226,2.081343
6,0.014,797.2593,8.957969662921348,507.2102,0.05698991011235955,2.122948
6,0.01425,807.8773,9.077273033707865,514.0682,0.05776047191011236,2.163653
6,0.0145,817.5361,9.185798876404494,520.4855,0.05848151685393259,2.203625
6,0.01475,827.2673,9.295138202247191,526.8215,0.05919342696629214,2.242827
6,0.015,836.8369,9.40266179775281,534.7381,0.060082932584269666,2.2812
6,0.01525,846.0636,9.506332584269662,541.9863,0.06089733707865169,2.318851
6,0.0155,854.7914,9.604397752808989,547.4169,0.06150751685393259,2.355826
6,0.01575,863.3152,9.700170786516853,553.9847,0.06224547191011235,2.39206
6,0.016,872.1797,9.79977191011236,560.6016,0.06298894382022471,2.427388
6,0.01625,880.4183,9.892340449438203,566.9819,0.06370583146067416,2.461778
6,0.0165,888.5657,9.983884269662921,571.9587,0.06426502247191011,2.495278
6,0.01675,897.1092,10.079878651685394,578.7979,0.06503347191011236,2.527942
6,0.017,904.821,10.16652808988764,584.299,0.06565157303370786,2.559744
6,0.01725,912.2785,10.250320224719102,589.8237,0.06627232584269663,2.590743
6,0.0175,919.5153,10.331632584269665,595.0169,0.06685583146067416,2.621109
6,0.01775,926.6664,10.411982022471909,601.1498,0.06754492134831462,2.650757
6,0.018,933.9148,10.493424719101125,606.365,0.0681308988764045,2.679395
6,0.01825,940.4976,10.567388764044944,611.6908,0.06872930337078652,2.706937
6,0.0185,947.121,10.641808988764046,615.646,0.06917370786516853,2.73363
6,0.01875,953.1209,10.709223595505618,620.3949,0.06970729213483147,2.759557
6,0.019,959.4297,10.780108988764047,625.4752,0.07027811235955056,2.784579
6,0.01925,965.0482,10.843238202247191,629.4668,0.07072660674157304,2.808721
6,0.0195,970.7806,10.907647191011238,634.1169,0.07124908988764045,2.832121
6,0.01975,976.191,10.968438202247192,637.6128,0.07164188764044943,2.854737
6,0.02,980.8876,11.021208988764045,642.1679,0.07215369662921349,2.876388
6,0.02025,985.5053,11.073093258426967,646.8807,0.07268322471910113,2.897037
6,0.0205,990.3595,11.127634831460675,649.3664,0.07296251685393258,2.916849
6,0.02075,994.5233,11.174419101123597,652.1328,0.07327334831460673,2.935967
6,0.021,998.785,11.222303370786518,656.3735,0.07374983146067417,2.954322
6,0.02125,1002.834,11.267797752808988,658.492,0.07398786516853932,2.971781
6,0.0215,1006.414,11.308022471910114,661.8173,0.07436149438202247,2.988372
6,0.02175,1010.162,11.350134831460675,663.6127,0.07456322471910112,3.004165
6,0.022,1012.64,11.377977528089888,665.8148,0.07481065168539326,3.019117
6,0.02225,1015.596,11.411191011235957,669.0315,0.0751720786516854,3.033202
6,0.0225,1017.494,11.432516853932587,670.9688,0.07538975280898876,3.046499
6,0.02275,1019.903,11.459584269662923,672.2987,0.0755391797752809,3.059072
6,0.023,1022.255,11.486011235955056,674.0608,0.07573716853932584,3.070917
6,0.02325,1023.965,11.505224719101125,676.1574,0.07597274157303371,3.08205
6,0.0235,1025.537,11.522887640449438,678.1234,0.07619364044943819,3.092508
6,0.02375,1026.209,11.530438202247193,679.2293,0.07631789887640449,3.102235
6,0.024,1027.27,11.542359550561798,680.6467,0.07647715730337079,3.111199
6,0.02425,1027.87,11.549101123595504,681.2032,0.07653968539325842,3.119442
6,0.0245,1028.457,11.555696629213486,682.0718,0.0766372808988764,3.127031
6,0.02475,1029.228,11.5643595505618,682.9291,0.07673360674157303,3.134008
6,0.025,1028.786,11.559393258426967,683.8731,0.07683967415730338,3.140377
6,0.02525,1029.171,11.563719101123597,684.8261,0.07694675280898876,3.146155
6,0.0255,1029.077,11.562662921348316,685.0465,0.07697151685393258,3.151376
6,0.02575,1028.244,11.553303370786516,685.9748,0.0770758202247191,3.156083
6,0.026,1027.307,11.542775280898876,686.1815,0.07709904494382024,3.160282
6,0.02625,1026.188,11.530202247191013,685.8046,0.0770566966292135,3.163974
6,0.0265,1024.668,11.513123595505618,686.6294,0.07714937078651686,3.167168
6,0.02675,1023.177,11.496370786516854,685.536,0.07702651685393258,3.169858
6,0.027,1020.858,11.470314606741573,685.9921,0.07707776404494382,3.172131
6,0.02725,1018.679,11.445831460674157,686.4329,0.07712729213483147,3.17408
6,0.0275,1016.213,11.418123595505618,686.3831,0.07712169662921349,3.175739
6,0.02775,1013.28,11.385168539325843,686.0956,0.07708939325842697,3.177122
6,0.028,1010.522,11.3541797752809,685.9266,0.07707040449438203,3.178216
6,0.02825,1006.89,11.313370786516854,685.0548,0.07697244943820225,3.179038
6,0.0285,1003.813,11.27879775280899,685.3877,0.07700985393258426,3.179649
6,0.02875,1000.256,11.238831460674158,685.1803,0.07698655056179775,3.18008
6,0.029,996.0676,11.191770786516853,685.2752,0.07699721348314607,3.180347
6,0.02925,991.3892,11.139204494382023,684.994,0.07696561797752809,3.180495
6,0.0295,987.1175,11.091207865168538,683.5955,0.07680848314606742,3.180564
6,0.02975,982.8999,11.043819101123596,683.7586,0.07682680898876404,3.180569
6,0.03,977.563,10.983853932584271,684.3073,0.0768884606741573,3.180489
6,0.03025,972.0879,10.92233595505618,683.3684,0.07678296629213482,3.180262
6,0.0305,966.9186,10.864253932584269,683.4452,0.07679159550561797,3.179804
6,0.03075,961.2181,10.800203370786518,683.2237,0.07676670786516854,3.178997
6,0.031,955.4451,10.735338202247192,683.0695,0.0767493820224719,3.177645
6,0.03125,949.0218,10.663166292134832,682.104,0.0766408988764045,3.175557
6,0.0315,942.7094,10.592240449438203,681.6208,0.07658660674157304,3.172528
6,0.03175,936.2482,10.519642696629214,680.3055,0.07643882022471911,3.16824
6,0.032,929.3417,10.442041573033707,679.6035,0.07635994382022473,3.162279
6,0.03225,922.6965,10.367376404494381,678.3159,0.07621526966292134,3.154411
6,0.0325,915.1139,10.282178651685394,676.3809,0.07599785393258426,3.144648
6,0.03275,907.8321,10.200360674157304,673.8141,0.07570944943820225,3.133136
6,0.033,900.3,10.115730337078652,672.1069,0.07551762921348315,3.12044
6,0.03325,892.5953,10.029160674157303,668.1706,0.07507534831460674,3.107458
6,0.0335,884.1521,9.934293258426967,665.4709,0.07477201123595506,3.094753
6,0.03375,876.2534,9.845543820224721,662.9605,0.07448994382022472,3.082258
6,0.034,867.554,9.747797752808989,661.422,0.0743170786516854,3.069562
6,0.03425,859.0049,9.651740449438202,659.0164,0.07404678651685394,3.056409
6,0.0345,850.0872,9.551541573033708,655.5938,0.07366222471910112,3.042652
6,0.03475,841.1836,9.451501123595506,652.7682,0.0733447415730337,3.028135
6,0.035,831.0285,9.337398876404496,650.4912,0.0730888988764045,3.012869
6,0.03525,821.1995,9.226960674157302,646.8827,0.07268344943820225,2.996957
6,0.0355,811.5443,9.118475280898878,643.3468,0.07228615730337079,2.980616
6,0.03575,801.4925,9.005533707865169,640.2255,0.07193544943820225,2.963998
6,0.036,791.2087,8.889985393258428,637.1131,0.07158574157303371,2.946916
6,0.03625,780.4306,8.768883146067417,633.4,0.07116853932584269,2.929195
6,0.0365,770.08,8.652584269662922,630.2225,0.07081151685393258,2.910913
6,0.03675,758.7954,8.525791011235954,625.6034,0.07029251685393258,2.892177
6,0.037,747.5959,8.399953932584271,622.4181,0.06993461797752809,2.87309
6,0.03725,736.4142,8.274316853932586,617.9959,0.06943774157303371,2.853634
6,0.0375,725.4476,8.151096629213484,614.351,0.06902820224719101,2.833537
6,0.03775,714.1787,8.0244797752809,609.2581,0.06845596629213482,2.812798
6,0.038,702.4079,7.892223595505619,604.9865,0.06797601123595505,2.791624
6,0.03825,690.1494,7.7544876404494385,600.7067,0.06749513483146066,2.769942
6,0.0385,677.8882,7.616721348314607,596.2535,0.06699477528089888,2.747752
6,0.03875,665.8758,7.481750561797753,591.8967,0.06650524719101124,2.725098
6,0.039,653.517,7.342887640449439,587.5208,0.06601357303370786,2.701824
6,0.03925,641.2832,7.2054292134831455,582.6342,0.06546451685393258,2.677931
6,0.0395,628.2882,7.05941797752809,577.39,0.06487528089887641,2.653591
6,0.03975,615.275,6.913202247191012,572.2293,0.06429542696629213,2.628852
6,0.04,602.5099,6.769774157303371,567.4463,0.06375801123595505,2.603492
6,0.04025,589.4789,6.623358426966291,562.7213,0.06322711235955057,2.577431
6,0.0405,576.1861,6.474001123595507,556.7272,0.06255361797752809,2.550893
6,0.04075,563.0574,6.326487640449439,551.5991,0.06197742696629213,2.523935
6,0.041,549.6618,6.175975280898876,546.2607,0.06137760674157303,2.496464
6,0.04125,535.0586,6.011894382022471,540.3412,0.06071249438202247,2.468337
6,0.0415,521.5987,5.860659550561798,534.6279,0.06007055056179775,2.439634
6,0.04175,507.7989,5.705605617977529,528.5326,0.059385685393258426,2.410551
6,0.042,493.7833,5.548126966292135,522.9386,0.05875714606741573,2.380882
6,0.04225,479.012,5.382157303370787,516.6884,0.05805487640449438,2.350399
6,0.0425,464.9164,5.223779775280899,510.8296,0.057396584269662924,2.319578
6,0.04275,450.2981,5.059529213483146,504.7206,0.0567101797752809,2.288603
6,0.043,435.5425,4.89373595505618,498.3571,0.055995179775280894,2.25684
6,0.04325,420.8376,4.728512359550562,491.1689,0.05518751685393259,2.224257
6,0.0435,405.6829,4.558234831460674,485.1646,0.054512876404494384,2.191231
6,0.04375,391.0717,4.39406404494382,477.4308,0.05364391011235955,2.157818
6,0.044,375.7094,4.22145393258427,470.4814,0.052863078651685394,2.123861
6,0.04425,360.6332,4.052058426966292,463.8782,0.052121146067415726,2.089098
6,0.0445,345.3362,3.8801820224719106,456.2809,0.05126751685393258,2.053741
6,0.04475,330.1025,3.7090168539325847,448.5248,0.05039604494382023,2.018002
6,0.045,314.9073,3.5382842696629218,441.1302,0.04956519101123596,1.981767
6,0.04525,299.8671,3.3692932584269664,434.2941,0.04879708988764045,1.944919
6,0.0455,284.1426,3.1926134831460677,426.0113,0.047866438202247195,1.907556
6,0.04575,268.7205,3.0193314606741577,418.7156,0.04704669662921348,1.869805
6,0.046,253.6048,2.8494921348314612,410.2084,0.04609083146067415,1.831598
6,0.04625,237.7178,2.6709865168539326,402.5574,0.045231168539325836,1.792776
6,0.0465,222.008,2.4944719101123596,394.1232,0.04428350561797753,1.753207
6,0.04675,206.0789,2.3154932584269665,386.0215,0.04337320224719101,1.713137
6,0.047,190.4248,2.1396044943820227,376.9508,0.04235402247191011,1.672709
6,0.04725,174.17,1.9569662921348314,369.5045,0.0415173595505618,1.631923
6,0.0475,158.089,1.7762808988764045,360.1066,0.04046141573033708,1.590039
6,0.04775,142.4769,1.6008640449438203,350.9877,0.0394368202247191,1.547345
6,0.048,126.3918,1.420132584269663,342.1715,0.038446235955056175,1.504359
6,0.04825,110.6258,1.2429865168539327,332.9647,0.03741176404494382,1.460872
6,0.0485,93.98965,1.0560634831460676,324.3543,0.036444303370786524,1.417387
6,0.04875,77.31702,0.8687305617977529,315.5597,0.035456146067415734,1.373719
6,0.049,61.22736,0.6879478651685393,307.2153,0.03451857303370787,1.329349
6,0.04925,47.83071,0.5374237078651686,298.1626,0.03350141573033708,1.2844
6,0.0495,30.39075,0.3414691011235955,289.6166,0.032541191011235954,1.2392
6,0.04975,13.1468,0.1477168539325843,280.1957,0.03148266292134831,1.193023
6,0.05,-3.111018,-0.0349552584269663,270.2406,0.030364112359550558,1.146236
6,0.05025,-19.31362,-0.21700696629213484,262.2538,0.029466719101123598,1.099866
6,0.0505,-34.56555,-0.38837696629213486,253.1815,0.0284473595505618,1.053107
6,0.05075,-50.31586,-0.5653467415730338,243.4661,0.02735574157303371,1.005257
6,0.051,-67.83484,-0.762189213483146,234.7291,0.026374056179775278,0.9569682
6,0.05125,-83.14247,-0.9341850561797754,225.7168,0.02536143820224719,0.9083881
6,0.0515,-98.60561,-1.107928202247191,215.9044,0.024258921348314606,0.858604
6,0.05175,-116.7308,-1.3115820224719104,207.1918,0.023279977528089888,0.8090033
6,0.052,-129.5597,-1.4557269662921348,198.4658,0.02229952808988764,0.7593074
6,0.05225,-148.6741,-1.6704955056179775,188.9374,0.021228921348314608,0.7083711
6,0.0525,-164.1271,-1.8441247191011239,179.4192,0.020159460674157303,0.6570403
6,0.05275,-179.4469,-2.0162573033707867,170.5837,0.01916670786516854,0.6057012
6,0.053,-194.4927,-2.1853112359550564,160.4616,0.01802939325842697,0.554503
6,0.05325,-209.7933,-2.3572280898876405,151.574,0.017030786516853934,0.5028138
6,0.0535,-224.9707,-2.5277606741573035,142.6076,0.01602332584269663,0.450846
6,0.05375,-242.2917,-2.722378651685393,132.2435,0.014858820224719103,0.399021
6,0.054,-258.004,-2.8989213483146075,123.5896,0.013886471910112361,0.3469191
6,0.05425,-273.7087,-3.075378651685394,113.1329,0.012711561797752811,0.2938764
6,0.0545,-288.2799,-3.2391,103.6296,0.011643775280898876,0.2406199
6,0.05475,-302.2935,-3.3965561797752812,93.54,0.010510112359550563,0.1872534
6,0.055,-319.4245,-3.589039325842697,83.75237,0.009410378651685394,0.1329652
6,0.05525,-335.1667,-3.76591797752809,73.4553,0.008253404494382022,0.07840121
6,0.0555,-348.9513,-3.920801123595506,63.59197,0.007145165168539326,0.02383813
6,0.05575,-363.6492,-4.085946067415731,52.98664,0.005953555056179775,-0.0310111
6,0.056,-379.9556,-4.26916404494382,43.02566,0.004834343820224719,-0.08645218
6,0.05625,-395.6056,-4.445006741573033,32.24033,0.003622508988764045,-0.142351
6,0.0565,-410.4088,-4.611334831460675,22.628,0.0025424719101123597,-0.1973125
6,0.05675,-425.1841,-4.777349438202247,12.02424,0.0013510382022471912,-0.2515645
6,0.057,-439.1896,-4.934714606741573,2.466027,0.00027708168539325846,-0.3065072
6,0.05725,-453.703,-5.097786516853933,-7.687118,-0.0008637211235955055,-0.362104
6,0.0575,-468.1664,-5.260296629213483,-17.61476,-0.0019791865168539324,-0.4177677
6,0.05775,-482.7421,-5.424068539325843,-26.91256,-0.0030238831460674158,-0.4734802
6,0.058,-496.6954,-5.5808471910112365,-36.46724,-0.004097442696629213,-0.5293778
6,0.05825,-510.3676,-5.734467415730337,-45.81838,-0.005148132584269663,-0.5857647
6,0.0585,-524.4024,-5.8921617977528085,-55.73622,-0.006262496629213484,-0.6425092
6,0.05875,-538.4443,-6.04993595505618,-64.77871,-0.007278506741573034,-0.6992728
6,0.059,-551.8683,-6.200767415730337,-74.71811,-0.008395293258426965,-0.7559702
6,0.05925,-565.6879,-6.35604382022472,-83.66099,-0.009400111235955057,-0.8119924
6,0.0595,-578.5912,-6.501024719101123,-92.41523,-0.010383733707865168,-0.8674884
6,0.05975,-591.8831,-6.6503719101123595,-101.2287,-0.011374011235955057,-0.9235789
6,0.06,-605.1045,-6.798926966292135,-109.9249,-0.01235111235955056,-0.9792821
6,0.06025,-618.4191,-6.9485292134831464,-117.8054,-0.01323656179775281,-1.033551
6,0.0605,-631.0241,-7.090158426966292,-127.1334,-0.014284651685393258,-1.088505
6,0.06075,-642.8597,-7.223142696629214,-135.9209,-0.015272011235955056,-1.143137
6,0.061,-655.8993,-7.369655056179775,-143.6892,-0.016144853932584267,-1.195434
6,0.06125,-668.1574,-7.507386516853933,-150.9693,-0.016962842696629215,-1.247023
6,0.0615,-680.0974,-7.64154382022472,-158.8376,-0.017846921348314608,-1.299479
6,0.06175,-692.5945,-7.781960674157304,-167.1859,-0.01878493258426966,-1.352871
6,0.062,-703.5458,-7.905008988764045,-174.5177,-0.01960873033707865,-1.406646
6,0.06225,-715.7897,-8.042580898876405,-182.0664,-0.020456898876404492,-1.459204
6,0.0625,-727.4385,-8.173466292134831,-190.4735,-0.021401516853932587,-1.510806
6,0.06275,-738.6587,-8.299535955056179,-199.1788,-0.0223796404494382,-1.563425
6,0.063,-749.3593,-8.419767415730337,-206.0654,-0.02315341573033708,-1.616382
6,0.06325,-761.0071,-8.550641573033708,-214.2259,-0.024070325842696628,-1.667984
6,0.0635,-771.9001,-8.673034831460674,-222.2554,-0.024972516853932585,-1.718257
6,0.06375,-782.5506,-8.792703370786517,-229.5696,-0.025794337078651683,-1.768081
6,0.064,-792.533,-8.904865168539327,-236.6817,-0.026593449438202247,-1.817595
6,0.06425,-802.3458,-9.015121348314608,-243.5774,-0.027368247191011236,-1.866593
6,0.0645,-813.0175,-9.13502808988764,-251.3469,-0.028241224719101128,-1.914449
6,0.06475,-822.6752,-9.243541573033708,-258.1324,-0.029003640449438203,-1.960476
6,0.065,-832.3629,-9.352392134831462,-265.3093,-0.02981003370786517,-2.006132
6,0.06525,-841.3151,-9.452978651685395,-272.365,-0.03060280898876405,-2.052542
6,0.0655,-850.827,-9.55985393258427,-278.5701,-0.031300011235955064,-2.098383
6,0.06575,-859.1754,-9.65365617977528,-285.2199,-0.0320471797752809,-2.142674
6,0.066,-867.4373,-9.746486516853935,-290.7077,-0.03266378651685393,-2.185922
6,0.06625,-876.1464,-9.844341573033708,-297.6802,-0.03344721348314607,-2.229474
6,0.0665,-884.1509,-9.9342797752809,-303.9324,-0.034149707865168535,-2.272489
6,0.06675,-892.2411,-10.025180898876403,-309.9562,-0.034826539325842704,-2.313275
6,0.067,-900.0562,-10.112991011235955,-315.1311,-0.03540798876404495,-2.352893
6,0.06725,-907.6404,-10.198206741573035,-319.5184,-0.03590094382022472,-2.392142
6,0.0675,-915.1223,-10.282273033707867,-325.1473,-0.03653340449438202,-2.430272
6,0.06775,-921.97,-10.359213483146068,-331.0226,-0.03719355056179775,-2.466963
6,0.068,-929.6646,-10.445669662921347,-334.4518,-0.03757885393258427,-2.503411
6,0.06825,-935.7997,-10.514603370786517,-339.6921,-0.03816765168539325,-2.541037
6,0.0685,-942.7006,-10.59214157303371,-345.4046,-0.038809505617977524,-2.577963
6,0.06875,-948.2609,-10.654616853932584,-349.157,-0.03923112359550562,-2.612548
6,0.069,-954.6381,-10.726270786516855,-354.4079,-0.03982111235955056,-2.645629
6,0.06925,-960.4004,-10.79101573033708,-357.2504,-0.040140494382022475,-2.677375
6,0.0695,-965.83,-10.852022471910113,-362.0377,-0.04067839325842697,-2.707168
6,0.06975,-971.0377,-10.910535955056181,-366.7286,-0.0412054606741573,-2.735395
6,0.07,-976.5428,-10.972391011235956,-369.7868,-0.041549078651685396,-2.764608
6,0.07025,-981.1316,-11.023950561797754,-373.2827,-0.04194187640449438,-2.794554
6,0.0705,-985.8748,-11.077244943820226,-377.3618,-0.04240020224719101,-2.822767
6,0.07075,-990.1486,-11.125265168539327,-380.9232,-0.0428003595505618,-2.848477
6,0.071,-994.4259,-11.173324719101123,-383.2578,-0.04306267415730337,-2.871646
6,0.07125,-998.258,-11.216382022471912,-384.9885,-0.043257134831460674,-2.893478
6,0.0715,-1002.047,-11.258955056179778,-388.3914,-0.043639483146067415,-2.916001
6,0.07175,-1005.463,-11.297337078651687,-392.4548,-0.044096044943820224,-2.940736
6,0.072,-1008.34,-11.329662921348316,-395.0656,-0.04438939325842697,-2.965023
6,0.07225,-1010.932,-11.358786516853934,-398.234,-0.04474539325842696,-2.985007
6,0.0725,-1013.591,-11.388662921348315,-400.1678,-0.04496267415730337,-3.001614
6,0.07275,-1015.699,-11.41234831460674,-402.3499,-0.045207853932584266,-3.016986
6,0.073,-1017.346,-11.43085393258427,-403.5484,-0.045342516853932584,-3.031948
6,0.07325,-1019.735,-11.457696629213483,-406.2321,-0.04564405617977528,-3.046641
6,0.0735,-1020.782,-11.469460674157304,-407.9538,-0.045837505617977524,-3.062085
6,0.07375,-1021.7,-11.479775280898878,-410.4539,-0.04611841573033708,-3.076379
6,0.074,-1023.097,-11.495471910112359,-411.1744,-0.04619937078651685,-3.089229
6,0.07425,-1023.255,-11.497247191011237,-412.6458,-0.046364696629213484,-3.102785
6,0.0745,-1024.243,-11.50834831460674,-415.355,-0.046669101123595506,-3.114987
6,0.07475,-1024.321,-11.509224719101123,-416.2668,-0.04677155056179775,-3.125112
6,0.075,-1024.336,-11.509393258426968,-416.9225,-0.046845224719101124,-3.134008
6,0.07525,-1024.317,-11.5091797752809,-417.5175,-0.046912078651685396,-3.142027
6,0.0755,-1024.223,-11.508123595505618,-418.7132,-0.04704642696629213,-3.149291
6,0.07575,-1023.206,-11.496696629213483,-419.7949,-0.04716796629213483,-3.155859
6,0.076,-1022.441,-11.488101123595506,-419.7219,-0.04715976404494382,-3.161793
6,0.07625,-1021.504,-11.477573033707866,-419.856,-0.04717483146067416,-3.167151
6,0.0765,-1020.14,-11.462247191011237,-421.9362,-0.0474085617977528,-3.171968
6,0.07675,-1017.875,-11.436797752808989,-422.6162,-0.047484966292134834,-3.176263
6,0.077,-1016.497,-11.421314606741573,-422.5099,-0.04747302247191012,-3.180066
6,0.07725,-1014.258,-11.396157303370789,-422.7601,-0.04750113483146068,-3.183407
6,0.0775,-1011.374,-11.363752808988766,-423.6547,-0.04760165168539326,-3.18631
6,0.07775,-1008.923,-11.336213483146068,-423.4755,-0.04758151685393259,-3.188799
6,0.078,-1005.809,-11.301224719101123,-423.3727,-0.047569966292134835,-3.190898
6,0.07825,-1002.601,-11.2651797752809,-423.5966,-0.04759512359550562,-3.192646
6,0.0785,-999.2158,-11.227143820224718,-423.5994,-0.047595438202247195,-3.194046
6,0.07875,-995.29,-11.183033707865167,-423.8924,-0.0476283595505618,-3.195138
6,0.079,-991.7081,-11.142787640449438,-424.9889,-0.04775156179775281,-3.195979
6,0.07925,-986.8524,-11.088229213483146,-424.1869,-0.04766144943820225,-3.196628
6,0.0795,-982.8481,-11.043237078651686,-424.7814,-0.047728247191011236,-3.197138
6,0.07975,-978.2238,-10.991278651685393,-424.6967,-0.04771873033707866,-3.197539
6,0.08,-973.3093,-10.936059550561799,-424.3916,-0.04768444943820224,-3.197863
6,0.08025,-967.8003,-10.874160674157304,-424.414,-0.04768696629213483,-3.198123
6,0.0805,-962.4168,-10.81367191011236,-424.3139,-0.047675719101123594,-3.198252
6,0.08075,-956.5785,-10.748073033707866,-424.6359,-0.04771189887640449,-3.198143
6,0.081,-951.0086,-10.685489887640449,-423.5414,-0.04758892134831461,-3.197685
6,0.08125,-944.9647,-10.617580898876406,-423.9167,-0.04763108988764045,-3.196727
6,0.0815,-938.1179,-10.540650561797753,-423.2939,-0.047561112359550566,-3.195004
6,0.08175,-931.7731,-10.469360674157304,-422.5844,-0.047481393258426964,-3.192148
6,0.082,-925.0505,-10.39382584269663,-421.6083,-0.047371719101123595,-3.187687
6,0.08225,-917.8837,-10.313300000000002,-420.0266,-0.04719399999999999,-3.181232
6,0.0825,-910.7189,-10.232796629213482,-418.7415,-0.04704960674157303,-3.17261
6,0.08275,-903.0,-10.146067415730338,-416.4213,-0.04678891011235955,-3.160013
6,0.083,-895.3094,-10.059656179775281,-413.0878,-0.0464143595505618,-3.144304
6,0.08325,-887.359,-9.97032584269663,-410.3912,-0.04611137078651686,-3.129227
6,0.0835,-880.0656,-9.888377528089888,-407.8051,-0.045820797752808985,-3.115344
6,0.08375,-871.0197,-9.78673820224719,-405.8846,-0.045605011235955055,-3.100974
6,0.084,-862.9898,-9.696514606741573,-401.7962,-0.0451456404494382,-3.083547
6,0.08425,-854.2711,-9.598551685393259,-398.8454,-0.04481408988764045,-3.065228
6,0.0845,-845.6911,-9.502147191011236,-396.2935,-0.04452735955056179,-3.048513
6,0.08475,-836.1696,-9.39516404494382,-393.3517,-0.0441968202247191,-3.031702
6,0.085,-826.6775,-9.288511235955056,-389.6107,-0.04377648314606742,-3.014173
6,0.08525,-816.7589,-9.177066292134832,-387.142,-0.04349910112359551,-2.995883
6,0.0855,-806.4407,-9.061131460674158,-383.4531,-0.04308461797752809,-2.976758
6,0.08575,-796.6103,-8.950677528089889,-380.5529,-0.04275875280898877,-2.956764
6,0.086,-786.1639,-8.833302247191012,-376.2378,-0.04227391011235955,-2.936079
6,0.08625,-775.8173,-8.717048314606743,-372.4152,-0.04184440449438203,-2.914644
6,0.0865,-765.0625,-8.596207865168541,-368.8095,-0.04143926966292135,-2.892421
6,0.08675,-754.1127,-8.473176404494383,-364.8744,-0.04099712359550561,-2.869685
6,0.087,-743.6355,-8.355455056179775,-360.7835,-0.04053747191011236,-2.846584
6,0.08725,-732.2962,-8.228047191011235,-356.1197,-0.040013449438202245,-2.823082
6,0.0875,-720.6317,-8.096985393258427,-352.0744,-0.03955892134831461,-2.798877
6,0.08775,-708.904,-7.965213483146068,-347.0263,-0.0389917191011236,-2.773757
6,0.088,-697.5591,-7.837742696629213,-343.0209,-0.03854167415730337,-2.748112
6,0.08825,-685.9676,-7.707501123595505,-338.8532,-0.03807339325842697,-2.722096
6,0.0885,-673.6761,-7.569394382022472,-334.7793,-0.037615651685393256,-2.695393
6,0.08875,-661.4682,-7.432226966292135,-328.6342,-0.03692519101123596,-2.667984
6,0.089,-648.6828,-7.288570786516855,-323.6896,-0.036369617977528086,-2.639991
6,0.08925,-636.1751,-7.148034831460675,-318.4724,-0.035783415730337075,-2.611526
6,0.0895,-623.7539,-7.008470786516855,-313.509,-0.03522573033707865,-2.582535
6,0.08975,-611.3692,-6.869316853932585,-308.0557,-0.034613,-2.552812
6,0.09,-597.6834,-6.7155438202247195,-302.4287,-0.03398075280898877,-2.522467
6,0.09025,-584.7537,-6.570266292134832,-296.9723,-0.03336767415730337,-2.491723
6,0.0905,-571.5718,-6.422155056179776,-291.4206,-0.032743887640449436,-2.460563
6,0.09075,-558.3398,-6.273480898876405,-285.8642,-0.03211957303370786,-2.42874
6,0.091,-544.5009,-6.117987640449439,-279.9027,-0.03144974157303371,-2.396245
6,0.09125,-531.1296,-5.967748314606742,-274.433,-0.030835168539325844,-2.363175
6,0.0915,-517.4503,-5.814048314606742,-267.8295,-0.03009320224719101,-2.329434
6,0.09175,-503.4798,-5.657076404494383,-262.7656,-0.029524224719101124,-2.295025
6,0.092,-489.1523,-5.496093258426967,-256.6747,-0.028839853932584265,-2.260118
6,0.09225,-474.8809,-5.335740449438203,-250.1951,-0.02811180898876404,-2.224939
6,0.0925,-460.0281,-5.168855056179775,-244.1394,-0.027431393258426966,-2.189364
6,0.09275,-445.6417,-5.007210112359552,-238.3717,-0.026783337078651687,-2.152883
6,0.093,-431.0857,-4.843659550561798,-231.7536,-0.026039730337078654,-2.115322
6,0.09325,-415.8819,-4.6728303370786515,-225.4481,-0.02533124719101124,-2.077153
6,0.0935,-401.1375,-4.507162921348315,-219.285,-0.02463876404494382,-2.038534
6,0.09375,-386.0112,-4.337204494382022,-212.298,-0.02385370786516854,-1.999334
6,0.094,-371.052,-4.169123595505618,-205.6227,-0.023103674157303373,-1.959631
6,0.09425,-355.9966,-3.999961797752809,-199.1544,-0.022376898876404497,-1.919333
6,0.0945,-340.8232,-3.8294741573033706,-192.6517,-0.021646258426966294,-1.878323
6,0.09475,-325.2836,-3.6548719101123592,-186.0533,-0.020904865168539326,-1.836773
6,0.095,-310.0975,-3.4842415730337084,-178.5701,-0.020064056179775278,-1.795054
6,0.09525,-295.5045,-3.3202752808988767,-172.1317,-0.0193406404494382,-1.753026
6,0.0955,-279.7111,-3.142821348314607,-164.7199,-0.01850785393258427,-1.710025
6,0.09575,-264.0849,-2.9672460674157306,-158.2234,-0.01777791011235955,-1.666
6,0.096,-247.9325,-2.7857584269662925,-150.6285,-0.01692455056179775,-1.621603
6,0.09625,-232.8684,-2.6164988764044947,-143.148,-0.016084044943820226,-1.577067
6,0.0965,-217.1855,-2.4402865168539325,-136.4574,-0.015332292134831463,-1.532047
6,0.09675,-201.6894,-2.266173033707865,-128.6958,-0.014460202247191009,-1.486425
6,0.097,-186.0166,-2.090074157303371,-121.1914,-0.013617011235955056,-1.440231
6,0.09725,-169.5552,-1.9051146067415732,-113.9451,-0.0128028202247191,-1.393442
6,0.0975,-153.2721,-1.7221584269662922,-106.1125,-0.011922752808988763,-1.34614
6,0.09775,-137.7456,-1.5477033707865169,-97.67084,-0.010974251685393259,-1.298326
6,0.098,-122.0156,-1.3709617977528092,-89.71704,-0.010080566292134831,-1.250025
6,0.09825,-105.0451,-1.1802820224719104,-82.39151,-0.009257473033707865,-1.201321
6,0.0985,-89.51665,-1.0058050561797753,-74.21691,-0.008338978651685394,-1.152141
6,0.09875,-73.36114,-0.8242824719101125,-66.33135,-0.007452960674157303,-1.102319
6,0.099,-57.43458,-0.6453323595505618,-57.69555,-0.00648264606741573,-1.052062
6,0.09925,-40.95998,-0.4602244943820225,-49.19465,-0.005527488764044944,-1.001532
6,0.0995,-24.99188,-0.28080764044943823,-41.08359,-0.004616133707865169,-0.9506276
6,0.09975,-8.969078,-0.10077615730337078,-31.54813,-0.003544733707865169,-0.8992773
6,0.1,4.000098,0.04494492134831461,-23.87277,-0.0026823337078651682,-0.8533121
7,0.0,7.974828,0.08960480898876405,0.0,0.0,-1.037528
7,0.00025,25.24177,0.283615393258427,10.98535,0.001234308988764045,-0.974352
7,0.0005,42.23045,0.47449943820224716,22.19307,0.0024936033707865166,-0.9107699
7,0.00075,57.07769,0.6413223595505618,32.31092,0.0036304404494382023,-0.8463885
7,0.001,74.73747,0.8397468539325844,43.72963,0.0049134415730337075,-0.7812205
7,0.00125,96.82194,1.0878869662921349,54.38241,0.006110383146067416,-0.7156709
7,0.0015,115.6983,1.2999808988764046,64.97009,0.00730001011235955,-0.6498256
7,0.00175,131.9348,1.4824134831460674,74.56046,0.0083775797752809,-0.5834273
7,0.002,149.0638,1.6748741573033707,85.99525,0.009662387640449438,-0.5165087
7,0.00225,166.7616,1.873725842696629,97.14806,0.010915512359550562,-0.4493395
7,0.0025,185.2262,2.081193258426967,106.4329,0.011958752808988764,-0.3819987
7,0.00275,203.1043,2.282070786516854,117.1488,0.013162786516853932,-0.3145385
7,0.003,220.7797,2.4806707865168542,128.4134,0.014428471910112359,-0.2469398
7,0.00325,238.4507,2.679221348314607,140.0682,0.015738,-0.1789622
7,0.0035,255.9377,2.8757044943820227,151.743,0.017049775280898877,-0.1107047
7,0.00375,273.9541,3.0781359550561795,163.7041,0.0183937191011236,-0.0421352
7,0.004,291.2446,3.2724112359550563,175.5942,0.019729685393258426,0.02666565
7,0.00425,308.5463,3.4668123595505618,188.295,0.021156741573033704,0.09558655
7,0.0045,325.9017,3.661816853932584,199.3811,0.022402370786516853,0.1647328
7,0.00475,342.9729,3.85362808988764,212.4133,0.023866662921348314,0.2340474
7,0.005,360.0067,4.0450191011235965,224.8544,0.0252645393258427,0.3033629
7,0.00525,376.931,4.235179775280899,237.1045,0.026640955056179777,0.37276
7,0.0055,393.473,4.421044943820225,249.3986,0.028022314606741573,0.4426247
7,0.00575,410.7691,4.6153831460674155,261.8024,0.029415999999999998,0.5127034
7,0.006,427.1191,4.799091011235955,274.6161,0.03085574157303371,0.5822973
7,0.00625,443.6352,4.984665168539326,286.8643,0.03223194382022472,0.6513507
7,0.0065,460.4233,5.173295505617977,299.0976,0.03360647191011236,0.7201464
7,0.00675,476.4851,5.353765168539326,311.1206,0.03495737078651685,0.7888149
7,0.007,492.8498,5.537638202247192,323.6614,0.03636644943820225,0.857503
7,0.00725,508.8265,5.717151685393259,335.2797,0.03767187640449438,0.9261136
7,0.0075,525.763,5.9074494382022475,346.4317,0.038924910112359545,0.9944411
7,0.00775,541.0362,6.079058426966292,357.1618,0.0401305393258427,1.06237
7,0.008,556.1423,6.2487898876404495,369.0232,0.0414632808988764,1.129869
7,0.00825,571.5745,6.4221853932584265,379.4615,0.042636123595505615,1.196825
7,0.0085,586.9688,6.595155056179776,389.6048,0.0437758202247191,1.263309
7,0.00875,602.3418,6.767885393258428,400.6035,0.045011629213483145,1.329281
7,0.009,617.5309,6.938549438202247,410.9932,0.04617901123595505,1.394546
7,0.00925,632.6577,7.1085134831460675,420.0749,0.04719942696629214,1.459425
7,0.0095,647.6873,7.277385393258428,430.0257,0.048317494382022465,1.523997
7,0.00975,662.8263,7.447486516853933,440.8247,0.04953086516853932,1.588003
7,0.01,677.3179,7.610313483146068,451.2089,0.050697629213483156,1.651588
7,0.01025,691.8223,7.7732842696629225,461.3475,0.051836797752808986,1.714512
7,0.0105,706.2279,7.935144943820225,472.1203,0.053047224719101116,1.776394
7,0.01075,720.7241,8.09802359550562,482.0503,0.054162955056179775,1.837496
7,0.011,734.6298,8.254267415730338,492.8199,0.055373022471910116,1.897891
7,0.01125,748.1343,8.406003370786518,502.3193,0.05644037078651685,1.957605
7,0.0115,761.9407,8.561131460674158,512.3791,0.05757068539325843,2.016769
7,0.01175,775.3288,8.711559550561798,521.9754,0.05864892134831461,2.075248
7,0.012,788.0867,8.854906741573034,532.7203,0.05985621348314606,2.132829
7,0.01225,800.6528,8.996098876404494,542.1593,0.06091677528089889,2.189528
7,0.0125,813.4989,9.140437078651686,551.4073,0.06195587640449438,2.245422
7,0.01275,825.4125,9.27429775280899,561.3122,0.06306878651685392,2.300355
7,0.013,837.8828,9.414413483146067,571.6218,0.06422716853932585,2.354295
7,0.01325,849.8562,9.54894606741573,580.671,0.06524393258426966,2.40755
7,0.0135,861.7005,9.682028089887641,590.0264,0.0662951011235955,2.460037
7,0.01375,873.8056,9.818040449438204,598.7309,0.06727313483146068,2.511438
7,0.014,885.0507,9.94438988764045,608.6173,0.06838396629213483,2.561836
7,0.01425,896.4624,10.072611235955057,618.134,0.06945325842696629,2.61139
7,0.0145,907.2081,10.193349438202247,625.6473,0.07029744943820224,2.659924
7,0.01475,918.2126,10.316995505617976,633.9004,0.07122476404494382,2.707597
7,0.015,929.1193,10.439542696629214,641.9365,0.07212769662921348,2.754308
7,0.01525,939.5621,10.556877528089888,650.2119,0.07305751685393258,2.799654
7,0.0155,949.7542,10.671395505617978,657.1347,0.0738353595505618,2.843856
7,0.01575,959.2463,10.778048314606743,664.0735,0.074615,2.887148
7,0.016,969.284,10.890831460674157,671.7908,0.07548211235955056,2.929718
7,0.01625,978.5395,10.99482584269663,678.5489,0.07624144943820226,2.971361
7,0.0165,987.8949,11.099942696629213,685.6395,0.07703814606741574,3.011807
7,0.01675,996.6425,11.198230337078652,691.9959,0.07775234831460674,3.051217
7,0.017,1005.213,11.29452808988764,698.3661,0.07846810112359551,3.08974
7,0.01725,1013.588,11.388629213483146,704.5253,0.07916014606741573,3.127226
7,0.0175,1021.867,11.48165168539326,710.3017,0.07980917977528089,3.163622
7,0.01775,1030.056,11.573662921348316,715.6436,0.08040939325842697,3.199015
7,0.018,1037.963,11.662505617977528,721.3894,0.08105498876404495,3.233304
7,0.01825,1045.822,11.750808988764044,726.2607,0.08160232584269664,3.266499
7,0.0185,1052.494,11.825775280898876,732.0897,0.08225726966292135,3.298702
7,0.01875,1059.274,11.901955056179775,736.0632,0.08270373033707866,3.329879
7,0.019,1066.623,11.984528089887641,741.5149,0.0833162808988764,3.359969
7,0.01925,1072.479,12.05032584269663,746.6144,0.08388925842696629,3.388969
7,0.0195,1078.164,12.114202247191011,751.3916,0.08442602247191011,3.416948
7,0.01975,1084.238,12.182449438202248,755.5558,0.08489391011235954,3.443997
7,0.02,1089.662,12.243393258426968,759.8274,0.08537386516853933,3.470002
7,0.02025,1094.878,12.302,764.4328,0.08589132584269664,3.49489
7,0.0205,1099.284,12.35150561797753,768.4604,0.08634386516853933,3.5188
7,0.02075,1104.599,12.411224719101122,771.8387,0.08672344943820225,3.541796
7,0.021,1108.972,12.460359550561797,776.3174,0.08722667415730337,3.563753
7,0.02125,1112.854,12.503977528089889,780.1054,0.08765229213483146,3.584623
7,0.0215,1116.99,12.550449438202248,783.8268,0.08807042696629214,3.60453
7,0.02175,1120.964,12.595101123595505,786.6929,0.0883924606741573,3.623517
7,0.022,1124.374,12.633415730337079,789.7358,0.0887343595505618,3.641579
7,0.02225,1127.522,12.668786516853931,793.2419,0.08912830337078652,3.658702
7,0.0225,1130.48,12.702022471910114,795.5793,0.08939093258426967,3.674826
7,0.02275,1132.596,12.725797752808989,799.0544,0.08978139325842698,3.689933
7,0.023,1135.393,12.757224719101124,800.6498,0.08996065168539326,3.704054
7,0.02325,1137.714,12.783303370786516,803.4401,0.09027416853932584,3.717219
7,0.0235,1139.271,12.800797752808988,805.5214,0.09050802247191012,3.729507
7,0.02375,1140.999,12.820213483146068,807.8628,0.0907711011235955,3.740989
7,0.024,1142.052,12.832044943820225,809.2695,0.09092915730337078,3.751634
7,0.02425,1143.014,12.84285393258427,811.6622,0.091198,3.761425
7,0.0245,1143.272,12.845752808988763,812.7587,0.09132120224719101,3.770433
7,0.02475,1143.521,12.848550561797753,814.0855,0.0914702808988764,3.778692
7,0.025,1143.926,12.853101123595504,815.415,0.09161966292134831,3.786213
7,0.02525,1143.403,12.847224719101124,816.6841,0.09176225842696628,3.793026
7,0.0255,1143.531,12.848662921348314,817.5343,0.09185778651685393,3.799174
7,0.02575,1142.414,12.836112359550562,818.9422,0.09201597752808989,3.804684
7,0.026,1141.328,12.82391011235955,819.6238,0.0920925617977528,3.809527
7,0.02625,1139.982,12.808786516853932,820.0348,0.0921387415730337,3.813626
7,0.0265,1138.543,12.792617977528089,820.2015,0.09215747191011235,3.817084
7,0.02675,1136.089,12.765044943820225,820.4349,0.09218369662921348,3.820061
7,0.027,1133.775,12.739044943820227,821.342,0.09228561797752809,3.822601
7,0.02725,1131.393,12.712280898876404,821.6812,0.09232373033707865,3.824722
7,0.0275,1128.831,12.68349438202247,821.6573,0.09232104494382022,3.826457
7,0.02775,1125.582,12.646988764044945,822.2377,0.0923862584269663,3.827853
7,0.028,1121.828,12.604808988764045,821.975,0.09235674157303371,3.828947
7,0.02825,1118.124,12.563191011235956,821.4396,0.09229658426966293,3.829767
7,0.0285,1114.73,12.525056179775282,821.1075,0.09225926966292135,3.830338
7,0.02875,1110.839,12.481337078651686,820.8451,0.09222978651685393,3.83071
7,0.029,1105.764,12.424314606741573,820.9792,0.09224485393258426,3.830927
7,0.02925,1101.344,12.374651685393259,820.4874,0.09218959550561796,3.830999
7,0.0295,1096.529,12.320550561797754,819.9356,0.09212759550561798,3.830922
7,0.02975,1091.375,12.262640449438202,819.9693,0.09213138202247191,3.830657
7,0.03,1086.257,12.205134831460676,820.0619,0.09214178651685394,3.830109
7,0.03025,1080.468,12.140089887640451,819.3579,0.09206268539325843,3.829153
7,0.0305,1074.578,12.07391011235955,818.2791,0.09194147191011236,3.827648
7,0.03075,1068.614,12.006898876404495,817.5445,0.09185893258426966,3.82552
7,0.031,1062.43,11.93741573033708,816.9045,0.0917870224719101,3.822568
7,0.03125,1055.65,11.86123595505618,815.1687,0.09159198876404494,3.818442
7,0.0315,1049.029,11.786842696629213,813.9435,0.09145432584269662,3.812895
7,0.03175,1040.94,11.695955056179777,811.0476,0.09112894382022473,3.805771
7,0.032,1033.693,11.61452808988764,809.2919,0.09093167415730337,3.79686
7,0.03225,1025.887,11.526820224719101,807.3055,0.09070848314606743,3.786226
7,0.0325,1017.853,11.436550561797752,803.4966,0.09028051685393257,3.774368
7,0.03275,1008.926,11.336247191011235,801.0718,0.09000806741573035,3.761818
7,0.033,1000.618,11.242898876404496,798.31,0.08969775280898876,3.748872
7,0.03325,991.3482,11.13874382022472,795.2165,0.08935016853932584,3.73551
7,0.0335,982.0986,11.03481573033708,791.9999,0.08898875280898877,3.72181
7,0.03375,972.8775,10.93120786516854,787.6349,0.08849830337078651,3.707839
7,0.034,962.8652,10.81871011235955,785.4807,0.08825625842696629,3.693309
7,0.03425,953.1913,10.710014606741574,781.8263,0.08784565168539325,3.678007
7,0.0345,943.6986,10.603355056179776,778.1308,0.08743042696629214,3.662003
7,0.03475,932.8876,10.481883146067418,774.2761,0.08699731460674158,3.645451
7,0.035,922.5552,10.365788764044945,771.0873,0.08663902247191012,3.628422
7,0.03525,912.0987,10.2483,767.778,0.08626719101123596,3.610876
7,0.0355,901.2097,10.125951685393257,762.715,0.08569831460674157,3.592696
7,0.03575,890.0705,10.00079213483146,758.7767,0.08525580898876405,3.573915
7,0.036,878.6274,9.87221797752809,755.2503,0.08485958426966292,3.554535
7,0.03625,866.8074,9.739408988764046,750.63,0.08434044943820225,3.534582
7,0.0365,855.1865,9.608837078651685,746.8862,0.08391979775280899,3.514199
7,0.03675,843.5251,9.477810112359549,742.266,0.08340067415730336,3.493363
7,0.037,830.5853,9.332419101123596,737.8853,0.08290846067415732,3.471889
7,0.03725,818.1555,9.192758426966293,733.1454,0.08237588764044944,3.449599
7,0.0375,805.3661,9.049057303370786,729.1424,0.08192611235955055,3.426672
7,0.03775,793.2783,8.913239325842696,724.5261,0.08140742696629213,3.403309
7,0.038,780.1642,8.765889887640451,720.0768,0.08090750561797753,3.379455
7,0.03825,767.39,8.622359550561798,714.7369,0.08030751685393259,3.354957
7,0.0385,753.8252,8.46994606741573,710.5233,0.07983407865168539,3.329837
7,0.03875,740.0821,8.315529213483146,705.8948,0.07931402247191012,3.304196
7,0.039,726.6186,8.16425393258427,700.5725,0.07871601123595505,3.277932
7,0.03925,712.0667,8.000749438202247,695.6911,0.0781675393258427,3.251037
7,0.0395,698.0871,7.843675280898877,690.0382,0.07753238202247191,3.223423
7,0.03975,683.8304,7.683487640449439,684.4943,0.07690947191011235,3.19517
7,0.04,669.2901,7.520113483146068,679.1583,0.07630992134831462,3.166385
7,0.04025,654.5882,7.3549235955056185,673.6859,0.07569504494382022,3.136949
7,0.0405,639.3272,7.183451685393258,667.2078,0.07496716853932585,3.106958
7,0.04075,624.2246,7.013759550561798,660.8792,0.07425608988764044,3.076445
7,0.041,609.0067,6.8427719101123605,655.4746,0.07364883146067416,3.045241
7,0.04125,593.7907,6.671805617977529,648.862,0.07290584269662921,3.013224
7,0.0415,578.555,6.50061797752809,641.7761,0.07210967415730338,2.980444
7,0.04175,562.9688,6.325492134831461,635.3307,0.07138547191011235,2.947133
7,0.042,547.3228,6.1496943820224725,628.315,0.07059719101123596,2.913264
7,0.04225,531.4428,5.971267415730338,621.7757,0.06986243820224719,2.878761
7,0.0425,515.2048,5.7888179775280895,613.9921,0.06898787640449439,2.843633
7,0.04275,499.8637,5.616446067415731,605.6144,0.06804656179775281,2.807793
7,0.043,483.6201,5.433933707865169,598.503,0.06724752808988765,2.771243
7,0.04325,467.4033,5.251722471910112,590.519,0.06635044943820224,2.734098
7,0.0435,451.0011,5.06742808988764,582.4103,0.0654393595505618,2.696418
7,0.04375,434.2854,4.879611235955056,574.5667,0.06455805617977527,2.658044
7,0.044,418.172,4.698561797752809,567.3223,0.0637440786516854,2.618749
7,0.04425,401.0506,4.506186516853933,559.1344,0.06282408988764045,2.579137
7,0.0445,384.3364,4.318386516853933,550.4331,0.06184641573033707,2.539453
7,0.04475,367.0722,4.1244067415730346,541.9314,0.06089116853932585,2.498388
7,0.045,349.8384,3.9307685393258427,533.4906,0.05994276404494382,2.455941
7,0.04525,332.7555,3.738825842696629,524.1539,0.05889369662921348,2.413175
7,0.0455,315.859,3.5489775280898876,515.4758,0.05791862921348315,2.370263
7,0.04575,298.4945,3.3538707865168544,506.9921,0.05696540449438202,2.326904
7,0.046,281.1624,3.1591280898876404,498.4285,0.05600320224719101,2.282978
7,0.04625,263.7686,2.9636921348314607,489.4593,0.05499542696629213,2.238057
7,0.0465,246.202,2.7663146067415734,481.2569,0.054073808988764044,2.192079
7,0.04675,228.9631,2.5726191011235957,471.9709,0.05303043820224719,2.145602
7,0.047,211.4973,2.376374157303371,462.5762,0.05197485393258427,2.099161
7,0.04725,193.5797,2.1750528089887644,453.7741,0.050985853932584264,2.051862
7,0.0475,175.574,1.9727415730337081,443.9939,0.04988695505617977,2.002621
7,0.04775,157.6397,1.771232584269663,435.755,0.04896123595505618,1.952887
7,0.048,139.6988,1.5696494382022474,426.9682,0.047973955056179775,1.903295
7,0.04825,121.8522,1.3691258426966293,418.3952,0.047010696629213485,1.853648
7,0.0485,103.536,1.1633258426966293,409.9041,0.046056640449438205,1.80369
7,0.04875,86.33355,0.9700398876404495,400.22,0.044968539325842695,1.752244
7,0.049,68.4965,0.769623595505618,391.585,0.04399831460674157,1.699217
7,0.04925,50.3743,0.5660033707865169,381.613,0.04287786516853932,1.645779
7,0.0495,32.43291,0.36441471910112366,372.0293,0.04180104494382022,1.592636
7,0.04975,14.45202,0.16238224719101124,362.1574,0.04069184269662921,1.539222
7,0.05,-3.340964,-0.03753892134831461,352.6419,0.039622685393258424,1.484597
7,0.05025,-20.65228,-0.23204808988764047,341.7765,0.038401853932584266,1.429083
7,0.0505,-38.7137,-0.434985393258427,330.9238,0.03718244943820225,1.373311
7,0.05075,-55.90903,-0.6281913483146068,320.2588,0.03598413483146068,1.317091
7,0.051,-73.86814,-0.8299791011235954,310.4316,0.03487995505617977,1.260207
7,0.05125,-92.0886,-1.034703370786517,299.4054,0.03364105617977528,1.202697
7,0.0515,-109.8775,-1.2345786516853932,287.9585,0.032354887640449435,1.144614
7,0.05175,-127.0506,-1.4275348314606742,276.7414,0.031094539325842697,1.085922
7,0.052,-145.3475,-1.63311797752809,265.9819,0.029885606741573034,1.026683
7,0.05225,-163.5189,-1.8372910112359553,255.5668,0.028715370786516856,0.9668749
7,0.0525,-181.1001,-2.034832584269663,244.0241,0.027418438202247195,0.906617
7,0.05275,-199.1499,-2.237639325842697,232.5031,0.026123943820224718,0.8459653
7,0.053,-216.8618,-2.436649438202247,221.524,0.024890337078651684,0.7849404
7,0.05325,-233.9305,-2.628432584269663,210.2006,0.023618044943820228,0.7234154
7,0.0535,-251.9231,-2.8305966292134834,199.2737,0.022390303370786516,0.6612432
7,0.05375,-269.5165,-3.0282752808988764,187.3894,0.021054988764044942,0.598635
7,0.054,-286.7762,-3.222204494382023,176.4731,0.019828438202247188,0.5354486
7,0.05425,-304.0784,-3.416611235955056,166.2835,0.018683539325842696,0.471722
7,0.0545,-321.4641,-3.6119561797752806,154.284,0.017335280898876405,0.4076463
7,0.05475,-337.9706,-3.7974224719101124,142.9782,0.01606496629213483,0.3433014
7,0.055,-355.2034,-3.9910494382022472,133.0447,0.014948842696629213,0.2785877
7,0.05525,-372.414,-4.184426966292135,122.1217,0.013721539325842698,0.2133943
7,0.0555,-389.4335,-4.375657303370787,111.9379,0.01257729213483146,0.1480778
7,0.05575,-406.4009,-4.566302247191011,101.866,0.01144561797752809,0.08269288
7,0.056,-423.107,-4.754011235955057,91.20144,0.010247352808988764,0.01672395
7,0.05625,-438.7899,-4.930223595505619,81.65382,0.009174586516853931,-0.04980556
7,0.0565,-455.4332,-5.117226966292136,71.94423,0.008083621348314607,-0.1164128
7,0.05675,-472.2345,-5.306005617977529,61.71264,0.006934004494382023,-0.1830536
7,0.057,-488.4487,-5.488187640449437,50.83122,0.005711373033707866,-0.249946
7,0.05725,-504.2922,-5.666204494382023,39.62664,0.004452431460674157,-0.316842
7,0.0575,-520.6534,-5.850038202247191,28.83503,0.003239891011235955,-0.3835671
7,0.05775,-536.3328,-6.026211235955056,18.50971,0.0020797426966292134,-0.4508954
7,0.058,-551.6313,-6.198104494382022,6.776477,0.0007614019101123596,-0.5186868
7,0.05825,-566.8407,-6.368996629213483,-4.379081,-0.0004920315730337079,-0.5862749
7,0.0585,-582.5971,-6.546034831460673,-15.90054,-0.0017865775280898875,-0.6537721
7,0.05875,-598.0881,-6.720091011235956,-27.23297,-0.0030598842696629215,-0.7211167
7,0.059,-612.8867,-6.886367415730337,-38.21244,-0.004293532584269663,-0.7884071
7,0.05925,-627.9391,-7.055495505617979,-49.52605,-0.005564724719101123,-0.8561089
7,0.0595,-643.2923,-7.228003370786517,-61.03888,-0.006858301123595505,-0.9239986
7,0.05975,-658.2945,-7.396567415730337,-72.05168,-0.008095694382022471,-0.9916475
7,0.06,-672.4018,-7.555076404494383,-82.9135,-0.009316123595505618,-1.058914
7,0.06025,-687.5215,-7.724960674157304,-93.00899,-0.010450448314606741,-1.126207
7,0.0605,-701.7913,-7.885295505617978,-104.7599,-0.011770775280898876,-1.193689
7,0.06075,-715.7497,-8.042131460674158,-115.4884,-0.012976224719101124,-1.260795
7,0.061,-729.9152,-8.201294382022471,-125.7184,-0.014125662921348316,-1.327266
7,0.06125,-743.129,-8.34976404494382,-135.646,-0.015241123595505618,-1.393341
7,0.0615,-757.1329,-8.507111235955055,-146.5047,-0.016461202247191012,-1.459222
7,0.06175,-770.1968,-8.653896629213484,-155.8315,-0.017509157303370788,-1.524957
7,0.062,-783.7768,-8.806480898876405,-165.2666,-0.018569280898876404,-1.590328
7,0.06225,-796.1316,-8.945298876404495,-174.7161,-0.019631022471910113,-1.655069
7,0.0625,-809.0917,-9.09091797752809,-184.9336,-0.020779056179775282,-1.719575
7,0.06275,-821.5493,-9.230891011235956,-194.0165,-0.021799606741573035,-1.783717
7,0.063,-833.7111,-9.367540449438202,-202.788,-0.022785168539325846,-1.847397
7,0.06325,-845.7281,-9.502562921348316,-211.3689,-0.023749314606741574,-1.910572
7,0.0635,-857.3384,-9.63301573033708,-220.2047,-0.024742101123595504,-1.972956
7,0.06375,-869.0403,-9.764497752808989,-227.8804,-0.025604539325842696,-2.034654
7,0.064,-880.5493,-9.893812359550562,-235.7891,-0.026493157303370787,-2.095818
7,0.06425,-891.4444,-10.016229213483147,-244.792,-0.027504719101123596,-2.156498
7,0.0645,-902.968,-10.14570786516854,-253.3043,-0.028461157303370788,-2.216574
7,0.06475,-913.6535,-10.26576966292135,-261.2008,-0.029348404494382026,-2.275987
7,0.065,-924.1915,-10.384174157303372,-268.9656,-0.030220853932584273,-2.334608
7,0.06525,-934.4692,-10.49965393258427,-277.5379,-0.031184033707865162,-2.392398
7,0.0655,-944.9191,-10.617068539325842,-286.2388,-0.03216166292134832,-2.449234
7,0.06575,-955.137,-10.731876404494383,-292.8007,-0.03289895505617978,-2.50511
7,0.066,-964.5567,-10.837715730337079,-300.9353,-0.033812955056179775,-2.560323
7,0.06625,-974.0058,-10.943885393258428,-308.9166,-0.03470973033707865,-2.614803
7,0.0665,-983.309,-11.04841573033708,-316.9147,-0.03560839325842697,-2.668311
7,0.06675,-992.4577,-11.151210112359552,-325.0909,-0.036527067415730335,-2.720868
7,0.067,-1000.527,-11.241876404494384,-331.201,-0.03721359550561798,-2.772507
7,0.06725,-1009.604,-11.343865168539327,-339.5423,-0.0381508202247191,-2.822901
7,0.0675,-1016.92,-11.426067415730337,-347.7247,-0.039070191011235954,-2.872021
7,0.06775,-1025.333,-11.52059550561798,-353.7859,-0.03975122471910113,-2.920205
7,0.068,-1033.336,-11.610516853932584,-360.0729,-0.04045762921348315,-2.967569
7,0.06825,-1041.086,-11.697595505617977,-366.436,-0.04117258426966292,-3.013779
7,0.0685,-1048.005,-11.775337078651688,-373.3486,-0.0419492808988764,-3.058575
7,0.06875,-1055.024,-11.854202247191012,-379.2356,-0.042610741573033704,-3.102247
7,0.069,-1061.436,-11.926247191011237,-384.8591,-0.04324259550561798,-3.144887
7,0.06925,-1067.927,-11.999179775280897,-390.2017,-0.04384288764044944,-3.186306
7,0.0695,-1074.035,-12.067808988764048,-395.2354,-0.04440847191011236,-3.226455
7,0.06975,-1079.868,-12.13334831460674,-400.7298,-0.045025820224719106,-3.265392
7,0.07,-1085.481,-12.19641573033708,-405.4913,-0.045560820224719106,-3.30332
7,0.07025,-1090.252,-12.250022471910112,-410.3943,-0.04611171910112359,-3.340107
7,0.0705,-1095.377,-12.307606741573034,-415.4248,-0.04667694382022472,-3.375373
7,0.07075,-1099.578,-12.354808988764045,-419.7956,-0.04716804494382022,-3.409154
7,0.071,-1104.18,-12.406516853932587,-423.0488,-0.04753357303370787,-3.441667
7,0.07125,-1108.765,-12.45803370786517,-427.1396,-0.047993213483146065,-3.472934
7,0.0715,-1112.398,-12.498853932584268,-431.4414,-0.04847656179775281,-3.502814
7,0.07175,-1115.85,-12.537640449438202,-434.2734,-0.04879476404494382,-3.531348
7,0.072,-1119.614,-12.579932584269663,-436.8515,-0.049084438202247185,-3.558645
7,0.07225,-1123.056,-12.618606741573034,-439.6215,-0.04939567415730337,-3.584694
7,0.0725,-1125.779,-12.649202247191011,-443.0782,-0.04978406741573034,-3.609386
7,0.07275,-1128.805,-12.683202247191014,-445.9642,-0.050108337078651685,-3.632684
7,0.073,-1130.854,-12.706224719101124,-447.8722,-0.0503227191011236,-3.654692
7,0.07325,-1133.132,-12.731820224719103,-450.4076,-0.050607595505617976,-3.675442
7,0.0735,-1134.867,-12.751314606741573,-452.9866,-0.05089737078651685,-3.694935
7,0.07375,-1136.411,-12.768662921348316,-454.4596,-0.05106287640449438,-3.713161
7,0.074,-1137.399,-12.779764044943821,-456.0491,-0.05124147191011236,-3.730154
7,0.07425,-1138.805,-12.79556179775281,-457.5975,-0.05141544943820225,-3.745968
7,0.0745,-1139.028,-12.798067415730339,-459.4427,-0.05162277528089887,-3.760558
7,0.07475,-1139.296,-12.801078651685396,-460.5706,-0.05174950561797753,-3.773944
7,0.075,-1139.394,-12.8021797752809,-461.0055,-0.051798370786516855,-3.786213
7,0.07525,-1138.806,-12.795573033707866,-462.3005,-0.05194387640449438,-3.797412
7,0.0755,-1138.363,-12.79059550561798,-463.1656,-0.05204107865168539,-3.807563
7,0.07575,-1137.771,-12.783943820224719,-463.637,-0.05209404494382023,-3.816709
7,0.076,-1136.619,-12.771,-464.4418,-0.052184471910112364,-3.824905
7,0.07625,-1135.225,-12.755337078651685,-465.001,-0.052247303370786514,-3.832206
7,0.0765,-1133.18,-12.7323595505618,-465.4293,-0.05229542696629214,-3.838654
7,0.07675,-1131.901,-12.717988764044945,-465.3281,-0.05228405617977529,-3.844326
7,0.077,-1129.659,-12.69279775280899,-466.369,-0.05240101123595506,-3.849284
7,0.07725,-1127.313,-12.666438202247193,-465.6607,-0.052321426966292134,-3.853577
7,0.0775,-1124.084,-12.630157303370789,-465.8838,-0.052346494382022477,-3.857226
7,0.07775,-1121.28,-12.598651685393259,-466.831,-0.05245292134831461,-3.860238
7,0.078,-1117.454,-12.555662921348313,-466.0286,-0.05236276404494382,-3.862708
7,0.07825,-1113.865,-12.515337078651687,-465.5132,-0.05230485393258427,-3.864711
7,0.0785,-1110.219,-12.474370786516854,-465.6776,-0.052323325842696625,-3.866293
7,0.07875,-1105.8,-12.424719101123596,-465.4564,-0.05229847191011236,-3.867527
7,0.079,-1101.489,-12.376280898876406,-465.1885,-0.05226837078651685,-3.868464
7,0.07925,-1096.869,-12.324370786516855,-464.983,-0.05224528089887641,-3.869164
7,0.0795,-1092.447,-12.274685393258425,-464.9908,-0.05224615730337078,-3.86967
7,0.07975,-1087.038,-12.213910112359551,-464.9846,-0.0522454606741573,-3.86998
7,0.08,-1082.176,-12.159280898876405,-464.2586,-0.052163887640449436,-3.870051
7,0.08025,-1075.697,-12.086483146067415,-464.4991,-0.052190910112359545,-3.869814
7,0.0805,-1070.105,-12.02365168539326,-464.8163,-0.05222655056179776,-3.869164
7,0.08075,-1063.932,-11.95429213483146,-463.5194,-0.05208083146067416,-3.86793
7,0.081,-1057.814,-11.885550561797753,-463.6449,-0.052094932584269664,-3.865901
7,0.08125,-1050.698,-11.80559550561798,-462.9354,-0.052015213483146076,-3.862797
7,0.0815,-1044.014,-11.73049438202247,-462.1303,-0.05192475280898876,-3.858326
7,0.08175,-1036.437,-11.645359550561798,-460.8349,-0.05177920224719101,-3.852368
7,0.082,-1029.081,-11.562707865168539,-459.6831,-0.05164978651685393,-3.844635
7,0.08225,-1021.703,-11.479808988764045,-457.9591,-0.05145607865168539,-3.834737
7,0.0825,-1013.857,-11.391651685393258,-456.5598,-0.05129885393258427,-3.822412
7,0.08275,-1004.779,-11.28965168539326,-453.609,-0.05096730337078652,-3.807292
7,0.083,-995.8137,-11.18891797752809,-450.4986,-0.050617820224719105,-3.790293
7,0.08325,-987.3204,-11.093487640449439,-447.902,-0.05032606741573034,-3.773005
7,0.0835,-977.3131,-10.98104606741573,-446.1321,-0.050127202247191006,-3.755871
7,0.08375,-968.0241,-10.876675280898876,-442.237,-0.04968955056179775,-3.738776
7,0.084,-958.6449,-10.771291011235956,-440.0368,-0.049442337078651685,-3.721402
7,0.08425,-949.052,-10.66350561797753,-437.1029,-0.04911268539325842,-3.703293
7,0.0845,-938.8534,-10.548914606741572,-433.8953,-0.048752280898876406,-3.684175
7,0.08475,-928.5503,-10.433149438202248,-430.3508,-0.04835402247191011,-3.664045
7,0.085,-918.1232,-10.315991011235957,-426.8345,-0.04795893258426966,-3.643053
7,0.08525,-907.6424,-10.198229213483145,-423.1382,-0.04754361797752809,-3.621332
7,0.0855,-896.8537,-10.07700786516854,-420.0345,-0.047194887640449434,-3.59891
7,0.08575,-885.4957,-9.949389887640452,-415.5013,-0.0466855393258427,-3.575828
7,0.086,-874.3286,-9.823916853932586,-410.4253,-0.04611520224719101,-3.552136
7,0.08625,-862.3354,-9.68916179775281,-406.6208,-0.04568773033707865,-3.527843
7,0.0865,-850.7515,-9.559005617977528,-403.1456,-0.045297258426966296,-3.502854
7,0.08675,-838.4524,-9.420813483146068,-398.4705,-0.044771966292134834,-3.477055
7,0.087,-826.5053,-9.286576404494383,-393.3733,-0.04419924719101123,-3.450521
7,0.08725,-814.3622,-9.150137078651685,-389.2044,-0.04373083146067416,-3.42332
7,0.0875,-801.4128,-9.004638202247191,-384.5147,-0.043203898876404495,-3.39534
7,0.08775,-788.7997,-8.86291797752809,-379.958,-0.04269191011235955,-3.366582
7,0.088,-776.1167,-8.720412359550563,-374.8742,-0.042120696629213486,-3.337169
7,0.08825,-762.6208,-8.568773033707867,-368.9503,-0.041455089887640455,-3.307196
7,0.0885,-749.1532,-8.417451685393258,-364.4077,-0.04094468539325843,-3.276676
7,0.08875,-735.9622,-8.269238202247193,-359.3803,-0.040379808988764046,-3.245424
7,0.089,-721.9988,-8.11234606741573,-353.2329,-0.039689089887640444,-3.213431
7,0.08925,-707.6914,-7.951588764044945,-347.684,-0.0390656179775281,-3.180866
7,0.0895,-693.5973,-7.7932280898876405,-342.4009,-0.038472011235955055,-3.1475
7,0.08975,-679.0854,-7.630173033707866,-336.3656,-0.037793887640449435,-3.112992
7,0.09,-664.7482,-7.469080898876404,-329.4613,-0.03701812359550562,-3.077647
7,0.09025,-649.8184,-7.301330337078651,-323.1653,-0.03631070786516854,-3.04179
7,0.0905,-634.7154,-7.13163370786517,-316.4433,-0.03555542696629214,-3.005392
7,0.09075,-619.7162,-6.963103370786516,-310.1519,-0.03484852808988764,-2.968362
7,0.091,-604.7099,-6.794493258426966,-303.2343,-0.03407126966292135,-2.930616
7,0.09125,-589.2032,-6.620260674157304,-296.5166,-0.03331647191011236,-2.891925
7,0.0915,-573.9979,-6.449414606741573,-290.0653,-0.032591606741573034,-2.852332
7,0.09175,-558.203,-6.2719438202247195,-283.0911,-0.03180798876404494,-2.812057
7,0.092,-542.9876,-6.100984269662922,-275.6154,-0.030968022471910113,-2.771163
7,0.09225,-527.494,-5.926898876404495,-268.4142,-0.03015889887640449,-2.72967
7,0.0925,-511.5112,-5.747316853932585,-261.513,-0.02938348314606741,-2.687365
7,0.09275,-495.066,-5.562539325842697,-253.973,-0.028536292134831463,-2.644315
7,0.093,-478.9708,-5.381694382022473,-246.8753,-0.02773879775280899,-2.600646
7,0.09325,-462.6183,-5.1979584269662915,-239.7266,-0.026935573033707867,-2.556262
7,0.0935,-446.287,-5.014460674157303,-232.1529,-0.026084595505617977,-2.511094
7,0.09375,-429.8545,-4.829825842696629,-225.9882,-0.025391932584269666,-2.465069
7,0.094,-413.1231,-4.641832584269663,-217.6312,-0.024452943820224723,-2.418315
7,0.09425,-396.4753,-4.454778651685394,-210.1355,-0.023610730337078653,-2.370925
7,0.0945,-379.7332,-4.266665168539326,-202.5919,-0.022763134831460675,-2.32272
7,0.09475,-362.4295,-4.0722415730337085,-195.9899,-0.022021337078651684,-2.273703
7,0.095,-345.4697,-3.88168202247191,-187.3973,-0.021055876404494384,-2.224104
7,0.09525,-328.2683,-3.6884078651685397,-179.038,-0.02011662921348315,-2.174017
7,0.0955,-311.1505,-3.496073033707866,-170.5492,-0.01916283146067416,-2.123536
7,0.09575,-294.097,-3.3044606741573035,-162.1421,-0.018218213483146065,-2.072492
7,0.096,-276.7948,-3.11005393258427,-152.114,-0.017091460674157302,-2.020513
7,0.09625,-259.7423,-2.918452808988764,-144.1975,-0.016201966292134832,-1.9672
7,0.0965,-241.6935,-2.715657303370787,-134.8001,-0.015146078651685392,-1.912633
7,0.09675,-223.9922,-2.5167662921348315,-125.4227,-0.01409243820224719,-1.857578
7,0.097,-206.0584,-2.3152629213483147,-116.0194,-0.013035887640449438,-1.802416
7,0.09725,-188.6149,-2.119268539325843,-105.8137,-0.011889179775280898,-1.746987
7,0.0975,-170.5373,-1.9161494382022473,-96.67274,-0.010862105617977529,-1.690785
7,0.09775,-153.5304,-1.7250606741573034,-87.80516,-0.00986574831460674,-1.633397
7,0.098,-135.2962,-1.5201820224719103,-75.9327,-0.00853176404494382,-1.575077
7,0.09825,-117.4992,-1.3202157303370787,-65.98623,-0.007414183146067416,-1.516243
7,0.0985,-99.27468,-1.1154458426966294,-56.07584,-0.0063006561797752806,-1.456864
7,0.09875,-81.57641,-0.9165888764044944,-45.43365,-0.005104904494382023,-1.396913
7,0.099,-63.82546,-0.71714,-34.10593,-0.003832126966292135,-1.336515
7,0.09925,-45.55942,-0.511903595505618,-23.59276,-0.0026508719101123596,-1.275551
7,0.0995,-28.12807,-0.31604573033707867,-12.98665,-0.0014591741573033706,-1.213647
7,0.09975,-10.05297,-0.1129547191011236,-2.667216,-0.00029968719101123594,-1.150688
7,0.1,4.638275,0.05211544943820225,7.174147,0.0008060839325842697,-1.094023
8,0.0,9.337024,0.10491038202247191,0.0,0.0,-1.35451
8,0.00025,27.81069,0.3124796629213483,12.45681,0.0013996415730337078,-1.277309
8,0.0005,45.69737,0.513453595505618,24.05984,0.0027033528089887644,-1.19934
8,0.00075,63.17228,0.7098008988764045,36.2386,0.004071752808988764,-1.12067
8,0.001,86.25657,0.9691749438202247,49.17975,0.005525814606741573,-1.041401
8,0.00125,106.9938,1.2021775280898876,62.06286,0.006973355056179775,-0.9615633
8,0.0015,126.1801,1.4177539325842696,75.46836,0.008479591011235956,-0.8810883
8,0.00175,144.9719,1.6288977528089887,86.61764,0.009732319101123595,-0.8001231
8,0.002,164.0909,1.8437179775280899,99.86469,0.011220751685393259,-0.7188851
8,0.00225,183.2696,2.059208988764045,112.667,0.012659213483146066,-0.6373438
8,0.0025,202.9721,2.2805853932584275,125.3415,0.014083314606741571,-0.5552632
8,0.00275,222.3569,2.4983921348314606,137.6453,0.01546576404494382,-0.4724268
8,0.003,241.872,2.7176629213483148,151.1203,0.016979808988764045,-0.389013
8,0.00325,261.4043,2.9371269662921344,165.1148,0.018552224719101125,-0.3051906
8,0.0035,281.3154,3.160847191011236,178.3109,0.020034932584269662,-0.2208708
8,0.00375,300.0028,3.3708179775280898,191.1155,0.02147365168539326,-0.1361464
8,0.004,319.798,3.59323595505618,205.7489,0.023117853932584267,-0.05122679
8,0.00425,338.4165,3.802432584269663,219.938,0.024712134831460675,0.03386047
8,0.0045,357.8809,4.021133707865169,233.8435,0.026274550561797755,0.1192465
8,0.00475,376.6104,4.231577528089888,248.162,0.027883370786516853,0.2049352
8,0.005,396.0703,4.4502280898876405,262.2989,0.029471786516853934,0.2907319
8,0.00525,414.5176,4.657501123595506,276.9359,0.031116393258426966,0.3764961
8,0.0055,433.043,4.865651685393259,291.2634,0.032726224719101124,0.4624307
8,0.00575,451.9644,5.078251685393258,304.5426,0.034218269662921345,0.5485541
8,0.006,470.2118,5.283278651685393,318.2434,0.03575768539325843,0.634556
8,0.00625,488.2965,5.486477528089887,331.9352,0.03729608988764045,0.7201773
8,0.0065,506.2794,5.688532584269663,345.0913,0.038774303370786516,0.8054238
8,0.00675,524.4264,5.892431460674158,358.3697,0.040266258426966295,0.8905264
8,0.007,542.5638,6.096222471910113,371.8803,0.041784303370786514,0.9752725
8,0.00725,559.8528,6.290480898876405,384.6238,0.043216157303370785,1.059536
8,0.0075,577.7309,6.4913584269662925,397.8069,0.04469740449438202,1.143773
8,0.00775,594.6436,6.681388764044944,410.1531,0.04608461797752809,1.228059
8,0.008,612.1509,6.878100000000001,422.9841,0.04752630337078652,1.311733
8,0.00825,629.1999,7.069661797752809,436.2154,0.04901296629213483,1.394252
8,0.0085,646.459,7.263584269662921,448.2001,0.05035956179775281,1.475847
8,0.00875,663.0547,7.450052808988765,460.631,0.051756292134831454,1.556941
8,0.009,679.5977,7.635929213483147,474.0157,0.053260191011235955,1.637724
8,0.00925,695.9223,7.819351685393258,486.6435,0.054679044943820226,1.718356
8,0.0095,712.2591,8.002911235955056,498.4654,0.05600734831460674,1.798425
8,0.00975,728.4719,8.185077528089888,511.2477,0.057443561797752805,1.877354
8,0.01,744.3017,8.362940449438202,524.9116,0.05897883146067416,1.955272
8,0.01025,760.4942,8.544878651685394,538.0175,0.06045140449438203,2.032224
8,0.0105,776.0414,8.719566292134832,550.139,0.06181337078651686,2.108277
8,0.01075,791.5106,8.893377528089887,562.9876,0.06325703370786517,2.183534
8,0.011,807.2893,9.070666292134833,575.7142,0.06468698876404494,2.257836
8,0.01125,821.9263,9.235126966292135,588.3597,0.06610783146067416,2.331169
8,0.0115,836.6414,9.400465168539325,600.3055,0.06745005617977529,2.403476
8,0.01175,851.7687,9.570434831460673,613.0717,0.0688844606741573,2.474762
8,0.012,866.0669,9.731088764044946,625.1277,0.07023906741573033,2.54503
8,0.01225,880.5986,9.894366292134833,636.5797,0.07152580898876405,2.614157
8,0.0125,894.8335,10.054308988764046,647.0968,0.07270750561797754,2.682155
8,0.01275,908.6217,10.209232584269664,657.6877,0.07389749438202246,2.748741
8,0.013,921.8395,10.357747191011237,668.4495,0.07510668539325843,2.813967
8,0.01325,935.2068,10.50794157303371,679.0391,0.07629652808988763,2.878255
8,0.0135,948.2089,10.654032584269665,689.2052,0.07743878651685393,2.941597
8,0.01375,961.3665,10.801870786516854,699.4913,0.07859452808988765,3.003782
8,0.014,973.9345,10.94308426966292,709.6793,0.07973924719101123,3.064693
8,0.01425,986.0969,11.079740449438203,719.0356,0.08079051685393258,3.124389
8,0.0145,998.0465,11.214005617977529,728.9675,0.0819064606741573,3.182895
8,0.01475,1009.82,11.346292134831462,738.4693,0.08297407865168539,3.240178
8,0.015,1021.467,11.477157303370786,746.9874,0.08393116853932585,3.296093
8,0.01525,1032.584,11.602067415730339,756.3586,0.08498411235955056,3.350775
8,0.0155,1043.953,11.729808988764045,765.1818,0.08597548314606741,3.404384
8,0.01575,1054.557,11.848955056179777,773.8164,0.08694566292134832,3.456764
8,0.016,1065.353,11.970258426966293,781.7389,0.08783583146067414,3.507784
8,0.01625,1075.478,12.084022471910114,790.0311,0.0887675393258427,3.557487
8,0.0165,1085.977,12.201988764044945,798.5297,0.08972243820224719,3.605997
8,0.01675,1095.622,12.310359550561799,807.0807,0.09068322471910112,3.653232
8,0.017,1105.422,12.420471910112362,814.7439,0.0915442584269663,3.699127
8,0.01725,1114.722,12.524966292134831,823.3158,0.09250739325842697,3.743774
8,0.0175,1123.839,12.627404494382022,830.1009,0.09326976404494382,3.787217
8,0.01775,1132.916,12.729393258426965,837.6731,0.09412057303370787,3.829405
8,0.018,1140.886,12.818943820224721,845.1312,0.09495856179775282,3.870244
8,0.01825,1149.242,12.912831460674157,852.0963,0.09574115730337078,3.909734
8,0.0185,1156.867,12.998505617977527,858.2155,0.09642870786516854,3.94792
8,0.01875,1164.879,13.08852808988764,865.632,0.09726202247191011,3.984851
8,0.019,1172.015,13.16870786516854,871.8544,0.09796116853932585,4.020818
8,0.01925,1179.467,13.252438202247193,878.6563,0.09872542696629212,4.055346
8,0.0195,1186.196,13.328044943820226,883.6794,0.0992898202247191,4.08818
8,0.01975,1192.408,13.397842696629214,890.0762,0.1000085617977528,4.119909
8,0.02,1198.816,13.469842696629213,894.8208,0.10054166292134831,4.150557
8,0.02025,1204.832,13.537438202247193,900.4184,0.10117060674157304,4.180097
8,0.0205,1210.135,13.597022471910114,904.8108,0.10166413483146067,4.208369
8,0.02075,1215.651,13.659000000000002,909.3883,0.1021784606741573,4.235037
8,0.021,1219.803,13.70565168539326,914.0808,0.10270570786516853,4.260246
8,0.02125,1224.587,13.759404494382023,917.9335,0.10313859550561796,4.284331
8,0.0215,1228.647,13.805022471910112,921.6271,0.10355360674157305,4.307318
8,0.02175,1233.244,13.85667415730337,924.9053,0.10392194382022471,4.329158
8,0.022,1236.466,13.892876404494382,928.855,0.10436573033707865,4.349848
8,0.02225,1239.923,13.931719101123596,931.6139,0.10467571910112358,4.369276
8,0.0225,1242.914,13.965325842696629,934.889,0.10504370786516853,4.387464
8,0.02275,1245.844,13.998247191011236,936.2899,0.10520111235955057,4.404554
8,0.023,1248.143,14.024078651685395,939.0269,0.1055086404494382,4.420513
8,0.02325,1250.701,14.052820224719103,942.2805,0.10587421348314606,4.435619
8,0.0235,1252.881,14.077314606741574,944.2068,0.10609065168539326,4.449948
8,0.02375,1254.01,14.09,945.4167,0.10622659550561797,4.463143
8,0.024,1255.113,14.102393258426968,947.0796,0.1064134382022472,4.475124
8,0.02425,1256.491,14.117876404494382,948.5228,0.10657559550561799,4.48599
8,0.0245,1257.494,14.12914606741573,949.0099,0.10663032584269662,4.495947
8,0.02475,1257.887,14.13356179775281,950.3707,0.10678322471910112,4.505087
8,0.025,1257.914,14.133865168539327,951.6983,0.10693239325842696,4.513374
8,0.02525,1257.824,14.13285393258427,952.2787,0.10699760674157303,4.520905
8,0.0255,1257.414,14.128247191011237,952.3912,0.10701024719101124,4.527755
8,0.02575,1256.086,14.113325842696629,952.6748,0.10704211235955055,4.533919
8,0.026,1254.66,14.097303370786518,953.1576,0.10709635955056179,4.539385
8,0.02625,1253.467,14.083898876404497,952.6669,0.10704122471910113,4.54417
8,0.0265,1251.796,14.06512359550562,952.7779,0.10705369662921348,4.548338
8,0.02675,1249.468,14.038966292134834,952.5713,0.10703048314606742,4.551931
8,0.027,1246.916,14.010292134831461,952.2501,0.10699439325842697,4.555028
8,0.02725,1244.402,13.982044943820227,952.2477,0.10699412359550561,4.557675
8,0.0275,1241.23,13.946404494382023,951.321,0.10689,4.559877
8,0.02775,1237.632,13.905977528089888,951.1869,0.10687493258426967,4.56168
8,0.028,1234.089,13.866168539325843,950.4927,0.10679693258426966,4.563127
8,0.02825,1230.545,13.826348314606744,950.1778,0.10676155056179777,4.564248
8,0.0285,1226.181,13.777314606741575,949.8884,0.10672903370786517,4.565093
8,0.02875,1221.4,13.723595505617979,948.7844,0.10660498876404495,4.565692
8,0.029,1216.511,13.668662921348316,948.593,0.1065834831460674,4.566075
8,0.02925,1211.405,13.61129213483146,947.4972,0.10646035955056181,4.566281
8,0.0295,1206.109,13.551786516853932,946.6564,0.10636588764044944,4.566353
8,0.02975,1200.026,13.483438202247193,946.165,0.10631067415730337,4.566291
8,0.03,1193.839,13.413921348314608,946.0242,0.10629485393258427,4.566013
8,0.03025,1187.451,13.342146067415731,945.4281,0.10622787640449437,4.56541
8,0.0305,1181.276,13.272764044943822,943.528,0.1060143820224719,4.564343
8,0.03075,1174.221,13.193494382022472,943.1813,0.10597542696629213,4.562628
8,0.031,1167.495,13.117921348314606,943.0021,0.10595529213483146,4.560028
8,0.03125,1159.982,13.033505617977529,942.1973,0.10586486516853932,4.556123
8,0.0315,1152.111,12.945067415730339,939.1697,0.10552468539325843,4.550525
8,0.03175,1144.415,12.858595505617977,937.7774,0.10536824719101123,4.543084
8,0.032,1136.395,12.768483146067416,935.2851,0.10508821348314608,4.533658
8,0.03225,1127.76,12.671460674157304,932.0759,0.10472762921348315,4.522348
8,0.0325,1118.817,12.57097752808989,928.7424,0.1043530786516854,4.509331
8,0.03275,1109.72,12.468764044943821,924.7531,0.10390484269662921,4.494841
8,0.033,1099.995,12.35949438202247,922.3534,0.10363521348314605,4.479951
8,0.03325,1090.385,12.251516853932584,919.0744,0.10326678651685393,4.465402
8,0.0335,1080.379,12.139089887640448,915.5275,0.1028682584269663,4.450837
8,0.03375,1069.971,12.022146067415731,912.4579,0.10252335955056179,4.43571
8,0.034,1059.613,11.905764044943822,908.5506,0.1020843370786517,4.41969
8,0.03425,1048.839,11.784707865168539,905.1175,0.10169859550561797,4.402857
8,0.0345,1038.1,11.664044943820224,900.5584,0.1011863370786517,4.385358
8,0.03475,1026.131,11.52956179775281,897.4684,0.10083914606741572,4.367133
8,0.035,1014.406,11.3978202247191,892.5717,0.10028895505617977,4.348253
8,0.03525,1002.942,11.269011235955057,888.9154,0.09987813483146067,4.328816
8,0.0355,990.5874,11.130195505617978,884.3327,0.09936322471910113,4.308856
8,0.03575,978.7214,10.996869662921348,879.7678,0.09885031460674157,4.288175
8,0.036,965.9705,10.853601123595507,875.544,0.09837573033707864,4.266472
8,0.03625,953.2196,10.710332584269663,871.01,0.09786629213483146,4.24408
8,0.0365,940.0823,10.562722471910114,865.1457,0.09720738202247191,4.221341
8,0.03675,927.2721,10.418787640449438,860.1803,0.09664947191011236,4.198005
8,0.037,913.6531,10.265765168539327,855.4503,0.09611801123595505,4.173915
8,0.03725,899.8543,10.110722471910112,849.9499,0.09549998876404495,4.149237
8,0.0375,886.6344,9.962184269662924,844.5641,0.09489484269662922,4.123663
8,0.03775,872.2836,9.800939325842696,838.5289,0.09421673033707866,4.097333
8,0.038,857.9833,9.64026179775281,833.92,0.09369887640449438,4.070613
8,0.03825,842.8211,9.469899999999999,828.5153,0.09309160674157303,4.043226
8,0.0385,828.8156,9.312534831460674,822.3628,0.09240031460674157,4.015156
8,0.03875,813.549,9.141,816.1503,0.09170228089887641,3.986768
8,0.039,798.5336,8.972287640449439,810.3433,0.09104980898876404,3.957724
8,0.03925,783.423,8.802505617977529,804.9979,0.09044920224719101,3.927464
8,0.0395,767.619,8.624932584269663,797.6492,0.08962350561797752,3.896486
8,0.03975,751.9441,8.448810112359551,791.3163,0.08891194382022471,3.865025
8,0.04,736.1305,8.271129213483146,786.0583,0.08832115730337078,3.832717
8,0.04025,719.7111,8.086641573033708,780.0701,0.08764832584269663,3.7996
8,0.0405,703.5916,7.905523595505618,772.0661,0.086749,3.765882
8,0.04075,687.6488,7.726391011235957,765.2501,0.08598315730337079,3.731681
8,0.041,670.5188,7.533919101123596,758.3563,0.08520857303370787,3.696871
8,0.04125,653.1715,7.339005617977529,752.1901,0.08451574157303371,3.661169
8,0.0415,636.5962,7.152766292134831,744.6908,0.0836731235955056,3.62449
8,0.04175,618.9799,6.954830337078652,737.1543,0.08282632584269663,3.586932
8,0.042,601.7319,6.761032584269663,730.2445,0.08204994382022472,3.548671
8,0.04225,584.3614,6.565858426966292,722.5381,0.08118405617977528,3.509782
8,0.0425,566.6991,6.3674056179775285,714.9495,0.08033140449438202,3.470086
8,0.04275,549.2323,6.171149438202248,706.5466,0.0793872584269663,3.429635
8,0.043,530.9465,5.965691011235956,698.2508,0.07845514606741573,3.388318
8,0.04325,513.509,5.769764044943821,690.2621,0.07755753932584271,3.346029
8,0.0435,495.1351,5.563315730337079,681.3675,0.07655814606741572,3.303186
8,0.04375,477.1203,5.360902247191011,672.3473,0.0755446404494382,3.259632
8,0.044,458.7468,5.1544584269662925,663.7339,0.0745768426966292,3.21485
8,0.04425,440.7923,4.952722471910112,655.3954,0.07363993258426967,3.169292
8,0.0445,422.2629,4.744526966292136,645.5038,0.07252851685393258,3.123448
8,0.04475,403.5349,4.5341000000000005,636.388,0.07150426966292135,3.076895
8,0.045,384.8627,4.3243,626.6003,0.07040452808988763,3.02934
8,0.04525,366.353,4.11632584269663,616.315,0.06924887640449438,2.980908
8,0.0455,347.1099,3.9001112359550563,606.6298,0.06816065168539327,2.93173
8,0.04575,328.0674,3.6861505617977532,596.1515,0.06698331460674158,2.881789
8,0.046,309.1267,3.473333707865169,586.3109,0.06587762921348314,2.831051
8,0.04625,289.9455,3.2578146067415727,575.535,0.06466685393258427,2.779536
8,0.0465,270.4395,3.0386460674157307,564.3841,0.06341394382022472,2.727134
8,0.04675,250.8217,2.818221348314607,554.0961,0.06225798876404494,2.674117
8,0.047,231.8445,2.604994382022472,542.2464,0.06092656179775281,2.620379
8,0.04725,212.6273,2.3890707865168537,531.7261,0.05974450561797753,2.565735
8,0.0475,193.0398,2.168986516853933,519.9152,0.05841743820224719,2.509863
8,0.04775,173.5567,1.9500752808988766,508.6413,0.057150707865168536,2.452711
8,0.048,154.0685,1.7311067415730337,497.3163,0.05587823595505618,2.394846
8,0.04825,134.9576,1.516377528089888,486.6349,0.0546780786516854,2.33657
8,0.0485,114.5835,1.2874550561797753,474.1686,0.053277370786516856,2.277783
8,0.04875,94.87905,1.0660567415730338,463.912,0.052124943820224715,2.218157
8,0.049,74.96792,0.8423361797752811,453.6996,0.05097748314606741,2.157776
8,0.04925,55.81856,0.6271748314606741,442.2876,0.04969523595505618,2.096528
8,0.0495,35.92972,0.40370471910112365,430.6877,0.04839187640449438,2.034406
8,0.04975,15.738,0.1768314606741573,419.6078,0.04714694382022472,1.971684
8,0.05,-4.104244,-0.0461151011235955,408.6926,0.045920516853932586,1.908151
8,0.05025,-23.90951,-0.26864617977528094,397.5626,0.04466995505617977,1.843829
8,0.0505,-43.06445,-0.4838702247191011,385.7619,0.04334403370786517,1.779006
8,0.05075,-62.8996,-0.7067370786516854,374.3338,0.04205997752808988,1.713758
8,0.051,-82.56761,-0.9277259550561798,362.8923,0.04077441573033708,1.647738
8,0.05125,-102.0416,-1.1465348314606743,351.6422,0.0395103595505618,1.580738
8,0.0515,-121.3723,-1.3637337078651686,339.5419,0.03815077528089888,1.513209
8,0.05175,-140.7709,-1.5816955056179778,326.78,0.03671685393258427,1.445295
8,0.052,-160.1532,-1.799474157303371,316.4088,0.03555155056179775,1.376491
8,0.05225,-179.5219,-2.0171,303.3202,0.034080921348314606,1.306653
8,0.0525,-199.0025,-2.235983146067416,290.2288,0.03260997752808988,1.235953
8,0.05275,-218.5702,-2.4558449438202246,276.1225,0.031024999999999997,1.1647
8,0.053,-238.0377,-2.6745808988764046,264.2234,0.029688022471910113,1.092837
8,0.05325,-257.3025,-2.891039325842697,250.4175,0.028136797752808987,1.019803
8,0.0535,-276.7274,-3.109296629213483,236.8829,0.026616056179775284,0.9462546
8,0.05375,-295.6276,-3.3216584269662923,223.1617,0.025074348314606743,0.872187
8,0.054,-314.5926,-3.5347483146067415,209.6425,0.023555337078651685,0.7971959
8,0.05425,-333.7283,-3.749756179775281,196.4382,0.02207170786516854,0.7218822
8,0.0545,-353.6551,-3.9736528089887644,182.9982,0.020561595505617977,0.6463534
8,0.05475,-372.6226,-4.186770786516854,169.1401,0.019004505617977525,0.5703679
8,0.055,-391.3177,-4.396828089887641,156.6527,0.017601426966292136,0.4936636
8,0.05525,-409.7443,-4.603868539325843,144.1857,0.0162006404494382,0.4165074
8,0.0555,-428.8096,-4.818085393258427,131.9285,0.014823426966292136,0.3393774
8,0.05575,-446.4197,-5.015951685393258,119.3274,0.013407573033707865,0.2617922
8,0.056,-464.9851,-5.2245516853932585,106.6102,0.011978674157303372,0.1834125
8,0.05625,-483.1174,-5.4282853932584265,94.91263,0.010664340449438202,0.1045155
8,0.0565,-501.1642,-5.631058426966292,82.57975,0.009278623595505619,0.02520865
8,0.05675,-519.3228,-5.835087640449438,69.54565,0.007814117977528089,-0.05448809
8,0.057,-537.446,-6.038719101123596,57.27748,0.006435671910112359,-0.1346103
8,0.05725,-555.433,-6.240820224719101,44.00533,0.004944419101123596,-0.2150104
8,0.0575,-572.1082,-6.42818202247191,31.63833,0.0035548685393258423,-0.295678
8,0.05775,-590.0789,-6.6301000000000005,19.37408,0.0021768629213483144,-0.376717
8,0.058,-607.1669,-6.822100000000002,6.665097,0.0007488873033707866,-0.4578601
8,0.05825,-624.5866,-7.017826966292135,-7.148263,-0.000803175617977528,-0.5396764
8,0.0585,-641.5049,-7.207920224719102,-20.13256,-0.002262085393258427,-0.6218474
8,0.05875,-658.3517,-7.397210112359551,-32.62349,-0.003665560674157303,-0.7030862
8,0.059,-674.6415,-7.580241573033708,-45.81093,-0.005147295505617978,-0.7838391
8,0.05925,-690.8689,-7.76257191011236,-58.21518,-0.006541031460674156,-0.8650537
8,0.0595,-706.9221,-7.942944943820225,-72.16385,-0.008108297752808987,-0.9466868
8,0.05975,-723.5284,-8.129532584269663,-84.75635,-0.009523185393258428,-1.028875
8,0.06,-739.5745,-8.309825842696629,-97.09355,-0.010909387640449438,-1.111286
8,0.06025,-755.5638,-8.489480898876405,-109.8582,-0.01234361797752809,-1.193251
8,0.0605,-771.1024,-8.664071910112359,-122.0001,-0.013707876404494383,-1.274774
8,0.06075,-786.9181,-8.841776404494382,-135.0071,-0.015169337078651686,-1.355985
8,0.061,-802.3326,-9.014973033707866,-145.5572,-0.016354741573033706,-1.437401
8,0.06125,-817.4133,-9.184419101123597,-157.3563,-0.017680483146067415,-1.518724
8,0.0615,-832.6192,-9.35527191011236,-168.7138,-0.018956606741573033,-1.599254
8,0.06175,-846.7289,-9.51380786516854,-180.0314,-0.020228247191011236,-1.67948
8,0.062,-861.6395,-9.681342696629214,-189.6511,-0.02130911235955056,-1.759842
8,0.06225,-876.0122,-9.84283370786517,-200.8259,-0.022564707865168537,-1.840058
8,0.0625,-890.0541,-10.000607865168538,-211.8701,-0.023805629213483146,-1.919587
8,0.06275,-904.0626,-10.158006741573034,-221.893,-0.024931797752808987,-1.998268
8,0.063,-917.7869,-10.312212359550562,-231.3908,-0.025998966292134832,-2.076717
8,0.06325,-930.6052,-10.456238202247192,-241.6475,-0.027151404494382025,-2.154859
8,0.0635,-943.0597,-10.596176404494383,-252.4238,-0.028362224719101124,-2.232179
8,0.06375,-956.3657,-10.745682022471911,-262.8633,-0.02953520224719101,-2.308849
8,0.064,-969.3481,-10.891551685393258,-272.0662,-0.030569235955056177,-2.384862
8,0.06425,-981.4998,-11.028087640449439,-281.8424,-0.03166768539325843,-2.459572
8,0.0645,-993.3917,-11.161704494382024,-290.8994,-0.03268532584269663,-2.532674
8,0.06475,-1005.245,-11.294887640449438,-300.6086,-0.033776247191011244,-2.604914
8,0.065,-1016.92,-11.426067415730337,-309.7566,-0.03480411235955056,-2.677192
8,0.06525,-1028.255,-11.553426966292136,-318.7587,-0.03581558426966292,-2.749954
8,0.0655,-1038.749,-11.671337078651685,-328.6252,-0.036924179775280896,-2.822547
8,0.06575,-1049.952,-11.797213483146068,-338.1285,-0.03799196629213483,-2.89367
8,0.066,-1060.612,-11.916988764044945,-346.1792,-0.038896539325842694,-2.963299
8,0.06625,-1071.112,-12.034966292134834,-355.075,-0.03989606741573033,-3.031555
8,0.0665,-1081.338,-12.149865168539325,-363.3382,-0.040824516853932576,-3.098425
8,0.06675,-1091.282,-12.261595505617978,-372.187,-0.04181876404494382,-3.164234
8,0.067,-1100.932,-12.370022471910113,-380.6102,-0.04276519101123596,-3.229104
8,0.06725,-1109.961,-12.471471910112362,-388.5518,-0.04365750561797753,-3.292971
8,0.0675,-1118.801,-12.57079775280899,-396.3503,-0.044533741573033706,-3.355571
8,0.06775,-1127.911,-12.673157303370788,-404.7567,-0.04547828089887641,-3.416899
8,0.068,-1136.438,-12.768966292134834,-411.1289,-0.04619425842696629,-3.476918
8,0.06825,-1144.524,-12.8598202247191,-418.7246,-0.04704770786516854,-3.535551
8,0.0685,-1152.391,-12.948213483146068,-425.7364,-0.04783555056179775,-3.592704
8,0.06875,-1159.95,-13.033146067415732,-432.1924,-0.048560943820224724,-3.648443
8,0.069,-1167.61,-13.119213483146066,-438.796,-0.049302921348314606,-3.70269
8,0.06925,-1174.814,-13.200157303370789,-445.294,-0.05003303370786517,-3.755521
8,0.0695,-1181.678,-13.277280898876406,-451.3936,-0.05071838202247191,-3.807093
8,0.06975,-1188.007,-13.348393258426968,-456.961,-0.05134393258426967,-3.85689
8,0.07,-1194.119,-13.417067415730337,-461.6997,-0.05187637078651686,-3.904936
8,0.07025,-1200.184,-13.485213483146069,-467.209,-0.05249539325842697,-3.951599
8,0.0705,-1205.408,-13.54391011235955,-471.9532,-0.053028449438202244,-3.996837
8,0.07075,-1210.746,-13.60388764044944,-477.4194,-0.05364262921348314,-4.040505
8,0.071,-1215.882,-13.66159550561798,-481.4271,-0.05409293258426966,-4.082473
8,0.07125,-1220.281,-13.71102247191011,-485.6454,-0.05456689887640449,-4.122844
8,0.0715,-1224.516,-13.758606741573036,-490.2488,-0.05508413483146068,-4.161614
8,0.07175,-1228.089,-13.798752808988764,-494.5106,-0.05556298876404494,-4.198706
8,0.072,-1231.403,-13.835988764044945,-497.7269,-0.05592437078651686,-4.234143
8,0.07225,-1234.833,-13.874528089887642,-501.0396,-0.05629658426966292,-4.26799
8,0.0725,-1237.897,-13.908955056179774,-504.3955,-0.056673651685393255,-4.300262
8,0.07275,-1240.881,-13.942483146067417,-507.5651,-0.057029786516853934,-4.330787
8,0.073,-1243.501,-13.971921348314607,-510.4257,-0.057351202247191015,-4.35956
8,0.07325,-1245.758,-13.997280898876406,-513.8121,-0.05773169662921348,-4.386593
8,0.0735,-1247.919,-14.021561797752812,-516.0393,-0.05798194382022472,-4.411846
8,0.07375,-1249.372,-14.03788764044944,-518.7952,-0.05829159550561798,-4.435396
8,0.074,-1250.588,-14.051550561797752,-521.1251,-0.05855338202247191,-4.457307
8,0.07425,-1252.054,-14.068022471910114,-523.3033,-0.05879812359550562,-4.477641
8,0.0745,-1252.676,-14.075011235955056,-524.3594,-0.05891678651685394,-4.49634
8,0.07475,-1253.196,-14.080853932584269,-526.1744,-0.0591207191011236,-4.513374
8,0.075,-1253.182,-14.080696629213485,-527.4267,-0.059261426966292136,-4.528851
8,0.07525,-1252.95,-14.07808988764045,-530.01,-0.05955168539325843,-4.542834
8,0.0755,-1252.408,-14.072,-530.7327,-0.05963288764044944,-4.555374
8,0.07575,-1251.65,-14.063483146067417,-531.8089,-0.05975380898876404,-4.566556
8,0.076,-1250.69,-14.052696629213484,-532.436,-0.059824269662921356,-4.576468
8,0.07625,-1249.382,-14.038000000000002,-532.916,-0.059878202247191016,-4.585251
8,0.0765,-1246.914,-14.010269662921349,-533.7082,-0.05996721348314608,-4.593021
8,0.07675,-1245.353,-13.992730337078655,-534.5894,-0.06006622471910112,-4.599876
8,0.077,-1242.454,-13.960157303370787,-533.7545,-0.05997241573033708,-4.605884
8,0.07725,-1239.928,-13.93177528089888,-535.9217,-0.06021592134831461,-4.611128
8,0.0775,-1237.116,-13.9001797752809,-535.315,-0.06014775280898877,-4.615663
8,0.07775,-1233.34,-13.857752808988764,-536.808,-0.06031550561797753,-4.619478
8,0.078,-1230.097,-13.821314606741574,-535.6621,-0.06018675280898876,-4.622679
8,0.07825,-1225.884,-13.773977528089889,-535.8899,-0.06021234831460674,-4.625413
8,0.0785,-1221.852,-13.728674157303372,-537.108,-0.060349213483146064,-4.627736
8,0.07875,-1217.025,-13.674438202247194,-536.0068,-0.06022548314606742,-4.62967
8,0.079,-1212.328,-13.621662921348316,-536.0778,-0.0602334606741573,-4.631241
8,0.07925,-1206.175,-13.552528089887641,-536.2182,-0.06024923595505618,-4.632483
8,0.0795,-1200.643,-13.490370786516854,-536.0833,-0.0602340786516854,-4.633438
8,0.07975,-1195.329,-13.430662921348313,-536.2268,-0.06025020224719102,-4.634154
8,0.08,-1188.766,-13.356921348314609,-534.8248,-0.060092674157303363,-4.634668
8,0.08025,-1183.244,-13.294876404494381,-535.6621,-0.06018675280898876,-4.635015
8,0.0805,-1176.637,-13.220640449438202,-536.035,-0.06022865168539325,-4.635145
8,0.08075,-1169.488,-13.140314606741574,-535.9452,-0.060218561797752805,-4.634938
8,0.081,-1162.706,-13.064112359550561,-534.4522,-0.06005080898876405,-4.634237
8,0.08125,-1155.852,-12.987101123595506,-534.2906,-0.060032651685393255,-4.632844
8,0.0815,-1148.006,-12.89894382022472,-534.3906,-0.060043887640449434,-4.630478
8,0.08175,-1139.998,-12.808966292134832,-533.3443,-0.05992632584269663,-4.626704
8,0.082,-1132.243,-12.721831460674156,-531.7328,-0.059745258426966284,-4.620865
8,0.08225,-1122.88,-12.616629213483147,-530.2147,-0.05957468539325842,-4.61188
8,0.0825,-1114.309,-12.520325842696629,-528.624,-0.059395955056179776,-4.598459
8,0.08275,-1105.14,-12.417303370786518,-525.7893,-0.05907744943820225,-4.580457
8,0.083,-1095.378,-12.30761797752809,-521.1851,-0.05856012359550562,-4.559521
8,0.08325,-1085.284,-12.194202247191013,-517.5833,-0.05815542696629214,-4.539387
8,0.0835,-1075.583,-12.085202247191013,-515.3754,-0.05790734831460675,-4.52177
8,0.08375,-1066.033,-11.977898876404494,-512.6889,-0.05760549438202247,-4.504652
8,0.084,-1055.373,-11.85812359550562,-508.7962,-0.057168112359550556,-4.486086
8,0.08425,-1043.854,-11.728696629213484,-505.1799,-0.05676178651685393,-4.46531
8,0.0845,-1032.706,-11.60343820224719,-501.495,-0.056347752808988766,-4.442497
8,0.08475,-1021.449,-11.476955056179776,-497.2971,-0.055876078651685396,-4.418551
8,0.085,-1009.809,-11.346168539325843,-492.976,-0.05539056179775281,-4.39476
8,0.08525,-997.7034,-11.210150561797752,-488.7413,-0.05491475280898876,-4.37122
8,0.0855,-986.2957,-11.081974157303371,-485.3148,-0.05452975280898876,-4.347004
8,0.08575,-973.4491,-10.937630337078652,-480.9812,-0.054042831460674165,-4.321462
8,0.086,-961.15,-10.799438202247192,-475.6891,-0.053448213483146066,-4.294626
8,0.08625,-948.8201,-10.660900000000002,-471.3995,-0.05296623595505618,-4.266886
8,0.0865,-936.0783,-10.517733707865169,-466.3694,-0.052401056179775286,-4.238571
8,0.08675,-922.3109,-10.36304382022472,-461.8542,-0.051893730337078656,-4.209639
8,0.087,-908.9679,-10.213122471910111,-456.2782,-0.05126721348314607,-4.179911
8,0.08725,-895.5429,-10.062279775280901,-451.1955,-0.05069612359550562,-4.149345
8,0.0875,-881.9259,-9.909279775280899,-445.5144,-0.05005779775280899,-4.118067
8,0.08775,-867.5072,-9.74727191011236,-440.1898,-0.04945952808988764,-4.086119
8,0.088,-853.2774,-9.587386516853933,-434.0918,-0.048774359550561794,-4.053136
8,0.08825,-838.6266,-9.422770786516855,-428.4177,-0.0481368202247191,-4.018828
8,0.0885,-823.6887,-9.254929213483146,-422.1738,-0.0474352584269663,-3.983507
8,0.08875,-808.959,-9.089426966292134,-416.3445,-0.046780280898876404,-3.947545
8,0.089,-794.2394,-8.924038202247191,-409.5903,-0.04602138202247191,-3.911048
8,0.08925,-778.9247,-8.751962921348316,-402.5123,-0.0452261011235955,-3.873932
8,0.0895,-763.4504,-8.57809438202247,-396.2927,-0.04452726966292135,-3.835743
8,0.08975,-747.2569,-8.396144943820225,-389.7923,-0.043796887640449436,-3.796376
8,0.09,-731.2007,-8.215738202247191,-381.753,-0.04289359550561798,-3.756413
8,0.09025,-715.7112,-8.041698876404494,-375.3173,-0.04217048314606742,-3.715976
8,0.0905,-699.1085,-7.855151685393259,-367.7255,-0.04131747191011236,-3.674298
8,0.09075,-682.4449,-7.667920224719102,-360.2121,-0.04047326966292135,-3.631008
8,0.091,-665.983,-7.482955056179775,-351.7795,-0.03952578651685393,-3.586875
8,0.09125,-648.5572,-7.287159550561798,-344.5155,-0.03870960674157303,-3.542422
8,0.0915,-632.1201,-7.102473033707866,-336.788,-0.03784134831460675,-3.497391
8,0.09175,-614.432,-6.9037303370786525,-329.6182,-0.03703575280898876,-3.451596
8,0.092,-596.951,-6.707314606741574,-321.6691,-0.03614259550561798,-3.404884
8,0.09225,-579.4462,-6.510631460674157,-312.8486,-0.03515152808988764,-3.357116
8,0.0925,-562.1415,-6.316196629213483,-305.1352,-0.03428485393258427,-3.308274
8,0.09275,-544.2447,-6.115108988764044,-297.9512,-0.033477662921348315,-3.258261
8,0.093,-526.67,-5.917640449438203,-289.4786,-0.032525685393258424,-3.207497
8,0.09325,-508.7625,-5.716432584269663,-280.849,-0.03155606741573034,-3.156281
8,0.0935,-490.461,-5.5107977528089895,-272.907,-0.03066370786516854,-3.104138
8,0.09375,-473.3138,-5.318132584269663,-265.6933,-0.029853179775280902,-3.050618
8,0.094,-454.0029,-5.101156179775281,-256.2809,-0.02879560674157303,-2.996001
8,0.09425,-436.0255,-4.8991629213483145,-247.0267,-0.027755808988764046,-2.94074
8,0.0945,-417.604,-4.6921797752808985,-238.874,-0.026839775280898877,-2.884774
8,0.09475,-398.9474,-4.482555056179775,-230.4218,-0.025890089887640445,-2.827944
8,0.095,-380.3147,-4.273198876404495,-220.5937,-0.024785808988764046,-2.770116
8,0.09525,-361.4728,-4.061492134831461,-211.705,-0.023787078651685396,-2.711256
8,0.0955,-342.3887,-3.8470640449438203,-203.2743,-0.022839808988764046,-2.65125
8,0.09575,-323.676,-3.6368089887640447,-194.3279,-0.02183459550561798,-2.590114
8,0.096,-304.3372,-3.4195191011235955,-184.7214,-0.020755213483146066,-2.528242
8,0.09625,-284.9984,-3.2022292134831463,-174.9291,-0.019654955056179774,-2.465861
8,0.0965,-266.2603,-2.9916887640449437,-166.0309,-0.018655157303370785,-2.402612
8,0.09675,-246.7189,-2.7721224719101123,-156.0766,-0.017536696629213484,-2.338238
8,0.097,-227.2439,-2.553302247191011,-145.6399,-0.01636403370786517,-2.27276
8,0.09725,-207.7212,-2.3339460674157304,-134.9546,-0.015163438202247193,-2.206301
8,0.0975,-188.3708,-2.116525842696629,-124.7187,-0.014013337078651685,-2.138836
8,0.09775,-168.8188,-1.8968404494382025,-113.7592,-0.012781932584269665,-2.070329
8,0.098,-149.9135,-1.6844213483146069,-101.7358,-0.011430988764044943,-2.000965
8,0.09825,-129.5248,-1.4553348314606742,-90.62925,-0.010183061797752808,-1.930749
8,0.0985,-110.0644,-1.2366786516853934,-78.8109,-0.008855157303370787,-1.859553
8,0.09875,-90.41567,-1.0159064044943822,-67.36043,-0.007568587640449438,-1.78736
8,0.099,-70.20521,-0.7888225842696629,-54.76204,-0.006153038202247192,-1.714313
8,0.09925,-50.98139,-0.572824606741573,-43.3547,-0.004871314606741573,-1.64059
8,0.0995,-30.96238,-0.34789191011235954,-31.08104,-0.0034922516853932587,-1.566134
8,0.09975,-11.0077,-0.12368202247191011,-19.12348,-0.002148705617977528,-1.490861
8,0.1,5.028779,0.056503134831460675,-7.003941,-0.0007869596629213484,-1.422958
9,0.0,9.596917,0.10783052808988763,0.0,0.0,-1.781699
9,0.00025,30.63943,0.3442632584269663,14.50517,0.001629794382022472,-1.688124
9,0.0005,50.93904,0.5723487640449437,28.97504,0.0032556224719101122,-1.593171
9,0.00075,66.04205,0.7420455056179776,42.43975,0.004768511235955056,-1.497131
9,0.001,94.83144,1.065521797752809,56.1684,0.00631105617977528,-1.400444
9,0.00125,117.818,1.3237977528089888,70.16961,0.00788422584269663,-1.302993
9,0.0015,137.6364,1.5464764044943822,83.55158,0.00938781797752809,-1.204508
9,0.00175,157.854,1.7736404494382025,96.38762,0.010830069662921347,-1.104836
9,0.002,178.6732,2.0075640449438206,111.212,0.012495730337078653,-1.004246
9,0.00225,200.5338,2.253188764044944,125.5807,0.014110191011235952,-0.9029856
9,0.0025,221.9117,2.4933898876404497,140.3871,0.015773831460674157,-0.8008484
9,0.00275,243.547,2.7364831460674157,154.5954,0.01737026966292135,-0.6978426
9,0.003,264.4564,2.971420224719101,171.5273,0.01927273033707865,-0.5943149
9,0.00325,284.8836,3.200939325842697,187.4126,0.021057595505617976,-0.490327
9,0.0035,306.6014,3.4449595505617983,203.1539,0.022826280898876405,-0.3855489
9,0.00375,326.7713,3.6715876404494385,219.4188,0.02465379775280899,-0.2799849
9,0.004,347.9006,3.9089955056179777,237.0355,0.026633202247191012,-0.1741006
9,0.00425,368.7381,4.143124719101124,252.9604,0.028422516853932583,-0.06794075
9,0.0045,389.1086,4.372006741573035,269.2272,0.030250247191011236,0.03868644
9,0.00475,410.333,4.610483146067416,285.5811,0.03208776404494382,0.1456835
9,0.005,430.7749,4.840167415730337,302.597,0.03399966292134832,0.2528805
9,0.00525,451.3511,5.071360674157303,318.7423,0.03581374157303371,0.3601286
9,0.0055,472.102,5.304516853932584,334.7365,0.03761084269662921,0.467634
9,0.00575,491.9518,5.527548314606742,349.459,0.039265056179775285,0.5753409
9,0.006,512.4434,5.757791011235955,364.6489,0.04097178651685393,0.6828027
9,0.00625,532.3616,5.981591011235955,378.983,0.0425823595505618,0.7899218
9,0.0065,552.2428,6.204975280898877,392.9231,0.044148662921348315,0.8966936
9,0.00675,572.3115,6.430466292134832,407.431,0.04577876404494382,1.003076
9,0.007,591.3398,6.644267415730337,421.6024,0.04737105617977528,1.109196
9,0.00725,610.4628,6.8591325842696635,435.9017,0.0489777191011236,1.214982
9,0.0075,630.1232,7.0800359550561796,451.3704,0.05071577528089888,1.320335
9,0.00775,648.8426,7.290366292134832,465.3771,0.05228956179775281,1.425362
9,0.008,668.0239,7.505886516853933,481.2228,0.05406997752808989,1.529744
9,0.00825,686.2605,7.710792134831461,495.9715,0.055727134831460676,1.633028
9,0.0085,704.9616,7.920916853932584,511.4183,0.057462730337078646,1.735396
9,0.00875,723.5058,8.129278651685395,526.2744,0.059131955056179776,1.837056
9,0.009,741.6872,8.33356404494382,542.6448,0.060971325842696635,1.937834
9,0.00925,759.6443,8.535329213483147,557.7657,0.06267030337078652,2.037616
9,0.0095,777.4935,8.73588202247191,572.7289,0.06435156179775281,2.13629
9,0.00975,794.9603,8.932138202247192,588.4397,0.06611682022471911,2.233872
9,0.01,812.3714,9.127768539325844,603.1923,0.06777441573033709,2.330459
9,0.01025,829.5748,9.321065168539326,617.9014,0.06942712359550561,2.425949
9,0.0105,846.4789,9.510998876404495,631.8642,0.07099597752808988,2.520028
9,0.01075,863.0047,9.69668202247191,646.3603,0.07262475280898878,2.612567
9,0.011,880.2466,9.890411235955057,659.3764,0.07408723595505617,2.703716
9,0.01125,895.9939,10.067347191011237,672.6807,0.07558210112359551,2.793792
9,0.0115,912.3596,10.251231460674159,685.0034,0.07696667415730338,2.882653
9,0.01175,928.3013,10.430351685393259,696.7645,0.07828814606741573,2.969911
9,0.012,944.3773,10.610980898876406,709.6189,0.0797324606741573,3.05556
9,0.01225,959.7402,10.783597752808989,721.2294,0.08103701123595507,3.13967
9,0.0125,975.1192,10.956395505617978,732.3611,0.08228776404494381,3.222329
9,0.01275,990.2096,11.125950561797755,743.7119,0.08356313483146068,3.303451
9,0.013,1005.332,11.295865168539327,756.2754,0.08497476404494382,3.382926
9,0.01325,1020.093,11.461719101123595,767.3702,0.08622137078651686,3.460883
9,0.0135,1034.661,11.625404494382025,779.052,0.08753393258426966,3.537484
9,0.01375,1048.532,11.781258426966291,790.0699,0.08877189887640449,3.612644
9,0.014,1062.497,11.938168539325845,801.9663,0.09010857303370787,3.686173
9,0.01425,1075.735,12.08691011235955,812.5093,0.09129317977528091,3.758035
9,0.0145,1089.243,12.238685393258427,824.0339,0.09258807865168539,3.828332
9,0.01475,1102.332,12.385752808988766,835.1326,0.09383512359550562,3.897122
9,0.015,1114.146,12.518494382022473,846.96,0.09516404494382023,3.964367
9,0.01525,1127.036,12.663325842696631,857.7912,0.09638103370786517,4.03004
9,0.0155,1139.351,12.801696629213486,869.102,0.09765191011235955,4.094294
9,0.01575,1150.973,12.932280898876405,878.9446,0.0987578202247191,4.157161
9,0.016,1162.551,13.062370786516855,890.1158,0.10001301123595506,4.218591
9,0.01625,1173.572,13.18620224719101,900.4023,0.10116879775280897,4.278238
9,0.0165,1184.414,13.308022471910114,910.4625,0.10229915730337079,4.336125
9,0.01675,1195.348,13.430876404494382,919.7101,0.10333821348314606,4.392705
9,0.017,1205.765,13.547921348314608,930.295,0.10452752808988765,4.447673
9,0.01725,1216.358,13.666943820224718,939.2183,0.10553014606741573,4.500798
9,0.0175,1225.9,13.774157303370789,948.1471,0.10653338202247192,4.552251
9,0.01775,1235.777,13.885134831460675,955.7542,0.10738811235955056,4.601929
9,0.018,1244.439,13.982460674157304,964.45,0.10836516853932586,4.649883
9,0.01825,1253.563,14.08497752808989,972.4395,0.10926286516853931,4.696206
9,0.0185,1262.304,14.183191011235957,979.1214,0.1100136404494382,4.741017
9,0.01875,1270.615,14.276573033707866,986.5089,0.11084369662921348,4.784452
9,0.019,1278.584,14.366112359550563,993.3376,0.11161096629213484,4.826357
9,0.01925,1286.206,14.451752808988763,999.161,0.1122652808988764,4.866746
9,0.0195,1293.354,14.532067415730339,1005.625,0.11299157303370785,4.905601
9,0.01975,1300.775,14.61544943820225,1011.448,0.11364584269662921,4.942863
9,0.02,1307.295,14.68870786516854,1017.756,0.11435460674157304,4.978504
9,0.02025,1313.481,14.758213483146069,1022.003,0.114831797752809,5.01256
9,0.0205,1319.817,14.829404494382022,1027.735,0.11547584269662921,5.045135
9,0.02075,1325.989,14.898752808988766,1031.577,0.11590752808988765,5.076583
9,0.021,1330.833,14.9531797752809,1037.032,0.11652044943820225,5.106773
9,0.02125,1336.557,15.017494382022473,1041.138,0.11698179775280898,5.134775
9,0.0215,1340.977,15.067157303370788,1045.297,0.11744910112359551,5.160833
9,0.02175,1345.234,15.114988764044943,1048.669,0.11782797752808989,5.185855
9,0.022,1349.166,15.159168539325844,1053.009,0.1183156179775281,5.210047
9,0.02225,1353.318,15.205820224719101,1056.1,0.11866292134831459,5.232894
9,0.0225,1356.629,15.24302247191011,1058.801,0.11896640449438202,5.254123
9,0.02275,1359.704,15.277573033707865,1062.199,0.11934820224719102,5.274035
9,0.023,1361.834,15.30150561797753,1065.374,0.11970494382022472,5.292553
9,0.02325,1364.376,15.330067415730339,1067.924,0.11999146067415731,5.309603
9,0.0235,1366.078,15.349191011235956,1070.115,0.1202376404494382,5.32535
9,0.02375,1367.288,15.362786516853934,1072.706,0.12052876404494381,5.340124
9,0.024,1369.365,15.386123595505618,1075.288,0.12081887640449439,5.353832
9,0.02425,1370.271,15.396303370786518,1077.731,0.12109337078651686,5.36636
9,0.0245,1370.929,15.403696629213485,1078.492,0.12117887640449437,5.377742
9,0.02475,1371.809,15.413584269662923,1079.575,0.12130056179775281,5.388002
9,0.025,1372.033,15.416101123595505,1081.597,0.12152775280898877,5.397312
9,0.02525,1371.587,15.41108988764045,1082.614,0.12164202247191011,5.405615
9,0.0255,1371.203,15.406775280898877,1083.549,0.12174707865168538,5.412993
9,0.02575,1370.478,15.398629213483147,1083.75,0.1217696629213483,5.419522
9,0.026,1368.828,15.38008988764045,1084.567,0.1218614606741573,5.425249
9,0.02625,1366.782,15.357101123595505,1085.116,0.12192314606741574,5.430169
9,0.0265,1365.666,15.344561797752808,1085.416,0.12195685393258425,5.434365
9,0.02675,1363.269,15.317629213483148,1085.18,0.12193033707865168,5.437996
9,0.027,1360.187,15.283,1085.474,0.12196337078651685,5.44111
9,0.02725,1357.034,15.247573033707868,1085.841,0.12200460674157301,5.443743
9,0.0275,1354.142,15.215078651685396,1085.334,0.12194764044943822,5.445961
9,0.02775,1350.072,15.169348314606742,1085.352,0.12194966292134832,5.447826
9,0.028,1346.316,15.127146067415731,1084.725,0.12187921348314606,5.449358
9,0.02825,1342.358,15.082674157303371,1085.344,0.12194876404494383,5.450572
9,0.0285,1337.522,15.028337078651687,1084.448,0.12184808988764045,5.451543
9,0.02875,1332.562,14.972606741573035,1084.428,0.12184584269662924,5.452261
9,0.029,1327.175,14.912078651685393,1084.961,0.12190573033707866,5.452703
9,0.02925,1321.404,14.84723595505618,1084.013,0.12179921348314607,5.452914
9,0.0295,1315.622,14.78226966292135,1083.424,0.12173303370786516,5.452953
9,0.02975,1309.291,14.711134831460674,1083.014,0.12168696629213482,5.452872
9,0.03,1302.515,14.635000000000002,1083.523,0.12174415730337078,5.45269
9,0.03025,1295.975,14.561516853932584,1082.379,0.12161561797752807,5.452349
9,0.0305,1288.382,14.476202247191013,1081.045,0.12146573033707866,5.451739
9,0.03075,1281.409,14.397853932584272,1081.348,0.12149977528089888,5.450678
9,0.031,1272.889,14.302123595505618,1080.735,0.12143089887640449,5.448985
9,0.03125,1264.896,14.212314606741574,1080.305,0.12138258426966292,5.446637
9,0.0315,1256.738,14.120651685393259,1079.301,0.12126977528089887,5.443398
9,0.03175,1248.127,14.023898876404495,1078.235,0.12115,5.43863
9,0.032,1239.364,13.925438202247193,1077.304,0.12104539325842698,5.430714
9,0.03225,1229.323,13.81261797752809,1074.358,0.12071438202247191,5.417147
9,0.0325,1219.493,13.702168539325843,1069.241,0.12013943820224719,5.398982
9,0.03275,1209.656,13.591640449438202,1065.134,0.1196779775280899,5.380441
9,0.033,1199.577,13.478393258426967,1062.611,0.11939449438202249,5.364181
9,0.03325,1189.017,13.359741573033709,1059.336,0.11902651685393258,5.349879
9,0.0335,1178.583,13.24250561797753,1056.372,0.11869348314606741,5.335453
9,0.03375,1167.846,13.121865168539326,1052.719,0.11828303370786518,5.319304
9,0.034,1156.121,12.99012359550562,1048.912,0.1178552808988764,5.300831
9,0.03425,1144.195,12.856123595505618,1046.144,0.11754426966292136,5.281001
9,0.0345,1132.319,12.722685393258427,1041.655,0.11703988764044944,5.261103
9,0.03475,1119.928,12.583460674157305,1037.382,0.11655977528089888,5.241374
9,0.035,1107.12,12.439550561797752,1034.286,0.11621191011235955,5.221151
9,0.03525,1093.929,12.291337078651686,1030.024,0.11573303370786515,5.199907
9,0.0355,1081.26,12.148988764044946,1024.754,0.11514089887640448,5.177783
9,0.03575,1067.625,11.995786516853935,1020.58,0.11467191011235957,5.154874
9,0.036,1053.791,11.840348314606741,1016.105,0.11416910112359552,5.131566
9,0.03625,1039.743,11.682505617977528,1011.969,0.11370438202247192,5.10766
9,0.0365,1025.537,11.522887640449438,1007.515,0.11320393258426967,5.082661
9,0.03675,1010.953,11.359022471910114,1002.432,0.11263280898876406,5.05662
9,0.037,996.1436,11.192624719101124,997.5566,0.11208501123595506,5.029676
9,0.03725,981.4129,11.027111235955058,993.4199,0.11162021348314606,5.002255
9,0.0375,966.2572,10.856822471910112,987.6251,0.11096911235955056,4.974436
9,0.03775,951.1126,10.686658426966293,981.6788,0.11030098876404495,4.945941
9,0.038,935.5715,10.512039325842698,976.508,0.10972,4.916307
9,0.03825,919.694,10.333640449438203,970.037,0.10899292134831462,4.885634
9,0.0385,903.6788,10.153694382022474,964.4876,0.10836939325842697,4.854508
9,0.03875,886.9621,9.965866292134832,957.5943,0.10759486516853933,4.822828
9,0.039,871.0042,9.78656404494382,951.0257,0.1068568202247191,4.790303
9,0.03925,854.3417,9.599344943820224,944.6649,0.10614212359550562,4.757053
9,0.0395,836.7462,9.401642696629215,937.6767,0.10535693258426966,4.723045
9,0.03975,819.3448,9.206121348314607,930.3303,0.10453149438202247,4.687978
9,0.04,802.8798,9.021121348314608,922.3632,0.10363631460674158,4.651879
9,0.04025,784.8634,8.818689887640451,914.7145,0.10277691011235957,4.614915
9,0.0405,767.4007,8.6224797752809,906.6188,0.1018672808988764,4.577228
9,0.04075,749.3352,8.419496629213484,898.2496,0.1009269213483146,4.53872
9,0.041,731.5721,8.219911235955056,889.7993,0.09997744943820225,4.499119
9,0.04125,713.2043,8.013531460674157,880.8855,0.09897589887640448,4.458753
9,0.0415,695.0096,7.809096629213483,872.5054,0.09803431460674158,4.417899
9,0.04175,676.0887,7.596502247191012,862.9832,0.09696440449438203,4.376313
9,0.042,657.3521,7.3859786516853925,854.1945,0.09597691011235955,4.333744
9,0.04225,637.8057,7.166356179775281,845.07,0.09495168539325843,4.29002
9,0.0425,618.8984,6.9539146067415745,835.002,0.09382044943820224,4.245504
9,0.04275,599.552,6.736539325842697,825.7701,0.09278315730337078,4.200336
9,0.043,579.803,6.514640449438202,816.3648,0.09172638202247191,4.154239
9,0.04325,560.0919,6.293167415730338,806.2642,0.09059148314606741,4.106946
9,0.0435,540.3743,6.071621348314607,795.7256,0.08940737078651685,4.058556
9,0.04375,520.1309,5.844167415730337,786.3368,0.08835244943820225,4.009548
9,0.044,500.164,5.619820224719101,777.03,0.0873067415730337,3.959719
9,0.04425,479.8989,5.392122471910112,767.167,0.0861985393258427,3.908756
9,0.0445,460.0825,5.169466292134832,756.0993,0.08495497752808988,3.856853
9,0.04475,439.5919,4.939234831460674,745.9474,0.08381431460674157,3.80421
9,0.045,419.3637,4.711951685393259,736.5409,0.08275740449438203,3.75058
9,0.04525,398.8544,4.48151011235955,726.6588,0.08164705617977529,3.695708
9,0.0455,378.2124,4.249577528089888,715.2616,0.08036647191011237,3.639787
9,0.04575,357.7609,4.019785393258427,704.299,0.07913471910112359,3.583158
9,0.046,336.6793,3.782913483146068,694.6694,0.0780527415730337,3.525671
9,0.04625,316.0282,3.5508786516853936,684.0492,0.0768594606741573,3.466713
9,0.0465,295.3528,3.318570786516854,672.1065,0.07551758426966293,3.407015
9,0.04675,274.3572,3.0826651685393256,660.1913,0.07417879775280899,3.347274
9,0.047,253.3151,2.8462370786516855,649.555,0.07298370786516853,3.286421
9,0.04725,231.5305,2.6014662921348313,637.6833,0.07164980898876405,3.224038
9,0.0475,210.7436,2.367905617977528,624.8049,0.07020279775280899,3.160525
9,0.04775,188.8516,2.1219280898876405,611.4175,0.06869859550561798,3.096121
9,0.048,167.4732,1.8817213483146067,598.6324,0.06726206741573033,3.030671
9,0.04825,146.8935,1.6504887640449437,585.5273,0.06578958426966292,2.964136
9,0.0485,124.5882,1.3998674157303372,571.1151,0.06417023595505618,2.896769
9,0.04875,103.5643,1.163643820224719,557.3276,0.0626210786516854,2.828535
9,0.049,81.61509,0.9170234831460674,544.7155,0.06120398876404494,2.759032
9,0.04925,60.29238,0.6774424719101124,530.2657,0.05958041573033709,2.688439
9,0.0495,39.03197,0.43856146067415736,515.515,0.05792303370786517,2.617288
9,0.04975,18.0096,0.20235505617977528,501.7091,0.056371808988764045,2.54547
9,0.05,-3.910258,-0.04393548314606741,488.6393,0.05490329213483146,2.472564
9,0.05025,-25.45076,-0.285963595505618,474.8326,0.05335197752808989,2.398729
9,0.0505,-47.48408,-0.533528988764045,462.8088,0.05200098876404494,2.324232
9,0.05075,-68.59153,-0.770691348314607,449.0734,0.05045768539325842,2.248848
9,0.051,-90.25916,-1.0141478651685394,437.1896,0.049122426966292126,2.172191
9,0.05125,-112.0716,-1.2592314606741575,424.0751,0.04764888764044944,2.094413
9,0.0515,-133.6572,-1.5017662921348314,410.8908,0.04616750561797753,2.01593
9,0.05175,-154.7161,-1.738383146067416,397.6383,0.0446784606741573,1.936923
9,0.052,-175.4968,-1.9718741573033711,386.1168,0.04338391011235956,1.857078
9,0.05225,-196.8246,-2.211512359550562,372.7125,0.041877808988764045,1.775947
9,0.0525,-218.471,-2.4547303370786517,359.3619,0.040377741573033706,1.693985
9,0.05275,-239.2112,-2.6877662921348313,345.1344,0.03877914606741573,1.61152
9,0.053,-260.386,-2.9256853932584272,332.4693,0.037356101123595505,1.52812
9,0.05325,-280.9738,-3.1570089887640447,319.0372,0.03584687640449438,1.443742
9,0.0535,-301.9962,-3.3932157303370785,304.0645,0.03416455056179775,1.358721
9,0.05375,-322.4807,-3.6233786516853934,289.0291,0.0324751797752809,1.273009
9,0.054,-343.0918,-3.85496404494382,274.5895,0.030852752808988762,1.186334
9,0.05425,-364.4676,-4.095141573033708,259.5635,0.02916443820224719,1.098673
9,0.0545,-384.9673,-4.325475280898877,243.6049,0.027371337078651685,1.010318
9,0.05475,-405.6949,-4.558369662921349,228.8405,0.025712415730337074,0.9212533
9,0.055,-426.2994,-4.789880898876405,213.6227,0.024002550561797755,0.8312146
9,0.05525,-446.8735,-5.021050561797752,198.383,0.022290224719101127,0.7404005
9,0.0555,-467.28,-5.250337078651685,181.7879,0.020425606741573035,0.6490789
9,0.05575,-487.1536,-5.47363595505618,167.5636,0.018827370786516855,0.5571976
9,0.056,-507.707,-5.704573033707866,152.7949,0.01716796629213483,0.4646963
9,0.05625,-527.6374,-5.92851011235955,138.7309,0.015587741573033708,0.3715669
9,0.0565,-547.4619,-6.1512573033707865,123.7508,0.013904584269662922,0.2780644
9,0.05675,-567.1314,-6.372262921348315,109.3284,0.01228408988764045,0.1840991
9,0.057,-586.0149,-6.5844370786516855,96.72019,0.010867437078651686,0.0893945
9,0.05725,-605.7487,-6.8061651685393265,83.09743,0.009336789887640449,-0.006004719
9,0.0575,-624.9812,-7.022260674157303,68.72404,0.007721802247191012,-0.1016515
9,0.05775,-643.7436,-7.233074157303371,54.77459,0.0061544483146067416,-0.1974987
9,0.058,-662.7546,-7.446680898876405,41.05967,0.0046134460674157295,-0.2939076
9,0.05825,-681.5454,-7.657813483146067,27.68202,0.0031103393258426967,-0.3907687
9,0.0585,-700.0647,-7.865895505617979,13.05253,0.0014665764044943823,-0.487958
9,0.05875,-718.5566,-8.073669662921349,-1.6299,-0.00018313483146067415,-0.5857148
9,0.059,-736.9144,-8.279937078651686,-15.9378,-0.0017907640449438204,-0.6837498
9,0.05925,-754.2865,-8.475129213483147,-30.33198,-0.0034080876404494385,-0.7816319
9,0.0595,-772.515,-8.67994382022472,-45.40188,-0.005101334831460674,-0.8797403
9,0.05975,-790.3019,-8.879796629213484,-61.51773,-0.006912104494382022,-0.9783022
9,0.06,-807.6735,-9.074983146067416,-75.16402,-0.008445395505617978,-1.077115
9,0.06025,-825.3444,-9.273532584269661,-89.94254,-0.010105903370786515,-1.176286
9,0.0605,-842.1477,-9.46233370786517,-104.7485,-0.011769494382022473,-1.275638
9,0.06075,-858.6492,-9.64774382022472,-119.349,-0.01341,-1.374627
9,0.061,-874.8969,-9.830302247191012,-132.3015,-0.014865337078651687,-1.47346
9,0.06125,-891.2636,-10.014197752808988,-146.9126,-0.016507033707865167,-1.572509
9,0.0615,-907.4642,-10.196226966292135,-160.7377,-0.01806041573033708,-1.671164
9,0.06175,-923.3897,-10.375165168539326,-173.6941,-0.019516191011235955,-1.7694
9,0.062,-939.5006,-10.556186516853934,-186.3286,-0.020935797752808988,-1.867564
9,0.06225,-955.1041,-10.731506741573034,-197.8779,-0.02223347191011236,-1.965426
9,0.0625,-970.0911,-10.899899999999999,-210.5743,-0.023660033707865166,-2.062953
9,0.06275,-985.3932,-11.071833707865169,-222.7245,-0.02502522471910112,-2.160116
9,0.063,-1000.601,-11.24270786516854,-233.778,-0.026267191011235952,-2.25706
9,0.06325,-1015.081,-11.405404494382022,-245.3925,-0.027572191011235953,-2.353801
9,0.0635,-1029.651,-11.569112359550564,-256.4551,-0.028815179775280902,-2.449997
9,0.06375,-1044.327,-11.734011235955057,-268.7119,-0.030192348314606744,-2.545333
9,0.064,-1058.285,-11.890842696629216,-279.505,-0.03140505617977528,-2.639797
9,0.06425,-1070.768,-12.031101123595507,-291.3724,-0.03273847191011236,-2.733921
9,0.0645,-1084.512,-12.18552808988764,-302.4762,-0.03398608988764045,-2.82728
9,0.06475,-1097.221,-12.32832584269663,-314.1596,-0.03529883146067416,-2.919713
9,0.065,-1109.675,-12.468258426966292,-324.43,-0.036452808988764046,-3.011621
9,0.06525,-1122.088,-12.607730337078651,-335.4868,-0.03769514606741573,-3.102375
9,0.0655,-1134.116,-12.742876404494382,-347.1902,-0.03901013483146068,-3.191709
9,0.06575,-1146.199,-12.878640449438205,-357.8136,-0.04020377528089888,-3.279921
9,0.066,-1157.416,-13.00467415730337,-368.3107,-0.04138322471910112,-3.367261
9,0.06625,-1169.55,-13.141011235955057,-378.1959,-0.04249392134831461,-3.453503
9,0.0665,-1179.779,-13.25594382022472,-388.4001,-0.043640460674157305,-3.538417
9,0.06675,-1190.629,-13.37785393258427,-399.0525,-0.0448373595505618,-3.622029
9,0.067,-1200.988,-13.494247191011238,-407.7565,-0.04581533707865169,-3.70447
9,0.06725,-1211.185,-13.608820224719102,-417.6641,-0.046928550561797754,-3.785712
9,0.0675,-1221.167,-13.720977528089886,-426.3203,-0.04790115730337079,-3.865466
9,0.06775,-1230.891,-13.830235955056182,-435.4068,-0.04892211235955055,-3.943569
9,0.068,-1239.79,-13.930224719101124,-443.5543,-0.04983756179775281,-4.020082
9,0.06825,-1248.94,-14.03303370786517,-451.7646,-0.05076006741573033,-4.095124
9,0.0685,-1257.481,-14.129,-460.0415,-0.051690056179775276,-4.168502
9,0.06875,-1265.348,-14.217393258426966,-467.9624,-0.05258004494382022,-4.240242
9,0.069,-1273.908,-14.313573033707865,-474.2926,-0.05329130337078652,-4.310468
9,0.06925,-1281.711,-14.401247191011237,-481.5448,-0.05410615730337078,-4.379218
9,0.0695,-1289.036,-14.483550561797754,-488.3346,-0.054869056179775284,-4.446212
9,0.06975,-1296.314,-14.565325842696632,-495.6844,-0.05569487640449438,-4.511113
9,0.07,-1302.759,-14.63774157303371,-500.8639,-0.05627684269662921,-4.574219
9,0.07025,-1309.567,-14.714235955056182,-506.098,-0.05686494382022472,-4.635379
9,0.0705,-1315.187,-14.77738202247191,-511.7654,-0.05750173033707866,-4.69463
9,0.07075,-1320.775,-14.840168539325845,-517.8947,-0.05819041573033707,-4.752037
9,0.071,-1326.774,-14.907573033707864,-522.5476,-0.058713213483146065,-4.807329
9,0.07125,-1331.915,-14.965337078651686,-526.8164,-0.05919285393258427,-4.860464
9,0.0715,-1336.509,-15.016955056179777,-531.5595,-0.059725786516853924,-4.911424
9,0.07175,-1340.825,-15.065449438202247,-536.5523,-0.060286775280898874,-4.960102
9,0.072,-1345.052,-15.112943820224718,-539.7274,-0.06064352808988764,-5.006673
9,0.07225,-1348.447,-15.151089887640449,-543.95,-0.061117977528089895,-5.051286
9,0.0725,-1352.405,-15.19556179775281,-546.7804,-0.061436,-5.093575
9,0.07275,-1354.772,-15.222157303370786,-549.8978,-0.06178626966292135,-5.133485
9,0.073,-1357.001,-15.24720224719101,-553.0682,-0.062142494382022476,-5.17128
9,0.07325,-1359.428,-15.27447191011236,-556.0221,-0.06247439325842696,-5.207116
9,0.0735,-1361.35,-15.296067415730336,-558.576,-0.06276134831460675,-5.240762
9,0.07375,-1363.317,-15.318168539325843,-560.8459,-0.06301639325842696,-5.272069
9,0.074,-1364.578,-15.332337078651687,-562.8801,-0.06324495505617977,-5.301216
9,0.07425,-1365.779,-15.345831460674159,-564.6547,-0.06344434831460674,-5.328269
9,0.0745,-1366.336,-15.35208988764045,-566.5631,-0.06365877528089887,-5.353135
9,0.07475,-1366.538,-15.354359550561798,-568.6134,-0.06388914606741573,-5.376138
9,0.075,-1367.254,-15.362404494382023,-570.0802,-0.06405395505617978,-5.397312
9,0.07525,-1366.855,-15.357921348314607,-570.9743,-0.06415441573033707,-5.416297
9,0.0755,-1366.169,-15.350213483146069,-571.8014,-0.06424734831460674,-5.433312
9,0.07575,-1365.485,-15.34252808988764,-573.2815,-0.06441365168539326,-5.44865
9,0.076,-1364.352,-15.329797752808991,-574.3937,-0.06453861797752809,-5.46233
9,0.07625,-1362.63,-15.31044943820225,-575.3899,-0.06465055056179775,-5.474358
9,0.0765,-1361.006,-15.292202247191014,-575.8205,-0.06469893258426966,-5.484728
9,0.07675,-1358.874,-15.268247191011236,-575.8401,-0.06470113483146067,-5.493633
9,0.077,-1355.791,-15.233606741573034,-575.9366,-0.06471197752808988,-5.50141
9,0.07725,-1352.909,-15.201224719101125,-576.7213,-0.06480014606741574,-5.508169
9,0.0775,-1349.46,-15.16247191011236,-577.2233,-0.06485655056179776,-5.513931
9,0.07775,-1345.535,-15.118370786516856,-577.3178,-0.06486716853932585,-5.51886
9,0.078,-1341.913,-15.077674157303372,-577.2959,-0.06486470786516853,-5.523112
9,0.07825,-1337.413,-15.027112359550562,-577.077,-0.06484011235955056,-5.526771
9,0.0785,-1333.251,-14.980348314606744,-577.5594,-0.06489431460674157,-5.529903
9,0.07875,-1327.937,-14.920640449438203,-577.5661,-0.06489506741573034,-5.532574
9,0.079,-1322.491,-14.859449438202248,-577.0951,-0.06484214606741573,-5.53484
9,0.07925,-1317.052,-14.798337078651684,-576.9896,-0.06483029213483146,-5.536749
9,0.0795,-1311.396,-14.734786516853932,-576.7417,-0.0648024382022472,-5.538327
9,0.07975,-1304.718,-14.659752808988765,-577.6257,-0.06490176404494383,-5.539586
9,0.08,-1298.523,-14.590146067415729,-577.0139,-0.06483302247191013,-5.540551
9,0.08025,-1291.097,-14.50670786516854,-576.5198,-0.06477750561797753,-5.541289
9,0.0805,-1283.923,-14.426101123595506,-576.2707,-0.06474951685393258,-5.541882
9,0.08075,-1275.788,-14.334696629213484,-576.95,-0.06482584269662922,-5.542311
9,0.081,-1268.35,-14.251123595505618,-575.6821,-0.06468338202247191,-5.54242
9,0.08125,-1259.952,-14.15676404494382,-576.0503,-0.06472475280898876,-5.542046
9,0.0815,-1251.412,-14.060808988764045,-575.5044,-0.06466341573033708,-5.541036
9,0.08175,-1242.305,-13.958483146067417,-575.6197,-0.06467637078651685,-5.539291
9,0.082,-1234.063,-13.865876404494383,-574.5396,-0.06455501123595506,-5.536573
9,0.08225,-1225.469,-13.769314606741574,-573.8714,-0.06447993258426966,-5.531935
9,0.0825,-1217.081,-13.675067415730336,-572.598,-0.06433685393258426,-5.522913
9,0.08275,-1206.42,-13.555280898876406,-570.1111,-0.06405742696629213,-5.505045
9,0.083,-1194.129,-13.417179775280898,-566.0423,-0.06360025842696629,-5.479815
9,0.08325,-1183.518,-13.297955056179777,-562.357,-0.06318617977528089,-5.455653
9,0.0835,-1173.61,-13.186629213483146,-559.827,-0.06290191011235954,-5.435984
9,0.08375,-1163.115,-13.068707865168541,-558.1469,-0.06271313483146067,-5.418426
9,0.084,-1152.562,-12.950134831460673,-554.3875,-0.06229073033707865,-5.399624
9,0.08425,-1140.486,-12.81444943820225,-551.061,-0.06191696629213484,-5.37718
9,0.0845,-1127.373,-12.667112359550563,-547.7632,-0.06154642696629214,-5.351892
9,0.08475,-1114.224,-12.519370786516854,-544.0375,-0.06112780898876404,-5.3259
9,0.085,-1102.061,-12.38270786516854,-539.976,-0.0606714606741573,-5.30007
9,0.08525,-1089.766,-12.24456179775281,-536.1189,-0.060238078651685394,-5.274056
9,0.0855,-1077.098,-12.102224719101123,-532.1246,-0.059789280898876404,-5.247031
9,0.08575,-1062.984,-11.943640449438202,-527.962,-0.05932157303370786,-5.218564
9,0.086,-1048.577,-11.78176404494382,-523.7488,-0.058848179775280895,-5.188726
9,0.08625,-1034.958,-11.62874157303371,-518.4159,-0.05824897752808989,-5.158075
9,0.0865,-1020.74,-11.468988764044946,-513.2631,-0.057670011235955054,-5.126636
9,0.08675,-1007.21,-11.316966292134833,-508.6287,-0.057149292134831456,-5.093921
9,0.087,-992.0307,-11.146412359550563,-502.9456,-0.056510741573033714,-5.060277
9,0.08725,-976.8836,-10.976220224719102,-497.1088,-0.05585492134831461,-5.026303
9,0.0875,-961.224,-10.80026966292135,-491.8089,-0.05525942696629213,-4.991857
9,0.08775,-946.2744,-10.632296629213485,-486.7713,-0.05469340449438203,-4.956185
9,0.088,-931.0575,-10.461320224719103,-480.3231,-0.053968887640449444,-4.919149
9,0.08825,-915.0858,-10.281862921348315,-473.9686,-0.05325489887640449,-4.881221
9,0.0885,-898.9658,-10.100739325842696,-467.3424,-0.05251038202247191,-4.842448
9,0.08875,-882.9171,-9.920416853932586,-461.495,-0.051853370786516854,-4.802567
9,0.089,-866.0429,-9.730819101123595,-454.884,-0.05111056179775281,-4.761539
9,0.08925,-849.4772,-9.544687640449439,-447.3333,-0.05026216853932584,-4.719594
9,0.0895,-832.2357,-9.350962921348314,-440.4835,-0.04949252808988765,-4.676619
9,0.08975,-815.4314,-9.162150561797755,-433.029,-0.04865494382022472,-4.632513
9,0.09,-798.2599,-8.969212359550562,-425.4097,-0.047798842696629214,-4.587647
9,0.09025,-780.2025,-8.766320224719102,-417.2186,-0.04687849438202247,-4.542092
9,0.0905,-763.3076,-8.576489887640449,-409.9347,-0.0460600786516854,-4.495454
9,0.09075,-745.3089,-8.374257303370786,-401.8118,-0.04514739325842697,-4.44733
9,0.091,-726.8332,-8.166665168539327,-393.216,-0.044181573033707865,-4.397912
9,0.09125,-708.6107,-7.96191797752809,-385.1669,-0.0432771797752809,-4.348033
9,0.0915,-690.4217,-7.757547191011237,-376.5727,-0.042311539325842695,-4.297631
9,0.09175,-671.7747,-7.548030337078652,-367.5432,-0.041296988764044945,-4.245888
9,0.092,-652.678,-7.333460674157303,-358.8779,-0.0403233595505618,-4.192729
9,0.09225,-633.363,-7.116438202247192,-349.2746,-0.039244337078651687,-4.138206
9,0.0925,-613.537,-6.893674157303371,-339.6254,-0.03816015730337079,-4.082271
9,0.09275,-594.4879,-6.679639325842697,-330.8002,-0.03716856179775281,-4.025534
9,0.093,-574.8387,-6.458861797752809,-320.7745,-0.03604207865168539,-3.968091
9,0.09325,-555.6427,-6.243176404494382,-312.4152,-0.03510283146067416,-3.909347
9,0.0935,-535.7017,-6.019120224719101,-302.9033,-0.034034078651685395,-3.849383
9,0.09375,-515.8681,-5.796270786516854,-292.7847,-0.03289715730337078,-3.788329
9,0.094,-495.1329,-5.563291011235955,-283.2994,-0.03183139325842697,-3.726023
9,0.09425,-474.9518,-5.336537078651686,-273.9298,-0.030778629213483146,-3.662511
9,0.0945,-454.8639,-5.110830337078651,-263.1539,-0.029567853932584272,-3.597433
9,0.09475,-435.5099,-4.893369662921349,-253.3596,-0.028467370786516854,-3.530561
9,0.095,-414.6957,-4.6595022471910115,-243.7108,-0.02738323595505618,-3.462858
9,0.09525,-394.6742,-4.434541573033708,-233.6478,-0.02625256179775281,-3.394779
9,0.0955,-373.7435,-4.199365168539326,-223.9986,-0.02516838202247191,-3.325573
9,0.09575,-352.7444,-3.963420224719101,-213.6212,-0.02400238202247191,-3.255084
9,0.096,-331.9702,-3.730002247191011,-203.8018,-0.02289907865168539,-3.183144
9,0.09625,-311.7669,-3.5029988764044946,-193.5463,-0.021746775280898877,-3.109637
9,0.0965,-290.8185,-3.2676235955056177,-183.1437,-0.020577943820224716,-3.035148
9,0.09675,-270.0706,-3.034501123595506,-171.7979,-0.019303134831460674,-2.959633
9,0.097,-248.3047,-2.7899404494382023,-160.0541,-0.017983606741573035,-2.882711
9,0.09725,-227.3639,-2.554650561797753,-147.9926,-0.016628382022471914,-2.803974
9,0.0975,-205.9323,-2.3138460674157306,-136.3782,-0.015323393258426965,-2.723649
9,0.09775,-184.5215,-2.073275280898877,-123.6833,-0.013897000000000001,-2.642345
9,0.098,-163.3603,-1.835508988764045,-110.7449,-0.012443247191011236,-2.560131
9,0.09825,-141.9414,-1.594847191011236,-97.64574,-0.010971431460674157,-2.476804
9,0.0985,-120.8314,-1.357656179775281,-85.60699,-0.009618762921348315,-2.391848
9,0.09875,-98.68918,-1.108867191011236,-71.96109,-0.008085515730337079,-2.305178
9,0.099,-77.62731,-0.8722169662921347,-57.98772,-0.006515474157303371,-2.217078
9,0.09925,-55.06623,-0.6187216853932584,-43.87905,-0.004930230337078651,-2.127727
9,0.0995,-34.33003,-0.3857306741573034,-30.34061,-0.003409057303370787,-2.03756
9,0.09975,-13.1775,-0.14806179775280898,-17.00374,-0.001910532584269663,-1.946759
9,0.1,4.832768,0.05430076404494382,-3.539031,-0.0003976439325842697,-1.86465
10,0.0,9.391293,0.10552014606741572,0.0,0.0,-2.563632
10,0.00025,31.75726,0.3568231460674157,16.7755,0.0018848876404494383,-2.448375
10,0.0005,52.24122,0.5869800000000001,32.6278,0.003666044943820225,-2.331664
10,0.00075,75.27637,0.8458019101123596,47.50201,0.0053373044943820225,-2.213215
10,0.001,102.3731,1.1502595505617978,63.89277,0.007178962921348314,-2.092928
10,0.00125,126.3569,1.4197404494382022,79.32584,0.008913015730337079,-1.97096
10,0.0015,148.4186,1.6676247191011238,93.22077,0.01047424382022472,-1.846805
10,0.00175,171.1442,1.9229685393258429,108.0922,0.012145191011235955,-1.720663
10,0.002,193.8856,2.1784898876404495,123.0982,0.013831258426966293,-1.593363
10,0.00225,217.2297,2.440783146067416,138.1203,0.015519134831460673,-1.46497
10,0.0025,239.9605,2.6961853932584274,153.5184,0.017249258426966292,-1.335196
10,0.00275,262.9946,2.9549955056179775,170.3002,0.019134853932584267,-1.203903
10,0.003,285.535,3.2082584269662924,188.6252,0.021193842696629214,-1.071279
10,0.00325,308.6643,3.4681382022471916,207.14,0.023274157303370784,-0.9374673
10,0.0035,331.0588,3.7197617977528092,225.5885,0.025347022471910112,-0.8023878
10,0.00375,354.2585,3.9804325842696633,244.3771,0.027458101123595507,-0.6660448
10,0.004,377.0789,4.236841573033708,263.4339,0.029599314606741575,-0.5286315
10,0.00425,399.5539,4.489369662921348,284.1696,0.03192916853932585,-0.3903447
10,0.0045,422.3277,4.745255056179775,303.7131,0.034125067415730334,-0.2512875
10,0.00475,444.825,4.998033707865169,322.7848,0.03626795505617978,-0.1114383
10,0.005,466.9013,5.24608202247191,343.3692,0.038580808988764044,0.02906313
10,0.00525,489.4999,5.4999988764044945,362.3064,0.04070858426966292,0.1699845
10,0.0055,511.3939,5.745998876404495,380.3239,0.04273302247191011,0.3111906
10,0.00575,533.4971,5.994349438202248,397.6034,0.0446745393258427,0.4525234
10,0.006,554.7484,6.23312808988764,414.091,0.04652707865168539,0.5938305
10,0.00625,576.4951,6.477473033707866,429.8468,0.04829739325842696,0.7350549
10,0.0065,598.0979,6.720201123595506,446.056,0.05011865168539325,0.8761499
10,0.00675,619.3699,6.959212359550563,462.8582,0.052006539325842704,1.017002
10,0.007,640.645,7.198258426966292,481.9397,0.054150528089887635,1.157374
10,0.00725,661.0561,7.427596629213483,499.6741,0.056143157303370786,1.297178
10,0.0075,682.4208,7.667649438202248,518.4646,0.058254449438202245,1.436476
10,0.00775,703.3439,7.902740449438203,537.6222,0.06040698876404495,1.574944
10,0.008,723.4045,8.128140449438202,556.7413,0.06255520224719101,1.712393
10,0.00825,743.7076,8.356265168539327,576.5829,0.06478459550561798,1.848903
10,0.0085,764.5223,8.590138202247191,595.2973,0.06688733707865167,1.98438
10,0.00875,784.3802,8.813260674157304,614.1706,0.06900793258426967,2.118725
10,0.009,803.4815,9.02788202247191,634.3773,0.07127834831460673,2.251682
10,0.00925,823.5967,9.253895505617978,652.4195,0.0733055617977528,2.383011
10,0.0095,842.5749,9.467133707865168,670.5465,0.07534230337078653,2.512879
10,0.00975,861.8129,9.683291011235955,688.3655,0.07734443820224719,2.641345
10,0.01,880.8524,9.897217977528092,704.3786,0.07914366292134832,2.768031
10,0.01025,898.9898,10.101008988764045,719.7368,0.08086930337078652,2.892778
10,0.0105,917.2087,10.305715730337079,734.2165,0.08249623595505617,3.01578
10,0.01075,935.5527,10.51182808988764,748.4102,0.08409103370786516,3.137062
10,0.011,953.4344,10.71274606741573,763.3707,0.08577198876404495,3.256351
10,0.01125,971.3651,10.914214606741574,778.8073,0.0875064382022472,3.373519
10,0.0115,988.4895,11.106623595505619,793.5145,0.08915893258426966,3.488636
10,0.01175,1006.272,11.306426966292136,809.3142,0.0909341797752809,3.601614
10,0.012,1023.124,11.495775280898878,825.1073,0.09270868539325842,3.712408
10,0.01225,1039.607,11.680977528089889,841.4239,0.09454201123595506,3.820898
10,0.0125,1056.575,11.871629213483148,857.7818,0.09637997752808988,3.927044
10,0.01275,1072.665,12.05241573033708,872.7234,0.09805880898876404,4.030999
10,0.013,1088.778,12.233460674157305,889.3177,0.09992333707865167,4.132631
10,0.01325,1104.593,12.411157303370787,904.93,0.10167752808988764,4.231699
10,0.0135,1120.316,12.587820224719103,919.1363,0.1032737415730337,4.328385
10,0.01375,1135.867,12.762550561797752,934.0682,0.10495148314606742,4.42286
10,0.014,1150.65,12.92865168539326,948.6887,0.1065942359550562,4.515311
10,0.01425,1165.464,13.095101123595505,962.7044,0.10816903370786517,4.605969
10,0.0145,1179.563,13.253516853932586,976.0499,0.10966852808988764,4.694707
10,0.01475,1193.327,13.408168539325843,988.9404,0.11111689887640448,4.781143
10,0.015,1206.628,13.55761797752809,1001.881,0.11257089887640448,4.865015
10,0.01525,1220.591,13.714505617977528,1013.702,0.11389910112359551,4.94657
10,0.0155,1233.745,13.862303370786517,1024.203,0.11507898876404493,5.026161
10,0.01575,1246.697,14.007831460674156,1034.373,0.11622168539325843,5.103708
10,0.016,1259.047,14.146595505617979,1044.956,0.11741078651685392,5.179012
10,0.01625,1271.303,14.284303370786517,1054.063,0.11843404494382025,5.252175
10,0.0165,1283.454,14.420831460674156,1063.425,0.11948595505617977,5.323325
10,0.01675,1294.727,14.547494382022474,1072.689,0.12052685393258429,5.392571
10,0.017,1306.26,14.677078651685393,1082.376,0.12161528089887641,5.459806
10,0.01725,1317.147,14.799404494382022,1091.59,0.1226505617977528,5.524887
10,0.0175,1327.667,14.917606741573033,1100.465,0.12364775280898875,5.587876
10,0.01775,1337.987,15.03356179775281,1109.262,0.1246361797752809,5.648831
10,0.018,1348.296,15.149393258426969,1117.914,0.12560831460674157,5.707832
10,0.01825,1357.345,15.251067415730338,1126.41,0.12656292134831462,5.764843
10,0.0185,1366.468,15.353573033707868,1135.092,0.12753842696629214,5.819933
10,0.01875,1375.743,15.457786516853933,1143.184,0.12844764044943818,5.873176
10,0.019,1384.25,15.553370786516854,1151.927,0.12943,5.924416
10,0.01925,1392.416,15.645123595505618,1159.837,0.13031876404494383,5.973641
10,0.0195,1400.732,15.738561797752809,1167.528,0.1311829213483146,6.021035
10,0.01975,1408.536,15.826247191011237,1174.833,0.13200370786516855,6.066583
10,0.02,1415.735,15.907134831460674,1182.982,0.1329193258426966,6.110171
10,0.02025,1422.74,15.985842696629213,1189.737,0.13367831460674157,6.151868
10,0.0205,1429.499,16.061786516853935,1195.825,0.1343623595505618,6.191755
10,0.02075,1436.107,16.136033707865167,1201.685,0.13502078651685392,6.229875
10,0.021,1442.142,16.203842696629216,1208.367,0.13577157303370785,6.266194
10,0.02125,1447.817,16.267606741573033,1214.218,0.13642898876404494,6.300676
10,0.0215,1452.973,16.325539325842698,1219.769,0.1370526966292135,6.333475
10,0.02175,1457.51,16.376516853932586,1224.515,0.1375859550561798,6.364643
10,0.022,1462.068,16.427730337078653,1229.778,0.13817730337078651,6.394102
10,0.02225,1465.991,16.471808988764046,1233.822,0.13863168539325843,6.421893
10,0.0225,1469.733,16.51385393258427,1238.003,0.1391014606741573,6.448154
10,0.02275,1473.107,16.551764044943823,1241.47,0.13949101123595506,6.472931
10,0.023,1475.564,16.579370786516854,1245.408,0.1399334831460674,6.496166
10,0.02325,1478.659,16.61414606741573,1249.568,0.1404008988764045,6.517852
10,0.0235,1480.262,16.632157303370786,1252.402,0.14071932584269664,6.538107
10,0.02375,1482.205,16.653988764044946,1255.316,0.1410467415730337,6.556989
10,0.024,1483.944,16.67352808988764,1258.464,0.14140044943820224,6.574487
10,0.02425,1485.181,16.687426966292136,1261.06,0.14169213483146068,6.590633
10,0.0245,1486.201,16.698887640449442,1262.806,0.1418883146067416,6.605461
10,0.02475,1486.332,16.7003595505618,1264.644,0.14209483146067414,6.619043
10,0.025,1486.321,16.70023595505618,1266.851,0.14234280898876406,6.631425
10,0.02525,1486.445,16.701629213483145,1269.054,0.1425903370786517,6.642609
10,0.0255,1485.985,16.696460674157304,1270.462,0.1427485393258427,6.652664
10,0.02575,1484.897,16.68423595505618,1271.324,0.14284539325842696,6.661665
10,0.026,1483.714,16.670943820224718,1272.655,0.1429949438202247,6.669658
10,0.02625,1481.178,16.64244943820225,1273.826,0.14312651685393257,6.676685
10,0.0265,1479.496,16.623550561797753,1274.157,0.14316370786516852,6.682811
10,0.02675,1476.893,16.594303370786516,1274.728,0.14322786516853933,6.688086
10,0.027,1473.877,16.560415730337077,1275.842,0.14335303370786517,6.692554
10,0.02725,1470.678,16.524471910112364,1275.511,0.1433158426966292,6.696273
10,0.0275,1467.377,16.48738202247191,1276.317,0.14340640449438202,6.699308
10,0.02775,1463.655,16.44556179775281,1276.586,0.14343662921348313,6.701703
10,0.028,1459.118,16.39458426966292,1276.916,0.14347370786516853,6.703497
10,0.02825,1454.791,16.345966292134833,1275.536,0.14331865168539326,6.704745
10,0.0285,1449.905,16.29106741573034,1275.614,0.14332741573033708,6.70551
10,0.02875,1444.005,16.22477528089888,1275.564,0.143321797752809,6.705857
10,0.029,1438.308,16.16076404494382,1275.018,0.14326044943820226,6.705857
10,0.02925,1432.336,16.093662921348315,1274.899,0.14324707865168537,6.705516
10,0.0295,1425.812,16.020359550561796,1274.959,0.1432538202247191,6.704723
10,0.02975,1419.142,15.945415730337078,1274.768,0.1432323595505618,6.703303
10,0.03,1411.736,15.862202247191012,1274.134,0.14316112359550562,6.701078
10,0.03025,1404.356,15.779280898876404,1272.36,0.14296179775280898,6.697867
10,0.0305,1396.074,15.686224719101125,1270.565,0.14276011235955058,6.693455
10,0.03075,1387.937,15.594797752808988,1269.924,0.14268808988764045,6.687602
10,0.031,1379.523,15.50025842696629,1268.184,0.1424925842696629,6.680084
10,0.03125,1370.467,15.398505617977529,1266.135,0.1422623595505618,6.670742
10,0.0315,1361.261,15.295067415730339,1264.079,0.14203134831460673,6.659619
10,0.03175,1351.364,15.183865168539327,1260.857,0.14166932584269665,6.646982
10,0.032,1341.56,15.073707865168538,1257.95,0.14134269662921348,6.633173
10,0.03225,1331.499,14.960662921348316,1254.066,0.14090629213483147,6.618489
10,0.0325,1321.163,14.84452808988764,1250.358,0.14048966292134832,6.60313
10,0.03275,1310.308,14.722561797752808,1246.385,0.1400432584269663,6.587179
10,0.033,1299.555,14.601741573033708,1243.201,0.13968550561797752,6.570558
10,0.03325,1288.53,14.477865168539328,1239.443,0.13926325842696627,6.553133
10,0.0335,1276.4,14.341573033707867,1234.561,0.1387147191011236,6.5349
10,0.03375,1263.701,14.198887640449438,1230.082,0.13821146067415732,6.515874
10,0.034,1251.923,14.066550561797754,1226.302,0.1377867415730337,6.496012
10,0.03425,1239.209,13.923696629213484,1221.34,0.13722921348314607,6.475364
10,0.0345,1226.114,13.77656179775281,1216.36,0.1366696629213483,6.45401
10,0.03475,1212.507,13.623674157303372,1210.505,0.136011797752809,6.431965
10,0.035,1198.77,13.46932584269663,1206.326,0.13554224719101124,6.409108
10,0.03525,1184.929,13.313808988764047,1200.256,0.13486022471910114,6.385401
10,0.0355,1170.39,13.15044943820225,1195.464,0.13432179775280897,6.360985
10,0.03575,1156.11,12.99,1189.475,0.13364887640449435,6.335838
10,0.036,1140.993,12.82014606741573,1182.742,0.1328923595505618,6.309842
10,0.03625,1126.56,12.657977528089889,1176.679,0.13221112359550563,6.282954
10,0.0365,1111.216,12.485573033707864,1170.397,0.1315052808988764,6.25532
10,0.03675,1095.036,12.303775280898877,1164.224,0.1308116853932584,6.227033
10,0.037,1078.987,12.123449438202249,1158.266,0.13014224719101125,6.197874
10,0.03725,1063.032,11.944179775280897,1151.582,0.1293912359550562,6.167741
10,0.0375,1046.706,11.760741573033707,1144.336,0.12857707865168538,6.136665
10,0.03775,1030.038,11.573460674157305,1137.5,0.12780898876404495,6.104692
10,0.038,1013.154,11.383752808988763,1130.485,0.12702078651685392,6.071943
10,0.03825,995.6123,11.186655056179776,1123.405,0.12622528089887639,6.038418
10,0.0385,978.2275,10.991320224719102,1116.213,0.12541719101123594,6.004092
10,0.03875,960.3794,10.7907797752809,1108.095,0.12450505617977528,5.968924
10,0.039,942.7758,10.592986516853932,1101.793,0.12379696629213482,5.932732
10,0.03925,924.0448,10.38252584269663,1093.61,0.12287752808988762,5.895546
10,0.0395,906.0436,10.180265168539327,1086.76,0.12210786516853932,5.857465
10,0.03975,887.264,9.969258426966293,1079.039,0.12124033707865169,5.818461
10,0.04,869.0704,9.76483595505618,1071.617,0.12040640449438203,5.778494
10,0.04025,850.2062,9.552878651685392,1063.932,0.11954292134831461,5.737585
10,0.0405,830.9444,9.33645393258427,1056.379,0.11869426966292133,5.695697
10,0.04075,811.6952,9.120170786516853,1046.901,0.11762932584269664,5.652823
10,0.041,792.6229,8.905875280898876,1039.944,0.11684764044943818,5.608911
10,0.04125,772.4945,8.679713483146068,1031.072,0.11585078651685393,5.56392
10,0.0415,752.0485,8.449983146067416,1021.877,0.1148176404494382,5.518044
10,0.04175,732.3415,8.228556179775282,1012.932,0.11381258426966293,5.471248
10,0.042,711.817,7.9979438202247195,1003.975,0.1128061797752809,5.423385
10,0.04225,690.7197,7.760895505617977,993.8207,0.11166524719101124,5.37448
10,0.0425,670.1683,7.529980898876405,983.1848,0.11047020224719101,5.324658
10,0.04275,649.5856,7.298714606741573,972.7493,0.10929767415730338,5.273913
10,0.043,628.1915,7.058331460674157,961.7553,0.10806239325842698,5.222048
10,0.04325,606.9356,6.819501123595506,950.1472,0.10675811235955056,5.169034
10,0.0435,585.5076,6.578737078651685,938.1806,0.10541355056179774,5.115061
10,0.04375,563.9524,6.33654382022472,926.2658,0.10407480898876405,5.060057
10,0.044,542.4382,6.094811235955057,914.8361,0.10279057303370785,5.003845
10,0.04425,520.1901,5.844832584269663,902.1985,0.10137061797752808,4.946537
10,0.0445,498.4334,5.600375280898876,889.1283,0.09990205617977528,4.888205
10,0.04475,476.747,5.35670786516854,875.5357,0.09837479775280898,4.828776
10,0.045,454.3672,5.1052494382022475,863.6362,0.09703777528089888,4.76811
10,0.04525,432.2068,4.85625617977528,851.2112,0.09564170786516853,4.706228
10,0.0455,409.8037,4.60453595505618,837.8849,0.09414437078651686,4.64322
10,0.04575,387.5931,4.354978651685394,824.4543,0.09263531460674157,4.579104
10,0.046,364.6086,4.09672584269663,812.1257,0.0912500786516854,4.513906
10,0.04625,342.5383,3.8487449438202246,799.3732,0.08981721348314607,4.447399
10,0.0465,319.682,3.5919325842696637,786.4395,0.08836398876404494,4.37961
10,0.04675,296.5886,3.332456179775281,774.0659,0.08697369662921349,4.31074
10,0.047,274.0787,3.0795359550561803,761.8161,0.08559731460674158,4.240664
10,0.04725,250.8885,2.8189719101123596,750.2041,0.08429259550561798,4.169361
10,0.0475,227.3246,2.554208988764045,738.234,0.08294764044943821,4.096968
10,0.04775,204.9129,2.302392134831461,725.9497,0.08156738202247191,4.023369
10,0.048,181.7122,2.0417101123595507,713.189,0.08013359550561798,3.94847
10,0.04825,158.5402,1.7813505617977528,699.9976,0.07865141573033708,3.872392
10,0.0485,136.0921,1.5291247191011235,687.2639,0.07722066292134831,3.795194
10,0.04875,112.6887,1.2661651685393258,672.367,0.07554685393258427,3.716858
10,0.049,89.39933,1.0044868539325844,657.5947,0.07388704494382023,3.637265
10,0.04925,65.47124,0.7356319101123595,641.9958,0.0721343595505618,3.556453
10,0.0495,42.59056,0.47854561797752815,626.7035,0.07041612359550561,3.47456
10,0.04975,19.3518,0.2174359550561798,610.8273,0.06863228089887641,3.391587
10,0.05,-4.025232,-0.04522732584269663,594.3082,0.06677620224719102,3.307616
10,0.05025,-27.76086,-0.31191977528089887,577.8261,0.0649242808988764,3.222534
10,0.0505,-51.60032,-0.5797788764044944,561.3745,0.06307578651685394,3.136264
10,0.05075,-74.48403,-0.8368992134831461,544.3481,0.061162707865168545,3.048699
10,0.051,-98.13812,-1.1026755056179776,528.3534,0.05936555056179775,2.960037
10,0.05125,-121.7233,-1.3676775280898876,511.9344,0.057520719101123594,2.870798
10,0.0515,-144.8638,-1.6276831460674157,495.9185,0.0557211797752809,2.780403
10,0.05175,-167.8498,-1.885952808988764,479.6952,0.05389833707865169,2.688442
10,0.052,-190.6262,-2.1418674157303372,464.1473,0.05215138202247191,2.595143
10,0.05225,-213.9409,-2.403830337078652,449.0719,0.050457516853932585,2.500847
10,0.0525,-236.8586,-2.661332584269663,435.0118,0.04887773033707865,2.404993
10,0.05275,-259.6334,-2.917229213483146,419.8317,0.04717210112359551,2.307828
10,0.053,-282.084,-3.169483146067416,406.345,0.04565674157303371,2.210035
10,0.05325,-305.3907,-3.431356179775281,391.7058,0.04401188764044944,2.111194
10,0.0535,-328.1275,-3.6868258426966296,376.5884,0.042313303370786516,2.011535
10,0.05375,-350.4034,-3.937116853932584,361.1447,0.04057805617977528,1.911504
10,0.054,-373.2649,-4.193987640449439,345.6376,0.03883568539325843,1.81057
10,0.05425,-396.068,-4.450202247191012,328.6593,0.03692801123595505,1.70808
10,0.0545,-417.9221,-4.69575393258427,311.1755,0.034963539325842695,1.604272
10,0.05475,-440.1934,-4.945993258426967,293.1941,0.03294315730337079,1.499569
10,0.055,-462.8041,-5.20004606741573,276.3213,0.031047337078651684,1.393785
10,0.05525,-484.2864,-5.441420224719102,257.874,0.028974606741573036,1.28617
10,0.0555,-506.773,-5.694078651685394,239.3635,0.026894775280898876,1.177598
10,0.05575,-528.5136,-5.938355056179776,222.095,0.02495449438202247,1.0692
10,0.056,-550.2638,-6.182739325842697,205.6321,0.023104730337078654,0.9604887
10,0.05625,-571.7025,-6.423623595505618,187.484,0.02106561797752809,0.8497496
10,0.0565,-593.3843,-6.667239325842697,170.4669,0.019153584269662922,0.737116
10,0.05675,-614.3606,-6.902928089887641,153.9439,0.01729706741573034,0.6239703
10,0.057,-635.5273,-7.1407561797752805,138.3407,0.015543898876404493,0.5102932
10,0.05725,-657.085,-7.382977528089889,122.3339,0.013745382022471908,0.3960368
10,0.0575,-677.8648,-7.616458426966292,107.6699,0.012097741573033708,0.2812916
10,0.05775,-697.7131,-7.839473033707867,93.91532,0.010552283146067416,0.1659117
10,0.058,-718.4209,-8.072144943820224,79.83449,0.008970167415730337,0.04965592
10,0.05825,-739.0016,-8.303388764044945,65.42384,0.007350993258426966,-0.0675148
10,0.0585,-759.0308,-8.52843595505618,49.66645,0.0055804999999999995,-0.1852164
10,0.05875,-779.1733,-8.754756179775283,33.31019,0.0037427179775280897,-0.3031942
10,0.059,-798.4564,-8.971420224719102,16.71706,0.0018783213483146068,-0.4219312
10,0.05925,-818.5149,-9.196796629213484,0.8780908,9.866188764044943e-05,-0.5415329
10,0.0595,-837.9206,-9.414838202247193,-16.57627,-0.0018625022471910114,-0.6614875
10,0.05975,-856.6237,-9.624985393258427,-33.50393,-0.003764486516853932,-0.7817397
10,0.06,-875.3654,-9.835566292134832,-49.59978,-0.005573008988764045,-0.9024855
10,0.06025,-894.103,-10.046101123595506,-66.28546,-0.007447804494382023,-1.023656
10,0.0605,-912.2398,-10.249885393258426,-82.74643,-0.009297351685393258,-1.144989
10,0.06075,-930.4274,-10.454240449438203,-98.98032,-0.011121384269662922,-1.266547
10,0.061,-948.6149,-10.658594382022473,-114.2173,-0.012833404494382023,-1.388453
10,0.06125,-965.8234,-10.85194831460674,-129.3213,-0.014530483146067417,-1.510604
10,0.0615,-983.3201,-11.048540449438203,-143.6053,-0.016135426966292134,-1.632703
10,0.06175,-1000.961,-11.246752808988765,-158.4242,-0.017800471910112362,-1.75467
10,0.062,-1017.717,-11.435022471910113,-172.3454,-0.01936465168539326,-1.877198
10,0.06225,-1034.652,-11.625303370786519,-186.2733,-0.02092958426966292,-2.000144
10,0.0625,-1051.618,-11.815932584269664,-199.4874,-0.02241431460674157,-2.122923
10,0.06275,-1067.821,-11.997988764044944,-212.0105,-0.023821404494382022,-2.245554
10,0.063,-1083.796,-12.177483146067418,-223.59,-0.02512247191011236,-2.368164
10,0.06325,-1099.927,-12.35873033707865,-235.3205,-0.02644050561797753,-2.49072
10,0.0635,-1115.484,-12.533528089887641,-247.7095,-0.027832528089887638,-2.613043
10,0.06375,-1130.863,-12.706325842696632,-260.3639,-0.029254370786516853,-2.734882
10,0.064,-1146.201,-12.878662921348315,-273.538,-0.030734606741573033,-2.856163
10,0.06425,-1160.123,-13.03508988764045,-286.8663,-0.032232168539325846,-2.976921
10,0.0645,-1174.724,-13.199146067415729,-299.8976,-0.0336963595505618,-3.097309
10,0.06475,-1188.579,-13.354820224719102,-313.8588,-0.035265033707865164,-3.217145
10,0.065,-1201.867,-13.504123595505618,-326.1768,-0.036649078651685395,-3.336158
10,0.06525,-1215.762,-13.660247191011237,-339.1019,-0.03810133707865169,-3.454305
10,0.0655,-1228.445,-13.802752808988764,-352.6156,-0.03961973033707865,-3.571378
10,0.06575,-1241.672,-13.951370786516854,-365.1548,-0.04102862921348315,-3.687385
10,0.066,-1254.268,-14.092898876404496,-377.4892,-0.042414516853932584,-3.802408
10,0.06625,-1266.579,-14.231224719101123,-389.3044,-0.043742067415730335,-3.916324
10,0.0665,-1278.236,-14.362202247191012,-401.8044,-0.0451465617977528,-4.028825
10,0.06675,-1289.858,-14.492786516853933,-413.7902,-0.04649328089887641,-4.139929
10,0.067,-1301.055,-14.618595505617979,-423.5441,-0.047589224719101125,-4.249821
10,0.06725,-1312.138,-14.743123595505619,-433.4659,-0.04870403370786516,-4.358494
10,0.0675,-1322.919,-14.864258426966295,-444.6822,-0.04996429213483146,-4.465669
10,0.06775,-1332.861,-14.975966292134833,-454.773,-0.05109808988764045,-4.571076
10,0.068,-1343.099,-15.091,-463.5947,-0.05208929213483146,-4.674656
10,0.06825,-1352.671,-15.198550561797754,-471.8497,-0.053016820224719104,-4.776111
10,0.0685,-1361.712,-15.300134831460674,-481.3506,-0.054084337078651686,-4.875789
10,0.06875,-1370.894,-15.403303370786517,-489.4252,-0.054991595505617975,-4.974065
10,0.069,-1379.499,-15.499988764044945,-497.5245,-0.05590162921348315,-5.070686
10,0.06925,-1388.022,-15.595752808988763,-504.481,-0.05668325842696629,-5.165212
10,0.0695,-1396.525,-15.691292134831462,-511.5716,-0.057479955056179775,-5.257728
10,0.06975,-1403.74,-15.772359550561799,-518.7599,-0.05828762921348315,-5.348478
10,0.07,-1410.754,-15.851168539325844,-525.061,-0.05899561797752809,-5.436849
10,0.07025,-1417.967,-15.93221348314607,-530.9351,-0.05965562921348314,-5.522682
10,0.0705,-1424.916,-16.01029213483146,-536.777,-0.060312022471910115,-5.606284
10,0.07075,-1431.447,-16.08367415730337,-542.8942,-0.06099934831460674,-5.687566
10,0.071,-1437.357,-16.150078651685394,-548.293,-0.06160595505617977,-5.766342
10,0.07125,-1443.116,-16.214786516853934,-552.7403,-0.06210565168539326,-5.842548
10,0.0715,-1448.51,-16.275393258426966,-558.3395,-0.06273477528089888,-5.915964
10,0.07175,-1453.137,-16.327382022471912,-564.1084,-0.06338296629213483,-5.986705
10,0.072,-1456.999,-16.370775280898876,-568.7511,-0.06390461797752808,-6.055036
10,0.07225,-1461.48,-16.42112359550562,-573.1921,-0.06440360674157303,-6.12062
10,0.0725,-1465.28,-16.4638202247191,-577.4743,-0.06488475280898875,-6.183021
10,0.07275,-1468.172,-16.496314606741574,-581.7142,-0.06536114606741572,-6.242367
10,0.073,-1471.168,-16.529977528089887,-585.7823,-0.06581823595505618,-6.299035
10,0.07325,-1473.462,-16.555752808988764,-589.0581,-0.06618630337078651,-6.352713
10,0.0735,-1475.991,-16.584168539325844,-592.0991,-0.06652798876404495,-6.402752
10,0.07375,-1477.863,-16.605202247191013,-594.8083,-0.06683239325842696,-6.4495
10,0.074,-1479.434,-16.622853932584267,-597.9767,-0.06718839325842697,-6.493453
10,0.07425,-1480.481,-16.63461797752809,-599.9572,-0.0674109213483146,-6.534762
10,0.0745,-1481.576,-16.64692134831461,-602.9421,-0.06774630337078652,-6.573407
10,0.07475,-1481.62,-16.647415730337077,-605.1301,-0.06799214606741573,-6.609327
10,0.075,-1481.726,-16.648606741573037,-606.8604,-0.06818656179775281,-6.642609
10,0.07525,-1481.655,-16.647808988764044,-608.2506,-0.06834276404494381,-6.673256
10,0.0755,-1481.395,-16.64488764044944,-609.6135,-0.0684958988764045,-6.701654
10,0.07575,-1479.938,-16.628516853932584,-610.7735,-0.06862623595505618,-6.727971
10,0.076,-1478.331,-16.610460674157306,-612.0563,-0.06877037078651685,-6.751864
10,0.07625,-1476.698,-16.592112359550562,-612.965,-0.06887247191011237,-6.773254
10,0.0765,-1474.637,-16.568955056179778,-613.7286,-0.06895826966292135,-6.792301
10,0.07675,-1472.114,-16.540606741573036,-614.282,-0.06902044943820225,-6.80918
10,0.077,-1469.126,-16.50703370786517,-614.482,-0.06904292134831459,-6.824125
10,0.07725,-1466.024,-16.4721797752809,-614.2224,-0.06901375280898876,-6.83737
10,0.0775,-1462.819,-16.43616853932584,-614.5989,-0.06905605617977527,-6.849004
10,0.07775,-1458.348,-16.385932584269664,-614.4055,-0.06903432584269663,-6.859128
10,0.078,-1454.834,-16.34644943820225,-614.6153,-0.0690578988764045,-6.86788
10,0.07825,-1449.943,-16.291494382022474,-614.6412,-0.06906080898876406,-6.875384
10,0.0785,-1445.005,-16.236011235955058,-614.2777,-0.06901996629213483,-6.881733
10,0.07875,-1439.762,-16.177101123595506,-613.9337,-0.06898131460674158,-6.887023
10,0.079,-1434.013,-16.112505617977526,-614.0404,-0.06899330337078652,-6.89137
10,0.07925,-1427.645,-16.040955056179776,-612.443,-0.0688138202247191,-6.894882
10,0.0795,-1421.381,-15.970573033707868,-611.7791,-0.06873922471910113,-6.89763
10,0.07975,-1414.538,-15.893685393258426,-611.0865,-0.06866140449438203,-6.899702
10,0.08,-1406.996,-15.80894382022472,-611.4304,-0.06870004494382023,-6.90121
10,0.08025,-1399.316,-15.72265168539326,-610.3539,-0.06857908988764044,-6.902263
10,0.0805,-1391.241,-15.631921348314608,-609.4848,-0.06848143820224718,-6.902847
10,0.08075,-1382.78,-15.53685393258427,-608.8946,-0.06841512359550563,-6.902795
10,0.081,-1374.33,-15.44191011235955,-608.0396,-0.06831905617977527,-6.901862
10,0.08125,-1365.691,-15.344842696629215,-605.9744,-0.06808701123595505,-6.899738
10,0.0815,-1356.485,-15.241404494382023,-605.6756,-0.0680534382022472,-6.896011
10,0.08175,-1346.942,-15.1341797752809,-603.9018,-0.06785413483146067,-6.890207
10,0.082,-1337.338,-15.026269662921347,-602.4597,-0.0676921011235955,-6.881876
10,0.08225,-1327.022,-14.910359550561799,-600.8416,-0.06751029213483146,-6.870426
10,0.0825,-1317.156,-14.799505617977527,-597.5186,-0.06713692134831462,-6.855234
10,0.08275,-1305.911,-14.673157303370788,-594.0129,-0.06674302247191011,-6.836054
10,0.083,-1294.405,-14.543876404494382,-590.801,-0.06638213483146067,-6.814659
10,0.08325,-1283.519,-14.421561797752808,-587.6212,-0.06602485393258428,-6.793208
10,0.0835,-1271.662,-14.288337078651686,-584.6265,-0.06568837078651685,-6.77186
10,0.08375,-1259.664,-14.15352808988764,-581.0247,-0.06528367415730338,-6.750073
10,0.084,-1247.068,-14.012,-577.7861,-0.06491978651685394,-6.727327
10,0.08425,-1234.617,-13.872101123595506,-575.2361,-0.06463326966292134,-6.703247
10,0.0845,-1221.319,-13.722685393258427,-571.4908,-0.06421244943820226,-6.677528
10,0.08475,-1207.753,-13.57025842696629,-566.7615,-0.06368106741573033,-6.650517
10,0.085,-1194.099,-13.416842696629214,-562.9817,-0.06325637078651686,-6.623173
10,0.08525,-1180.393,-13.262842696629214,-559.6144,-0.06287802247191011,-6.595205
10,0.0855,-1166.153,-13.102842696629214,-556.144,-0.06248808988764045,-6.565525
10,0.08575,-1151.489,-12.938078651685395,-551.7791,-0.06199765168539326,-6.534139
10,0.086,-1136.733,-12.772280898876405,-546.8451,-0.061443269662921345,-6.501899
10,0.08625,-1121.765,-12.604101123595507,-543.3433,-0.06104980898876404,-6.469255
10,0.0865,-1106.183,-12.429022471910113,-539.2399,-0.060588752808988774,-6.435634
10,0.08675,-1090.712,-12.255191011235954,-534.6914,-0.06007768539325843,-6.400498
10,0.087,-1074.924,-12.077797752808989,-529.6833,-0.059514977528089895,-6.364131
10,0.08725,-1058.544,-11.893752808988765,-524.4571,-0.05892776404494382,-6.327036
10,0.0875,-1041.896,-11.706696629213484,-520.1776,-0.05844692134831461,-6.28905
10,0.08775,-1024.873,-11.515426966292136,-515.3922,-0.057909235955056176,-6.249685
10,0.088,-1008.258,-11.328741573033708,-509.8358,-0.0572849213483146,-6.209033
10,0.08825,-991.2376,-11.137501123595506,-504.3783,-0.056671719101123605,-6.167394
10,0.0885,-973.6072,-10.939406741573036,-498.7634,-0.05604083146067416,-6.124781
10,0.08875,-955.447,-10.735359550561798,-493.6866,-0.05547040449438202,-6.080975
10,0.089,-937.7558,-10.53658202247191,-486.4231,-0.0546542808988764,-6.036106
10,0.08925,-919.7541,-10.33431573033708,-480.6204,-0.05400229213483146,-5.990265
10,0.0895,-901.83,-10.132921348314607,-474.1514,-0.05327543820224719,-5.943127
10,0.08975,-883.1157,-9.922648314606743,-466.8141,-0.052451022471910115,-5.894524
10,0.09,-864.8881,-9.71784382022472,-459.6215,-0.051642865168539324,-5.844702
10,0.09025,-845.4496,-9.499433707865169,-451.8309,-0.05076751685393258,-5.794358
10,0.0905,-826.8994,-9.291004494382022,-444.8061,-0.04997821348314607,-5.743292
10,0.09075,-807.1589,-9.069201123595507,-437.5312,-0.04916080898876404,-5.690603
10,0.091,-787.8009,-8.851695505617977,-429.6005,-0.0482697191011236,-5.636283
10,0.09125,-767.828,-8.627280898876405,-420.2384,-0.04721779775280899,-5.580623
10,0.0915,-748.0622,-8.405193258426968,-411.7673,-0.04626598876404494,-5.523817
10,0.09175,-727.8786,-8.178411235955057,-403.521,-0.04533943820224719,-5.465853
10,0.092,-707.347,-7.947719101123595,-395.0683,-0.044389696629213486,-5.406433
10,0.09225,-686.5779,-7.714358426966292,-385.0634,-0.043265550561797754,-5.345502
10,0.0925,-665.789,-7.480775280898876,-375.2228,-0.042159865168539326,-5.283121
10,0.09275,-644.9905,-7.247084269662921,-364.8736,-0.040997033707865164,-5.219169
10,0.093,-623.5427,-7.006097752808989,-355.0056,-0.03988826966292135,-5.153794
10,0.09325,-602.3866,-6.7683887640449445,-344.883,-0.03875089887640449,-5.087128
10,0.0935,-580.9069,-6.527043820224718,-334.684,-0.03760494382022472,-5.018986
10,0.09375,-559.1431,-6.282506741573034,-324.0794,-0.03641341573033708,-4.949427
10,0.094,-537.1234,-6.035094382022472,-313.3976,-0.035213213483146065,-4.878403
10,0.09425,-516.3249,-5.801403370786517,-302.0526,-0.03393849438202247,-4.805797
10,0.0945,-493.972,-5.550247191011236,-291.3218,-0.032732786516853934,-4.731644
10,0.09475,-471.7867,-5.30097415730337,-280.0129,-0.03146212359550562,-4.655832
10,0.095,-450.1394,-5.057746067415731,-269.1586,-0.030242539325842695,-4.578439
10,0.09525,-427.8867,-4.807715730337079,-258.3128,-0.029023910112359545,-4.499516
10,0.0955,-405.2299,-4.553144943820224,-248.0479,-0.02787055056179775,-4.418846
10,0.09575,-382.9652,-4.302979775280899,-237.0076,-0.026630067415730336,-4.336415
10,0.096,-359.9138,-4.043975280898876,-226.1003,-0.02540452808988764,-4.252376
10,0.09625,-337.6217,-3.793502247191011,-215.2283,-0.024182955056179775,-4.166775
10,0.0965,-314.8235,-3.537342696629214,-204.6371,-0.022992932584269665,-4.07938
10,0.09675,-291.6901,-3.2774168539325843,-193.9408,-0.021791101123595506,-3.989895
10,0.097,-269.2511,-3.0252932584269665,-181.331,-0.020374269662921347,-3.89859
10,0.09725,-246.4231,-2.7687988764044946,-168.5307,-0.018936033707865167,-3.80525
10,0.0975,-223.4503,-2.5106775280898876,-155.8778,-0.017514359550561798,-3.709675
10,0.09775,-200.3918,-2.2515932584269662,-142.4339,-0.016003808988764044,-3.612448
10,0.098,-177.6165,-1.9956910112359552,-128.944,-0.014488089887640446,-3.513764
10,0.09825,-154.7156,-1.7383775280898877,-114.1255,-0.01282308988764045,-3.413498
10,0.0985,-131.4768,-1.477267415730337,-99.99921,-0.011235866292134833,-3.311378
10,0.09875,-108.041,-1.213943820224719,-84.92264,-0.00954186966292135,-3.207201
10,0.099,-85.18515,-0.9571365168539325,-68.57462,-0.007705013483146067,-3.101029
10,0.09925,-61.64958,-0.6926919101123595,-52.94939,-0.005949369662921348,-2.992944
10,0.0995,-38.09629,-0.42804820224719103,-36.68294,-0.004121678651685394,-2.882912
10,0.09975,-15.36756,-0.17266921348314607,-20.79534,-0.0023365550561797754,-2.771047
10,0.1,5.247583,0.05896160674157304,-5.637194,-0.0006333925842696629,-2.66778
11,0.0,9.782625,0.10991713483146068,0.0,0.0,-4.033289
11,0.00025,33.50616,0.3764737078651686,14.99539,0.0016848752808988764,-3.892302
11,0.0005,55.12112,0.6193384269662922,30.58729,0.0034367741573033705,-3.748291
11,0.00075,79.37236,0.8918242696629214,46.85609,0.005264729213483146,-3.601096
11,0.001,110.2576,1.2388494382022472,65.81328,0.007394750561797753,-3.450851
11,0.00125,135.1764,1.5188359550561799,84.41908,0.009485289887640448,-3.297787
11,0.0015,158.6122,1.782159550561798,103.5829,0.01163852808988764,-3.141771
11,0.00175,183.2473,2.058958426966292,122.7978,0.013797505617977528,-2.982677
11,0.002,207.6915,2.333612359550562,144.3049,0.01621403370786517,-2.82071
11,0.00225,232.9223,2.6171044943820223,164.5269,0.01848616853932584,-2.656011
11,0.0025,257.3807,2.89191797752809,184.9285,0.02077848314606742,-2.48841
11,0.00275,282.068,3.169303370786517,205.2207,0.023058505617977527,-2.31782
11,0.003,306.8531,3.4477876404494383,226.7404,0.025476449438202244,-2.144496
11,0.00325,331.1028,3.720256179775281,246.0274,0.027643528089887643,-1.96862
11,0.0035,355.9299,3.9992123595505618,264.9803,0.02977306741573034,-1.790156
11,0.00375,381.1739,4.282852808988764,282.6452,0.03175788764044944,-1.609094
11,0.004,405.6839,4.55824606741573,300.2871,0.03374012359550562,-1.425622
11,0.00425,430.0036,4.8315011235955065,317.623,0.03568797752808989,-1.239969
11,0.0045,454.4305,5.105960674157304,336.6861,0.0378298988764045,-1.052052
11,0.00475,477.998,5.3707640449438205,356.2441,0.040027426966292134,-0.8617708
11,0.005,502.1069,5.641650561797753,377.5861,0.04242540449438202,-0.6693929
11,0.00525,527.122,5.922719101123596,400.5137,0.04500153932584269,-0.4752217
11,0.0055,550.4347,6.184659550561798,422.3001,0.04744944943820224,-0.2793203
11,0.00575,573.9869,6.449291011235955,444.8124,0.049978921348314616,-0.08187512
11,0.006,597.05,6.7084269662921345,468.8472,0.052679460674157304,0.1167137
11,0.00625,620.5794,6.9728022471910105,493.1839,0.055413921348314604,0.3161957
11,0.0065,643.1041,7.225888764044945,515.9044,0.057966786516853934,0.5164705
11,0.00675,666.0293,7.483475280898877,538.7603,0.06053486516853933,0.7172722
11,0.007,688.4166,7.7350179775280905,559.8596,0.06290557303370786,0.9181858
11,0.00725,711.3713,7.99293595505618,581.0153,0.06528261797752809,1.118892
11,0.0075,733.982,8.246988764044943,599.7984,0.0673930786516854,1.319224
11,0.00775,756.3308,8.498098876404494,617.7904,0.06941465168539326,1.519046
11,0.008,778.9532,8.752283146067416,636.7323,0.07154295505617977,1.718058
11,0.00825,801.5234,9.005880898876406,656.7633,0.07379362921348315,1.915871
11,0.0085,822.131,9.237426966292134,677.8053,0.07615789887640449,2.112379
11,0.00875,843.8832,9.481833707865169,699.0705,0.07854724719101124,2.307481
11,0.009,865.7488,9.727514606741574,721.804,0.08110157303370785,2.500593
11,0.00925,887.1566,9.96805168539326,744.7579,0.0836806629213483,2.69129
11,0.0095,907.8037,10.200041573033708,766.9364,0.08617262921348316,2.87958
11,0.00975,928.201,10.429224719101125,789.0518,0.08865750561797753,3.06543
11,0.01,948.3305,10.655398876404496,812.1187,0.09124929213483146,3.248493
11,0.01025,968.7121,10.88440561797753,833.8678,0.09369301123595505,3.428429
11,0.0105,988.3817,11.105412359550563,854.4839,0.09600942696629214,3.605179
11,0.01075,1007.739,11.322910112359551,873.5764,0.09815465168539328,3.77869
11,0.011,1027.301,11.54270786516854,892.3916,0.1002687191011236,3.948739
11,0.01125,1046.853,11.762393258426968,910.1997,0.10226962921348315,4.115179
11,0.0115,1065.539,11.972348314606743,926.1446,0.10406119101123595,4.277999
11,0.01175,1083.751,12.176977528089889,941.9671,0.105839,4.437129
11,0.012,1102.179,12.38403370786517,957.9951,0.10763989887640449,4.592551
11,0.01225,1119.832,12.582382022471911,975.0585,0.10955713483146068,4.744155
11,0.0125,1137.782,12.784067415730336,992.3607,0.11150120224719101,4.891866
11,0.01275,1155.61,12.984382022471909,1009.111,0.1133832584269663,5.035819
11,0.013,1172.579,13.175044943820225,1026.611,0.11534955056179777,5.175976
11,0.01325,1190.018,13.370988764044945,1044.971,0.11741247191011236,5.312174
11,0.0135,1206.239,13.553247191011236,1062.526,0.11938494382022474,5.444478
11,0.01375,1223.263,13.744528089887641,1079.331,0.12127314606741571,5.573044
11,0.014,1238.974,13.921056179775281,1096.911,0.12324842696629214,5.697853
11,0.01425,1255.022,14.101370786516854,1113.514,0.12511393258426964,5.818884
11,0.0145,1270.632,14.276764044943823,1129.815,0.12694550561797752,5.936277
11,0.01475,1285.609,14.445044943820225,1145.274,0.12868247191011234,6.05012
11,0.015,1300.18,14.608764044943822,1160.596,0.1304040449438202,6.160353
11,0.01525,1314.652,14.771370786516854,1174.567,0.1319738202247191,6.267061
11,0.0155,1329.045,14.933089887640453,1188.629,0.1335538202247191,6.370402
11,0.01575,1342.723,15.086775280898877,1201.422,0.1349912359550562,6.470512
11,0.016,1356.756,15.244449438202249,1213.491,0.13634730337078652,6.567319
11,0.01625,1369.546,15.388157303370788,1224.57,0.13759213483146068,6.660784
11,0.0165,1382.604,15.534876404494383,1234.894,0.13875213483146068,6.751197
11,0.01675,1395.752,15.682606741573034,1244.825,0.13986797752808988,6.838709
11,0.017,1407.626,15.816022471910113,1256.217,0.14114797752808989,6.923219
11,0.01725,1419.061,15.944505617977528,1265.662,0.14220921348314608,7.00471
11,0.0175,1430.252,16.070247191011237,1275.926,0.14336247191011237,7.083359
11,0.01775,1441.401,16.195516853932585,1285.46,0.14443370786516854,7.159215
11,0.018,1452.121,16.315966292134835,1295.428,0.14555370786516855,7.232226
11,0.01825,1462.193,16.429134831460672,1304.892,0.14661707865168538,7.302431
11,0.0185,1472.148,16.540988764044947,1313.995,0.1476398876404494,7.369943
11,0.01875,1481.572,16.64687640449438,1322.991,0.14865067415730338,7.434855
11,0.019,1490.979,16.75257303370787,1333.29,0.14980786516853933,7.497152
11,0.01925,1499.81,16.85179775280899,1341.894,0.15077460674157303,7.55689
11,0.0195,1508.232,16.946426966292137,1349.767,0.15165921348314607,7.61419
11,0.01975,1516.432,17.03856179775281,1358.655,0.15265786516853933,7.669077
11,0.02,1524.044,17.12408988764045,1367.248,0.15362337078651686,7.7215
11,0.02025,1531.974,17.213191011235956,1375.421,0.15454168539325844,7.771556
11,0.0205,1538.96,17.291685393258426,1382.718,0.15536157303370787,7.819395
11,0.02075,1545.712,17.367550561797753,1389.486,0.15612202247191012,7.865021
11,0.021,1552.268,17.44121348314607,1396.279,0.1568852808988764,7.908379
11,0.02125,1558.139,17.5071797752809,1403.617,0.15770977528089888,7.949487
11,0.0215,1563.836,17.571191011235953,1409.097,0.15832550561797754,7.988504
11,0.02175,1568.765,17.626573033707867,1415.875,0.1590870786516854,8.025443
11,0.022,1574.682,17.693056179775283,1421.593,0.15972955056179777,8.06026
11,0.02225,1578.315,17.73387640449438,1427.31,0.16037191011235954,8.093035
11,0.0225,1582.335,17.779044943820228,1431.871,0.16088438202247193,8.123926
11,0.02275,1586.175,17.822191011235955,1436.195,0.16137022471910112,8.152958
11,0.023,1589.431,17.858775280898875,1440.649,0.16187067415730336,8.180046
11,0.02325,1591.381,17.880685393258428,1444.578,0.16231213483146067,8.205245
11,0.0235,1594.364,17.914202247191014,1448.269,0.16272685393258426,8.228691
11,0.02375,1596.023,17.932842696629212,1450.49,0.16297640449438203,8.250486
11,0.024,1597.847,17.953337078651685,1454.368,0.16341213483146066,8.270635
11,0.02425,1599.322,17.96991011235955,1457.196,0.16372988764044943,8.289084
11,0.0245,1599.739,17.974595505617977,1460.591,0.16411134831460672,8.305921
11,0.02475,1600.276,17.980629213483148,1462.642,0.164341797752809,8.321301
11,0.025,1601.017,17.988955056179776,1464.852,0.16459011235955057,8.335269
11,0.02525,1600.43,17.9823595505618,1466.217,0.16474348314606743,8.347842
11,0.0255,1599.367,17.970415730337077,1467.696,0.16490966292134832,8.359113
11,0.02575,1598.144,17.95667415730337,1469.017,0.16505808988764045,8.369172
11,0.026,1596.504,17.938247191011236,1470.541,0.16522932584269662,8.378059
11,0.02625,1594.51,17.915842696629213,1472.325,0.1654297752808989,8.385835
11,0.0265,1592.379,17.891898876404497,1472.33,0.16543033707865168,8.392586
11,0.02675,1589.317,17.857494382022473,1473.316,0.1655411235955056,8.398378
11,0.027,1586.368,17.824359550561798,1473.804,0.16559595505617977,8.40325
11,0.02725,1583.227,17.78906741573034,1474.583,0.16568348314606743,8.407283
11,0.0275,1579.551,17.747764044943818,1474.156,0.16563550561797752,8.410557
11,0.02775,1574.895,17.69544943820225,1474.795,0.16570730337078654,8.413128
11,0.028,1570.121,17.641808988764044,1475.384,0.1657734831460674,8.415061
11,0.02825,1565.802,17.593280898876404,1475.129,0.16574483146067415,8.416411
11,0.0285,1560.395,17.53252808988764,1474.842,0.16571258426966293,8.417227
11,0.02875,1554.883,17.47059550561798,1474.927,0.16572213483146067,8.417583
11,0.029,1548.565,17.399606741573034,1474.764,0.1657038202247191,8.417551
11,0.02925,1542.652,17.333168539325843,1475.486,0.16578494382022474,8.417174
11,0.0295,1535.416,17.25186516853933,1474.473,0.16567112359550562,8.416424
11,0.02975,1528.197,17.170752808988762,1474.369,0.16565943820224718,8.415175
11,0.03,1520.53,17.084606741573037,1474.128,0.16563235955056177,8.413241
11,0.03025,1512.483,16.994191011235955,1473.196,0.1655276404494382,8.410424
11,0.0305,1503.921,16.897988764044946,1471.764,0.16536674157303372,8.406507
11,0.03075,1495.113,16.799022471910114,1470.256,0.16519730337078653,8.401211
11,0.031,1485.943,16.695988764044944,1469.016,0.1650579775280899,8.394173
11,0.03125,1476.54,16.590337078651686,1467.685,0.16490842696629213,8.385036
11,0.0315,1466.486,16.477370786516854,1464.046,0.16449955056179777,8.373559
11,0.03175,1456.221,16.36203370786517,1461.48,0.16421123595505618,8.359809
11,0.032,1445.22,16.238426966292135,1458.025,0.16382303370786516,8.344289
11,0.03225,1434.13,16.113820224719102,1454.941,0.16347651685393258,8.327714
11,0.0325,1422.65,15.984831460674158,1450.608,0.1629896629213483,8.310577
11,0.03275,1411.759,15.862460674157305,1446.568,0.16253573033707863,8.293018
11,0.033,1399.216,15.721528089887641,1442.782,0.1621103370786517,8.274886
11,0.03325,1386.934,15.583528089887642,1438.506,0.16162988764044944,8.25591
11,0.0335,1374.462,15.443393258426967,1433.573,0.1610756179775281,8.235941
11,0.03375,1361.208,15.29447191011236,1428.921,0.16055292134831461,8.215037
11,0.034,1348.04,15.146516853932583,1424.75,0.16008426966292133,8.193242
11,0.03425,1334.446,14.993775280898875,1419.281,0.15946977528089887,8.170577
11,0.0345,1320.274,14.834539325842696,1413.912,0.15886651685393258,8.147154
11,0.03475,1305.746,14.671303370786518,1407.852,0.15818561797752811,8.122971
11,0.035,1291.12,14.506966292134832,1402.997,0.15764011235955055,8.097845
11,0.03525,1276.247,14.33985393258427,1396.732,0.1569361797752809,8.071737
11,0.0355,1260.994,14.168471910112359,1390.394,0.15622404494382022,8.044796
11,0.03575,1245.542,13.994853932584268,1383.651,0.15546640449438204,8.017137
11,0.036,1229.489,13.814483146067415,1378.411,0.15487764044943822,7.988636
11,0.03625,1213.21,13.631573033707866,1371.723,0.1541261797752809,7.959134
11,0.0365,1196.76,13.446741573033709,1365.084,0.15338022471910112,7.928732
11,0.03675,1180.145,13.260056179775281,1357.448,0.15252224719101123,7.897539
11,0.037,1162.452,13.061258426966292,1351.264,0.15182741573033706,7.865395
11,0.03725,1145.482,12.870584269662922,1344.031,0.1510147191011236,7.832211
11,0.0375,1127.328,12.666606741573034,1336.41,0.15015842696629214,7.798145
11,0.03775,1110.022,12.472157303370786,1328.227,0.14923898876404496,7.763186
11,0.038,1091.348,12.262337078651687,1321.309,0.1484616853932584,7.727181
11,0.03825,1072.509,12.050662921348316,1313.397,0.14757269662921346,7.690109
11,0.0385,1053.524,11.837348314606741,1304.409,0.14656280898876406,7.652051
11,0.03875,1034.154,11.619707865168541,1297.518,0.1457885393258427,7.613056
11,0.039,1015.081,11.405404494382022,1289.246,0.1448591011235955,7.572981
11,0.03925,995.1843,11.18184606741573,1281.593,0.1439992134831461,7.53182
11,0.0395,975.8308,10.964391011235955,1273.625,0.14310393258426965,7.489732
11,0.03975,955.5348,10.736346067415731,1264.917,0.14212550561797752,7.446749
11,0.04,935.2043,10.507913483146067,1256.644,0.14119595505617977,7.402754
11,0.04025,915.2334,10.283521348314608,1249.001,0.14033719101123596,7.357488
11,0.0405,894.3417,10.048783146067414,1240.355,0.13936573033707866,7.310986
11,0.04075,873.644,9.816224719101125,1231.967,0.1384232584269663,7.263522
11,0.041,852.4423,9.578003370786519,1223.142,0.13743168539325842,7.215168
11,0.04125,831.033,9.337449438202247,1213.872,0.13639011235955056,7.165648
11,0.0415,809.5026,9.095534831460675,1203.866,0.1352658426966292,7.114851
11,0.04175,787.8993,8.852801123595507,1194.291,0.13419,7.062893
11,0.042,766.3133,8.610261797752809,1184.416,0.13308044943820224,7.009755
11,0.04225,743.6012,8.355069662921348,1172.475,0.1317387640449438,6.955371
11,0.0425,721.1597,8.10291797752809,1160.489,0.13039202247191012,6.899853
11,0.04275,699.218,7.8563820224719105,1147.767,0.12896258426966292,6.843293
11,0.043,676.2649,7.59848202247191,1135.76,0.1276134831460674,6.785444
11,0.04325,653.3995,7.341567415730338,1122.396,0.12611191011235953,6.726312
11,0.0435,630.4808,7.08405393258427,1108.888,0.12459415730337077,6.666051
11,0.04375,607.3545,6.82420786516854,1095.415,0.12308033707865168,6.604487
11,0.044,584.1947,6.563985393258427,1082.924,0.12167685393258426,6.54154
11,0.04425,560.2682,6.295148314606741,1068.911,0.1201023595505618,6.477355
11,0.0445,536.53,6.028426966292135,1054.559,0.11848977528089888,6.411963
11,0.04475,512.7407,5.761131460674157,1040.866,0.11695123595505617,6.345237
11,0.045,489.0491,5.494933707865169,1027.08,0.11540224719101123,6.277099
11,0.04525,465.0071,5.224798876404494,1012.985,0.1138185393258427,6.207664
11,0.0455,441.2522,4.95788988764045,998.6536,0.11220826966292134,6.137014
11,0.04575,416.6059,4.680965168539326,984.7426,0.11064523595505618,6.065033
11,0.046,392.3521,4.4084505617977525,972.0802,0.10922249438202249,5.991521
11,0.04625,368.891,4.144842696629214,958.159,0.10765831460674156,5.916543
11,0.0465,343.3953,3.858374157303371,945.1857,0.10620064044943821,5.84021
11,0.04675,318.745,3.5814044943820225,932.0253,0.1047219438202247,5.762369
11,0.047,293.7452,3.3005078651685396,919.4599,0.1033101011235955,5.683052
11,0.04725,269.0188,3.0226831460674157,906.2654,0.10182757303370787,5.602362
11,0.0475,244.9925,2.7527247191011237,891.8814,0.10021139325842696,5.520345
11,0.04775,220.0109,2.472032584269663,877.3147,0.09857468539325843,5.436935
11,0.048,195.3377,2.1948056179775284,862.0467,0.0968591797752809,5.351995
11,0.04825,170.5638,1.916447191011236,844.7963,0.09492093258426966,5.26588
11,0.0485,145.9894,1.6403303370786515,828.5232,0.09309249438202247,5.178607
11,0.04875,121.2368,1.3622112359550562,811.3241,0.09116001123595506,5.089414
11,0.049,96.04499,1.0791571910112359,794.5592,0.08927631460674157,4.998514
11,0.04925,71.24725,0.8005308988764044,776.0883,0.08720093258426967,4.906316
11,0.0495,45.9496,0.5162876404494382,757.9386,0.08516164044943819,4.812871
11,0.04975,21.03639,0.2363639325842697,739.8952,0.08313429213483146,4.717765
11,0.05,-4.05005,-0.045506179775280896,723.1484,0.08125262921348314,4.621142
11,0.05025,-29.79543,-0.3347801123595506,704.894,0.07920157303370787,4.523568
11,0.0505,-54.37588,-0.6109649438202248,687.2698,0.07722132584269664,4.424615
11,0.05075,-79.90955,-0.8978601123595507,670.3923,0.07532497752808988,4.324203
11,0.051,-104.4961,-1.1741134831460673,654.8016,0.07357321348314606,4.222203
11,0.05125,-129.8702,-1.459215730337079,638.3387,0.07172344943820225,4.118572
11,0.0515,-155.4165,-1.7462528089887641,622.5095,0.06994488764044944,4.013675
11,0.05175,-180.036,-2.022876404494382,606.7192,0.06817069662921349,3.907594
11,0.052,-205.2389,-2.3060550561797752,591.5563,0.06646699999999998,3.800033
11,0.05225,-230.8582,-2.593912359550562,575.4797,0.0646606404494382,3.691182
11,0.0525,-254.2818,-2.8570988764044944,558.4842,0.06275103370786517,3.580999
11,0.05275,-279.2143,-3.1372393258426965,540.3517,0.060713674157303374,3.469208
11,0.053,-303.9477,-3.4151426966292138,523.4519,0.0588148202247191,3.355843
11,0.05325,-328.595,-3.6920786516853936,503.9857,0.056627606741573036,3.240911
11,0.0535,-353.566,-3.9726516853932585,484.5642,0.054445415730337086,3.124625
11,0.05375,-377.4571,-4.241091011235955,465.0422,0.05225193258426966,3.00705
11,0.054,-402.194,-4.5190337078651694,444.561,0.04995067415730337,2.888092
11,0.05425,-426.3374,-4.790307865168539,425.5089,0.04780998876404494,2.767657
11,0.0545,-450.2503,-5.0589921348314615,406.2733,0.04564868539325843,2.645864
11,0.05475,-473.8547,-5.32421011235955,387.5549,0.04354549438202247,2.522657
11,0.055,-498.3329,-5.599246067415731,368.3448,0.04138705617977528,2.397893
11,0.05525,-522.1804,-5.867195505617977,349.8884,0.03931330337078651,2.271818
11,0.0555,-545.2156,-6.1260179775280905,332.3195,0.037339269662921344,2.14449
11,0.05575,-568.7785,-6.390769662921349,315.0915,0.0354035393258427,2.015806
11,0.056,-592.3799,-6.6559539325842705,299.6435,0.03366780898876405,1.885694
11,0.05625,-615.3908,-6.914503370786518,282.6582,0.03175934831460674,1.754134
11,0.0565,-638.2269,-7.171088764044945,265.6764,0.029851280898876408,1.621238
11,0.05675,-661.417,-7.431651685393259,247.8467,0.02784794382022472,1.487172
11,0.057,-683.3156,-7.677703370786517,231.1634,0.025973415730337075,1.351823
11,0.05725,-706.5285,-7.938522471910113,211.1932,0.023729573033707867,1.214928
11,0.0575,-729.1195,-8.19235393258427,190.8418,0.021442898876404493,1.076679
11,0.05775,-752.0442,-8.449934831460675,171.2748,0.019244359550561797,0.9374486
11,0.058,-773.2976,-8.688737078651686,151.7446,0.017049955056179775,0.7969776
11,0.05825,-795.2762,-8.935687640449439,132.0729,0.014839651685393258,0.6550072
11,0.0585,-817.5096,-9.185501123595506,111.3936,0.012516134831460675,0.5117203
11,0.05875,-838.7026,-9.423624719101124,91.14143,0.010240610112359551,0.3671758
11,0.059,-860.2932,-9.666215730337079,73.16744,0.008221060674157303,0.2214465
11,0.05925,-881.2619,-9.901819101123596,53.9718,0.006064247191011236,0.07454157
11,0.0595,-902.3572,-10.138844943820226,35.84564,0.004027600000000001,-0.07338458
11,0.05975,-923.255,-10.37365168539326,17.87321,0.0020082258426966293,-0.2223098
11,0.06,-943.3834,-10.599813483146068,2.093064,0.00023517573033707864,-0.3723873
11,0.06025,-963.3928,-10.824638202247192,-12.27719,-0.0013794595505617975,-0.5235223
11,0.0605,-983.0436,-11.045433707865168,-28.51501,-0.0032039337078651683,-0.6756244
11,0.06075,-1002.633,-11.265539325842697,-45.13834,-0.005071723595505618,-0.8285837
11,0.061,-1021.836,-11.481303370786518,-60.77102,-0.006828204494382022,-0.9826228
11,0.06125,-1041.117,-11.697943820224719,-75.81308,-0.008518323595505618,-1.137853
11,0.0615,-1060.652,-11.917438202247192,-93.11096,-0.010461905617977529,-1.293636
11,0.06175,-1078.102,-12.113505617977529,-111.6269,-0.012542348314606742,-1.449997
11,0.062,-1096.857,-12.32423595505618,-128.8393,-0.014476325842696631,-1.607238
11,0.06225,-1114.872,-12.52665168539326,-146.4408,-0.016454022471910114,-1.765308
11,0.0625,-1132.466,-12.724337078651685,-164.2265,-0.01845241573033708,-1.924146
11,0.06275,-1150.054,-12.921955056179776,-182.4017,-0.020494573033707865,-2.083293
11,0.063,-1167.762,-13.120921348314607,-198.8901,-0.02234720224719101,-2.242772
11,0.06325,-1184.238,-13.306044943820227,-215.6185,-0.02422679775280899,-2.402797
11,0.0635,-1201.2,-13.496629213483148,-232.6556,-0.02614107865168539,-2.563324
11,0.06375,-1217.713,-13.682168539325843,-248.4044,-0.027910606741573033,-2.724402
11,0.064,-1233.994,-13.865101123595505,-263.1064,-0.02956251685393259,-2.885875
11,0.06425,-1249.403,-14.038235955056182,-277.6634,-0.031198134831460677,-3.047646
11,0.0645,-1265.367,-14.217606741573034,-291.2983,-0.03273014606741573,-3.209255
11,0.06475,-1280.34,-14.385842696629213,-304.7206,-0.034238269662921345,-3.370329
11,0.065,-1295.172,-14.552494382022472,-317.9246,-0.03572186516853933,-3.531136
11,0.06525,-1309.983,-14.71891011235955,-329.0801,-0.036975292134831465,-3.691774
11,0.0655,-1323.44,-14.870112359550562,-340.4514,-0.03825296629213483,-3.851941
11,0.06575,-1337.742,-15.030808988764045,-353.4576,-0.039714337078651685,-4.011536
11,0.066,-1351.16,-15.181573033707867,-363.9602,-0.040894404494382024,-4.170694
11,0.06625,-1364.843,-15.335314606741575,-375.3107,-0.04216974157303371,-4.329216
11,0.0665,-1377.817,-15.481089887640449,-386.9749,-0.04348032584269663,-4.486773
11,0.06675,-1389.768,-15.615370786516854,-398.9736,-0.044828494382022466,-4.643056
11,0.067,-1402.56,-15.759101123595507,-409.8488,-0.04605042696629213,-4.798135
11,0.06725,-1414.396,-15.89208988764045,-422.042,-0.04742044943820224,-4.952077
11,0.0675,-1425.175,-16.01320224719101,-433.2635,-0.048681292134831466,-5.10451
11,0.06775,-1436.538,-16.140876404494385,-444.5332,-0.04994755056179776,-5.255159
11,0.068,-1446.883,-16.257112359550565,-455.704,-0.05120269662921348,-5.404241
11,0.06825,-1457.501,-16.37641573033708,-466.2497,-0.052387606741573035,-5.551718
11,0.0685,-1467.791,-16.49203370786517,-476.7021,-0.053562033707865164,-5.697118
11,0.06875,-1477.015,-16.59567415730337,-486.5937,-0.05467344943820225,-5.840193
11,0.069,-1485.971,-16.696303370786516,-496.2295,-0.05575612359550561,-5.980796
11,0.06925,-1494.857,-16.79614606741573,-505.4979,-0.05679751685393259,-6.118889
11,0.0695,-1503.335,-16.891404494382023,-515.2589,-0.0578942584269663,-6.254582
11,0.06975,-1511.384,-16.981842696629215,-524.2069,-0.05889965168539327,-6.387925
11,0.07,-1519.62,-17.07438202247191,-531.9583,-0.05977059550561798,-6.518639
11,0.07025,-1527.49,-17.162808988764045,-539.609,-0.06063022471910112,-6.646518
11,0.0705,-1534.037,-17.236370786516854,-546.8902,-0.061448337078651695,-6.771465
11,0.07075,-1541.254,-17.317460674157303,-553.9655,-0.06224331460674158,-6.893137
11,0.071,-1547.716,-17.390067415730336,-561.4663,-0.06308610112359551,-7.011448
11,0.07125,-1554.18,-17.462696629213486,-567.5016,-0.06376422471910112,-7.126486
11,0.0715,-1559.313,-17.520370786516853,-573.9463,-0.06448834831460674,-7.238139
11,0.07175,-1564.713,-17.581044943820228,-579.4344,-0.06510498876404494,-7.346192
11,0.072,-1569.185,-17.631292134831458,-584.3379,-0.06565594382022472,-7.450528
11,0.07225,-1574.033,-17.68576404494382,-589.8394,-0.06627408988764044,-7.551098
11,0.0725,-1577.849,-17.728640449438203,-593.4953,-0.06668486516853933,-7.647775
11,0.07275,-1581.542,-17.770134831460673,-598.0175,-0.06719297752808989,-7.740522
11,0.073,-1584.937,-17.808280898876404,-602.5923,-0.067707,-7.829294
11,0.07325,-1587.588,-17.838067415730336,-605.8493,-0.06807295505617977,-7.91413
11,0.0735,-1589.704,-17.861842696629214,-609.9249,-0.06853088764044944,-7.994821
11,0.07375,-1591.356,-17.880404494382024,-612.1395,-0.0687797191011236,-8.071268
11,0.074,-1593.435,-17.903764044943824,-615.484,-0.06915550561797754,-8.143649
11,0.07425,-1594.916,-17.920404494382023,-617.7453,-0.06940958426966293,-8.211906
11,0.0745,-1595.413,-17.925988764044945,-619.8094,-0.06964150561797752,-8.27577
11,0.07475,-1596.122,-17.933955056179776,-621.8483,-0.06987059550561797,-8.335269
11,0.075,-1595.954,-17.932067415730337,-623.51,-0.07005730337078651,-8.390747
11,0.07525,-1595.731,-17.929561797752807,-625.5171,-0.0702828202247191,-8.442433
11,0.0755,-1594.968,-17.920988764044946,-626.3607,-0.07037760674157302,-8.490224
11,0.07575,-1594.004,-17.910157303370788,-627.6933,-0.07052733707865169,-8.533981
11,0.076,-1591.99,-17.887528089887642,-627.6204,-0.07051914606741573,-8.573947
11,0.07625,-1590.435,-17.870056179775283,-628.813,-0.07065314606741573,-8.610208
11,0.0765,-1588.121,-17.844056179775283,-629.6076,-0.07074242696629214,-8.642846
11,0.07675,-1585.435,-17.813876404494383,-629.6958,-0.07075233707865168,-8.672087
11,0.077,-1582.407,-17.779853932584267,-629.2385,-0.07070095505617978,-8.698185
11,0.07725,-1578.355,-17.73432584269663,-628.7487,-0.07064592134831461,-8.72139
11,0.0775,-1574.854,-17.694988764044947,-629.5389,-0.07073470786516854,-8.741801
11,0.07775,-1570.796,-17.64939325842697,-629.2825,-0.07070589887640451,-8.759563
11,0.078,-1566.818,-17.604696629213482,-627.9726,-0.0705587191011236,-8.774903
11,0.07825,-1561.334,-17.543078651685395,-628.262,-0.07059123595505618,-8.788077
11,0.0785,-1556.346,-17.48703370786517,-627.8494,-0.07054487640449437,-8.79932
11,0.07875,-1550.555,-17.421966292134833,-626.7294,-0.07041903370786518,-8.808859
11,0.079,-1544.592,-17.354966292134833,-626.045,-0.07034213483146068,-8.816882
11,0.07925,-1538.038,-17.28132584269663,-625.223,-0.07024977528089887,-8.823556
11,0.0795,-1530.982,-17.202044943820226,-625.0336,-0.07022849438202247,-8.829023
11,0.07975,-1523.732,-17.120584269662924,-624.583,-0.07017786516853933,-8.833421
11,0.08,-1516.048,-17.034247191011236,-623.0205,-0.07000230337078651,-8.836888
11,0.08025,-1508.295,-16.947134831460676,-622.006,-0.06988831460674157,-8.839553
11,0.0805,-1499.209,-16.845044943820227,-621.4534,-0.06982622471910112,-8.841533
11,0.08075,-1490.384,-16.74588764044944,-619.8478,-0.0696458202247191,-8.842913
11,0.081,-1481.198,-16.64267415730337,-618.8713,-0.06953610112359551,-8.843659
11,0.08125,-1471.349,-16.532011235955054,-618.4304,-0.0694865617977528,-8.843573
11,0.0815,-1461.961,-16.42652808988764,-617.2896,-0.06935838202247191,-8.842353
11,0.08175,-1451.527,-16.309292134831463,-616.197,-0.06923561797752809,-8.839606
11,0.082,-1441.071,-16.191808988764045,-615.2883,-0.06913351685393258,-8.834789
11,0.08225,-1429.947,-16.066820224719102,-612.8701,-0.06886180898876404,-8.827175
11,0.0825,-1419.287,-15.947044943820227,-610.9939,-0.068651,-8.815928
11,0.08275,-1407.305,-15.81241573033708,-609.5327,-0.0684868202247191,-8.800444
11,0.083,-1395.105,-15.675337078651687,-605.8732,-0.0680756404494382,-8.78111
11,0.08325,-1382.354,-15.532067415730339,-602.122,-0.06765415730337078,-8.760092
11,0.0835,-1369.068,-15.382786516853933,-599.607,-0.06737157303370786,-8.738908
11,0.08375,-1356.65,-15.243258426966293,-596.3872,-0.06700979775280899,-8.716709
11,0.084,-1343.456,-15.095011235955056,-592.7423,-0.06660025842696629,-8.692592
11,0.08425,-1329.592,-14.939235955056182,-589.0036,-0.0661801797752809,-8.667281
11,0.0845,-1315.736,-14.783550561797755,-585.3128,-0.06576548314606742,-8.641491
11,0.08475,-1301.095,-14.619044943820224,-581.5432,-0.06534193258426967,-8.614664
11,0.085,-1286.75,-14.457865168539326,-577.0163,-0.06483329213483147,-8.586049
11,0.08525,-1271.528,-14.28683146067416,-573.1019,-0.06439347191011235,-8.555871
11,0.0855,-1256.679,-14.119988764044946,-568.7087,-0.06389985393258428,-8.524961
11,0.08575,-1240.158,-13.934359550561798,-564.7551,-0.06345562921348313,-8.493402
11,0.086,-1224.798,-13.761775280898878,-559.278,-0.06284022471910113,-8.46078
11,0.08625,-1208.368,-13.577168539325843,-554.4945,-0.06230275280898876,-8.426712
11,0.0865,-1192.071,-13.39405617977528,-549.5974,-0.06175251685393258,-8.391234
11,0.08675,-1175.633,-13.2093595505618,-544.1845,-0.06114432584269663,-8.354694
11,0.087,-1158.275,-13.014325842696632,-539.0415,-0.06056646067415731,-8.317272
11,0.08725,-1140.223,-12.811494382022472,-532.7286,-0.05985714606741573,-8.278864
11,0.0875,-1122.966,-12.617595505617977,-527.9392,-0.05931901123595505,-8.239118
11,0.08775,-1104.843,-12.413966292134834,-520.8533,-0.05852284269662921,-8.197955
11,0.088,-1086.705,-12.210168539325844,-514.4451,-0.05780282022471911,-8.155738
11,0.08825,-1068.16,-12.00179775280899,-507.9036,-0.0570678202247191,-8.112537
11,0.0885,-1049.203,-11.78879775280899,-502.4601,-0.05645619101123596,-8.068041
11,0.08875,-1029.618,-11.568741573033707,-495.4115,-0.05566421348314607,-8.021691
11,0.089,-1010.189,-11.35043820224719,-486.8717,-0.05470468539325843,-7.973816
11,0.08925,-991.0679,-11.135594382022473,-480.3043,-0.053966775280898875,-7.925182
11,0.0895,-971.5503,-10.916295505617978,-473.8467,-0.053241202247191005,-7.875457
11,0.08975,-950.9347,-10.684659550561799,-466.2144,-0.052383640449438204,-7.824311
11,0.09,-930.8716,-10.459231460674157,-458.5073,-0.051517674157303364,-7.771892
11,0.09025,-910.1156,-10.226017977528091,-450.8171,-0.050653606741573036,-7.718282
11,0.0905,-890.0272,-10.000305617977528,-443.1703,-0.04979441573033708,-7.663301
11,0.09075,-868.8479,-9.76233595505618,-435.4017,-0.0489215393258427,-7.606812
11,0.091,-847.866,-9.526584269662923,-426.9733,-0.04797452808988764,-7.548837
11,0.09125,-826.6066,-9.287714606741572,-418.0783,-0.04697508988764045,-7.489374
11,0.0915,-805.1375,-9.046488764044945,-411.1045,-0.04619151685393258,-7.428347
11,0.09175,-783.9004,-8.807869662921348,-402.2797,-0.04519996629213483,-7.365741
11,0.092,-761.5313,-8.556531460674158,-393.7467,-0.044241202247191004,-7.301621
11,0.09225,-739.2305,-8.305960674157305,-385.527,-0.0433176404494382,-7.235979
11,0.0925,-717.2646,-8.059152808988765,-377.2567,-0.04238839325842697,-7.168679
11,0.09275,-694.9152,-7.808035955056181,-368.3256,-0.041384898876404494,-7.099639
11,0.093,-671.3989,-7.54380786516854,-360.1114,-0.04046195505617978,-7.028832
11,0.09325,-648.969,-7.291786516853934,-351.6018,-0.03950582022471911,-6.956296
11,0.0935,-625.9703,-7.033374157303371,-343.0496,-0.0385448988764045,-6.881945
11,0.09375,-602.7402,-6.77236179775281,-334.831,-0.0376214606741573,-6.805626
11,0.094,-579.5759,-6.512088764044945,-325.1752,-0.0365365393258427,-6.727498
11,0.09425,-556.0763,-6.2480483146067405,-316.8155,-0.03559724719101123,-6.647518
11,0.0945,-532.2945,-5.980837078651685,-307.0808,-0.034503460674157306,-6.565424
11,0.09475,-508.7797,-5.716625842696629,-296.9174,-0.03336150561797753,-6.48124
11,0.095,-484.9914,-5.449341573033708,-286.3878,-0.03217840449438202,-6.395014
11,0.09525,-460.7286,-5.176725842696629,-275.3123,-0.03093396629213483,-6.3067
11,0.0955,-436.6521,-4.906203370786518,-264.2171,-0.029687314606741576,-6.216209
11,0.09575,-412.6769,-4.636819101123596,-252.5046,-0.028371303370786517,-6.12332
11,0.096,-388.1465,-4.361196629213483,-238.9478,-0.026848067415730335,-6.028079
11,0.09625,-363.3777,-4.082895505617978,-226.1796,-0.02541343820224719,-5.930555
11,0.0965,-338.9613,-3.8085539325842697,-212.8654,-0.023917460674157304,-5.83056
11,0.09675,-314.3895,-3.5324662921348318,-198.6485,-0.022320056179775283,-5.727971
11,0.097,-289.5831,-3.253742696629214,-183.2104,-0.02058543820224719,-5.622884
11,0.09725,-265.5223,-2.983396629213483,-168.7432,-0.018959910112359552,-5.515336
11,0.0975,-240.3371,-2.7004168539325843,-154.0522,-0.01730923595505618,-5.405183
11,0.09775,-215.8129,-2.42486404494382,-138.8584,-0.015602067415730335,-5.292318
11,0.098,-190.922,-2.145191011235955,-123.5198,-0.013878629213483148,-5.176532
11,0.09825,-165.9206,-1.8642764044943823,-107.7036,-0.012101528089887641,-5.057895
11,0.0985,-141.4394,-1.589206741573034,-92.05639,-0.010343414606741572,-4.936636
11,0.09875,-116.6346,-1.3105011235955057,-77.17512,-0.00867136179775281,-4.812764
11,0.099,-92.0339,-1.0340887640449439,-62.34798,-0.0070053910112359554,-4.686174
11,0.09925,-66.97431,-0.7525203370786517,-47.79026,-0.005369692134831462,-4.556736
11,0.0995,-41.44267,-0.4656479775280899,-33.73767,-0.003790749438202247,-4.424307
11,0.09975,-16.49552,-0.1853429213483146,-19.7341,-0.002217314606741573,-4.288863
11,0.1,5.065246,0.056912876404494384,-6.574504,-0.0007387083146067416,-4.161723
12,0.0,10.23818,0.11503573033707866,0.0,0.0,-7.397169
12,0.00025,35.68407,0.400944606741573,16.75314,0.0018823752808988764,-7.235133
12,0.0005,58.68326,0.6593624719101124,33.61139,0.0037765606741573033,-7.068278
12,0.00075,85.80326,0.9640815730337079,49.76685,0.005591780898876404,-6.896593
12,0.001,117.3013,1.3179921348314607,66.44508,0.007465739325842697,-6.720009
12,0.00125,144.0653,1.6187112359550562,82.76329,0.00929924606741573,-6.538484
12,0.0015,169.3138,1.9024022471910111,97.25473,0.010927497752808988,-6.351763
12,0.00175,195.6497,2.1983112359550563,113.0298,0.012699977528089887,-6.159532
12,0.002,221.6068,2.4899640449438203,129.5464,0.014555775280898877,-5.961898
12,0.00225,248.1641,2.7883606741573037,145.7148,0.016372449438202246,-5.759019
12,0.0025,274.3304,3.0823640449438203,163.039,0.018318988764044943,-5.550665
12,0.00275,301.6201,3.3889898876404496,181.4228,0.02038458426966292,-5.336556
12,0.003,327.4981,3.67975393258427,201.9797,0.022694348314606743,-5.116701
12,0.00325,353.6315,3.9733876404494386,223.2543,0.025084752808988763,-4.890884
12,0.0035,380.4947,4.275221348314607,244.9524,0.02752274157303371,-4.658739
12,0.00375,406.35,4.565730337078652,268.246,0.030139999999999997,-4.420293
12,0.004,432.6307,4.8610191011235955,292.3144,0.032844314606741566,-4.175821
12,0.00425,458.644,5.153303370786517,316.2743,0.03553643820224719,-3.92527
12,0.0045,485.0752,5.450283146067416,340.0706,0.0382101797752809,-3.668413
12,0.00475,511.0353,5.741969662921348,362.7684,0.04076049438202247,-3.405233
12,0.005,536.2585,6.0253764044943825,386.2474,0.04339858426966292,-3.135764
12,0.00525,562.2566,6.31748988764045,407.4122,0.04577665168539326,-2.860004
12,0.0055,587.9772,6.606485393258428,428.4318,0.048138404494382024,-2.57793
12,0.00575,613.1796,6.889658426966292,448.1757,0.0503568202247191,-2.289681
12,0.006,638.5725,7.17497191011236,470.5692,0.05287294382022472,-1.995664
12,0.00625,663.5151,7.455225842696629,494.5349,0.0555657191011236,-1.69612
12,0.0065,688.3351,7.734102247191012,519.8858,0.05841413483146068,-1.390823
12,0.00675,712.679,8.007629213483147,546.0619,0.06135526966292135,-1.079682
12,0.007,737.6702,8.288429213483147,575.3785,0.06464926966292135,-0.763139
12,0.00725,761.5512,8.556755056179776,604.7363,0.0679478988764045,-0.4417759
12,0.0075,785.57,8.826629213483148,633.4921,0.07117888764044944,-0.1159529
12,0.00775,809.7002,9.097755056179777,661.36,0.07431011235955055,0.2137777
12,0.008,833.3538,9.36352584269663,689.4821,0.07746989887640449,0.5465873
12,0.00825,856.786,9.626808988764045,715.6315,0.08040803370786516,0.8818376
12,0.0085,880.2456,9.8904,738.614,0.0829903370786517,1.219002
12,0.00875,903.6429,10.153291011235957,760.7694,0.08547970786516855,1.557429
12,0.009,926.8594,10.414150561797754,785.923,0.08830595505617977,1.896333
12,0.00925,949.4088,10.667514606741573,811.1822,0.09114406741573033,2.234769
12,0.0095,972.6784,10.928970786516855,838.5516,0.0942192808988764,2.571875
12,0.00975,994.7644,11.177128089887642,866.4764,0.0973568988764045,2.906919
12,0.01,1016.721,11.423831460674158,896.8731,0.1007722584269663,3.239048
12,0.01025,1038.468,11.6681797752809,926.2297,0.10407075280898877,3.567519
12,0.0105,1060.051,11.910685393258428,954.278,0.10722224719101124,3.891813
12,0.01075,1081.402,12.150584269662922,982.3252,0.1103736179775281,4.211235
12,0.011,1102.037,12.382438202247192,1008.233,0.11328460674157302,4.524941
12,0.01125,1122.56,12.613033707865169,1032.269,0.1159852808988764,4.832223
12,0.0115,1142.611,12.838325842696632,1053.966,0.11842314606741572,5.132568
12,0.01175,1162.143,13.057786516853934,1074.578,0.1207391011235955,5.425391
12,0.012,1182.031,13.281247191011236,1095.352,0.1230732584269663,5.710113
12,0.01225,1200.984,13.494202247191012,1116.584,0.12545887640449438,5.986288
12,0.0125,1220.202,13.710134831460675,1138.987,0.12797606741573037,6.253513
12,0.01275,1238.687,13.917831460674156,1162.838,0.13065595505617977,6.511462
12,0.013,1256.838,14.121775280898877,1186.238,0.13328516853932584,6.75979
12,0.01325,1274.777,14.323337078651686,1209.564,0.13590606741573033,6.998252
12,0.0135,1293.043,14.528573033707865,1232.486,0.13848157303370787,7.226872
12,0.01375,1310.143,14.72070786516854,1253.482,0.14084067415730336,7.445747
12,0.014,1327.839,14.919539325842697,1276.098,0.143381797752809,7.654908
12,0.01425,1344.433,15.105988764044945,1296.344,0.14565662921348316,7.854553
12,0.0145,1360.866,15.290629213483147,1315.313,0.1477879775280899,8.045046
12,0.01475,1377.306,15.475348314606743,1332.764,0.1497487640449438,8.226659
12,0.015,1393.378,15.655932584269664,1349.156,0.1515905617977528,8.399819
12,0.01525,1408.233,15.822842696629214,1364.764,0.15334426966292133,8.5649
12,0.0155,1423.906,15.99894382022472,1378.856,0.15492764044943821,8.722251
12,0.01575,1438.306,16.160741573033707,1392.718,0.15648516853932587,8.872275
12,0.016,1452.699,16.322460674157306,1406.193,0.15799921348314605,9.015189
12,0.01625,1467.112,16.484404494382023,1419.476,0.15949168539325845,9.151373
12,0.0165,1480.854,16.638808988764044,1432.519,0.16095719101123596,9.281228
12,0.01675,1494.605,16.79331460674157,1446.363,0.16251269662921347,9.405024
12,0.017,1507.063,16.93329213483146,1459.679,0.16400887640449438,9.522998
12,0.01725,1520.674,17.08622471910112,1473.037,0.16550977528089889,9.635493
12,0.0175,1532.247,17.216258426966295,1486.604,0.1670341573033708,9.742863
12,0.01775,1544.859,17.357966292134833,1499.111,0.16843943820224722,9.845384
12,0.018,1556.126,17.48456179775281,1511.675,0.1698511235955056,9.943122
12,0.01825,1566.575,17.601966292134833,1524.04,0.17124044943820224,10.0362
12,0.0185,1577.597,17.725808988764044,1536.615,0.17265337078651685,10.12503
12,0.01875,1588.102,17.843842696629213,1546.478,0.17376157303370787,10.20981
12,0.019,1597.457,17.948955056179777,1559.14,0.17518426966292136,10.29058
12,0.01925,1607.103,18.057337078651685,1569.875,0.17639044943820226,10.36752
12,0.0195,1616.101,18.158438202247194,1579.443,0.17746550561797753,10.44136
12,0.01975,1624.498,18.252786516853934,1589.395,0.17858370786516853,10.51195
12,0.02,1633.083,18.349247191011237,1599.346,0.17970179775280898,10.57867
12,0.02025,1640.984,18.438022471910113,1607.871,0.18065966292134833,10.64185
12,0.0205,1648.217,18.519292134831463,1614.944,0.1814543820224719,10.70178
12,0.02075,1655.187,18.59760674157303,1622.701,0.18232595505617977,10.75863
12,0.021,1662.711,18.682146067415733,1631.211,0.1832821348314607,10.81238
12,0.02125,1668.747,18.749966292134832,1637.575,0.18399719101123596,10.86317
12,0.0215,1675.005,18.82028089887641,1643.333,0.1846441573033708,10.91117
12,0.02175,1680.328,18.880089887640448,1648.925,0.18527247191011234,10.95649
12,0.022,1685.835,18.941966292134833,1654.438,0.18589191011235956,10.99903
12,0.02225,1690.42,18.99348314606742,1660.132,0.18653168539325843,11.0388
12,0.0225,1694.807,19.042775280898876,1664.49,0.18702134831460673,11.07599
12,0.02275,1698.487,19.08412359550562,1668.402,0.18746089887640452,11.11065
12,0.023,1702.502,19.12923595505618,1672.866,0.18796247191011237,11.14291
12,0.02325,1705.86,19.16696629213483,1676.646,0.18838719101123594,11.17287
12,0.0235,1707.631,19.186865168539327,1680.155,0.1887814606741573,11.20058
12,0.02375,1709.959,19.213022471910115,1681.955,0.18898370786516852,11.22603
12,0.024,1711.77,19.233370786516854,1685.074,0.1893341573033708,11.24913
12,0.02425,1713.076,19.248044943820226,1687.308,0.18958516853932586,11.26999
12,0.0245,1713.43,19.252022471910113,1689.057,0.18978168539325843,11.28879
12,0.02475,1714.527,19.264348314606746,1690.585,0.18995337078651686,11.30566
12,0.025,1714.417,19.263112359550565,1692.444,0.19016224719101124,11.3206
12,0.02525,1713.955,19.257921348314607,1693.511,0.19028213483146067,11.33363
12,0.0255,1713.25,19.25,1693.694,0.19030269662921348,11.34496
12,0.02575,1712.099,19.237067415730337,1694.498,0.19039303370786517,11.35477
12,0.026,1710.438,19.218404494382025,1695.641,0.19052146067415732,11.36317
12,0.02625,1708.535,19.197022471910113,1696.201,0.1905843820224719,11.37025
12,0.0265,1705.933,19.167786516853933,1695.604,0.19051730337078654,11.37619
12,0.02675,1703.03,19.135168539325846,1696.104,0.19057348314606742,11.38112
12,0.027,1699.962,19.100696629213484,1696.852,0.19065752808988765,11.38513
12,0.02725,1695.918,19.05525842696629,1696.788,0.1906503370786517,11.38833
12,0.0275,1691.587,19.006595505617977,1697.287,0.19070640449438203,11.39083
12,0.02775,1687.18,18.957078651685396,1696.398,0.19060651685393257,11.39269
12,0.028,1682.077,18.899741573033708,1696.46,0.19061348314606744,11.394
12,0.02825,1676.821,18.840685393258426,1696.144,0.1905779775280899,11.39484
12,0.0285,1671.118,18.776606741573033,1695.607,0.1905176404494382,11.39526
12,0.02875,1664.924,18.707011235955058,1695.037,0.19045359550561797,11.39534
12,0.029,1658.27,18.632247191011235,1695.582,0.19051483146067416,11.39513
12,0.02925,1651.529,18.55650561797753,1695.389,0.19049314606741571,11.39467
12,0.0295,1644.382,18.47620224719101,1694.52,0.19039550561797752,11.39403
12,0.02975,1637.064,18.39397752808989,1694.363,0.19037786516853933,11.39323
12,0.03,1628.879,18.302011235955057,1693.619,0.19029426966292134,11.39229
12,0.03025,1620.174,18.204202247191013,1693.861,0.1903214606741573,11.3912
12,0.0305,1611.428,18.105932584269663,1692.501,0.19016865168539326,11.38988
12,0.03075,1601.949,17.999426966292138,1692.29,0.19014494382022473,11.38821
12,0.031,1592.445,17.892640449438204,1691.492,0.1900552808988764,11.38593
12,0.03125,1582.125,17.776685393258425,1690.998,0.18999977528089887,11.38251
12,0.0315,1571.315,17.655224719101128,1689.789,0.18986393258426967,11.37718
12,0.03175,1560.219,17.530550561797753,1687.627,0.18962101123595504,11.36951
12,0.032,1548.295,17.396573033707867,1686.041,0.18944280898876403,11.35951
12,0.03225,1536.719,17.266505617977533,1683.08,0.18911011235955055,11.34549
12,0.0325,1523.973,17.12329213483146,1678.356,0.18857932584269663,11.32325
12,0.03275,1511.413,16.982168539325844,1673.6,0.1880449438202247,11.29794
12,0.033,1499.006,16.842764044943824,1669.649,0.18760101123595505,11.27692
12,0.03325,1485.31,16.688876404494383,1665.984,0.18718921348314607,11.25836
12,0.0335,1472.296,16.54265168539326,1662.005,0.18674213483146068,11.23906
12,0.03375,1457.998,16.382,1657.317,0.18621539325842695,11.21674
12,0.034,1443.775,16.222191011235957,1652.246,0.1856456179775281,11.19217
12,0.03425,1428.933,16.055426966292135,1646.676,0.18501977528089886,11.16727
12,0.0345,1414.192,15.88979775280899,1641.786,0.1844703370786517,11.14213
12,0.03475,1398.694,15.715662921348315,1636.251,0.18384842696629214,11.11576
12,0.035,1382.566,15.534449438202248,1630.904,0.1832476404494382,11.08825
12,0.03525,1366.474,15.353640449438203,1625.117,0.18259741573033708,11.0601
12,0.0355,1350.328,15.172224719101125,1618.897,0.18189853932584268,11.03103
12,0.03575,1333.906,14.987707865168538,1611.876,0.1811096629213483,11.00091
12,0.036,1316.835,14.795898876404495,1605.101,0.18034842696629216,10.96962
12,0.03625,1299.383,14.599808988764046,1597.904,0.17953977528089887,10.93738
12,0.0365,1281.912,14.40350561797753,1590.481,0.17870573033707865,10.90416
12,0.03675,1263.887,14.200977528089888,1583.004,0.1778656179775281,10.8699
12,0.037,1245.117,13.990078651685392,1574.472,0.17690696629213484,10.83455
12,0.03725,1226.866,13.785011235955057,1566.406,0.17600067415730336,10.79815
12,0.0375,1208.047,13.57356179775281,1558.141,0.17507202247191012,10.76088
12,0.03775,1188.815,13.357471910112361,1549.149,0.17406168539325842,10.72256
12,0.038,1169.066,13.135573033707866,1540.082,0.17304292134831462,10.68291
12,0.03825,1149.279,12.913247191011235,1530.594,0.17197685393258427,10.64191
12,0.0385,1129.191,12.687539325842698,1521.011,0.17090011235955055,10.59994
12,0.03875,1108.699,12.45729213483146,1511.433,0.16982393258426967,10.55705
12,0.039,1088.035,12.225112359550563,1501.911,0.16875404494382024,10.51303
12,0.03925,1066.917,11.987831460674157,1491.686,0.16760516853932583,10.46786
12,0.0395,1045.189,11.743696629213485,1481.874,0.1665026966292135,10.42163
12,0.03975,1024.076,11.506471910112362,1471.975,0.16539044943820225,10.37447
12,0.04,1001.888,11.257168539325843,1461.815,0.1642488764044944,10.32598
12,0.04025,979.551,11.006191011235957,1452.585,0.163211797752809,10.27596
12,0.0405,957.734,10.76105617977528,1441.571,0.16197426966292136,10.22481
12,0.04075,935.0539,10.506223595505618,1431.219,0.16081112359550562,10.17253
12,0.041,912.9527,10.257895505617979,1421.616,0.15973213483146068,10.11897
12,0.04125,890.1125,10.00126404494382,1411.737,0.15862213483146068,10.06422
12,0.0415,866.9452,9.740957303370788,1402.037,0.15753224719101125,10.00818
12,0.04175,843.6132,9.478800000000001,1391.046,0.15629730337078654,9.950684
12,0.042,820.6951,9.221293258426968,1381.243,0.15519584269662923,9.891805
12,0.04225,796.6089,8.95066179775281,1370.628,0.15400314606741572,9.831531
12,0.0425,772.8232,8.683406741573036,1359.787,0.15278505617977528,9.769892
12,0.04275,748.851,8.414056179775281,1348.144,0.15147685393258428,9.706964
12,0.043,724.1915,8.136983146067417,1336.847,0.15020752808988763,9.642629
12,0.04325,699.8871,7.8639,1324.079,0.1487729213483146,9.576783
12,0.0435,675.1314,7.585746067415731,1311.144,0.14731955056179774,9.509647
12,0.04375,650.4512,7.308440449438202,1298.28,0.14587415730337078,9.440895
12,0.044,625.3283,7.026160674157304,1283.935,0.1442623595505618,9.370364
12,0.04425,600.055,6.742191011235954,1268.933,0.14257674157303368,9.298268
12,0.0445,574.7396,6.457748314606741,1254.243,0.14092617977528088,9.224725
12,0.04475,549.4313,6.173385393258427,1237.948,0.13909528089887643,9.149794
12,0.045,524.2684,5.890656179775282,1222.338,0.13734134831460673,9.073309
12,0.04525,497.6346,5.591399999999999,1205.653,0.13546662921348315,8.995171
12,0.0455,472.3669,5.307493258426966,1189.037,0.13359966292134834,8.915411
12,0.04575,447.2359,5.025122471910112,1172.686,0.13176247191011237,8.834047
12,0.046,420.4268,4.723896629213484,1157.205,0.13002303370786517,8.751035
12,0.04625,394.3386,4.430770786516854,1141.345,0.12824101123595505,8.666365
12,0.0465,368.2113,4.1372056179775285,1124.676,0.12636808988764045,8.57998
12,0.04675,341.8353,3.8408460674157308,1109.314,0.12464202247191013,8.491905
12,0.047,315.0861,3.5402932584269666,1095.709,0.12311337078651685,8.402171
12,0.04725,289.0307,3.2475359550561804,1079.981,0.1213461797752809,8.310763
12,0.0475,262.4912,2.949339325842697,1064.259,0.11957966292134832,8.217758
12,0.04775,235.3565,2.6444550561797757,1049.254,0.11789370786516853,8.123019
12,0.048,209.1274,2.3497460674157304,1034.274,0.1162105617977528,8.02634
12,0.04825,182.3316,2.0486696629213483,1018.867,0.11447943820224718,7.927778
12,0.0485,155.1017,1.7427157303370786,1001.651,0.11254505617977527,7.827336
12,0.04875,128.473,1.4435168539325847,983.4715,0.11050241573033709,7.725228
12,0.049,102.1102,1.1473056179775283,964.59,0.1083808988764045,7.621494
12,0.04925,75.51341,0.8484652808988764,945.5104,0.10623712359550562,7.515855
12,0.0495,48.59146,0.5459714606741574,925.032,0.10393617977528091,7.408325
12,0.04975,21.77941,0.24471247191011236,904.7304,0.10165510112359552,7.298885
12,0.05,-4.884745,-0.05488477528089888,884.9783,0.09943576404494382,7.187995
12,0.05025,-31.53066,-0.35427707865168545,865.5457,0.09725232584269664,7.075626
12,0.0505,-58.10719,-0.6528897752808989,845.1536,0.09496107865168539,6.961418
12,0.05075,-85.39332,-0.9594755056179777,826.258,0.0928379775280899,6.845342
12,0.051,-112.2074,-1.2607573033707868,808.3651,0.0908275393258427,6.727332
12,0.05125,-139.3279,-1.5654820224719102,790.2217,0.08878895505617979,6.607589
12,0.0515,-166.5158,-1.8709640449438205,773.3337,0.08689142696629214,6.486091
12,0.05175,-192.3579,-2.1613247191011236,755.5052,0.08488822471910112,6.362685
12,0.052,-219.5174,-2.4664876404494382,738.4908,0.08297649438202248,6.237195
12,0.05225,-246.3137,-2.7675696629213484,720.1058,0.08091076404494382,6.109786
12,0.0525,-273.0888,-3.068413483146067,700.8773,0.0787502584269663,5.980669
12,0.05275,-299.7215,-3.3676573033707866,681.6585,0.0765908426966292,5.849621
12,0.053,-326.2044,-3.66521797752809,660.9631,0.0742655168539326,5.716451
12,0.05325,-352.6178,-3.961997752808989,639.5654,0.0718612808988764,5.581157
12,0.0535,-378.6575,-4.254578651685394,617.33,0.06936292134831461,5.443882
12,0.05375,-404.7761,-4.54804606741573,594.5851,0.06680731460674157,5.304784
12,0.054,-430.7373,-4.839744943820225,573.7263,0.06446362921348314,5.163542
12,0.05425,-456.9223,-5.133958426966293,551.6383,0.06198183146067415,5.02
12,0.0545,-482.615,-5.422640449438203,529.7307,0.059520303370786516,4.87437
12,0.05475,-508.3406,-5.711692134831461,507.6541,0.05703978651685394,4.726661
12,0.055,-533.9467,-5.999401123595506,488.2452,0.05485901123595505,4.576845
12,0.05525,-559.257,-6.283786516853932,470.1951,0.052830910112359554,4.42495
12,0.0555,-584.54,-6.567865168539326,451.6987,0.05075266292134831,4.27097
12,0.05575,-609.7186,-6.850770786516855,432.1407,0.04855513483146067,4.114833
12,0.056,-634.7549,-7.132077528089888,414.1071,0.04652888764044944,3.956426
12,0.05625,-659.8479,-7.414021348314607,395.0091,0.04438304494382023,3.796001
12,0.0565,-684.0976,-7.686489887640451,374.6824,0.04209914606741572,3.633744
12,0.05675,-708.949,-7.965719101123596,353.2898,0.03969548314606742,3.46928
12,0.057,-733.138,-8.23750561797753,331.1434,0.03720712359550562,3.302425
12,0.05725,-757.6901,-8.51337191011236,309.3201,0.03475506741573034,3.133373
12,0.0575,-781.0494,-8.77583595505618,286.2098,0.032158404494382016,2.9623
12,0.05775,-804.8498,-9.04325617977528,263.2731,0.029581247191011233,2.789009
12,0.058,-828.548,-9.30952808988764,241.3957,0.02712311235955056,2.61316
12,0.05825,-851.8339,-9.571167415730336,218.8885,0.02459421348314607,2.434746
12,0.0585,-875.373,-9.835651685393259,197.4383,0.022184078651685393,2.253961
12,0.05875,-898.2131,-10.092282022471911,177.2288,0.01991334831460674,2.070786
12,0.059,-921.0497,-10.348873033707866,158.292,0.01778561797752809,1.885077
12,0.05925,-943.9552,-10.606238202247193,140.0184,0.015732404494382023,1.696795
12,0.0595,-966.8906,-10.863939325842697,122.2197,0.013732550561797754,1.506091
12,0.05975,-988.576,-11.10759550561798,103.6575,0.01164691011235955,1.313046
12,0.06,-1010.797,-11.35726966292135,85.43522,0.009599462921348315,1.117455
12,0.06025,-1032.513,-11.601269662921348,67.19532,0.007550035955056178,0.9191701
12,0.0605,-1053.326,-11.835123595505618,47.28395,0.0053128033707865166,0.7182444
12,0.06075,-1074.746,-12.07579775280899,27.24042,0.0030607213483146065,0.5148028
12,0.061,-1095.267,-12.306370786516855,7.283957,0.0008184221348314606,0.3087789
12,0.06125,-1115.759,-12.53661797752809,-14.41575,-0.0016197471910112358,0.1000764
12,0.0615,-1136.05,-12.764606741573035,-34.31927,-0.003856097752808989,-0.1111573
12,0.06175,-1155.755,-12.986011235955058,-54.33692,-0.0061052719101123585,-0.3248284
12,0.062,-1175.164,-13.20408988764045,-74.37731,-0.008357001123595505,-0.5410714
12,0.06225,-1194.471,-13.421022471910113,-93.46,-0.010501123595505616,-0.7599549
12,0.0625,-1214.022,-13.640696629213483,-111.4889,-0.012526842696629212,-0.9812768
12,0.06275,-1232.069,-13.84347191011236,-129.4998,-0.014550539325842694,-1.204955
12,0.063,-1250.935,-14.055449438202247,-146.4564,-0.016455775280898876,-1.4312
12,0.06325,-1268.891,-14.257202247191014,-161.7032,-0.018168898876404493,-1.659967
12,0.0635,-1286.777,-14.458168539325843,-176.7963,-0.019864752808988764,-1.891072
12,0.06375,-1304.28,-14.654831460674156,-191.4183,-0.02150767415730337,-2.124355
12,0.064,-1322.275,-14.857022471910113,-206.0231,-0.023148662921348314,-2.359655
12,0.06425,-1338.82,-15.042921348314607,-220.9444,-0.02482521348314607,-2.596874
12,0.0645,-1355.091,-15.225741573033707,-234.8848,-0.026391550561797754,-2.835781
12,0.06475,-1371.005,-15.404550561797754,-249.2178,-0.028002000000000003,-3.076104
12,0.065,-1387.793,-15.593179775280898,-263.2845,-0.029582528089887636,-3.31781
12,0.06525,-1402.659,-15.76021348314607,-277.6708,-0.03119896629213483,-3.56082
12,0.0655,-1418.502,-15.938224719101125,-292.6952,-0.032887101123595504,-3.804948
12,0.06575,-1432.996,-16.101078651685395,-306.5706,-0.034446134831460674,-4.050012
12,0.066,-1447.416,-16.263101123595508,-320.5314,-0.036014764044943824,-4.295878
12,0.06625,-1462.238,-16.429640449438203,-334.0973,-0.03753902247191011,-4.54259
12,0.0665,-1476.044,-16.58476404494382,-347.5541,-0.03905102247191011,-4.789726
12,0.06675,-1488.96,-16.72988764044944,-360.6169,-0.04051875280898876,-5.036958
12,0.067,-1501.996,-16.876359550561798,-372.2238,-0.04182289887640449,-5.284351
12,0.06725,-1515.113,-17.02374157303371,-384.6049,-0.04321403370786517,-5.531692
12,0.0675,-1527.26,-17.160224719101123,-395.8919,-0.04448223595505618,-5.778537
12,0.06775,-1539.252,-17.29496629213483,-406.2388,-0.04564480898876405,-6.024378
12,0.068,-1550.984,-17.42678651685393,-415.7295,-0.046711179775280894,-6.269006
12,0.06825,-1562.159,-17.552348314606746,-425.9882,-0.047863842696629216,-6.512102
12,0.0685,-1572.638,-17.67008988764045,-434.6114,-0.04883274157303371,-6.752983
12,0.06875,-1583.242,-17.78923595505618,-442.6346,-0.04973422471910112,-6.991678
12,0.069,-1592.865,-17.8973595505618,-449.2417,-0.05047659550561798,-7.228087
12,0.06925,-1602.009,-18.00010112359551,-457.6457,-0.05142086516853932,-7.461556
12,0.0695,-1611.235,-18.10376404494382,-463.9626,-0.052130629213483146,-7.691688
12,0.06975,-1620.053,-18.20284269662922,-469.5315,-0.05275634831460674,-7.918139
12,0.07,-1628.889,-18.30212359550562,-474.7671,-0.0533446179775281,-8.140628
12,0.07025,-1637.194,-18.395438202247192,-480.5486,-0.05399422471910112,-8.358558
12,0.0705,-1642.625,-18.456460674157306,-485.9666,-0.05460298876404495,-8.571947
12,0.07075,-1651.136,-18.55208988764045,-489.8868,-0.0550434606741573,-8.780831
12,0.071,-1657.085,-18.618932584269665,-494.182,-0.05552606741573034,-8.984975
12,0.07125,-1664.736,-18.704898876404496,-498.1697,-0.05597412359550562,-9.183439
12,0.0715,-1669.885,-18.762752808988765,-503.0884,-0.05652678651685393,-9.375775
12,0.07175,-1675.925,-18.830617977528092,-506.8513,-0.05694958426966292,-9.562906
12,0.072,-1681.271,-18.890685393258426,-509.115,-0.057203932584269666,-9.744532
12,0.07225,-1686.718,-18.951887640449442,-512.8125,-0.05761938202247191,-9.919324
12,0.0725,-1690.659,-18.996168539325843,-515.637,-0.0579367415730337,-10.08732
12,0.07275,-1694.931,-19.044168539325845,-517.5916,-0.05815635955056179,-10.24938
12,0.073,-1698.189,-19.080775280898877,-519.4133,-0.05836104494382023,-10.40522
12,0.07325,-1701.108,-19.113573033707866,-521.1592,-0.05855721348314607,-10.55447
12,0.0735,-1703.734,-19.143078651685396,-523.9967,-0.05887603370786517,-10.69688
12,0.07375,-1706.313,-19.172056179775282,-525.7776,-0.059076134831460674,-10.83219
12,0.074,-1707.691,-19.1875393258427,-526.3956,-0.05914557303370786,-10.96067
12,0.07425,-1709.076,-19.20310112359551,-527.1357,-0.05922873033707866,-11.08249
12,0.0745,-1710.258,-19.21638202247191,-528.4001,-0.05937079775280898,-11.19747
12,0.07475,-1710.855,-19.223089887640448,-530.1347,-0.05956569662921348,-11.30566
12,0.075,-1710.554,-19.21970786516854,-530.4963,-0.05960632584269663,-11.40714
12,0.07525,-1710.714,-19.221505617977527,-530.126,-0.0595647191011236,-11.50194
12,0.0755,-1710.068,-19.214247191011236,-531.1414,-0.05967880898876404,-11.58994
12,0.07575,-1708.283,-19.194191011235954,-531.152,-0.05968000000000001,-11.67137
12,0.076,-1706.922,-19.178898876404496,-531.272,-0.05969348314606742,-11.7465
12,0.07625,-1705.138,-19.158853932584268,-530.8579,-0.05964695505617977,-11.81517
12,0.0765,-1701.579,-19.118865168539326,-530.9606,-0.05965849438202247,-11.87762
12,0.07675,-1698.848,-19.0881797752809,-530.1025,-0.059562078651685384,-11.93422
12,0.077,-1696.266,-19.059168539325846,-530.0806,-0.059559617977528095,-11.98507
12,0.07725,-1691.856,-19.00961797752809,-529.113,-0.0594508988764045,-12.03019
12,0.0775,-1687.757,-18.96356179775281,-528.0891,-0.059335853932584275,-12.06985
12,0.07775,-1682.428,-18.90368539325843,-527.6961,-0.059291696629213485,-12.10441
12,0.078,-1678.227,-18.85648314606742,-526.4305,-0.05914949438202248,-12.13418
12,0.07825,-1672.813,-18.79565168539326,-526.018,-0.059103146067415735,-12.15957
12,0.0785,-1666.746,-18.727483146067417,-523.9171,-0.05886708988764045,-12.18087
12,0.07875,-1660.868,-18.66143820224719,-523.4319,-0.05881257303370787,-12.19854
12,0.079,-1654.048,-18.584808988764046,-521.8044,-0.05862970786516854,-12.2131
12,0.07925,-1647.65,-18.51292134831461,-521.0812,-0.05854844943820225,-12.22505
12,0.0795,-1639.891,-18.425741573033708,-519.7999,-0.05840448314606741,-12.23477
12,0.07975,-1632.581,-18.343606741573034,-519.3893,-0.05835834831460675,-12.24265
12,0.08,-1624.231,-18.24978651685393,-517.2225,-0.058114887640449434,-12.24907
12,0.08025,-1615.827,-18.1553595505618,-516.2939,-0.058010550561797755,-12.2543
12,0.0805,-1606.442,-18.04991011235955,-515.8385,-0.05795938202247191,-12.25857
12,0.08075,-1596.986,-17.943662921348317,-514.7891,-0.05784147191011236,-12.26207
12,0.081,-1587.145,-17.83308988764045,-513.0195,-0.0576426404494382,-12.26493
12,0.08125,-1577.0,-17.719101123595504,-512.2783,-0.05755935955056179,-12.26734
12,0.0815,-1565.97,-17.595168539325844,-511.5548,-0.05747806741573033,-12.26943
12,0.08175,-1554.893,-17.470707865168542,-511.0163,-0.05741756179775281,-12.27131
12,0.082,-1543.497,-17.342662921348317,-509.8903,-0.05729104494382023,-12.27296
12,0.08225,-1531.912,-17.212494382022474,-509.3813,-0.05723385393258427,-12.27427
12,0.0825,-1519.862,-17.077101123595508,-508.4812,-0.057132719101123594,-12.27503
12,0.08275,-1507.563,-16.938910112359554,-508.2255,-0.05710398876404495,-12.27479
12,0.083,-1495.111,-16.799000000000003,-506.4447,-0.05690389887640449,-12.2727
12,0.08325,-1482.011,-16.651808988764046,-505.6387,-0.05681333707865168,-12.26692
12,0.0835,-1468.031,-16.49473033707865,-503.6174,-0.05658622471910112,-12.25446
12,0.08375,-1453.928,-16.33626966292135,-500.8941,-0.05628023595505618,-12.23283
12,0.084,-1439.034,-16.16892134831461,-497.472,-0.05589573033707865,-12.20491
12,0.08425,-1424.211,-16.002370786516856,-494.4287,-0.05555378651685393,-12.17869
12,0.0845,-1409.935,-15.841966292134831,-491.9709,-0.05527762921348314,-12.15654
12,0.08475,-1394.257,-15.665808988764047,-489.2989,-0.05497740449438202,-12.13392
12,0.085,-1378.146,-15.484786516853932,-485.9305,-0.05459893258426966,-12.10846
12,0.08525,-1362.326,-15.30703370786517,-482.0989,-0.05416841573033708,-12.08054
12,0.0855,-1346.194,-15.125775280898877,-478.4669,-0.05376032584269663,-12.05092
12,0.08575,-1329.339,-14.936393258426966,-474.9871,-0.053369337078651685,-12.02071
12,0.086,-1312.195,-14.74376404494382,-472.234,-0.053059999999999996,-11.99004
12,0.08625,-1294.676,-14.546921348314607,-468.0475,-0.05258960674157303,-11.95832
12,0.0865,-1277.697,-14.356146067415729,-464.821,-0.052227078651685396,-11.92511
12,0.08675,-1259.407,-14.150640449438201,-461.1012,-0.05180912359550562,-11.89053
12,0.087,-1240.651,-13.939898876404495,-457.3614,-0.05138892134831461,-11.85498
12,0.08725,-1222.198,-13.73256179775281,-453.3066,-0.05093332584269663,-11.81846
12,0.0875,-1203.386,-13.521191011235954,-448.3056,-0.05037141573033708,-11.78066
12,0.08775,-1183.968,-13.303011235955058,-444.6912,-0.049965303370786515,-11.74152
12,0.088,-1164.971,-13.08956179775281,-440.0611,-0.049445067415730334,-11.70111
12,0.08825,-1144.312,-12.857438202247192,-435.7931,-0.04896551685393258,-11.65951
12,0.0885,-1124.093,-12.630258426966293,-431.303,-0.04846101123595505,-11.61725
12,0.08875,-1103.911,-12.403494382022473,-426.6811,-0.047941696629213486,-11.57402
12,0.089,-1083.837,-12.177943820224721,-421.7358,-0.047386044943820226,-11.52869
12,0.08925,-1062.265,-11.935561797752811,-416.1041,-0.04675326966292135,-11.48146
12,0.0895,-1040.978,-11.69638202247191,-410.1021,-0.04607888764044944,-11.43311
12,0.08975,-1018.857,-11.447831460674157,-404.0163,-0.045395089887640454,-11.38372
12,0.09,-996.9087,-11.201221348314606,-396.8939,-0.0445948202247191,-11.33308
12,0.09025,-975.2264,-10.957600000000001,-391.3065,-0.04396702247191012,-11.28094
12,0.0905,-952.9657,-10.707479775280898,-384.2998,-0.04317975280898877,-11.22719
12,0.09075,-930.6761,-10.457034831460675,-378.1705,-0.04249106741573033,-11.17198
12,0.091,-908.1165,-10.203556179775282,-370.7179,-0.041653696629213484,-11.11543
12,0.09125,-885.1138,-9.945098876404494,-363.9014,-0.04088779775280899,-11.05737
12,0.0915,-862.0867,-9.686367415730338,-356.9308,-0.04010458426966292,-10.99756
12,0.09175,-839.8523,-9.436542696629214,-349.3711,-0.0392551797752809,-10.93586
12,0.092,-815.3625,-9.161376404494382,-340.6957,-0.03828041573033708,-10.87268
12,0.09225,-792.7812,-8.90765393258427,-332.4627,-0.037355359550561795,-10.80789
12,0.0925,-767.7657,-8.626580898876405,-323.9618,-0.03640020224719101,-10.74106
12,0.09275,-744.4236,-8.364310112359549,-315.8742,-0.03549148314606741,-10.67235
12,0.093,-719.9161,-8.088944943820225,-306.4764,-0.03443555056179775,-10.60179
12,0.09325,-696.2022,-7.822496629213483,-298.1501,-0.03350001123595506,-10.52912
12,0.0935,-671.3209,-7.542931460674158,-289.3303,-0.03250902247191012,-10.4545
12,0.09375,-646.3859,-7.262762921348315,-281.3267,-0.03160974157303371,-10.37786
12,0.094,-621.0635,-6.978241573033708,-271.7371,-0.030532258426966295,-10.29907
12,0.09425,-596.1533,-6.698351685393257,-261.6471,-0.029398550561797757,-10.21836
12,0.0945,-571.4614,-6.420914606741574,-253.1149,-0.028439876404494385,-10.13521
12,0.09475,-545.3194,-6.127184269662921,-243.6535,-0.02737679775280899,-10.04951
12,0.095,-519.2899,-5.83471797752809,-234.7056,-0.02637141573033708,-9.961597
12,0.09525,-493.5775,-5.545814606741573,-225.8395,-0.02537522471910112,-9.871291
12,0.0955,-468.2687,-5.261446067415731,-215.3636,-0.024198157303370785,-9.778405
12,0.09575,-442.3627,-4.970367415730338,-206.8796,-0.023244898876404498,-9.6829
12,0.096,-416.9871,-4.685248314606741,-196.9963,-0.022134415730337077,-9.584562
12,0.09625,-390.4698,-4.387301123595506,-187.4557,-0.02106243820224719,-9.483136
12,0.0965,-363.9991,-4.089877528089888,-177.8006,-0.01997759550561798,-9.378419
12,0.09675,-337.5092,-3.7922382022471917,-168.4813,-0.018930483146067417,-9.270421
12,0.097,-311.1824,-3.4964314606741573,-157.1312,-0.017655191011235954,-9.159302
12,0.09725,-284.0685,-3.1917808988764045,-147.0839,-0.016526280898876405,-9.045039
12,0.0975,-258.4087,-2.903468539325843,-135.2695,-0.015198820224719101,-8.927286
12,0.09775,-231.9887,-2.606614606741573,-123.3963,-0.013864752808988764,-8.805685
12,0.098,-204.2725,-2.2951966292134833,-110.1861,-0.012380460674157304,-8.680384
12,0.09825,-177.8459,-1.9982685393258428,-96.9504,-0.010893303370786518,-8.551547
12,0.0985,-151.5905,-1.70326404494382,-83.61354,-0.0093947797752809,-8.418798
12,0.09875,-124.8367,-1.4026595505617976,-68.21538,-0.007664649438202247,-8.281839
12,0.099,-98.17864,-1.103130786516854,-52.76467,-0.005928614606741573,-8.140811
12,0.09925,-71.29061,-0.8010180898876404,-37.99713,-0.004269340449438202,-7.995673
12,0.0995,-44.5125,-0.5001404494382024,-22.64564,-0.0025444539325842697,-7.846119
12,0.09975,-18.16592,-0.2041114606741573,-6.08977,-0.000684243820224719,-7.692032
12,0.1,5.467399,0.06143144943820226,9.800576,0.0011011883146067416,-7.545404
13,0.0,11.46745,0.12884775280898875,0.0,0.0,-8.514895
13,0.00025,37.31294,0.41924651685393255,10.82495,0.0012162865168539325,-8.370033
13,0.0005,58.84331,0.6611607865168541,25.48032,0.002862957303370786,-8.220118
13,0.00075,86.27632,0.9693968539325843,37.99713,0.004269340449438202,-8.064645
13,0.001,120.55,1.354494382022472,52.61564,0.005911869662921348,-7.907036
13,0.00125,145.0306,1.6295573033707864,67.37964,0.007570746067415729,-7.74485
13,0.0015,169.4364,1.9037797752808987,83.02488,0.009328638202247191,-7.577376
13,0.00175,195.1797,2.193030337078652,101.0679,0.011355943820224718,-7.402566
13,0.002,221.4149,2.487807865168539,117.6853,0.013223067415730335,-7.223644
13,0.00225,247.9423,2.785868539325843,134.2247,0.015081426966292137,-7.041134
13,0.0025,274.3572,3.0826651685393256,153.4851,0.017245516853932583,-6.852698
13,0.00275,300.6532,3.3781258426966296,170.4547,0.01915221348314607,-6.660861
13,0.003,326.6862,3.6706314606741572,187.7173,0.021091831460674157,-6.463396
13,0.00325,352.4737,3.960378651685393,205.4799,0.023087629213483143,-6.260148
13,0.0035,379.3262,4.262092134831461,222.4844,0.024998247191011232,-6.048464
13,0.00375,405.6693,4.558082022471911,240.2898,0.02699885393258427,-5.830589
13,0.004,431.9622,4.85350786516854,256.5111,0.028821471910112362,-5.609699
13,0.00425,458.6005,5.152814606741574,273.7059,0.030753471910112358,-5.379513
13,0.0045,484.1549,5.439942696629214,288.5464,0.03242094382022472,-5.141634
13,0.00475,510.3095,5.733814606741574,305.7066,0.03434905617977528,-4.898304
13,0.005,536.3978,6.0269415730337075,325.8995,0.036617921348314604,-4.649301
13,0.00525,561.584,6.309932584269663,346.076,0.03888494382022472,-4.394659
13,0.0055,587.4631,6.600708988764046,368.0593,0.041354977528089885,-4.131814
13,0.00575,612.586,6.882988764044944,391.061,0.04393943820224719,-3.862353
13,0.006,637.5636,7.163635955056179,416.5017,0.04679794382022472,-3.584481
13,0.00625,662.495,7.44376404494382,441.5393,0.04961115730337079,-3.299591
13,0.0065,687.1474,7.720757303370786,465.6623,0.05232160674157304,-3.007722
13,0.00675,711.8524,7.998341573033708,490.8198,0.05514829213483145,-2.705983
13,0.007,736.3098,8.27314382022472,514.7553,0.05783767415730338,-2.399659
13,0.00725,760.5099,8.545055056179775,536.9829,0.06033515730337079,-2.089076
13,0.0075,784.7454,8.81736404494382,559.3505,0.06284837078651687,-1.770596
13,0.00775,808.6538,9.08599775280899,580.5521,0.06523057303370786,-1.443829
13,0.008,832.3924,9.35272359550562,599.187,0.06732438202247192,-1.110464
13,0.00825,856.4786,9.623355056179777,625.5207,0.07028322471910113,-0.7720151
13,0.0085,879.3582,9.880429213483147,650.2849,0.0730657191011236,-0.4317357
13,0.00875,902.4683,10.140093258426967,676.6268,0.07602548314606743,-0.08428861
13,0.009,925.3429,10.397111235955057,707.1298,0.07945278651685395,0.2727813
13,0.00925,947.9055,10.650623595505618,735.0247,0.08258704494382023,0.6281357
13,0.0095,970.7705,10.907533707865168,763.5017,0.08578670786516854,0.9890839
13,0.00975,992.9168,11.156368539325841,792.214,0.08901280898876406,1.367796
13,0.01,1014.902,11.403393258426968,820.6619,0.09220920224719101,1.756658
13,0.01025,1036.723,11.648573033707866,847.689,0.09524595505617976,2.146021
13,0.0105,1058.118,11.888966292134832,872.7423,0.09806093258426966,2.532066
13,0.01075,1079.887,12.13356179775281,897.7935,0.10087567415730336,2.913169
13,0.011,1100.472,12.36485393258427,924.863,0.10391719101123596,3.288942
13,0.01125,1121.612,12.602382022471911,952.1195,0.10697971910112361,3.659336
13,0.0115,1142.058,12.832112359550562,979.4587,0.11005153932584269,4.024303
13,0.01175,1162.53,13.062134831460675,1008.86,0.11335505617977527,4.383676
13,0.012,1183.182,13.2941797752809,1038.867,0.11672662921348315,4.736976
13,0.01225,1202.238,13.50829213483146,1067.112,0.11990022471910114,5.08349
13,0.0125,1221.732,13.72732584269663,1095.277,0.12306483146067417,5.422518
13,0.01275,1240.531,13.938550561797753,1122.153,0.126084606741573,5.75335
13,0.013,1259.417,14.150752808988763,1147.485,0.1289308988764045,6.07527
13,0.01325,1277.248,14.351101123595507,1170.625,0.13153089887640448,6.387682
13,0.0135,1295.205,14.552865168539325,1191.817,0.1339120224719101,6.690158
13,0.01375,1312.841,14.751022471910112,1212.86,0.13627640449438203,6.982364
13,0.014,1329.788,14.941438202247193,1234.175,0.13867134831460673,7.263998
13,0.01425,1346.669,15.131112359550563,1255.922,0.14111483146067416,7.534869
13,0.0145,1362.712,15.311370786516854,1277.747,0.14356707865168541,7.79502
13,0.01475,1378.54,15.489213483146068,1299.902,0.14605640449438204,8.044574
13,0.015,1394.017,15.663112359550563,1322.792,0.14862831460674156,8.283536
13,0.01525,1409.415,15.836123595505619,1344.828,0.15110426966292134,8.51206
13,0.0155,1424.211,16.002370786516856,1365.183,0.15339134831460674,8.73038
13,0.01575,1439.014,16.168696629213482,1385.126,0.15563213483146068,8.938925
13,0.016,1453.56,16.332134831460674,1404.809,0.15784370786516855,9.138115
13,0.01625,1467.342,16.486988764044945,1423.618,0.15995707865168537,9.328237
13,0.0165,1481.869,16.650213483146068,1442.533,0.1620823595505618,9.509686
13,0.01675,1494.964,16.79734831460674,1459.875,0.16403089887640449,9.682712
13,0.017,1508.032,16.9441797752809,1476.148,0.1658593258426966,9.847438
13,0.01725,1520.387,17.083,1491.111,0.1675405617977528,10.00411
13,0.0175,1532.388,17.217842696629212,1505.201,0.16912370786516853,10.15319
13,0.01775,1544.484,17.353752808988762,1518.164,0.17058022471910111,10.29504
13,0.018,1556.11,17.48438202247191,1531.088,0.1720323595505618,10.4298
13,0.01825,1566.97,17.606404494382023,1542.62,0.17332808988764042,10.55765
13,0.0185,1577.756,17.72759550561798,1554.038,0.17461101123595507,10.67898
13,0.01875,1587.504,17.837123595505616,1566.185,0.17597584269662922,10.79413
13,0.019,1598.231,17.95765168539326,1577.123,0.17720483146067417,10.9033
13,0.01925,1607.427,18.060977528089886,1588.353,0.17846662921348316,11.00667
13,0.0195,1616.688,18.16503370786517,1599.412,0.17970921348314609,11.10456
13,0.01975,1625.9,18.2685393258427,1610.225,0.18092415730337078,11.19727
13,0.02,1634.392,18.363955056179776,1620.099,0.18203359550561798,11.28499
13,0.02025,1641.993,18.449359550561798,1630.131,0.18316078651685394,11.36795
13,0.0205,1649.472,18.53339325842697,1640.332,0.18430696629213483,11.44645
13,0.02075,1656.595,18.613426966292135,1650.132,0.18540808988764046,11.52072
13,0.021,1663.639,18.692573033707863,1658.584,0.18635775280898878,11.5908
13,0.02125,1669.831,18.76214606741573,1668.08,0.18742471910112357,11.65676
13,0.0215,1675.271,18.82326966292135,1675.191,0.18822370786516854,11.7189
13,0.02175,1680.346,18.880292134831464,1683.43,0.1891494382022472,11.77739
13,0.022,1685.689,18.94032584269663,1690.694,0.1899656179775281,11.83226
13,0.02225,1690.037,18.9891797752809,1697.329,0.1907111235955056,11.88368
13,0.0225,1694.195,19.035898876404495,1703.367,0.19138955056179774,11.93184
13,0.02275,1698.71,19.086629213483146,1708.976,0.1920197752808989,11.97688
13,0.023,1701.495,19.117921348314606,1714.409,0.19263022471910113,12.01892
13,0.02325,1704.571,19.152483146067414,1719.61,0.193214606741573,12.05798
13,0.0235,1707.283,19.182955056179775,1724.285,0.19373988764044944,12.0942
13,0.02375,1709.679,19.209876404494384,1728.173,0.19417674157303372,12.12775
13,0.024,1711.509,19.230438202247193,1732.579,0.194671797752809,12.15863
13,0.02425,1713.159,19.248977528089892,1736.239,0.19508303370786517,12.18688
13,0.0245,1714.24,19.26112359550562,1738.822,0.19537325842696626,12.21272
13,0.02475,1714.724,19.26656179775281,1741.66,0.19569213483146067,12.23605
13,0.025,1714.665,19.265898876404496,1744.244,0.19598247191011234,12.25683
13,0.02525,1714.84,19.267865168539327,1746.834,0.1962734831460674,12.27539
13,0.0255,1714.01,19.258539325842694,1748.68,0.19648089887640452,12.29174
13,0.02575,1712.588,19.24256179775281,1749.966,0.19662539325842696,12.30598
13,0.026,1711.058,19.225370786516855,1751.938,0.19684696629213486,12.3184
13,0.02625,1708.37,19.19516853932584,1753.471,0.19701921348314605,12.32907
13,0.0265,1706.015,19.16870786516854,1753.872,0.19706426966292134,12.3382
13,0.02675,1703.476,19.1401797752809,1753.939,0.197071797752809,12.34601
13,0.027,1699.816,19.099056179775282,1754.602,0.19714629213483148,12.35236
13,0.02725,1696.302,19.059573033707863,1755.447,0.1972412359550562,12.35707
13,0.0275,1692.187,19.013337078651688,1755.76,0.197276404494382,12.36031
13,0.02775,1687.837,18.964460674157305,1754.971,0.19718775280898876,12.36223
13,0.028,1682.453,18.903966292134832,1755.271,0.1972214606741573,12.36293
13,0.02825,1676.947,18.842101123595505,1754.527,0.19713786516853934,12.36255
13,0.0285,1671.881,18.7851797752809,1754.001,0.19707876404494382,12.36118
13,0.02875,1665.483,18.71329213483146,1752.479,0.19690775280898878,12.35884
13,0.029,1658.446,18.634224719101123,1751.293,0.19677449438202246,12.3556
13,0.02925,1651.677,18.55816853932584,1750.093,0.19663966292134835,12.35154
13,0.0295,1643.79,18.469550561797753,1748.881,0.19650348314606741,12.34672
13,0.02975,1635.763,18.379359550561794,1746.443,0.19622955056179775,12.34118
13,0.03,1627.613,18.287786516853934,1744.537,0.19601539325842698,12.33491
13,0.03025,1619.092,18.19204494382023,1742.831,0.19582370786516853,12.32793
13,0.0305,1610.118,18.091213483146067,1740.914,0.1956083146067416,12.32036
13,0.03075,1601.298,17.992112359550564,1738.4,0.19532584269662925,12.3122
13,0.031,1591.211,17.87877528089888,1736.825,0.19514887640449438,12.30342
13,0.03125,1581.171,17.76596629213483,1734.37,0.19487303370786516,12.29404
13,0.0315,1570.805,17.64949438202247,1731.672,0.19456988764044944,12.28406
13,0.03175,1560.276,17.531191011235958,1728.409,0.1942032584269663,12.27345
13,0.032,1548.859,17.40291011235955,1726.686,0.1940096629213483,12.26208
13,0.03225,1537.844,17.27914606741573,1722.88,0.19358202247191011,12.24975
13,0.0325,1527.016,17.157483146067417,1719.954,0.19325325842696628,12.23551
13,0.03275,1513.201,17.002258426966296,1715.182,0.19271707865168541,12.21787
13,0.033,1499.258,16.84559550561798,1711.209,0.1922706741573034,12.19841
13,0.03325,1485.742,16.69373033707865,1706.966,0.19179393258426966,12.17952
13,0.0335,1471.951,16.53877528089888,1701.749,0.19120775280898877,12.15613
13,0.03375,1458.131,16.383494382022473,1694.914,0.19043977528089887,12.1297
13,0.034,1444.338,16.228516853932582,1690.181,0.18990797752808988,12.10548
13,0.03425,1429.489,16.061674157303372,1684.737,0.18929629213483146,12.08129
13,0.0345,1413.871,15.886191011235956,1678.874,0.18863752808988765,12.05689
13,0.03475,1398.144,15.709483146067416,1673.441,0.1880270786516854,12.03256
13,0.035,1382.855,15.537696629213483,1667.48,0.18735730337078652,12.0051
13,0.03525,1366.326,15.351977528089888,1660.394,0.1865611235955056,11.97408
13,0.0355,1350.252,15.171370786516855,1654.622,0.18591258426966295,11.94367
13,0.03575,1333.67,14.985056179775281,1647.212,0.18508,11.91382
13,0.036,1316.672,14.79406741573034,1641.53,0.18444157303370787,11.88364
13,0.03625,1299.53,14.601460674157304,1635.405,0.18375337078651685,11.85299
13,0.0365,1281.641,14.400460674157305,1628.047,0.18292662921348316,11.81807
13,0.03675,1263.612,14.19788764044944,1619.405,0.18195561797752807,11.78081
13,0.037,1245.451,13.993831460674159,1612.562,0.1811867415730337,11.7454
13,0.03725,1226.615,13.782191011235957,1606.295,0.18048258426966293,11.7105
13,0.0375,1208.227,13.575584269662922,1599.456,0.17971415730337076,11.67445
13,0.03775,1189.059,13.360213483146069,1591.33,0.1788011235955056,11.63482
13,0.038,1168.98,13.134606741573034,1584.25,0.1780056179775281,11.5933
13,0.03825,1148.861,12.908550561797755,1576.821,0.1771708988764045,11.5527
13,0.0385,1129.762,12.693955056179774,1569.515,0.17635,11.51202
13,0.03875,1108.581,12.455966292134832,1562.369,0.1755470786516854,11.46932
13,0.039,1087.917,12.223786516853933,1553.847,0.17458955056179776,11.42392
13,0.03925,1066.866,11.987258426966292,1545.603,0.17366325842696628,11.37778
13,0.0395,1046.046,11.75332584269663,1536.713,0.1726643820224719,11.3318
13,0.03975,1024.774,11.514314606741573,1528.359,0.17172573033707864,11.2846
13,0.04,1003.254,11.272516853932585,1518.934,0.17066674157303371,11.23534
13,0.04025,980.9489,11.02189775280899,1508.251,0.16946640449438202,11.1847
13,0.0405,958.7323,10.772273033707867,1497.901,0.16830348314606744,11.13331
13,0.04075,936.5794,10.52336404494382,1486.488,0.16702112359550564,11.08086
13,0.041,913.136,10.259955056179775,1475.242,0.16575752808988764,11.02679
13,0.04125,891.0931,10.012282022471911,1463.435,0.1644308988764045,10.97113
13,0.0415,867.2516,9.7444,1451.073,0.16304191011235955,10.91424
13,0.04175,843.8558,9.48152584269663,1438.063,0.16158011235955058,10.85614
13,0.042,820.5097,9.219210112359551,1424.346,0.16003887640449438,10.79634
13,0.04225,796.1014,8.944959550561798,1410.62,0.15849662921348312,10.73491
13,0.0425,772.149,8.675831460674157,1397.186,0.15698719101123595,10.67233
13,0.04275,748.3359,8.408268539325844,1383.256,0.15542202247191012,10.60854
13,0.043,723.7676,8.132220224719102,1369.676,0.1538961797752809,10.54321
13,0.04325,699.2029,7.856212359550562,1355.713,0.1523273033707865,10.47624
13,0.0435,674.5773,7.579520224719102,1341.461,0.15072595505617978,10.40788
13,0.04375,650.6609,7.310796629213483,1327.395,0.14914550561797751,10.33841
13,0.044,625.2999,7.025841573033708,1314.714,0.14772067415730336,10.26723
13,0.04425,600.3011,6.744956179775281,1300.297,0.14610078651685393,10.19401
13,0.0445,575.1088,6.4618966292134825,1288.151,0.14473606741573036,10.11957
13,0.04475,550.0234,6.180038202247191,1275.581,0.14332370786516854,10.04391
13,0.045,524.5044,5.89330786516854,1263.268,0.14194022471910114,9.9664
13,0.04525,498.6562,5.602878651685393,1250.481,0.14050348314606742,9.886986
13,0.0455,473.076,5.315460674157304,1237.391,0.1390326966292135,9.805942
13,0.04575,446.9299,5.021684269662921,1223.952,0.1375226966292135,9.723445
13,0.046,420.9283,4.729531460674158,1209.451,0.13589337078651684,9.63914
13,0.04625,394.7114,4.434959550561798,1193.702,0.1341238202247191,9.552991
13,0.0465,368.191,4.136977528089887,1176.439,0.1321841573033708,9.465313
13,0.04675,341.9255,3.841859550561798,1159.818,0.13031662921348314,9.376007
13,0.047,315.6817,3.546985393258427,1141.628,0.12827280898876403,9.284818
13,0.04725,289.0161,3.24737191011236,1124.257,0.12632101123595504,9.191624
13,0.0475,262.9491,2.954484269662921,1105.074,0.12416561797752809,9.096585
13,0.04775,236.2748,2.654773033707865,1085.625,0.12198033707865169,8.99974
13,0.048,209.4207,2.353041573033708,1067.214,0.11991168539325842,8.900972
13,0.04825,183.0579,2.056830337078652,1048.878,0.11785146067415729,8.800243
13,0.0485,155.8528,1.7511550561797753,1029.215,0.11564213483146067,8.697545
13,0.04875,128.9547,1.4489292134831462,1010.862,0.11358,8.592816
13,0.049,102.2986,1.1494224719101123,993.8996,0.11167411235955056,8.486287
13,0.04925,74.95323,0.8421711235955057,976.7782,0.1097503595505618,8.377957
13,0.0495,47.91073,0.5383228089887641,960.5733,0.10792958426966291,8.267573
13,0.04975,21.18935,0.23808258426966294,944.0209,0.10606976404494382,8.15518
13,0.05,-5.657648,-0.0635690786516854,929.8503,0.1044775617977528,8.045258
13,0.05025,-32.67482,-0.36713280898876405,912.3869,0.10251538202247192,7.93706
13,0.0505,-59.29035,-0.6661837078651686,897.3806,0.10082928089887641,7.82666
13,0.05075,-85.70936,-0.9630265168539327,878.3312,0.09868889887640449,7.71539
13,0.051,-112.8927,-1.2684573033707867,860.4102,0.09667530337078652,7.60359
13,0.05125,-139.4682,-1.5670584269662922,842.2911,0.09463944943820225,7.491395
13,0.0515,-166.1425,-1.8667696629213486,821.915,0.09235,7.377214
13,0.05175,-192.6131,-2.164192134831461,800.9859,0.08999841573033708,7.26111
13,0.052,-220.034,-2.4722921348314606,782.7691,0.08795158426966292,7.143787
13,0.05225,-245.7307,-2.761019101123596,760.5745,0.08545780898876404,7.022449
13,0.0525,-272.2703,-3.059216853932585,741.5259,0.08331751685393259,6.898298
13,0.05275,-298.9689,-3.359201123595506,721.58,0.08107640449438203,6.774191
13,0.053,-325.3033,-3.6550932584269664,703.2186,0.07901332584269663,6.648732
13,0.05325,-351.5162,-3.949620224719102,686.205,0.07710168539325843,6.519286
13,0.0535,-378.1175,-4.248511235955057,667.9828,0.07505424719101123,6.388381
13,0.05375,-404.0088,-4.539424719101124,649.5676,0.07298512359550562,6.254586
13,0.054,-430.2029,-4.833740449438203,633.5768,0.07118840449438202,6.117857
13,0.05425,-456.4578,-5.128739325842697,615.8774,0.06919970786516853,5.982223
13,0.0545,-482.3172,-5.419294382022473,596.6378,0.06703795505617977,5.843003
13,0.05475,-507.9866,-5.707714606741574,578.7905,0.0650326404494382,5.701473
13,0.055,-533.7294,-5.996959550561799,558.7752,0.06278373033707865,5.558851
13,0.05525,-559.3765,-6.285129213483145,537.8359,0.060431000000000006,5.41384
13,0.0555,-584.4204,-6.566521348314607,516.9217,0.05808108988764045,5.265454
13,0.05575,-609.7915,-6.85158988764045,494.5428,0.05556660674157304,5.115618
13,0.056,-634.8678,-7.13334606741573,473.7647,0.053231988764044946,4.963883
13,0.05625,-659.4002,-7.408991011235956,452.2132,0.050810471910112356,4.808012
13,0.0565,-684.1625,-7.687219101123596,433.0419,0.048656393258426966,4.648335
13,0.05675,-708.2957,-7.958378651685393,406.6396,0.04568984269662921,4.460906
13,0.057,-732.7758,-8.23343595505618,379.6635,0.0426588202247191,4.254917
13,0.05725,-757.5483,-8.511778651685393,356.7963,0.04008947191011236,4.06165
13,0.0575,-781.3842,-8.779597752808987,338.0685,0.037985224719101124,3.87754
13,0.05775,-804.9101,-9.04393370786517,318.8889,0.035830213483146064,3.694849
13,0.058,-828.5424,-9.309465168539328,299.8372,0.03368957303370786,3.509142
13,0.05825,-851.9392,-9.572350561797753,280.5075,0.031517696629213485,3.319236
13,0.0585,-875.0291,-9.831787640449438,259.6596,0.02917523595505618,3.125477
13,0.05875,-898.319,-10.09347191011236,238.3744,0.026783640449438203,2.928416
13,0.059,-921.0923,-10.349351685393259,215.4817,0.024211426966292134,2.728262
13,0.05925,-943.2998,-10.59887415730337,191.9728,0.02156997752808989,2.525223
13,0.0595,-965.7358,-10.85096404494382,168.353,0.018916067415730337,2.319252
13,0.05975,-987.4338,-11.09476179775281,144.9273,0.01628396629213483,2.110311
13,0.06,-1009.132,-11.33856179775281,121.4303,0.013643853932584271,1.898433
13,0.06025,-1030.485,-11.578483146067416,99.45996,0.011175276404494382,1.683451
13,0.0605,-1051.665,-11.816460674157304,76.6798,0.00861570786516854,1.465457
13,0.06075,-1073.078,-12.057056179775282,57.16885,0.006423466292134832,1.244468
13,0.061,-1094.274,-12.295213483146066,38.69639,0.004347908988764045,1.02034
13,0.06125,-1114.815,-12.526011235955057,21.24439,0.0023870101123595502,0.7931544
13,0.0615,-1135.048,-12.753348314606743,2.720552,0.00030568,0.5629262
13,0.06175,-1155.195,-12.979719101123596,-14.75224,-0.0016575550561797755,0.3295901
13,0.062,-1175.161,-13.204056179775282,-31.78344,-0.0035711730337078655,0.09295306
13,0.06225,-1194.213,-13.418123595505618,-48.60364,-0.005461083146067415,-0.147037
13,0.0625,-1213.919,-13.639539325842698,-67.30591,-0.007562461797752809,-0.3901686
13,0.06275,-1232.642,-13.849910112359552,-85.95878,-0.00965828988764045,-0.6364144
13,0.063,-1251.279,-14.059314606741573,-104.2677,-0.01171547191011236,-0.8857358
13,0.06325,-1269.037,-14.258842696629216,-122.9927,-0.013819404494382022,-1.138171
13,0.0635,-1286.585,-14.456011235955057,-141.6299,-0.01591347191011236,-1.393699
13,0.06375,-1304.459,-14.656842696629216,-160.2788,-0.01800885393258427,-1.652182
13,0.064,-1321.323,-14.846325842696631,-177.7312,-0.01996979775280899,-1.913684
13,0.06425,-1338.125,-15.035112359550563,-194.5855,-0.021863539325842698,-2.178177
13,0.0645,-1354.816,-15.22265168539326,-211.8791,-0.023806640449438202,-2.445373
13,0.06475,-1370.773,-15.401943820224718,-227.8087,-0.025596483146067415,-2.714988
13,0.065,-1386.966,-15.583887640449438,-243.8539,-0.027399314606741575,-2.986971
13,0.06525,-1402.081,-15.753719101123595,-257.2245,-0.028901629213483142,-3.261244
13,0.0655,-1418.064,-15.933303370786518,-271.2359,-0.03047594382022472,-3.537577
13,0.06575,-1432.118,-16.091213483146067,-285.1477,-0.032039067415730337,-3.815688
13,0.066,-1446.668,-16.25469662921348,-297.3233,-0.033407112359550566,-4.095519
13,0.06625,-1460.957,-16.415247191011236,-309.0534,-0.0347251011235955,-4.376977
13,0.0665,-1475.139,-16.574595505617978,-320.984,-0.03606561797752809,-4.659383
13,0.06675,-1488.608,-16.725932584269664,-331.1669,-0.03720976404494382,-4.942126
13,0.067,-1501.793,-16.87407865168539,-341.5381,-0.03837506741573034,-5.224995
13,0.06725,-1514.403,-17.015764044943822,-351.6532,-0.03951159550561798,-5.507768
13,0.0675,-1526.597,-17.152775280898876,-360.2741,-0.040480235955056176,-5.789913
13,0.06775,-1538.589,-17.287516853932587,-368.9895,-0.041459494382022476,-6.070814
13,0.068,-1550.63,-17.422808988764046,-377.3379,-0.04239751685393258,-6.350131
13,0.06825,-1561.902,-17.549460674157306,-385.1881,-0.04327956179775281,-6.627498
13,0.0685,-1572.288,-17.666157303370788,-392.8999,-0.04414605617977528,-6.90236
13,0.06875,-1583.308,-17.789977528089885,-400.4576,-0.04499523595505618,-7.174226
13,0.069,-1592.783,-17.89643820224719,-406.8435,-0.04571275280898877,-7.442784
13,0.06925,-1602.462,-18.005191011235954,-413.8314,-0.04649791011235955,-7.707769
13,0.0695,-1611.848,-18.110651685393258,-420.2039,-0.047213921348314605,-7.968788
13,0.06975,-1620.925,-18.212640449438204,-425.152,-0.047769887640449434,-8.225327
13,0.07,-1629.543,-18.30947191011236,-430.6135,-0.048383539325842696,-8.477061
13,0.07025,-1637.412,-18.39788764044944,-436.499,-0.049044831460674156,-8.723771
13,0.0705,-1644.964,-18.48274157303371,-440.9388,-0.04954368539325843,-8.965151
13,0.07075,-1652.415,-18.566460674157305,-445.3297,-0.050037044943820226,-9.200957
13,0.071,-1658.597,-18.635921348314607,-449.2209,-0.05047425842696629,-9.430942
13,0.07125,-1665.235,-18.710505617977528,-453.6768,-0.050974921348314606,-9.654782
13,0.0715,-1670.907,-18.77423595505618,-457.9406,-0.05145400000000001,-9.872185
13,0.07175,-1676.487,-18.836932584269665,-460.0541,-0.05169147191011236,-10.08291
13,0.072,-1681.636,-18.894786516853934,-463.1582,-0.052040247191011246,-10.2868
13,0.07225,-1686.123,-18.945202247191013,-465.6442,-0.052319573033707864,-10.4838
13,0.0725,-1690.216,-18.991191011235955,-469.0538,-0.05270267415730338,-10.67367
13,0.07275,-1693.864,-19.0321797752809,-470.9485,-0.05291556179775281,-10.85621
13,0.073,-1697.218,-19.069865168539327,-472.7733,-0.05312059550561797,-11.03149
13,0.07325,-1700.681,-19.108775280898875,-474.3236,-0.05329478651685393,-11.19939
13,0.0735,-1703.6,-19.141573033707864,-476.1213,-0.05349677528089888,-11.35979
13,0.07375,-1706.084,-19.169483146067417,-477.5626,-0.053658719101123596,-11.51286
13,0.074,-1707.904,-19.189932584269663,-478.2673,-0.0537378988764045,-11.65874
13,0.07425,-1709.05,-19.202808988764044,-478.8379,-0.05380201123595505,-11.79721
13,0.0745,-1709.839,-19.21167415730337,-479.5607,-0.05388322471910112,-11.92795
13,0.07475,-1710.463,-19.218685393258426,-480.6098,-0.054001101123595505,-12.05108
13,0.075,-1710.748,-19.22188764044944,-480.9008,-0.054033797752809,-12.16692
13,0.07525,-1710.834,-19.22285393258427,-480.3619,-0.05397324719101124,-12.27539
13,0.0755,-1709.812,-19.211370786516856,-480.1933,-0.05395430337078652,-12.37649
13,0.07575,-1708.789,-19.199876404494383,-481.0938,-0.05405548314606741,-12.47053
13,0.076,-1706.865,-19.178258426966295,-479.4376,-0.05386939325842696,-12.55771
13,0.07625,-1704.259,-19.14897752808989,-479.2917,-0.053853,-12.63818
13,0.0765,-1702.24,-19.126292134831463,-478.0289,-0.05371111235955056,-12.71212
13,0.07675,-1699.468,-19.095146067415733,-478.1544,-0.053725213483146066,-12.77966
13,0.077,-1695.296,-19.04826966292135,-476.3186,-0.05351894382022472,-12.84108
13,0.07725,-1691.982,-19.011033707865167,-475.3013,-0.053404640449438205,-12.89664
13,0.0775,-1688.38,-18.97056179775281,-474.0584,-0.05326498876404495,-12.94652
13,0.07775,-1683.527,-18.916033707865168,-473.0203,-0.05314834831460674,-12.99099
13,0.078,-1678.53,-18.85988764044944,-471.896,-0.05302202247191012,-13.03033
13,0.07825,-1673.094,-18.798808988764044,-470.2249,-0.05283425842696629,-13.0648
13,0.0785,-1667.309,-18.733808988764046,-469.5644,-0.052760044943820215,-13.09473
13,0.07875,-1661.126,-18.664337078651688,-467.6498,-0.05254492134831461,-13.12048
13,0.079,-1654.407,-18.588842696629214,-466.3494,-0.05239880898876405,-13.14243
13,0.07925,-1646.343,-18.49823595505618,-465.6328,-0.052318292134831454,-13.16096
13,0.0795,-1639.105,-18.41691011235955,-463.5017,-0.05207884269662922,-13.17631
13,0.07975,-1631.368,-18.329977528089888,-462.4072,-0.05195586516853933,-13.18873
13,0.08,-1622.978,-18.23570786516854,-460.029,-0.051688651685393265,-13.1986
13,0.08025,-1614.698,-18.14267415730337,-459.6976,-0.051651415730337075,-13.20614
13,0.0805,-1605.283,-18.036887640449436,-458.072,-0.05146876404494382,-13.21145
13,0.08075,-1595.699,-17.929202247191014,-457.279,-0.05137966292134832,-13.21472
13,0.081,-1586.365,-17.82432584269663,-454.5604,-0.05107420224719101,-13.21619
13,0.08125,-1576.123,-17.709247191011237,-453.7082,-0.05097844943820224,-13.21601
13,0.0815,-1565.749,-17.592685393258428,-452.363,-0.05082730337078651,-13.21429
13,0.08175,-1554.66,-17.46808988764045,-451.1089,-0.050686393258426964,-13.21116
13,0.082,-1543.815,-17.34623595505618,-449.1189,-0.050462797752808985,-13.20681
13,0.08225,-1532.323,-17.217112359550562,-447.5279,-0.050284033707865175,-13.2013
13,0.0825,-1519.847,-17.076932584269663,-445.9599,-0.050107853932584275,-13.19467
13,0.08275,-1507.435,-16.937471910112357,-444.3351,-0.04992529213483146,-13.18697
13,0.083,-1494.558,-16.792786516853933,-441.9122,-0.04965305617977528,-13.17831
13,0.08325,-1481.24,-16.64314606741573,-440.167,-0.04945696629213483,-13.16866
13,0.0835,-1467.974,-16.49408988764045,-439.2027,-0.04934861797752809,-13.15781
13,0.08375,-1455.451,-16.353382022471912,-437.6967,-0.04917940449438203,-13.14516
13,0.084,-1443.863,-16.2231797752809,-433.8929,-0.04875201123595506,-13.12833
13,0.08425,-1423.815,-15.997921348314609,-431.3669,-0.04846819101123596,-13.10429
13,0.0845,-1407.153,-15.81070786516854,-428.406,-0.048135505617977525,-13.07457
13,0.08475,-1392.598,-15.647168539325843,-425.3022,-0.04778676404494383,-13.04672
13,0.085,-1377.764,-15.48049438202247,-421.4914,-0.04735858426966292,-13.02365
13,0.08525,-1362.996,-15.31456179775281,-418.7226,-0.047047483146067416,-13.00076
13,0.0855,-1346.701,-15.131471910112362,-416.4692,-0.04679429213483146,-12.97481
13,0.08575,-1328.592,-14.928000000000003,-414.391,-0.046560786516853934,-12.94631
13,0.086,-1311.516,-14.736134831460674,-409.8351,-0.04604888764044944,-12.91617
13,0.08625,-1294.391,-14.543719101123598,-406.1411,-0.04563383146067416,-12.88455
13,0.0865,-1276.945,-14.347696629213484,-403.2507,-0.045309067415730334,-12.85246
13,0.08675,-1258.827,-14.144123595505619,-400.1208,-0.04495739325842696,-12.8201
13,0.087,-1240.56,-13.938876404494382,-397.0939,-0.04461729213483146,-12.7869
13,0.08725,-1221.881,-13.729000000000001,-393.0031,-0.04415765168539326,-12.75225
13,0.0875,-1202.907,-13.515808988764045,-389.7778,-0.04379525842696629,-12.71574
13,0.08775,-1183.487,-13.297606741573036,-386.7804,-0.04345847191011236,-12.67779
13,0.088,-1164.321,-13.082258426966291,-382.6931,-0.04299922471910112,-12.63909
13,0.08825,-1144.288,-12.857168539325842,-378.1246,-0.04248591011235955,-12.59959
13,0.0885,-1124.285,-12.63241573033708,-374.0902,-0.04203260674157303,-12.55879
13,0.08875,-1103.797,-12.402213483146069,-370.317,-0.04160865168539326,-12.51647
13,0.089,-1083.317,-12.172101123595507,-366.118,-0.04113685393258427,-12.47281
13,0.08925,-1062.743,-11.940932584269664,-361.7397,-0.04064491011235955,-12.42799
13,0.0895,-1041.279,-11.699764044943821,-356.9986,-0.04011220224719102,-12.382
13,0.08975,-1019.77,-11.45808988764045,-352.8348,-0.039644359550561795,-12.33472
13,0.09,-998.4596,-11.218647191011236,-348.3169,-0.03913673033707865,-12.28606
13,0.09025,-976.3316,-10.97001797752809,-342.608,-0.038495280898876404,-12.23604
13,0.0905,-954.0465,-10.719623595505618,-337.2845,-0.03789713483146067,-12.18467
13,0.09075,-931.7757,-10.469389887640451,-333.5019,-0.03747212359550562,-12.13203
13,0.091,-908.9917,-10.213389887640451,-327.4741,-0.03679484269662922,-12.07807
13,0.09125,-886.0862,-9.956024719101125,-322.104,-0.0361914606741573,-12.02251
13,0.0915,-862.1045,-9.68656741573034,-316.7719,-0.035592348314606746,-11.96524
13,0.09175,-838.8525,-9.425308988764046,-311.9179,-0.035046955056179774,-11.90639
13,0.092,-815.4643,-9.1625202247191,-305.5717,-0.0343338988764045,-11.84608
13,0.09225,-791.5991,-8.89437191011236,-299.5152,-0.033653393258426964,-11.78419
13,0.0925,-767.5621,-8.624293258426967,-293.7365,-0.0330041011235955,-11.72061
13,0.09275,-743.3438,-8.352177528089888,-286.6557,-0.03220850561797753,-11.65531
13,0.093,-719.251,-8.08147191011236,-280.1404,-0.03147644943820224,-11.58814
13,0.09325,-694.8144,-7.806903370786517,-272.7388,-0.03064480898876405,-11.51896
13,0.0935,-670.1474,-7.52974606741573,-265.9297,-0.02987974157303371,-11.44772
13,0.09375,-645.7173,-7.255250561797753,-258.5497,-0.029050528089887635,-11.3746
13,0.094,-620.5408,-6.972368539325843,-250.2802,-0.028121370786516855,-11.29956
13,0.09425,-595.4498,-6.690447191011236,-242.0856,-0.027200629213483145,-11.22236
13,0.0945,-570.0523,-6.40508202247191,-233.4612,-0.026231595505617974,-11.14283
13,0.09475,-545.2237,-6.126108988764045,-225.5583,-0.025343629213483147,-11.06092
13,0.095,-519.7407,-5.839783146067415,-216.1954,-0.02429161797752809,-10.97665
13,0.09525,-493.8358,-5.548716853932585,-205.9164,-0.02313667415730337,-10.88994
13,0.0955,-468.6227,-5.265423595505618,-196.9426,-0.022128382022471912,-10.80063
13,0.09575,-442.3151,-4.969832584269663,-187.0133,-0.02101273033707865,-10.70855
13,0.096,-416.199,-4.676393258426967,-176.4402,-0.01982474157303371,-10.61372
13,0.09625,-390.0251,-4.382304494382023,-164.9666,-0.018535573033707866,-10.51614
13,0.0965,-364.0361,-4.090293258426966,-154.0212,-0.017305752808988762,-10.41563
13,0.09675,-337.1597,-3.7883112359550566,-143.0131,-0.01606888764044944,-10.312
13,0.097,-311.3576,-3.4984,-131.9768,-0.01482885393258427,-10.20521
13,0.09725,-284.9032,-3.2011595505617985,-120.4663,-0.013535539325842698,-10.0953
13,0.0975,-258.8888,-2.9088629213483146,-108.7938,-0.012224022471910113,-9.982014
13,0.09775,-231.5612,-2.6018112359550565,-97.99674,-0.01101086966292135,-9.865286
13,0.098,-205.1417,-2.3049629213483143,-85.86269,-0.009647493258426967,-9.744947
13,0.09825,-178.4147,-2.004659550561798,-75.20089,-0.00844953820224719,-9.621004
13,0.0985,-151.4776,-1.7019955056179776,-63.75276,-0.007163231460674158,-9.493399
13,0.09875,-124.7942,-1.4021820224719101,-52.78663,-0.0059310820224719105,-9.361937
13,0.099,-97.39206,-1.0942928089887642,-41.78285,-0.004694702247191012,-9.226662
13,0.09925,-70.9462,-0.7971483146067416,-31.91874,-0.0035863752808988764,-9.087265
13,0.0995,-44.27698,-0.4974941573033709,-19.84352,-0.002229608988764045,-8.94335
13,0.09975,-17.21422,-0.19341820224719103,-8.31343,-0.0009340932584269662,-8.794829
13,0.1,6.207381,0.06974585393258427,2.260133,0.00025394752808988766,-8.653332
14,0.0,8.151575,0.09159073033707865,0.0,0.0,-17.48764
14,0.00025,35.51338,0.3990267415730337,5.163048,0.0005801177528089888,-17.32637
14,0.0005,66.59717,0.7482828089887641,9.789203,0.0010999104494382023,-17.15966
14,0.00075,95.47468,1.0727492134831462,13.76238,0.001546334831460674,-16.98724
14,0.001,123.8731,1.3918325842696628,19.11642,0.002147912359550562,-16.80888
14,0.00125,152.4234,1.7126224719101124,23.97278,0.002693570786516854,-16.62445
14,0.0015,180.415,2.0271348314606743,30.46963,0.0034235539325842695,-16.43362
14,0.00175,208.2588,2.3399865168539327,36.5245,0.004103876404494383,-16.23613
14,0.002,235.9359,2.650965168539326,44.02768,0.004946930337078651,-16.03184
14,0.00225,264.1175,2.9676123595505617,51.40929,0.0057763247191011235,-15.82053
14,0.0025,291.6766,3.2772651685393264,58.43128,0.006565312359550561,-15.60195
14,0.00275,319.9185,3.5945898876404496,68.21263,0.007664340449438203,-15.37578
14,0.003,347.5217,3.904738202247191,77.08178,0.00866087415730337,-15.1418
14,0.00325,375.1624,4.215307865168539,86.16114,0.009681026966292135,-14.89979
14,0.0035,403.2974,4.531431460674157,96.19938,0.010808919101123596,-14.64947
14,0.00375,430.8626,4.841152808988764,106.2678,0.011940202247191011,-14.3905
14,0.004,458.8441,5.155551685393259,117.6708,0.013221438202247192,-14.12264
14,0.00425,487.0662,5.47265393258427,128.9864,0.01449285393258427,-13.84558
14,0.0045,514.8117,5.784401123595506,140.4773,0.015783966292134834,-13.55886
14,0.00475,542.3126,6.0934,152.9462,0.01718496629213483,-13.26197
14,0.005,570.1792,6.40650786516854,165.5211,0.018597876404494378,-12.95463
14,0.00525,597.8548,6.717469662921348,178.4062,0.020045640449438202,-12.63654
14,0.0055,625.0659,7.023212359550563,191.4324,0.021509258426966292,-12.30719
14,0.00575,652.0563,7.326475280898876,204.341,0.022959662921348316,-11.96592
14,0.006,678.7731,7.626664044943821,218.5787,0.02455940449438202,-11.61224
14,0.00625,705.4545,7.926455056179776,232.2105,0.026091067415730338,-11.2457
14,0.0065,731.4749,8.218819101123596,247.6918,0.027830539325842698,-10.86564
14,0.00675,758.1025,8.518005617977527,263.7924,0.02963959550561798,-10.4714
14,0.007,783.8515,8.807320224719103,283.5586,0.03186051685393258,-10.06243
14,0.00725,809.7447,9.098255056179775,303.8241,0.034137539325842695,-9.638191
14,0.0075,835.2642,9.384991011235956,325.9627,0.03662502247191011,-9.197953
14,0.00775,860.569,9.669314606741573,349.5241,0.039272370786516846,-8.741016
14,0.008,885.2608,9.946750561797753,375.6229,0.0422048202247191,-8.266896
14,0.00825,911.0554,10.236577528089887,402.1589,0.045186393258426966,-7.775073
14,0.0085,935.8166,10.514793258426968,430.2139,0.048338640449438204,-7.264829
14,0.00875,960.8104,10.795622471910113,459.2646,0.051602764044943815,-6.735469
14,0.009,985.3032,11.070822471910112,488.9523,0.0549384606741573,-6.186436
14,0.00925,1009.547,11.343224719101125,517.9991,0.05820214606741573,-5.617295
14,0.0095,1034.391,11.622370786516857,547.1286,0.06147512359550562,-5.027445
14,0.00975,1057.641,11.883606741573036,577.0414,0.06483611235955056,-4.416333
14,0.01,1081.641,12.15326966292135,607.4878,0.06825705617977529,-3.783721
14,0.01025,1105.477,12.421089887640452,641.1008,0.07203379775280899,-3.12916
14,0.0105,1128.402,12.678674157303373,676.0162,0.07595687640449438,-2.452132
14,0.01075,1150.948,12.932000000000002,713.0999,0.08012358426966293,-1.752377
14,0.011,1174.52,13.19685393258427,753.3745,0.0846488202247191,-1.029652
14,0.01125,1197.025,13.449719101123597,792.7407,0.08907198876404494,-0.2842081
14,0.0115,1219.039,13.697067415730338,832.2097,0.09350670786516854,0.4835152
14,0.01175,1241.266,13.946808988764047,870.7288,0.09783469662921349,1.273104
14,0.012,1262.722,14.18788764044944,909.0899,0.10214493258426965,2.083156
14,0.01225,1284.352,14.430921348314609,946.4811,0.10634619101123595,2.911481
14,0.0125,1305.238,14.66559550561798,987.5219,0.11095751685393257,3.755979
14,0.01275,1326.011,14.899,1030.825,0.11582303370786518,4.614196
14,0.013,1345.576,15.118831460674159,1075.161,0.12080460674157305,5.482189
14,0.01325,1365.16,15.338876404494384,1118.101,0.12562932584269665,6.356021
14,0.0135,1383.98,15.550337078651687,1156.901,0.12998887640449439,7.231504
14,0.01375,1402.725,15.760955056179775,1194.544,0.13421842696629216,8.103265
14,0.014,1421.3,15.969662921348316,1231.269,0.13834483146067414,8.965506
14,0.01425,1438.114,16.15858426966292,1270.413,0.14274303370786515,9.811791
14,0.0145,1455.365,16.35241573033708,1311.62,0.14737303370786517,10.63523
14,0.01475,1471.914,16.5383595505618,1353.234,0.1520487640449438,11.42843
14,0.015,1488.443,16.724078651685396,1394.012,0.1566305617977528,12.18351
14,0.01525,1504.75,16.90730337078652,1430.937,0.1607794382022472,12.89226
14,0.0155,1519.727,17.075584269662922,1462.139,0.1642852808988764,13.54736
14,0.01575,1535.649,17.254483146067415,1487.056,0.1670849438202247,14.14381
14,0.016,1550.573,17.422168539325845,1512.265,0.16991741573033708,14.67933
14,0.01625,1565.626,17.59130337078652,1537.593,0.1727632584269663,15.15473
14,0.0165,1579.736,17.749842696629216,1561.233,0.17541943820224717,15.57381
14,0.01675,1593.967,17.90974157303371,1584.613,0.17804640449438203,15.94235
14,0.017,1608.191,18.069561797752808,1607.153,0.18057898876404496,16.26698
14,0.01725,1621.919,18.223808988764045,1629.649,0.18310662921348314,16.5544
14,0.0175,1634.42,18.364269662921348,1649.224,0.18530606741573033,16.81082
14,0.01775,1647.339,18.509426966292136,1667.9,0.18740449438202247,17.04144
14,0.018,1659.304,18.643865168539328,1685.608,0.18939415730337078,17.25047
14,0.01825,1671.096,18.7763595505618,1702.156,0.1912534831460674,17.4412
14,0.0185,1682.376,18.903101123595505,1717.799,0.19301112359550562,17.61631
14,0.01875,1693.402,19.026988764044944,1731.349,0.19453359550561797,17.77786
14,0.019,1703.935,19.145337078651686,1745.225,0.19609269662921347,17.92749
14,0.01925,1713.947,19.257831460674158,1757.419,0.19746280898876406,18.06658
14,0.0195,1723.209,19.361898876404496,1767.897,0.19864011235955054,18.19615
14,0.01975,1733.175,19.473876404494384,1778.679,0.19985157303370787,18.31707
14,0.02,1741.901,19.571921348314607,1787.708,0.20086606741573035,18.43009
14,0.02025,1750.65,19.670224719101128,1798.272,0.20205303370786515,18.53581
14,0.0205,1758.643,19.76003370786517,1806.371,0.20296303370786517,18.63476
14,0.02075,1766.461,19.847876404494382,1815.405,0.20397808988764043,18.72739
14,0.021,1773.618,19.92829213483146,1824.23,0.2049696629213483,18.81417
14,0.02125,1780.296,20.003325842696633,1832.097,0.20585359550561796,18.8955
14,0.0215,1786.512,20.07316853932584,1839.178,0.20664921348314608,18.97177
14,0.02175,1792.422,20.13957303370787,1845.759,0.20738865168539325,19.04329
14,0.022,1797.45,20.19606741573034,1851.937,0.20808280898876402,19.11029
14,0.02225,1802.185,20.24926966292135,1859.676,0.20895235955056177,19.17296
14,0.0225,1807.749,20.311786516853935,1865.492,0.2096058426966292,19.23152
14,0.02275,1811.408,20.352898876404495,1871.769,0.21031112359550563,19.28614
14,0.023,1814.609,20.388865168539326,1877.66,0.21097303370786516,19.33693
14,0.02325,1818.384,20.431280898876405,1883.51,0.2116303370786517,19.38414
14,0.0235,1820.999,20.460662921348316,1888.214,0.21215887640449438,19.42793
14,0.02375,1823.513,20.48891011235955,1892.448,0.21263460674157303,19.46847
14,0.024,1825.528,20.511550561797755,1897.325,0.21318258426966294,19.50581
14,0.02425,1827.49,20.533595505617978,1901.562,0.21365865168539322,19.54004
14,0.0245,1828.48,20.544719101123597,1905.19,0.21406629213483147,19.57135
14,0.02475,1829.699,20.55841573033708,1907.938,0.21437505617977531,19.59987
14,0.025,1829.206,20.55287640449438,1911.64,0.21479101123595506,19.62557
14,0.02525,1829.15,20.552247191011237,1914.666,0.21513101123595504,19.64855
14,0.0255,1828.529,20.54526966292135,1916.875,0.21537921348314606,19.66904
14,0.02575,1827.269,20.531112359550562,1917.576,0.21545797752808987,19.6872
14,0.026,1825.239,20.508303370786518,1919.203,0.21564078651685392,19.70295
14,0.02625,1822.784,20.4807191011236,1920.867,0.21582775280898875,19.71633
14,0.0265,1820.18,20.451460674157303,1921.512,0.21590022471910114,19.72757
14,0.02675,1817.006,20.41579775280899,1921.151,0.2158596629213483,19.73679
14,0.027,1813.558,20.37705617977528,1921.873,0.21594078651685394,19.74398
14,0.02725,1809.218,20.328292134831464,1922.249,0.21598303370786517,19.74922
14,0.0275,1804.926,20.280067415730336,1922.177,0.2159749438202247,19.7527
14,0.02775,1800.271,20.22776404494382,1921.564,0.21590606741573032,19.7544
14,0.028,1794.35,20.16123595505618,1921.298,0.2158761797752809,19.75434
14,0.02825,1788.371,20.094056179775283,1919.614,0.21568696629213485,19.75264
14,0.0285,1783.018,20.03391011235955,1918.37,0.21554719101123596,19.74942
14,0.02875,1776.08,19.95595505617978,1917.039,0.2153976404494382,19.74473
14,0.029,1769.073,19.877224719101125,1915.071,0.21517651685393258,19.73859
14,0.02925,1761.613,19.793404494382024,1912.626,0.214901797752809,19.73103
14,0.0295,1753.513,19.70239325842697,1910.724,0.21468808988764046,19.72226
14,0.02975,1745.539,19.61279775280899,1908.178,0.21440202247191015,19.71227
14,0.03,1736.609,19.512460674157303,1906.24,0.21418426966292137,19.70102
14,0.03025,1727.527,19.410415730337082,1902.92,0.2138112359550562,19.68861
14,0.0305,1717.796,19.301078651685394,1899.847,0.21346595505617977,19.67509
14,0.03075,1708.012,19.191146067415733,1896.828,0.21312674157303368,19.66048
14,0.031,1697.203,19.06969662921348,1894.295,0.2128421348314607,19.64478
14,0.03125,1686.485,18.94926966292135,1890.011,0.21236078651685392,19.62802
14,0.0315,1675.646,18.82748314606742,1886.043,0.2119149438202247,19.61024
14,0.03175,1663.652,18.692719101123597,1882.916,0.21156359550561799,19.59144
14,0.032,1651.651,18.557876404494383,1878.967,0.21111988764044945,19.57154
14,0.03225,1639.119,18.417067415730337,1874.795,0.21065112359550564,19.55058
14,0.0325,1626.33,18.273370786516853,1869.633,0.21007112359550562,19.52869
14,0.03275,1613.232,18.126202247191014,1864.86,0.20953483146067417,19.50587
14,0.033,1598.908,17.96525842696629,1860.707,0.20906820224719103,19.48199
14,0.03325,1584.738,17.806044943820226,1855.739,0.20851,19.45707
14,0.0335,1570.041,17.64091011235955,1850.545,0.20792640449438204,19.43127
14,0.03375,1555.65,17.47921348314607,1845.401,0.20734842696629213,19.40451
14,0.034,1539.424,17.296898876404494,1840.64,0.20681348314606743,19.37668
14,0.03425,1523.905,17.12252808988764,1835.595,0.20624662921348313,19.34784
14,0.0345,1507.561,16.938887640449437,1829.289,0.20553808988764047,19.31803
14,0.03475,1491.397,16.75726966292135,1822.561,0.20478213483146068,19.28724
14,0.035,1474.383,16.56610112359551,1818.169,0.20428865168539329,19.25535
14,0.03525,1457.009,16.37088764044944,1811.881,0.2035821348314607,19.22239
14,0.0355,1439.713,16.176550561797754,1805.339,0.2028470786516854,19.1884
14,0.03575,1421.681,15.97394382022472,1798.145,0.2020387640449438,19.15328
14,0.036,1403.846,15.773550561797753,1791.884,0.2013352808988764,19.11693
14,0.03625,1385.317,15.565359550561798,1784.948,0.2005559550561798,19.07945
14,0.0365,1366.35,15.352247191011235,1777.761,0.19974842696629214,19.04096
14,0.03675,1347.17,15.136741573033708,1769.209,0.19878752808988762,19.00138
14,0.037,1327.917,14.920415730337078,1762.666,0.1980523595505618,18.96057
14,0.03725,1308.152,14.698337078651686,1755.124,0.19720494382022472,18.91851
14,0.0375,1287.94,14.471235955056182,1746.363,0.1962205617977528,18.87526
14,0.03775,1267.514,14.24173033707865,1736.709,0.19513584269662923,18.83084
14,0.038,1246.285,14.003202247191012,1728.114,0.19417011235955056,18.7852
14,0.03825,1225.416,13.768719101123596,1718.854,0.19312966292134834,18.73826
14,0.0385,1203.688,13.524584269662922,1709.129,0.19203696629213482,18.69009
14,0.03875,1182.147,13.282550561797752,1697.286,0.19070629213483148,18.64072
14,0.039,1160.038,13.034134831460674,1687.143,0.18956662921348316,18.59
14,0.03925,1137.199,12.777516853932585,1676.132,0.1883294382022472,18.5379
14,0.0395,1115.271,12.531134831460674,1663.879,0.18695269662921346,18.48446
14,0.03975,1092.39,12.274044943820227,1651.979,0.1856156179775281,18.42971
14,0.04,1069.002,12.011258426966293,1639.873,0.184255393258427,18.37356
14,0.04025,1045.274,11.744651685393258,1627.027,0.1828120224719101,18.31591
14,0.0405,1022.157,11.484910112359552,1614.823,0.18144078651685394,18.25686
14,0.04075,998.0799,11.214380898876405,1601.152,0.1799047191011236,18.19642
14,0.041,973.9938,10.943750561797753,1588.646,0.17849955056179775,18.13441
14,0.04125,949.3936,10.667343820224719,1575.525,0.17702528089887642,18.07084
14,0.0415,924.4394,10.386959550561798,1562.415,0.17555224719101123,18.00583
14,0.04175,899.5879,10.107729213483147,1549.491,0.17410011235955056,17.9393
14,0.042,874.3723,9.82440786516854,1536.907,0.1726861797752809,17.87119
14,0.04225,849.2413,9.542037078651687,1525.008,0.17134921348314608,17.80145
14,0.0425,823.1774,9.249184269662923,1511.466,0.16982764044943818,17.73013
14,0.04275,797.7298,8.96325617977528,1498.415,0.16836123595505617,17.65719
14,0.043,771.9951,8.67410224719101,1485.297,0.16688730337078653,17.58254
14,0.04325,746.0359,8.38242584269663,1472.469,0.1654459550561798,17.50612
14,0.0435,719.6063,8.085464044943821,1459.239,0.16395943820224718,17.42797
14,0.04375,693.3772,7.790755056179776,1444.078,0.16225595505617976,17.34811
14,0.044,666.9476,7.493793258426966,1430.826,0.16076696629213483,17.26637
14,0.04425,640.3579,7.195032584269663,1415.104,0.15900044943820224,17.18268
14,0.0445,613.4319,6.892493258426967,1399.286,0.15722314606741575,17.0972
14,0.04475,586.2941,6.587574157303371,1381.891,0.15526865168539328,17.0099
14,0.045,559.554,6.287123595505618,1364.399,0.15330325842696627,16.92054
14,0.04525,532.3824,5.981824719101123,1346.417,0.15128280898876403,16.82919
14,0.0455,504.4743,5.668250561797753,1327.92,0.1492044943820225,16.73589
14,0.04575,476.7531,5.356776404494382,1308.007,0.1469670786516854,16.64066
14,0.046,449.0035,5.044983146067416,1289.744,0.1449150561797753,16.54342
14,0.04625,420.8467,4.728614606741573,1271.529,0.14286842696629212,16.44407
14,0.0465,393.0065,4.415803370786517,1252.9,0.14077528089887642,16.34262
14,0.04675,364.9596,4.100669662921349,1234.393,0.1386958426966292,16.23921
14,0.047,336.307,3.778730337078652,1216.902,0.1367305617977528,16.13372
14,0.04725,308.0905,3.4616910112359554,1199.856,0.1348152808988764,16.02586
14,0.0475,279.842,3.1442921348314607,1183.224,0.13294651685393258,15.91585
14,0.04775,251.4386,2.825152808988764,1164.643,0.13085876404494381,15.80382
14,0.048,222.9961,2.505574157303371,1148.062,0.12899573033707865,15.68966
14,0.04825,194.2093,2.182126966292135,1129.397,0.1268985393258427,15.57323
14,0.0485,166.054,1.8657752808988763,1110.471,0.1247720224719101,15.4544
14,0.04875,137.5093,1.5450483146067415,1091.688,0.12266157303370787,15.3332
14,0.049,109.3905,1.2291067415730337,1070.006,0.12022539325842697,15.20956
14,0.04925,80.2106,0.9012426966292135,1047.796,0.11772988764044943,15.08341
14,0.0495,52.05281,0.5848630337078652,1025.272,0.11519910112359551,14.95488
14,0.04975,23.08767,0.25941202247191014,1002.593,0.11265089887640449,14.824
14,0.05,-5.630298,-0.06326177528089888,980.609,0.11018078651685395,14.69115
14,0.05025,-34.84969,-0.3915695505617978,957.788,0.10761662921348314,14.55635
14,0.0505,-63.27035,-0.710902808988764,936.0989,0.10517965168539326,14.41913
14,0.05075,-91.7062,-1.0304067415730338,914.9557,0.10280401123595505,14.27948
14,0.051,-120.4541,-1.3534168539325842,895.4404,0.1006112808988764,14.13726
14,0.05125,-148.5774,-1.6694089887640453,876.297,0.09846033707865169,13.99246
14,0.0515,-177.3546,-1.9927483146067417,855.3577,0.09610760674157304,13.84515
14,0.05175,-205.7024,-2.3112629213483147,834.813,0.09379921348314607,13.69516
14,0.052,-234.2076,-2.6315460674157305,814.8392,0.09155496629213483,13.54245
14,0.05225,-262.6338,-2.9509415730337083,793.66,0.0891752808988764,13.38701
14,0.0525,-290.978,-3.2694157303370788,770.6814,0.08659341573033708,13.22878
14,0.05275,-319.3257,-3.587929213483146,747.0839,0.08394201123595504,13.06755
14,0.053,-347.2835,-3.902061797752809,723.3366,0.08127377528089888,12.90321
14,0.05325,-375.5922,-4.220137078651685,698.4771,0.07848057303370787,12.73595
14,0.0535,-403.7687,-4.536726966292135,672.8905,0.07560567415730338,12.56576
14,0.05375,-431.6545,-4.850050561797754,649.0687,0.07292906741573034,12.39258
14,0.054,-459.4309,-5.162144943820225,625.9038,0.07032626966292135,12.21622
14,0.05425,-487.5436,-5.47801797752809,603.3543,0.06779261797752809,12.03664
14,0.0545,-515.2851,-5.789720224719102,580.5541,0.06523079775280897,11.85393
14,0.05475,-542.9455,-6.100511235955056,560.4043,0.06296677528089889,11.6681
14,0.055,-570.0853,-6.4054528089887635,538.5038,0.06050604494382022,11.47903
14,0.05525,-597.4235,-6.712623595505618,517.0857,0.05809951685393258,11.28647
14,0.0555,-624.3425,-7.015084269662921,495.482,0.055672134831460676,11.09024
14,0.05575,-650.9347,-7.313873033707866,471.705,0.0530005617977528,10.89024
14,0.056,-677.5745,-7.613196629213483,448.1655,0.050355674157303375,10.68623
14,0.05625,-704.4053,-7.914666292134831,422.3613,0.04745632584269663,10.47815
14,0.0565,-730.8142,-8.211395505617979,396.2574,0.04452330337078652,10.26607
14,0.05675,-756.4558,-8.499503370786517,369.8304,0.04155397752808988,10.04988
14,0.057,-782.4995,-8.792129213483147,344.0892,0.03866170786516854,9.829355
14,0.05725,-808.3791,-9.082911235955056,318.9038,0.035831887640449436,9.604368
14,0.0575,-833.7441,-9.367911235955056,294.7597,0.033119067415730334,9.374876
14,0.05775,-858.9318,-9.650919101123597,272.0152,0.030563505617977525,9.14075
14,0.058,-883.7625,-9.929915730337079,250.6841,0.028166752808988768,8.901731
14,0.05825,-909.2505,-10.21629775280899,230.4884,0.025897573033707866,8.657651
14,0.0585,-933.872,-10.492943820224719,209.2648,0.023512898876404495,8.408407
14,0.05875,-958.3193,-10.767632584269665,187.4514,0.021061955056179776,8.153762
14,0.059,-983.0446,-11.045444943820225,165.6933,0.01861722471910112,7.893362
14,0.05925,-1006.831,-11.31270786516854,142.3939,0.015999314606741574,7.626999
14,0.0595,-1030.64,-11.580224719101125,118.4936,0.013313887640449436,7.354666
14,0.05975,-1054.409,-11.847292134831463,93.67374,0.010525139325842696,7.076179
14,0.06,-1077.433,-12.105988764044945,69.157,0.007770449438202246,6.790991
14,0.06025,-1100.248,-12.362337078651686,43.79434,0.004920712359550561,6.498755
14,0.0605,-1123.0,-12.617977528089888,19.97686,0.002244591011235955,6.199312
14,0.06075,-1145.413,-12.869808988764046,-2.856638,-0.0003209705617977528,5.892367
14,0.061,-1167.584,-13.11892134831461,-23.96337,-0.0026925134831460675,5.577536
14,0.06125,-1189.594,-13.366224719101124,-44.60497,-0.005011794382022472,5.254426
14,0.0615,-1211.146,-13.608382022471911,-63.16528,-0.007097222471910113,4.922807
14,0.06175,-1232.529,-13.848640449438202,-81.8554,-0.00919723595505618,4.582531
14,0.062,-1253.658,-14.086044943820225,-98.80933,-0.01110217191011236,4.233098
14,0.06225,-1274.237,-14.31726966292135,-116.3433,-0.013072280898876406,3.874002
14,0.0625,-1295.067,-14.551314606741574,-134.5503,-0.015118011235955056,3.505116
14,0.06275,-1314.57,-14.770449438202247,-152.8553,-0.017174752808988763,3.126007
14,0.063,-1334.121,-14.99012359550562,-170.9775,-0.019210955056179774,2.736213
14,0.06325,-1353.667,-15.209741573033707,-189.0205,-0.02123825842696629,2.335515
14,0.0635,-1372.404,-15.42026966292135,-206.5588,-0.023208853932584268,1.923709
14,0.06375,-1391.211,-15.631584269662923,-224.6724,-0.02524408988764045,1.500558
14,0.064,-1409.606,-15.83826966292135,-241.5071,-0.027135629213483146,1.065713
14,0.06425,-1427.408,-16.03829213483146,-257.1881,-0.028897539325842696,0.6186281
14,0.0645,-1444.462,-16.22991011235955,-272.3027,-0.030595808988764045,0.159156
14,0.06475,-1462.311,-16.430460674157306,-287.4357,-0.03229614606741573,-0.312334
14,0.065,-1478.48,-16.612134831460676,-299.7835,-0.0336835393258427,-0.7957782
14,0.06525,-1495.367,-16.801876404494383,-311.0218,-0.034946269662921345,-1.291089
14,0.0655,-1511.812,-16.98665168539326,-321.7922,-0.036156426966292135,-1.797933
14,0.06575,-1527.198,-17.15952808988764,-331.8775,-0.037289606741573035,-2.315899
14,0.066,-1543.012,-17.33721348314607,-339.5133,-0.038147561797752805,-2.8444
14,0.06625,-1558.393,-17.51003370786517,-347.2455,-0.039016348314606736,-3.382932
14,0.0665,-1573.044,-17.674651685393258,-353.6478,-0.03973570786516854,-3.930599
14,0.06675,-1587.742,-17.83979775280899,-358.5226,-0.04028343820224719,-4.486345
14,0.067,-1601.861,-17.998438202247193,-362.0413,-0.040678797752808984,-5.049255
14,0.06725,-1615.8,-18.155056179775283,-365.9446,-0.04111737078651685,-5.618196
14,0.0675,-1629.201,-18.305629213483147,-369.0746,-0.04146905617977528,-6.191976
14,0.06775,-1641.949,-18.448865168539328,-370.2139,-0.04159706741573034,-6.769208
14,0.068,-1653.985,-18.584101123595506,-371.4414,-0.041734988764044946,-7.348716
14,0.06825,-1666.428,-18.723910112359555,-371.4383,-0.041734640449438205,-7.929299
14,0.0685,-1677.539,-18.848752808988763,-370.5535,-0.041635224719101124,-8.509395
14,0.06875,-1688.794,-18.975213483146067,-368.7793,-0.04143587640449438,-9.087456
14,0.069,-1699.879,-19.099764044943818,-367.16,-0.04125393258426967,-9.661888
14,0.06925,-1710.318,-19.21705617977528,-363.8116,-0.04087770786516854,-10.23135
14,0.0695,-1720.151,-19.3275393258427,-360.5502,-0.04051125842696629,-10.79444
14,0.06975,-1729.191,-19.42911235955056,-355.7868,-0.03997604494382023,-11.34952
14,0.07,-1738.296,-19.53141573033708,-351.0783,-0.039447,-11.89526
14,0.07025,-1746.526,-19.62388764044944,-345.4191,-0.038811134831460675,-12.43021
14,0.0705,-1755.428,-19.723910112359555,-339.2572,-0.038118786516853936,-12.95292
14,0.07075,-1762.497,-19.803337078651687,-334.0447,-0.037533112359550556,-13.46211
14,0.071,-1769.542,-19.88249438202247,-326.2941,-0.03666225842696629,-13.95686
14,0.07125,-1776.514,-19.960831460674157,-319.456,-0.035893932584269664,-14.4364
14,0.0715,-1782.872,-20.03226966292135,-312.4709,-0.03510908988764044,-14.89981
14,0.07175,-1788.88,-20.09977528089888,-305.1873,-0.03429070786516854,-15.34662
14,0.072,-1794.394,-20.161730337078655,-297.141,-0.03338662921348315,-15.77638
14,0.07225,-1799.03,-20.2138202247191,-289.4625,-0.032523876404494376,-16.18866
14,0.0725,-1803.306,-20.261865168539327,-282.7401,-0.031768550561797754,-16.58334
14,0.07275,-1807.665,-20.310842696629212,-275.6527,-0.030972213483146067,-16.96046
14,0.073,-1811.315,-20.351853932584273,-267.7424,-0.030083415730337078,-17.32028
14,0.07325,-1815.133,-20.394752808988763,-260.9322,-0.029318224719101126,-17.66289
14,0.0735,-1817.611,-20.42259550561798,-253.78,-0.028514606741573034,-17.98832
14,0.07375,-1820.034,-20.449820224719105,-247.4016,-0.02779793258426966,-18.29669
14,0.074,-1822.782,-20.480696629213483,-240.2035,-0.026989157303370787,-18.58848
14,0.07425,-1823.885,-20.49308988764045,-232.6215,-0.026137247191011233,-18.86433
14,0.0745,-1824.928,-20.504808988764044,-226.3643,-0.025434191011235955,-19.12451
14,0.07475,-1825.721,-20.513719101123595,-220.8965,-0.02481983146067416,-19.36946
14,0.075,-1825.997,-20.516820224719105,-214.0945,-0.02405556179775281,-19.59987
14,0.07525,-1825.574,-20.51206741573034,-207.613,-0.023327303370786517,-19.81625
14,0.0755,-1824.654,-20.501730337078655,-202.8994,-0.02279768539325843,-20.01893
14,0.07575,-1823.301,-20.486528089887642,-197.8646,-0.022231977528089888,-20.20831
14,0.076,-1821.875,-20.470505617977526,-192.4909,-0.021628191011235955,-20.38503
14,0.07625,-1819.84,-20.447640449438204,-186.2019,-0.020921561797752806,-20.54969
14,0.0765,-1816.635,-20.411629213483145,-181.7962,-0.020426539325842697,-20.70267
14,0.07675,-1813.9,-20.380898876404494,-177.523,-0.019946404494382022,-20.84437
14,0.077,-1810.49,-20.34258426966292,-173.2753,-0.01946913483146067,-20.97531
14,0.07725,-1806.033,-20.29250561797753,-168.6848,-0.01895334831460674,-21.09599
14,0.0775,-1801.529,-20.241898876404495,-165.2121,-0.018563157303370784,-21.20678
14,0.07775,-1796.441,-20.184730337078655,-161.7919,-0.018178865168539327,-21.30806
14,0.078,-1791.201,-20.12585393258427,-158.5395,-0.017813426966292133,-21.40033
14,0.07825,-1785.414,-20.06083146067416,-155.9017,-0.017517044943820226,-21.484
14,0.0785,-1779.555,-19.995,-152.5521,-0.017140685393258425,-21.55943
14,0.07875,-1773.095,-19.922415730337082,-150.0888,-0.016863910112359548,-21.627
14,0.079,-1765.846,-19.84096629213483,-147.3314,-0.01655408988764045,-21.68724
14,0.07925,-1758.56,-19.759101123595507,-144.9317,-0.016284460674157304,-21.74048
14,0.0795,-1750.289,-19.666168539325845,-143.3825,-0.016110393258426964,-21.78704
14,0.07975,-1741.861,-19.57147191011236,-141.2871,-0.015874955056179776,-21.82742
14,0.08,-1733.591,-19.478550561797753,-139.1741,-0.0156375393258427,-21.86209
14,0.08025,-1724.26,-19.37370786516854,-137.4591,-0.015444842696629213,-21.8914
14,0.0805,-1714.333,-19.262168539325845,-136.8343,-0.015374640449438204,-21.91561
14,0.08075,-1704.265,-19.149044943820225,-135.4668,-0.015220988764044945,-21.93516
14,0.081,-1693.603,-19.029247191011237,-134.6561,-0.015129898876404497,-21.95046
14,0.08125,-1683.167,-18.911988764044946,-132.6188,-0.014900988764044942,-21.96182
14,0.0815,-1671.832,-18.78462921348315,-132.8517,-0.014927157303370787,-21.96949
14,0.08175,-1660.052,-18.65226966292135,-132.3544,-0.014871280898876403,-21.97378
14,0.082,-1648.095,-18.51792134831461,-130.7642,-0.014692606741573033,-21.9751
14,0.08225,-1634.968,-18.370426966292136,-129.8908,-0.01459447191011236,-21.97368
14,0.0825,-1622.12,-18.226067415730338,-129.9657,-0.014602887640449438,-21.9697
14,0.08275,-1609.161,-18.080460674157305,-129.3723,-0.014536213483146068,-21.96342
14,0.083,-1594.952,-17.920808988764044,-127.851,-0.014365280898876405,-21.95509
14,0.08325,-1580.861,-17.762483146067417,-127.1459,-0.01428605617977528,-21.94485
14,0.0835,-1566.376,-17.599730337078654,-126.6208,-0.01422705617977528,-21.93279
14,0.08375,-1550.888,-17.42570786516854,-127.6032,-0.01433743820224719,-21.91906
14,0.084,-1535.782,-17.255977528089886,-125.2474,-0.014072741573033709,-21.90391
14,0.08425,-1519.782,-17.07620224719101,-124.3328,-0.013969977528089888,-21.88749
14,0.0845,-1503.506,-16.89332584269663,-124.4465,-0.013982752808988762,-21.86968
14,0.08475,-1486.935,-16.707134831460674,-124.0634,-0.01393970786516854,-21.8505
14,0.085,-1470.051,-16.517426966292135,-122.8405,-0.013802303370786516,-21.83014
14,0.08525,-1452.387,-16.318955056179774,-122.1119,-0.013720438202247191,-21.80866
14,0.0855,-1435.655,-16.130955056179776,-120.7142,-0.013563393258426967,-21.78602
14,0.08575,-1417.599,-15.928078651685393,-121.0334,-0.013599258426966293,-21.76225
14,0.086,-1399.911,-15.729337078651685,-120.5369,-0.01354347191011236,-21.73742
14,0.08625,-1381.15,-15.518539325842697,-119.547,-0.013432247191011236,-21.71149
14,0.0865,-1362.252,-15.306202247191012,-118.5085,-0.01331556179775281,-21.6844
14,0.08675,-1343.326,-15.093550561797754,-117.423,-0.013193595505617977,-21.65619
14,0.087,-1323.704,-14.873078651685393,-116.5837,-0.013099292134831459,-21.62693
14,0.08725,-1303.947,-14.651089887640449,-115.5072,-0.012978337078651685,-21.59657
14,0.0875,-1283.828,-14.425033707865168,-114.9181,-0.012912146067415729,-21.56503
14,0.08775,-1263.033,-14.19138202247191,-114.3761,-0.012851247191011236,-21.53236
14,0.088,-1242.509,-13.960775280898877,-113.4792,-0.012750471910112362,-21.49863
14,0.08825,-1221.324,-13.722741573033709,-113.0757,-0.012705134831460674,-21.46375
14,0.0885,-1199.551,-13.478101123595504,-112.2199,-0.012608977528089888,-21.42759
14,0.08875,-1177.867,-13.234460674157305,-110.8838,-0.012458853932584269,-21.39025
14,0.089,-1155.571,-12.983943820224718,-109.9159,-0.012350101123595504,-21.35172
14,0.08925,-1133.61,-12.737191011235955,-107.8722,-0.012120471910112361,-21.31197
14,0.0895,-1110.955,-12.482640449438202,-107.624,-0.01209258426966292,-21.27097
14,0.08975,-1087.959,-12.224258426966292,-106.0164,-0.011911955056179774,-21.22866
14,0.09,-1065.112,-11.967550561797754,-104.7489,-0.011769539325842697,-21.18499
14,0.09025,-1041.255,-11.699494382022474,-103.1315,-0.011587808988764046,-21.13991
14,0.0905,-1017.577,-11.433449438202247,-102.3076,-0.01149523595505618,-21.09339
14,0.09075,-993.7067,-11.165243820224719,-101.362,-0.011388988764044943,-21.04541
14,0.091,-969.6996,-10.895501123595507,-99.25838,-0.011152626966292135,-20.996
14,0.09125,-945.4332,-10.622844943820226,-97.14179,-0.01091480786516854,-20.94505
14,0.0915,-920.4293,-10.341902247191012,-96.74804,-0.010870566292134832,-20.89249
14,0.09175,-895.4077,-10.060760674157304,-94.97185,-0.010670994382022472,-20.83836
14,0.092,-870.2154,-9.777701123595508,-92.40817,-0.010382940449438202,-20.78262
14,0.09225,-844.7238,-9.491278651685393,-91.19869,-0.010247043820224719,-20.72512
14,0.0925,-819.2463,-9.205014606741573,-89.71547,-0.01008038988764045,-20.66586
14,0.09275,-793.7258,-8.918267415730337,-88.11537,-0.009900603370786515,-20.60481
14,0.093,-768.0432,-8.629698876404495,-85.39011,-0.009594394382022474,-20.54191
14,0.09325,-741.7377,-8.334131460674158,-83.41549,-0.009372526966292136,-20.47707
14,0.0935,-715.4255,-8.038488764044946,-81.95187,-0.009208075280898875,-20.41021
14,0.09375,-689.436,-7.74647191011236,-79.74547,-0.008960165168539326,-20.34124
14,0.094,-662.7546,-7.446680898876405,-77.3465,-0.008690617977528091,-20.27012
14,0.09425,-636.1903,-7.148205617977528,-75.14559,-0.008443324719101124,-20.1967
14,0.0945,-610.0508,-6.854503370786516,-73.27489,-0.00823313370786517,-20.12087
14,0.09475,-582.2542,-6.54218202247191,-70.66847,-0.007940277528089887,-20.04256
14,0.095,-555.5135,-6.241724719101124,-68.47579,-0.007693908988764046,-19.96178
14,0.09525,-528.3216,-5.936197752808989,-66.35017,-0.0074550752808988765,-19.87839
14,0.0955,-500.5685,-5.624365168539326,-63.32333,-0.007114980898876405,-19.79214
14,0.09575,-472.7663,-5.311980898876405,-61.18046,-0.006874208988764045,-19.70292
14,0.096,-444.8845,-4.998702247191011,-57.35396,-0.006444265168539326,-19.61078
14,0.09625,-416.9709,-4.685066292134831,-55.1852,-0.006200584269662922,-19.51564
14,0.0965,-388.9103,-4.369778651685394,-52.29601,-0.005875956179775281,-19.41723
14,0.09675,-361.0838,-4.057121348314607,-49.78449,-0.005593762921348315,-19.31542
14,0.097,-332.8024,-3.739352808988764,-45.81602,-0.005147867415730337,-19.21024
14,0.09725,-304.4182,-3.420429213483146,-42.15228,-0.0047362112359550556,-19.10158
14,0.0975,-275.9788,-3.100885393258427,-39.39329,-0.004426212359550562,-18.98909
14,0.09775,-247.6772,-2.7828898876404495,-36.02604,-0.004047869662921348,-18.8726
14,0.098,-218.9769,-2.460414606741573,-31.32184,-0.00351930786516854,-18.75213
14,0.09825,-190.7082,-2.142788764044944,-28.14244,-0.00316207191011236,-18.62752
14,0.0985,-162.3848,-1.8245483146067418,-24.52654,-0.002755791011235955,-18.49852
14,0.09875,-133.7828,-1.5031775280898878,-20.60631,-0.0023153157303370787,-18.36501
14,0.099,-105.4138,-1.1844247191011237,-16.10918,-0.001810020224719101,-18.22695
14,0.09925,-76.68625,-0.8616432584269663,-11.93796,-0.0013413438202247191,-18.08411
14,0.0995,-48.3056,-0.5427595505617977,-8.378924,-0.0009414521348314607,-17.9362
14,0.09975,-19.66513,-0.2209565168539326,-3.52256,-0.00039579325842696627,-17.783
14,0.1,5.041441,0.05664540449438202,1.372237,0.00015418393258426967,-17.63599
15,0.0,8.540418,0.09595975280898879,0.0,0.0,-15.23261
15,0.00025,34.65488,0.3893806741573034,7.092966,0.0007969624719101122,-15.0933
15,0.0005,63.38146,0.7121512359550562,13.09136,0.0014709393258426967,-14.94949
15,0.00075,90.59921,1.0179686516853932,20.58278,0.0023126719101123597,-14.80074
15,0.001,116.7184,1.3114426966292134,28.57658,0.0032108516853932585,-14.64698
15,0.00125,143.6489,1.614032584269663,37.06728,0.004164862921348314,-14.48836
15,0.0015,169.7463,1.9072617977528088,44.49516,0.004999456179775281,-14.32454
15,0.00175,196.0949,2.2033134831460677,52.87252,0.005940732584269663,-14.1552
15,0.002,222.3357,2.49815393258427,61.33458,0.006891525842696629,-13.98033
15,0.00225,248.8418,2.7959752808988765,70.69082,0.007942788764044943,-13.79986
15,0.0025,274.9098,3.0888741573033713,79.689,0.0089538202247191,-13.61343
15,0.00275,301.1505,3.3837134831460682,88.93346,0.009992523595505617,-13.42081
15,0.003,327.5381,3.6802033707865167,99.42859,0.011171751685393258,-13.22186
15,0.00325,354.1147,3.9788168539325848,110.0422,0.01236429213483146,-13.01639
15,0.0035,379.8368,4.267829213483147,120.4851,0.013537651685393257,-12.80413
15,0.00375,406.8742,4.571620224719101,129.6868,0.014571550561797753,-12.58487
15,0.004,432.4144,4.858588764044944,140.4518,0.015781101123595504,-12.35844
15,0.00425,458.2829,5.14924606741573,151.705,0.01704550561797753,-12.12461
15,0.0045,484.2739,5.441279775280899,162.4562,0.018253505617977527,-11.883
15,0.00475,510.4898,5.735840449438203,173.7647,0.019524123595505618,-11.63321
15,0.005,535.8847,6.021176404494382,185.1807,0.0208068202247191,-11.37496
15,0.00525,560.9909,6.303268539325844,197.7293,0.022216775280898875,-11.10792
15,0.0055,586.2182,6.586721348314607,210.5959,0.023662460674157303,-10.83172
15,0.00575,611.7549,6.873650561797754,222.6233,0.02501385393258427,-10.54597
15,0.006,636.2563,7.148947191011236,236.4217,0.026564235955056175,-10.2504
15,0.00625,661.3848,7.4312898876404505,251.1281,0.028216640449438203,-9.944629
15,0.0065,686.258,7.710764044943821,266.0725,0.029895786516853932,-9.6281
15,0.00675,710.3867,7.981873033707866,282.9488,0.031792,-9.300339
15,0.007,735.3353,8.262194382022471,300.3263,0.03374452808988764,-8.961013
15,0.00725,758.9251,8.527248314606743,319.8709,0.035940550561797756,-8.609735
15,0.0075,783.542,8.803842696629214,340.5373,0.03826261797752809,-8.246008
15,0.00775,806.7889,9.065043820224721,361.9028,0.040663235955056186,-7.869583
15,0.008,830.3665,9.329960674157304,385.5705,0.04332252808988764,-7.480072
15,0.00825,853.2755,9.587365168539325,408.3895,0.0458864606741573,-7.076624
15,0.0085,876.0924,9.843734831460676,432.9039,0.048640887640449444,-6.658633
15,0.00875,899.1133,10.102396629213484,455.5844,0.0511892584269663,-6.225673
15,0.009,921.5929,10.354976404494382,479.6788,0.05389649438202247,-5.777165
15,0.00925,944.1109,10.607987640449439,502.935,0.05650955056179775,-5.312658
15,0.0095,965.9355,10.85320786516854,526.4729,0.0591542584269663,-4.831694
15,0.00975,987.7622,11.098451685393258,550.1594,0.06181566292134832,-4.333762
15,0.01,1010.486,11.353775280898876,577.0912,0.06484170786516853,-3.818705
15,0.01025,1031.242,11.586988764044943,604.8202,0.06795732584269663,-3.286363
15,0.0105,1052.798,11.829191011235956,634.451,0.07128662921348314,-2.736425
15,0.01075,1073.89,12.066179775280899,666.436,0.07488044943820225,-2.168775
15,0.011,1094.497,12.297719101123597,699.3336,0.07857680898876404,-1.583607
15,0.01125,1115.321,12.531696629213481,732.8952,0.08234777528089889,-0.9812156
15,0.0115,1135.341,12.756640449438203,764.9261,0.08594675280898877,-0.3620659
15,0.01175,1156.023,12.989022471910111,796.0174,0.08944015730337078,0.2730758
15,0.012,1175.905,13.21241573033708,826.5603,0.09287194382022472,0.9234469
15,0.01225,1195.839,13.436393258426966,857.3629,0.09633291011235955,1.587882
15,0.0125,1215.057,13.65232584269663,887.489,0.09971786516853932,2.264623
15,0.01275,1234.121,13.866528089887643,920.0168,0.10337267415730336,2.951821
15,0.013,1252.971,14.07832584269663,956.1428,0.10743177528089887,3.647103
15,0.01325,1271.946,14.29152808988764,992.4218,0.11150806741573034,4.34747
15,0.0135,1290.722,14.502494382022473,1029.435,0.11566685393258427,5.04979
15,0.01375,1308.816,14.70579775280899,1065.614,0.11973191011235955,5.750505
15,0.014,1326.984,14.909932584269663,1099.895,0.12358370786516855,6.445459
15,0.01425,1344.968,15.112000000000002,1130.772,0.12705303370786517,7.130256
15,0.0145,1362.756,15.311865168539327,1160.874,0.1304352808988764,7.800303
15,0.01475,1380.489,15.511112359550562,1189.584,0.1336611235955056,8.450986
15,0.015,1397.759,15.705157303370788,1219.116,0.13697932584269662,9.077782
15,0.01525,1414.301,15.891022471910112,1250.255,0.14047808988764046,9.676485
15,0.0155,1431.218,16.081101123595506,1281.109,0.14394483146067416,10.24384
15,0.01575,1447.167,16.260303370786517,1311.233,0.14732955056179775,10.77739
15,0.016,1462.615,16.43387640449438,1341.474,0.15072741573033707,11.27548
15,0.01625,1477.525,16.601404494382024,1369.664,0.15389483146067415,11.73763
15,0.0165,1491.061,16.753494382022474,1394.323,0.15666550561797754,12.16438
15,0.01675,1504.085,16.899831460674157,1416.42,0.1591483146067416,12.55715
15,0.017,1516.356,17.037707865168542,1437.761,0.1615461797752809,12.91802
15,0.01725,1528.328,17.172224719101123,1456.579,0.16366056179775282,13.24938
15,0.0175,1540.257,17.306258426966295,1473.794,0.16559483146067416,13.5539
15,0.01775,1550.867,17.42547191011236,1490.122,0.1674294382022472,13.83407
15,0.018,1561.483,17.544752808988765,1506.664,0.16928808988764044,14.0921
15,0.01825,1571.451,17.656752808988763,1522.315,0.17104662921348315,14.33007
15,0.0185,1581.913,17.77430337078652,1536.277,0.17261539325842698,14.54997
15,0.01875,1591.222,17.878898876404495,1549.942,0.17415078651685392,14.75368
15,0.019,1600.895,17.98758426966292,1564.947,0.1758367415730337,14.94288
15,0.01925,1610.061,18.090573033707862,1578.558,0.17736606741573033,15.11902
15,0.0195,1619.019,18.191224719101122,1591.92,0.1788674157303371,15.28344
15,0.01975,1627.255,18.283764044943823,1605.62,0.1804067415730337,15.43722
15,0.02,1635.382,18.375078651685396,1618.029,0.18180101123595505,15.58114
15,0.02025,1643.392,18.465078651685396,1630.232,0.18317213483146066,15.71589
15,0.0205,1650.568,18.54570786516854,1641.293,0.18441494382022472,15.84231
15,0.02075,1657.235,18.62061797752809,1651.969,0.1856144943820225,15.96097
15,0.021,1663.876,18.69523595505618,1662.661,0.1868158426966292,16.07234
15,0.02125,1669.929,18.763247191011235,1673.004,0.18797797752808987,16.17691
15,0.0215,1675.716,18.82826966292135,1682.634,0.18906,16.27513
15,0.02175,1680.847,18.885921348314607,1691.007,0.19000078651685395,16.36736
15,0.022,1685.526,18.938494382022473,1699.052,0.19090471910112358,16.45386
15,0.02225,1690.47,18.994044943820228,1706.347,0.1917243820224719,16.53495
15,0.0225,1694.994,19.04487640449438,1713.198,0.1924941573033708,16.61092
15,0.02275,1698.4,19.083146067415733,1719.873,0.1932441573033708,16.68203
15,0.023,1702.539,19.12965168539326,1725.893,0.19392056179775283,16.74845
15,0.02325,1705.597,19.16401123595506,1731.464,0.19454651685393257,16.8104
15,0.0235,1708.229,19.19358426966292,1735.813,0.19503516853932584,16.86817
15,0.02375,1710.691,19.221247191011237,1739.944,0.19549932584269664,16.92187
15,0.024,1712.139,19.237516853932583,1744.706,0.19603438202247192,16.97165
15,0.02425,1713.468,19.252449438202248,1748.133,0.19641943820224722,17.01772
15,0.0245,1714.28,19.26157303370787,1752.157,0.19687157303370784,17.06024
15,0.02475,1715.016,19.269842696629215,1754.227,0.1971041573033708,17.09935
15,0.025,1715.573,19.27610112359551,1757.866,0.19751303370786516,17.13517
15,0.02525,1715.011,19.269786516853934,1759.912,0.19774292134831462,17.16782
15,0.0255,1713.788,19.25604494382023,1761.898,0.1979660674157303,17.19749
15,0.02575,1712.581,19.242483146067414,1762.821,0.19806977528089886,17.2243
15,0.026,1710.668,19.220988764044947,1765.471,0.19836752808988764,17.24828
15,0.02625,1708.573,19.19744943820225,1766.336,0.1984647191011236,17.26959
15,0.0265,1706.713,19.176550561797754,1766.474,0.1984802247191011,17.2884
15,0.02675,1703.355,19.138820224719105,1767.384,0.19858247191011236,17.30473
15,0.027,1699.922,19.100247191011235,1767.696,0.19861752808988764,17.31861
15,0.02725,1696.251,19.059,1767.905,0.19864101123595507,17.33023
15,0.0275,1692.278,19.0143595505618,1767.666,0.19861415730337076,17.33978
15,0.02775,1687.776,18.963775280898876,1767.796,0.1986287640449438,17.34725
15,0.028,1683.093,18.91115730337079,1766.463,0.19847898876404493,17.3527
15,0.02825,1677.196,18.844898876404496,1766.145,0.1984432584269663,17.35631
15,0.0285,1671.499,18.78088764044944,1764.713,0.19828235955056178,17.35817
15,0.02875,1665.16,18.70966292134832,1763.639,0.19816168539325843,17.35836
15,0.029,1658.77,18.637865168539328,1762.468,0.19803011235955056,17.35694
15,0.02925,1651.367,18.554685393258428,1761.145,0.1978814606741573,17.35401
15,0.0295,1643.748,18.469078651685393,1758.68,0.1976044943820225,17.34966
15,0.02975,1636.194,18.384202247191013,1756.952,0.1974103370786517,17.34393
15,0.03,1628.012,18.29226966292135,1755.328,0.19722786516853932,17.33687
15,0.03025,1619.715,18.199044943820223,1752.608,0.19692224719101123,17.32858
15,0.0305,1610.671,18.097426966292137,1749.985,0.19662752808988762,17.31907
15,0.03075,1601.022,17.989011235955054,1747.764,0.19637797752808986,17.30837
15,0.031,1590.98,17.8761797752809,1744.65,0.19602808988764048,17.29652
15,0.03125,1581.658,17.77143820224719,1742.421,0.1957776404494382,17.28358
15,0.0315,1571.111,17.652932584269664,1738.646,0.1953534831460674,17.2696
15,0.03175,1559.933,17.527337078651687,1735.094,0.1949543820224719,17.25463
15,0.032,1548.989,17.404370786516854,1731.919,0.1945976404494382,17.23859
15,0.03225,1537.379,17.273921348314605,1728.022,0.19415977528089887,17.22154
15,0.0325,1525.12,17.1361797752809,1723.544,0.19365662921348314,17.20355
15,0.03275,1512.19,16.990898876404493,1719.197,0.193168202247191,17.18461
15,0.033,1499.245,16.845449438202245,1715.241,0.19272370786516854,17.16471
15,0.03325,1485.907,16.695584269662923,1711.039,0.19225157303370788,17.14385
15,0.0335,1472.496,16.544898876404496,1705.701,0.191651797752809,17.12209
15,0.03375,1458.324,16.385662921348317,1699.888,0.19099865168539326,17.09944
15,0.034,1443.775,16.222191011235957,1694.749,0.19042123595505617,17.07582
15,0.03425,1429.218,16.058629213483147,1689.802,0.18986539325842694,17.05119
15,0.0345,1414.124,15.88903370786517,1683.361,0.18914168539325843,17.02563
15,0.03475,1398.367,15.711988764044943,1676.689,0.18839202247191011,16.99915
15,0.035,1382.951,15.538775280898877,1671.472,0.1878058426966292,16.97161
15,0.03525,1366.903,15.358460674157305,1663.922,0.18695752808988764,16.94317
15,0.0355,1350.641,15.175741573033708,1657.406,0.18622539325842696,16.91381
15,0.03575,1333.837,14.986932584269663,1650.099,0.1854043820224719,16.88335
15,0.036,1316.996,14.79770786516854,1643.538,0.18466719101123596,16.85184
15,0.03625,1299.324,14.599146067415731,1635.786,0.1837961797752809,16.81924
15,0.0365,1281.828,14.402561797752808,1627.86,0.18290561797752808,16.78563
15,0.03675,1264.036,14.20265168539326,1620.55,0.18208426966292132,16.75096
15,0.037,1244.935,13.988033707865169,1612.497,0.18117943820224722,16.71521
15,0.03725,1226.116,13.776584269662923,1604.086,0.1802343820224719,16.67841
15,0.0375,1207.353,13.565764044943823,1594.626,0.1791714606741573,16.64053
15,0.03775,1188.95,13.358988764044945,1585.489,0.17814483146067417,16.6015
15,0.038,1169.142,13.136426966292136,1577.785,0.17727921348314607,16.56128
15,0.03825,1149.058,12.91076404494382,1569.207,0.17631539325842696,16.51993
15,0.0385,1128.946,12.684786516853931,1559.83,0.17526179775280898,16.47744
15,0.03875,1108.798,12.458404494382023,1551.128,0.17428404494382022,16.43381
15,0.039,1088.107,12.225921348314607,1542.402,0.173303595505618,16.38894
15,0.03925,1067.341,11.992595505617977,1533.419,0.17229426966292136,16.34281
15,0.0395,1046.845,11.762303370786517,1522.667,0.17108617977528087,16.29544
15,0.03975,1024.779,11.514370786516855,1513.426,0.17004786516853931,16.2468
15,0.04,1002.708,11.26638202247191,1504.288,0.1690211235955056,16.19685
15,0.04025,980.5528,11.017447191011238,1495.048,0.1679829213483146,16.14555
15,0.0405,958.7895,10.772915730337079,1485.78,0.16694157303370785,16.09294
15,0.04075,936.431,10.521696629213483,1476.082,0.16585191011235956,16.03907
15,0.041,913.4602,10.26359775280899,1466.467,0.16477157303370787,15.98381
15,0.04125,890.4524,10.005083146067417,1455.56,0.16354606741573033,15.92717
15,0.0415,866.8773,9.740194382022471,1444.725,0.16232865168539326,15.86921
15,0.04175,843.3944,9.476341573033709,1433.53,0.16107078651685394,15.80985
15,0.042,820.1536,9.215208988764045,1422.253,0.15980370786516854,15.74894
15,0.04225,795.9652,8.943429213483146,1411.431,0.15858775280898876,15.68647
15,0.0425,772.6864,8.68186966292135,1399.128,0.15720539325842695,15.62253
15,0.04275,748.5659,8.410852808988766,1385.974,0.15572741573033705,15.55708
15,0.043,724.189,8.136955056179776,1372.548,0.1542188764044944,15.48997
15,0.04325,699.5463,7.860070786516855,1358.324,0.15262067415730338,15.42116
15,0.0435,674.8635,7.58273595505618,1344.152,0.15102831460674157,15.35076
15,0.04375,650.75,7.311797752808989,1329.204,0.14934876404494382,15.2787
15,0.044,625.2457,7.025232584269664,1314.699,0.14771898876404496,15.20491
15,0.04425,600.3396,6.745388764044945,1299.037,0.14595921348314606,15.12939
15,0.0445,575.4071,6.465248314606741,1282.964,0.1441532584269663,15.05215
15,0.04475,549.9479,6.179189887640449,1266.858,0.14234359550561798,14.97322
15,0.045,524.9982,5.898856179775281,1252.199,0.14069651685393259,14.8924
15,0.04525,498.7879,5.604358426966292,1236.528,0.13893573033707865,14.80964
15,0.0455,472.5558,5.309615730337078,1221.247,0.13721876404494382,14.72512
15,0.04575,446.4761,5.016585393258427,1206.343,0.1355441573033708,14.63872
15,0.046,420.8518,4.72867191011236,1192.305,0.13396685393258426,14.5503
15,0.04625,394.4176,4.431658426966292,1177.622,0.1323170786516854,14.45994
15,0.0465,368.541,4.140910112359551,1163.18,0.1306943820224719,14.36768
15,0.04675,342.2968,3.8460314606741575,1149.031,0.12910460674157304,14.27343
15,0.047,315.7927,3.5482325842696634,1133.876,0.127401797752809,14.17701
15,0.04725,288.8737,3.245771910112359,1118.516,0.1256759550561798,14.07833
15,0.0475,262.7804,2.9525887640449437,1102.092,0.12383056179775281,13.97765
15,0.04775,236.6025,2.6584550561797755,1084.863,0.12189471910112361,13.87503
15,0.048,209.7945,2.3572415730337077,1067.642,0.11995977528089889,13.77022
15,0.04825,182.7287,2.0531314606741575,1048.725,0.11783426966292132,13.66314
15,0.0485,156.1739,1.7547629213483147,1028.523,0.11556438202247189,13.55388
15,0.04875,128.6229,1.4452011235955056,1008.843,0.11335314606741574,13.44244
15,0.049,101.8757,1.144670786516854,989.3158,0.11115907865168538,13.3287
15,0.04925,74.82104,0.8406858426966293,969.777,0.10896370786516855,13.21264
15,0.0495,47.60684,0.5349083146067416,949.2522,0.10665755056179775,13.09439
15,0.04975,21.396,0.2404044943820225,929.7793,0.10446958426966292,12.97386
15,0.05,-6.169709,-0.06932257303370787,912.0014,0.10247206741573034,12.85113
15,0.05025,-31.95713,-0.3590688764044944,892.8658,0.100322,12.7262
15,0.0505,-58.74183,-0.6600205617977528,875.031,0.09831808988764044,12.59899
15,0.05075,-85.94134,-0.9656330337078651,857.8759,0.09639055056179775,12.46946
15,0.051,-111.8756,-1.2570292134831462,841.0357,0.09449839325842697,12.33741
15,0.05125,-139.2975,-1.5651404494382024,823.055,0.09247808988764045,12.20287
15,0.0515,-165.7271,-1.8621022471910114,804.2986,0.09037062921348314,12.06585
15,0.05175,-192.3943,-2.1617337078651686,785.0053,0.08820284269662922,11.92626
15,0.052,-218.7987,-2.4584123595505623,765.3516,0.0859945617977528,11.78406
15,0.05225,-245.4496,-2.7578606741573033,744.73,0.08367752808988764,11.63921
15,0.0525,-271.8904,-3.054948314606742,723.3107,0.08127086516853932,11.49171
15,0.05275,-298.6047,-3.3551089887640453,700.1905,0.07867308988764045,11.34151
15,0.053,-325.1504,-3.6533752808988766,678.8348,0.07627357303370787,11.18847
15,0.05325,-351.3977,-3.948288764044944,656.6347,0.0737791797752809,11.03252
15,0.0535,-377.9666,-4.246815730337079,634.6443,0.07130834831460674,10.87368
15,0.05375,-404.1724,-4.541262921348314,613.0764,0.06888498876404495,10.71195
15,0.054,-430.5473,-4.837610112359551,592.4674,0.06656937078651685,10.54719
15,0.05425,-456.2421,-5.126315730337079,572.2277,0.06429524719101123,10.37933
15,0.0545,-482.3491,-5.419652808988764,553.1776,0.06215478651685393,10.20839
15,0.05475,-507.55,-5.702808988764045,534.0667,0.06000749438202247,10.03439
15,0.055,-533.9786,-5.999759550561798,515.9378,0.0579705393258427,9.857164
15,0.05525,-558.8402,-6.279103370786517,495.7436,0.055701528089887646,9.676626
15,0.0555,-583.6035,-6.557342696629214,475.0361,0.05337484269662921,9.492842
15,0.05575,-609.439,-6.847629213483145,453.6074,0.05096712359550561,9.305761
15,0.056,-633.8376,-7.121770786516854,431.6489,0.04849987640449439,9.115263
15,0.05625,-659.0532,-7.4050921348314604,408.9413,0.04594846067415731,8.92121
15,0.0565,-684.0029,-7.685425842696629,385.6768,0.04333447191011236,8.723419
15,0.05675,-708.5125,-7.9608146067415735,361.9381,0.04066720224719102,8.521828
15,0.057,-732.6163,-8.231643820224718,338.3763,0.038019808988764045,8.316402
15,0.05725,-756.9658,-8.50523370786517,315.3793,0.03543587640449438,8.107009
15,0.0575,-780.8746,-8.77387191011236,293.269,0.03295157303370786,7.893593
15,0.05775,-804.4999,-9.039324719101126,272.4788,0.030615595505617977,7.676113
15,0.058,-828.3682,-9.30750786516854,252.5721,0.02837888764044944,7.454391
15,0.05825,-851.454,-9.566898876404494,233.3466,0.026218719101123594,7.228247
15,0.0585,-874.5808,-9.826750561797754,214.495,0.024100561797752808,6.99768
15,0.05875,-897.3693,-10.082801123595505,195.5076,0.02196714606741573,6.762576
15,0.059,-920.3533,-10.341048314606741,176.1876,0.0197963595505618,6.522656
15,0.05925,-942.65,-10.591573033707865,156.85,0.017623595505617977,6.277801
15,0.0595,-965.1468,-10.84434606741573,135.6762,0.015244516853932582,6.027922
15,0.05975,-986.9309,-11.089111235955057,114.6495,0.012881966292134832,5.772885
15,0.06,-1008.765,-11.33443820224719,93.68864,0.010526813483146068,5.512399
15,0.06025,-1030.614,-11.579932584269663,72.3921,0.008133943820224719,5.246105
15,0.0605,-1051.392,-11.813393258426968,50.51356,0.0056756808988764045,4.973904
15,0.06075,-1073.097,-12.057269662921348,28.88954,0.0032460157303370787,4.695753
15,0.061,-1093.645,-12.288146067415731,9.153871,0.0010285248314606742,4.4114
15,0.06125,-1114.017,-12.517044943820228,-10.98025,-0.0012337359550561799,4.120558
15,0.0615,-1135.263,-12.75576404494382,-30.11785,-0.0033840280898876406,3.823071
15,0.06175,-1154.963,-12.977112359550562,-48.05733,-0.0053996999999999995,3.518837
15,0.062,-1174.136,-13.192539325842697,-64.92538,-0.007294986516853933,3.207665
15,0.06225,-1193.917,-13.414797752808989,-80.60826,-0.00905710786516854,2.889197
15,0.0625,-1213.109,-13.630438202247191,-96.28879,-0.010818965168539326,2.563258
15,0.06275,-1231.511,-13.837202247191012,-111.7446,-0.012555573033707867,2.229866
15,0.063,-1250.082,-14.045865168539327,-125.9156,-0.0141478202247191,1.888797
15,0.06325,-1267.911,-14.246191011235956,-141.6942,-0.01592069662921348,1.539746
15,0.0635,-1285.706,-14.446134831460673,-156.028,-0.01753123595505618,1.182717
15,0.06375,-1302.903,-14.6393595505618,-170.7892,-0.019189797752808987,0.8176465
15,0.064,-1319.997,-14.831426966292137,-185.4642,-0.02083867415730337,0.4441994
15,0.06425,-1336.716,-15.019280898876405,-198.8564,-0.02234341573033708,0.0620977
15,0.0645,-1352.691,-15.198775280898877,-211.6995,-0.023786460674157305,-0.3286802
15,0.06475,-1369.411,-15.386640449438204,-225.665,-0.025355617977528087,-0.7279578
15,0.065,-1385.321,-15.565404494382022,-238.3713,-0.026783292134831462,-1.135764
15,0.06525,-1400.648,-15.737617977528089,-250.7583,-0.02817508988764045,-1.552128
15,0.0655,-1415.968,-15.909752808988765,-262.655,-0.029511797752808985,-1.976814
15,0.06575,-1431.012,-16.07878651685393,-273.5643,-0.03073756179775281,-2.40953
15,0.066,-1445.591,-16.242595505617977,-283.4182,-0.031844741573033714,-2.850041
15,0.06625,-1459.994,-16.404426966292135,-291.8987,-0.03279760674157303,-3.297949
15,0.0665,-1473.847,-16.560078651685394,-300.5675,-0.033771629213483145,-3.752614
15,0.06675,-1487.836,-16.717258426966296,-307.3447,-0.03453311235955056,-4.213352
15,0.067,-1500.533,-16.859921348314604,-313.8922,-0.03526878651685393,-4.67961
15,0.06725,-1513.705,-17.007921348314603,-319.4207,-0.03588996629213483,-5.15069
15,0.0675,-1526.04,-17.146516853932585,-325.3466,-0.03655579775280899,-5.625594
15,0.06775,-1537.8,-17.27865168539326,-328.2644,-0.036883640449438204,-6.103292
15,0.068,-1549.36,-17.408539325842696,-332.3109,-0.037338303370786516,-6.583016
15,0.06825,-1561.229,-17.541898876404495,-334.593,-0.037594719101123594,-7.063938
15,0.0685,-1571.9,-17.66179775280899,-336.9472,-0.037859235955056185,-7.544803
15,0.06875,-1582.272,-17.778337078651685,-338.2846,-0.03800950561797753,-8.024561
15,0.069,-1593.001,-17.89888764044944,-338.4136,-0.038023999999999995,-8.502178
15,0.06925,-1602.659,-18.007404494382026,-339.1462,-0.038106314606741576,-8.976421
15,0.0695,-1611.826,-18.110404494382024,-339.5796,-0.03815501123595506,-9.446277
15,0.06975,-1620.613,-18.209134831460677,-338.5411,-0.038038325842696626,-9.910675
15,0.07,-1629.446,-18.30838202247191,-336.2688,-0.03778301123595505,-10.36863
15,0.07025,-1637.276,-18.3963595505618,-334.2043,-0.03755104494382022,-10.81914
15,0.0705,-1645.631,-18.490235955056182,-332.5791,-0.03736843820224719,-11.26105
15,0.07075,-1652.594,-18.56847191011236,-329.5978,-0.037033460674157304,-11.69347
15,0.071,-1659.135,-18.641966292134832,-326.4102,-0.03667530337078652,-12.11571
15,0.07125,-1665.562,-18.7141797752809,-322.8688,-0.036277393258426965,-12.52708
15,0.0715,-1671.035,-18.77567415730337,-319.6831,-0.035919449438202244,-12.92692
15,0.07175,-1677.014,-18.84285393258427,-315.2381,-0.035420011235955055,-13.31459
15,0.072,-1681.699,-18.895494382022473,-310.5939,-0.03489819101123595,-13.68967
15,0.07225,-1687.074,-18.95588764044944,-306.4596,-0.03443366292134832,-14.05185
15,0.0725,-1691.308,-19.003460674157303,-301.8099,-0.03391122471910113,-14.40065
15,0.07275,-1695.369,-19.04908988764045,-297.4975,-0.033426685393258423,-14.7357
15,0.073,-1699.071,-19.090685393258426,-292.8635,-0.03290601123595505,-15.05712
15,0.07325,-1701.965,-19.12320224719101,-286.8298,-0.03222806741573034,-15.36489
15,0.0735,-1704.646,-19.15332584269663,-283.0476,-0.03180310112359551,-15.65876
15,0.07375,-1706.91,-19.178764044943822,-278.6713,-0.031311382022471905,-15.93871
15,0.074,-1708.791,-19.199898876404497,-273.7298,-0.030756157303370786,-16.20491
15,0.07425,-1710.098,-19.21458426966292,-268.3671,-0.03015360674157303,-16.4575
15,0.0745,-1711.613,-19.231606741573035,-263.7441,-0.02963416853932584,-16.69658
15,0.07475,-1711.67,-19.232247191011236,-259.1905,-0.02912252808988764,-16.92236
15,0.075,-1712.0,-19.235955056179776,-253.7937,-0.028516146067415732,-17.13517
15,0.07525,-1711.71,-19.232696629213486,-249.4256,-0.028025348314606742,-17.33534
15,0.0755,-1710.561,-19.219786516853933,-245.6262,-0.027598449438202246,-17.52302
15,0.07575,-1709.077,-19.203112359550563,-241.9585,-0.02718634831460674,-17.69855
15,0.076,-1707.901,-19.189898876404495,-236.8888,-0.026616719101123596,-17.86231
15,0.07625,-1705.978,-19.168292134831464,-233.08,-0.02618876404494382,-18.01462
15,0.0765,-1702.919,-19.13392134831461,-229.977,-0.025840112359550565,-18.15605
15,0.07675,-1700.24,-19.103820224719104,-226.5188,-0.025451550561797754,-18.28701
15,0.077,-1696.781,-19.064955056179777,-223.2786,-0.02508748314606742,-18.4078
15,0.07725,-1692.91,-19.021460674157304,-220.1451,-0.024735404494382024,-18.51884
15,0.0775,-1689.094,-18.97858426966292,-217.4265,-0.024429943820224717,-18.62057
15,0.07775,-1684.122,-18.922719101123594,-213.9361,-0.024037764044943823,-18.71339
15,0.078,-1679.083,-18.86610112359551,-212.5148,-0.02387806741573034,-18.7977
15,0.07825,-1673.599,-18.804483146067415,-208.5601,-0.023433719101123594,-18.87396
15,0.0785,-1668.041,-18.74203370786517,-206.9047,-0.023247719101123596,-18.94247
15,0.07875,-1661.298,-18.66626966292135,-204.6536,-0.022994786516853934,-19.00359
15,0.079,-1654.311,-18.587764044943818,-202.526,-0.02275573033707865,-19.05766
15,0.07925,-1647.429,-18.510438202247194,-200.6047,-0.02253985393258427,-19.10519
15,0.0795,-1639.669,-18.423247191011235,-198.6493,-0.022320146067415732,-19.14663
15,0.07975,-1631.723,-18.333966292134832,-198.0614,-0.02225408988764045,-19.18233
15,0.08,-1623.794,-18.244876404494384,-195.2523,-0.021938460674157303,-19.2128
15,0.08025,-1615.472,-18.151370786516853,-193.1898,-0.021706719101123595,-19.23835
15,0.0805,-1606.342,-18.048786516853937,-192.1187,-0.021586370786516852,-19.25923
15,0.08075,-1596.784,-17.941393258426967,-191.4403,-0.02151014606741573,-19.27577
15,0.081,-1587.261,-17.834393258426967,-189.5017,-0.02129232584269663,-19.28832
15,0.08125,-1576.832,-17.717213483146068,-187.5793,-0.021076325842696628,-19.29724
15,0.0815,-1566.583,-17.602056179775282,-187.1561,-0.02102877528089888,-19.30289
15,0.08175,-1555.491,-17.477426966292136,-187.0761,-0.021019786516853933,-19.3055
15,0.082,-1544.82,-17.35752808988764,-184.7948,-0.020763460674157304,-19.30547
15,0.08225,-1532.283,-17.216662921348313,-183.6633,-0.020636325842696628,-19.30293
15,0.0825,-1521.076,-17.090741573033707,-182.6715,-0.02052488764044944,-19.29763
15,0.08275,-1507.743,-16.940932584269664,-182.1852,-0.02047024719101124,-19.28999
15,0.083,-1495.173,-16.799696629213486,-180.8016,-0.020314786516853933,-19.28063
15,0.08325,-1481.528,-16.64638202247191,-179.1407,-0.020128168539325843,-19.26951
15,0.0835,-1467.773,-16.49183146067416,-178.8717,-0.020097943820224718,-19.2567
15,0.08375,-1453.555,-16.332078651685396,-177.1316,-0.019902426966292134,-19.24234
15,0.084,-1439.212,-16.170921348314607,-175.8676,-0.019760404494382024,-19.2266
15,0.08425,-1424.465,-16.005224719101122,-174.642,-0.019622696629213482,-19.20955
15,0.0845,-1408.834,-15.829595505617979,-173.0878,-0.019448067415730335,-19.1912
15,0.08475,-1393.442,-15.656651685393259,-172.8176,-0.01941770786516854,-19.17165
15,0.085,-1378.301,-15.48652808988764,-171.5579,-0.01927616853932584,-19.15101
15,0.08525,-1362.115,-15.304662921348315,-170.0418,-0.0191058202247191,-19.12927
15,0.0855,-1345.744,-15.120719101123596,-169.5076,-0.01904579775280899,-19.10646
15,0.08575,-1329.378,-14.936831460674156,-168.035,-0.018880337078651686,-19.0826
15,0.086,-1311.891,-14.740348314606743,-165.7674,-0.018625550561797755,-19.05775
15,0.08625,-1294.463,-14.54452808988764,-165.0344,-0.018543191011235957,-19.03189
15,0.0865,-1276.677,-14.344685393258427,-163.4849,-0.018369089887640452,-19.00495
15,0.08675,-1258.597,-14.141539325842697,-162.2421,-0.018229449438202247,-18.97701
15,0.087,-1240.568,-13.938966292134833,-160.7208,-0.018058516853932585,-18.94814
15,0.08725,-1222.065,-13.731067415730339,-159.5117,-0.017922662921348313,-18.91829
15,0.0875,-1202.76,-13.514157303370787,-158.5532,-0.017814966292134832,-18.88741
15,0.08775,-1183.36,-13.296179775280898,-157.1822,-0.017660921348314606,-18.85547
15,0.088,-1164.085,-13.079606741573034,-155.0491,-0.017421247191011235,-18.82255
15,0.08825,-1144.464,-12.859146067415729,-153.7624,-0.017276674157303374,-18.78869
15,0.0885,-1124.833,-12.638573033707868,-151.8105,-0.0170573595505618,-18.75378
15,0.08875,-1103.471,-12.398550561797753,-149.9825,-0.01685196629213483,-18.71776
15,0.089,-1083.427,-12.173337078651684,-148.4766,-0.01668276404494382,-18.68065
15,0.08925,-1062.494,-11.938134831460673,-146.9349,-0.016509539325842697,-18.64243
15,0.0895,-1041.042,-11.697101123595505,-145.9796,-0.016402202247191012,-18.60312
15,0.08975,-1019.678,-11.457056179775282,-142.9539,-0.016062235955056178,-18.56263
15,0.09,-997.9227,-11.212614606741575,-140.8432,-0.015825078651685393,-18.52098
15,0.09025,-976.2338,-10.968919101123596,-139.2968,-0.01565132584269663,-18.47818
15,0.0905,-953.9174,-10.718173033707867,-138.123,-0.01551943820224719,-18.43411
15,0.09075,-931.4596,-10.465838202247193,-135.7821,-0.01525641573033708,-18.38875
15,0.091,-908.4366,-10.207152808988765,-133.3369,-0.014981674157303374,-18.34213
15,0.09125,-885.4886,-9.949310112359552,-131.1257,-0.014733224719101122,-18.29425
15,0.0915,-862.2772,-9.688507865168539,-129.235,-0.014520786516853934,-18.24501
15,0.09175,-839.4826,-9.432388764044944,-127.3138,-0.014304921348314606,-18.19434
15,0.092,-815.2076,-9.15963595505618,-124.8277,-0.014025584269662921,-18.14234
15,0.09225,-791.3073,-8.891093258426967,-122.5284,-0.013767235955056181,-18.08893
15,0.0925,-767.4268,-8.622773033707865,-119.9514,-0.013477685393258429,-18.03399
15,0.09275,-743.405,-8.352865168539326,-117.6022,-0.013213730337078653,-17.97751
15,0.093,-719.0383,-8.07908202247191,-115.4464,-0.012971505617977526,-17.91953
15,0.09325,-694.6888,-7.805492134831461,-112.2282,-0.01260991011235955,-17.85999
15,0.0935,-670.3211,-7.531697752808989,-110.7704,-0.01244611235955056,-17.79873
15,0.09375,-645.4428,-7.252166292134833,-108.4577,-0.012186258426966292,-17.73563
15,0.094,-620.6132,-6.97318202247191,-104.8666,-0.01178276404494382,-17.67079
15,0.09425,-595.549,-6.691561797752809,-102.148,-0.011477303370786516,-17.60416
15,0.0945,-570.7716,-6.413164044943821,-99.869,-0.01122123595505618,-17.53553
15,0.09475,-544.9294,-6.122802247191012,-98.05007,-0.01101686179775281,-17.4648
15,0.095,-519.4834,-5.83689213483146,-94.32515,-0.010598331460674158,-17.39196
15,0.09525,-494.0343,-5.550947191011236,-91.2332,-0.010250921348314606,-17.317
15,0.0955,-467.7181,-5.2552595505617985,-88.46677,-0.009940086516853932,-17.23976
15,0.09575,-442.0725,-4.967106741573034,-85.96387,-0.00965886179775281,-17.1601
15,0.096,-416.0567,-4.674794382022472,-81.35458,-0.00914096404494382,-17.07801
15,0.09625,-389.9025,-4.380926966292135,-77.60064,-0.008719173033707865,-16.99349
15,0.0965,-363.7788,-4.087402247191011,-73.90866,-0.008304343820224718,-16.90635
15,0.09675,-337.5578,-3.7927842696629215,-69.99666,-0.007864793258426966,-16.81642
15,0.097,-311.3227,-3.4980078651685393,-66.30978,-0.007450537078651685,-16.72372
15,0.09725,-284.3921,-3.1954168539325845,-62.47387,-0.0070195359550561795,-16.62815
15,0.0975,-258.2654,-2.9018584269662924,-58.30656,-0.006551298876404495,-16.52951
15,0.09775,-231.7764,-2.604229213483146,-54.43339,-0.006116111235955057,-16.42768
15,0.098,-205.0703,-2.3041606741573037,-49.09935,-0.0055167808988764045,-16.32259
15,0.09825,-178.3494,-2.0039258426966295,-44.16259,-0.004962088764044944,-16.21411
15,0.0985,-151.4264,-1.7014202247191013,-38.94307,-0.004375625842696629,-16.10203
15,0.09875,-124.4918,-1.3987842696629214,-33.76943,-0.00379431797752809,-15.98624
15,0.099,-97.76737,-1.098509775280899,-28.24833,-0.0031739696629213485,-15.86682
15,0.09925,-70.7588,-0.7950426966292135,-22.30955,-0.0025066910112359554,-15.74359
15,0.0995,-43.95587,-0.4938861797752809,-16.60215,-0.0018654101123595508,-15.61622
15,0.09975,-16.78776,-0.18862651685393256,-11.38459,-0.001279167415730337,-15.48455
15,0.1,5.40662,0.0607485393258427,-4.548503,-0.0005110677528089888,-15.35939
16,0.0,10.43037,0.11719516853932585,0.0,0.0,-9.022817
16,0.00025,33.29293,0.37407786516853936,10.17942,0.0011437550561797754,-8.89884
16,0.0005,55.93758,0.6285121348314607,20.10589,0.002259088764044944,-8.771102
16,0.00075,83.30373,0.9359969662921348,30.83867,0.0034650191011235958,-8.63937
16,0.001,109.5541,1.230944943820225,42.40092,0.004764148314606742,-8.503602
16,0.00125,134.2313,1.5082168539325844,54.13612,0.00608271011235955,-8.363692
16,0.0015,158.7418,1.783615730337079,64.48693,0.007245722471910113,-8.219491
16,0.00175,183.5568,2.0624359550561797,75.59895,0.008494264044943821,-8.070962
16,0.002,208.6149,2.3439876404494386,87.33768,0.009813222471910113,-7.918043
16,0.00225,233.4557,2.623097752808989,99.49447,0.011179153932584271,-7.760536
16,0.0025,258.4418,2.9038404494382024,109.837,0.01234123595505618,-7.598015
16,0.00275,283.235,3.182415730337079,120.751,0.01356752808988764,-7.430293
16,0.003,307.5521,3.455641573033708,132.8486,0.014926808988764044,-7.257432
16,0.00325,332.6679,3.737841573033708,143.6331,0.016138550561797756,-7.079353
16,0.0035,357.6317,4.018333707865169,154.7969,0.01739291011235955,-6.895787
16,0.00375,382.4867,4.2976033707865176,166.1486,0.018668382022471907,-6.706563
16,0.004,406.8519,4.571369662921348,179.2478,0.020140202247191014,-6.511603
16,0.00425,430.9634,4.842285393258427,191.8905,0.02156073033707865,-6.310653
16,0.0045,455.014,5.112516853932585,206.0254,0.023148921348314606,-6.103407
16,0.00475,478.6018,5.3775483146067415,219.7921,0.02469574157303371,-5.889722
16,0.005,502.8287,5.649760674157304,235.4534,0.02645543820224719,-5.669551
16,0.00525,526.2057,5.912423595505619,251.2854,0.028234314606741577,-5.442754
16,0.0055,550.346,6.183662921348315,268.3346,0.030149955056179775,-5.209061
16,0.00575,574.1186,6.450770786516854,286.3211,0.03217091011235955,-4.968284
16,0.006,597.9231,6.718237078651685,304.8716,0.034255235955056175,-4.720377
16,0.00625,620.8843,6.976228089887641,324.2167,0.036428842696629216,-4.465165
16,0.0065,644.0,7.235955056179776,343.3912,0.03858328089887641,-4.202296
16,0.00675,666.8615,7.49282584269663,364.0359,0.04090291011235955,-3.931585
16,0.007,689.379,7.745831460674157,383.1315,0.04304848314606742,-3.653089
16,0.00725,712.0814,8.000914606741574,401.1957,0.04507816853932584,-3.379559
16,0.0075,734.4996,8.252804494382023,417.5371,0.046914280898876407,-3.112745
16,0.00775,756.379,8.498640449438202,433.4792,0.04870552808988764,-2.840057
16,0.008,778.2841,8.744765168539328,449.5774,0.05051431460674158,-2.558519
16,0.00825,799.9204,8.987869662921348,467.3329,0.05250931460674157,-2.268145
16,0.0085,821.4467,9.22973820224719,484.0045,0.05438252808988764,-1.971488
16,0.00875,843.013,9.472056179775281,504.6053,0.05669722471910112,-1.66553
16,0.009,864.5236,9.713748314606743,521.9236,0.0586431011235955,-1.352097
16,0.00925,885.2771,9.94693370786517,543.0217,0.06101367415730337,-1.033659
16,0.0095,906.0902,10.180788764044944,564.652,0.06344404494382022,-0.7069935
16,0.00975,927.1055,10.41691573033708,587.5086,0.06601220224719101,-0.3740307
16,0.01,947.1671,10.642326966292135,611.5881,0.06871776404494383,-0.03508456
16,0.01025,967.1385,10.866724719101125,635.2338,0.07137458426966292,0.3097282
16,0.0105,987.4943,11.095441573033709,659.116,0.07405797752808989,0.662197
16,0.01075,1007.192,11.31676404494382,680.9369,0.07650976404494382,1.019603
16,0.011,1026.424,11.53285393258427,703.1009,0.07900010112359551,1.379025
16,0.01125,1045.983,11.752617977528091,724.1747,0.08136794382022472,1.742808
16,0.0115,1064.944,11.965662921348313,743.8939,0.08358358426966292,2.110255
16,0.01175,1083.729,12.176730337078652,763.5621,0.08579349438202248,2.478137
16,0.012,1102.604,12.388808988764046,785.4873,0.088257,2.845982
16,0.01225,1120.025,12.584550561797753,807.3651,0.09071517977528089,3.215755
16,0.0125,1137.528,12.781213483146068,831.0339,0.09337459550561798,3.584372
16,0.01275,1155.322,12.981146067415729,855.0365,0.0960715168539326,3.947394
16,0.013,1172.442,13.17350561797753,880.7212,0.09895743820224719,4.303595
16,0.01325,1189.368,13.363685393258427,904.1731,0.1015924831460674,4.65475
16,0.0135,1206.483,13.555988764044944,928.7099,0.10434942696629214,4.999795
16,0.01375,1222.71,13.738314606741575,951.2567,0.10688277528089889,5.33581
16,0.014,1238.18,13.912134831460675,972.4622,0.10926541573033709,5.662843
16,0.01425,1254.573,14.096325842696631,993.1827,0.1115935617977528,5.982106
16,0.0145,1269.798,14.267393258426967,1012.082,0.11371707865168539,6.292646
16,0.01475,1284.843,14.436438202247192,1028.737,0.11558842696629214,6.590478
16,0.015,1299.918,14.6058202247191,1046.297,0.11756146067415729,6.877744
16,0.01525,1314.093,14.765089887640451,1063.572,0.11950247191011235,7.154033
16,0.0155,1328.235,14.923988764044942,1077.693,0.1210891011235955,7.418901
16,0.01575,1342.178,15.08065168539326,1096.362,0.1231867415730337,7.67254
16,0.016,1355.152,15.226426966292136,1112.949,0.12505044943820223,7.912154
16,0.01625,1368.69,15.378539325842697,1130.26,0.12699550561797754,8.140831
16,0.0165,1381.462,15.522044943820225,1147.258,0.12890539325842695,8.358882
16,0.01675,1394.16,15.664719101123596,1164.875,0.13088483146067414,8.570577
16,0.017,1406.153,15.799471910112361,1180.537,0.13264460674157302,8.772366
16,0.01725,1418.303,15.935988764044945,1196.683,0.13445876404494383,8.960106
16,0.0175,1430.123,16.06879775280899,1212.468,0.13623235955056182,9.14253
16,0.01775,1440.909,16.189988764044944,1226.374,0.13779483146067417,9.316294
16,0.018,1451.812,16.31249438202247,1240.437,0.13937494382022472,9.477637
16,0.01825,1462.503,16.43261797752809,1251.469,0.14061449438202248,9.632306
16,0.0185,1472.72,16.547415730337082,1263.942,0.14201595505617978,9.779438
16,0.01875,1482.637,16.658842696629215,1275.038,0.14326269662921348,9.920966
16,0.019,1491.957,16.763561797752814,1286.668,0.14456943820224719,10.05562
16,0.01925,1500.7,16.86179775280899,1295.326,0.14554224719101125,10.18302
16,0.0195,1509.555,16.961292134831464,1303.344,0.14644314606741574,10.30413
16,0.01975,1517.953,17.055651685393258,1313.289,0.14756056179775282,10.41917
16,0.02,1525.309,17.138303370786517,1321.114,0.14843977528089888,10.5289
16,0.02025,1532.805,17.22252808988764,1328.085,0.14922303370786516,10.63072
16,0.0205,1539.682,17.299797752808992,1335.08,0.15000898876404495,10.7272
16,0.02075,1546.051,17.3713595505618,1342.027,0.15078955056179777,10.81861
16,0.021,1552.497,17.443786516853937,1349.087,0.15158280898876403,10.90539
16,0.02125,1558.598,17.512337078651687,1357.156,0.15248943820224717,10.98905
16,0.0215,1563.866,17.57152808988764,1361.935,0.153026404494382,11.06736
16,0.02175,1568.956,17.628719101123597,1367.758,0.15368067415730338,11.14245
16,0.022,1573.494,17.67970786516854,1373.189,0.1542908988764045,11.21487
16,0.02225,1578.209,17.73268539325843,1379.345,0.1549825842696629,11.28291
16,0.0225,1582.808,17.7843595505618,1382.55,0.15534269662921346,11.34543
16,0.02275,1586.035,17.82061797752809,1387.207,0.15586595505617978,11.40284
16,0.023,1589.024,17.854202247191008,1391.627,0.15636258426966293,11.45629
16,0.02325,1592.095,17.88870786516854,1394.694,0.15670719101123595,11.50567
16,0.0235,1594.092,17.911146067415732,1398.116,0.15709168539325843,11.55171
16,0.02375,1596.425,17.9373595505618,1401.827,0.15750865168539324,11.59443
16,0.024,1597.869,17.953584269662922,1405.329,0.15790213483146068,11.63398
16,0.02425,1599.17,17.968202247191012,1408.746,0.15828606741573034,11.67014
16,0.0245,1600.137,17.979067415730338,1410.795,0.15851629213483148,11.70433
16,0.02475,1600.798,17.98649438202247,1412.241,0.15867876404494383,11.73302
16,0.025,1600.764,17.986112359550564,1413.965,0.15887247191011236,11.75537
16,0.02525,1600.394,17.98195505617978,1415.903,0.15909022471910114,11.78178
16,0.0255,1600.009,17.977629213483144,1418.29,0.15935842696629213,11.81054
16,0.02575,1599.165,17.96814606741573,1421.771,0.15974955056179774,11.8441
16,0.026,1597.612,17.950696629213486,1424.217,0.16002438202247193,11.88796
16,0.02625,1595.725,17.929494382022472,1427.706,0.16041640449438202,11.93752
16,0.0265,1593.471,17.904168539325845,1430.942,0.16078,11.99291
16,0.02675,1590.723,17.87329213483146,1435.268,0.16126606741573035,12.04966
16,0.027,1587.309,17.834932584269662,1438.161,0.16159112359550562,12.10185
16,0.02725,1583.513,17.792280898876406,1440.312,0.16183280898876404,12.14916
16,0.0275,1580.156,17.75456179775281,1441.368,0.1619514606741573,12.19479
16,0.02775,1575.754,17.705101123595504,1442.427,0.16207044943820226,12.23888
16,0.028,1570.73,17.648651685393258,1444.5,0.16230337078651685,12.28115
16,0.02825,1565.643,17.59149438202247,1445.629,0.16243022471910112,12.32141
16,0.0285,1560.276,17.531191011235958,1446.627,0.1625423595505618,12.35948
16,0.02875,1554.184,17.46274157303371,1447.025,0.1625870786516854,12.39527
16,0.029,1547.868,17.391775280898877,1448.515,0.16275449438202247,12.42875
16,0.02925,1541.371,17.318775280898876,1448.964,0.16280494382022473,12.4599
16,0.0295,1534.917,17.246258426966293,1449.684,0.1628858426966292,12.48877
16,0.02975,1526.953,17.156775280898877,1450.602,0.16298898876404494,12.51542
16,0.03,1519.857,17.077044943820226,1450.613,0.16299022471910113,12.53988
16,0.03025,1512.032,16.989123595505617,1451.683,0.16311044943820224,12.56222
16,0.0305,1503.791,16.896528089887642,1451.888,0.1631334831460674,12.5825
16,0.03075,1495.054,16.7983595505618,1452.075,0.16315449438202248,12.60083
16,0.031,1485.887,16.6953595505618,1452.473,0.16319921348314606,12.61727
16,0.03125,1476.287,16.587494382022474,1452.302,0.16318,12.63193
16,0.0315,1466.565,16.478258426966296,1451.277,0.16306483146067416,12.64475
16,0.03175,1456.792,16.368449438202248,1451.035,0.16303764044943822,12.65545
16,0.032,1445.99,16.247078651685396,1450.87,0.1630191011235955,12.66234
16,0.03225,1434.195,16.114550561797753,1449.837,0.16290303370786519,12.6649
16,0.0325,1422.742,15.985865168539327,1448.784,0.1627847191011236,12.66535
16,0.03275,1411.327,15.857606741573035,1447.276,0.16261528089887642,12.66484
16,0.033,1399.314,15.722629213483147,1445.235,0.16238595505617975,12.6629
16,0.03325,1387.272,15.587325842696629,1442.788,0.16211101123595506,12.65471
16,0.0335,1373.91,15.437191011235956,1436.488,0.16140314606741574,12.63515
16,0.03375,1361.116,15.293438202247192,1431.952,0.1608934831460674,12.61341
16,0.034,1348.366,15.1501797752809,1429.572,0.16062606741573032,12.59691
16,0.03425,1334.292,14.992044943820225,1425.81,0.16020337078651686,12.58365
16,0.0345,1320.065,14.832191011235956,1420.499,0.15960662921348315,12.56436
16,0.03475,1305.199,14.665157303370789,1414.865,0.158973595505618,12.53982
16,0.035,1291.02,14.505842696629214,1411.581,0.158604606741573,12.5227
16,0.03525,1275.714,14.333865168539326,1408.35,0.15824157303370787,12.50844
16,0.0355,1260.3,14.16067415730337,1402.386,0.1575714606741573,12.48423
16,0.03575,1245.081,13.989674157303371,1396.251,0.15688213483146068,12.45726
16,0.036,1228.618,13.804696629213485,1392.976,0.15651415730337082,12.43776
16,0.03625,1212.164,13.619820224719103,1389.276,0.15609842696629214,12.41807
16,0.0365,1195.717,13.435022471910113,1382.874,0.1553791011235955,12.38979
16,0.03675,1178.894,13.246,1377.859,0.15481561797752807,12.36107
16,0.037,1161.718,13.053011235955058,1374.462,0.15443393258426966,12.34016
16,0.03725,1144.774,12.862629213483146,1369.824,0.15391280898876405,12.31319
16,0.0375,1127.237,12.665584269662922,1362.963,0.15314191011235953,12.2797
16,0.03775,1109.0,12.460674157303371,1357.467,0.15252438202247193,12.25322
16,0.038,1091.275,12.261516853932585,1352.79,0.1519988764044944,12.22655
16,0.03825,1072.732,12.053168539325844,1346.336,0.15127370786516853,12.19098
16,0.0385,1054.199,11.844932584269664,1340.307,0.15059629213483147,12.15888
16,0.03875,1035.291,11.632483146067417,1335.287,0.15003224719101124,12.13135
16,0.039,1015.804,11.413528089887642,1327.369,0.1491425842696629,12.09416
16,0.03925,996.2424,11.193734831460675,1319.501,0.14825853932584268,12.05778
16,0.0395,976.7998,10.975278651685393,1314.188,0.14766157303370786,12.02887
16,0.03975,956.7205,10.749668539325842,1305.586,0.1466950561797753,11.98929
16,0.04,936.0993,10.517969662921349,1296.5,0.14567415730337077,11.94747
16,0.04025,915.5996,10.287635955056182,1290.428,0.14499191011235957,11.91329
16,0.0405,894.8674,10.05468988764045,1280.305,0.14385449438202247,11.87213
16,0.04075,874.1242,9.821620224719101,1271.696,0.14288719101123593,11.82919
16,0.041,852.7012,9.580912359550563,1263.377,0.14195247191011237,11.79009
16,0.04125,831.4468,9.342098876404496,1252.508,0.14073123595505618,11.74559
16,0.0415,809.7417,9.098221348314608,1242.083,0.13955988764044944,11.70023
16,0.04175,788.0457,8.854446067415731,1232.607,0.13849516853932584,11.6562
16,0.042,765.4791,8.600888764044944,1222.768,0.13738966292134833,11.60853
16,0.04225,743.3212,8.351923595505617,1210.688,0.1360323595505618,11.55466
16,0.0425,721.8804,8.111015730337078,1196.259,0.1344111235955056,11.49352
16,0.04275,699.1487,7.855603370786517,1185.441,0.13319561797752807,11.43589
16,0.043,676.0026,7.595534831460674,1174.829,0.13200325842696628,11.38428
16,0.04325,653.6877,7.344805617977528,1164.323,0.13082280898876406,11.33172
16,0.0435,630.6328,7.0857617977528085,1152.51,0.1294955056179775,11.27781
16,0.04375,607.4477,6.825255056179776,1141.757,0.12828730337078653,11.22257
16,0.044,584.5614,6.568105617977529,1131.544,0.12713977528089887,11.16598
16,0.04425,560.5766,6.298613483146068,1121.316,0.1259905617977528,11.10797
16,0.0445,536.881,6.032370786516854,1110.377,0.1247614606741573,11.04019
16,0.04475,513.7268,5.772211235955057,1097.301,0.12329224719101123,10.96508
16,0.045,489.7055,5.502308988764044,1087.242,0.1221620224719101,10.89682
16,0.04525,465.4614,5.229903370786517,1077.147,0.12102775280898877,10.8332
16,0.0455,441.5976,4.961770786516854,1067.385,0.11993089887640448,10.76844
16,0.04575,417.8215,4.694623595505618,1056.347,0.11869067415730336,10.70199
16,0.046,393.6411,4.422933707865169,1046.232,0.1175541573033708,10.63328
16,0.04625,369.4471,4.151091011235955,1034.337,0.1162176404494382,10.56296
16,0.0465,344.5825,3.871713483146068,1021.644,0.11479146067415731,10.49169
16,0.04675,320.0603,3.596183146067416,1008.887,0.11335808988764044,10.41833
16,0.047,295.2479,3.317392134831461,995.5863,0.11186362921348317,10.3431
16,0.04725,270.5722,3.0401370786516853,981.8055,0.11031522471910112,10.26665
16,0.0475,245.8181,2.762001123595506,966.1866,0.10856029213483147,10.18716
16,0.04775,221.0041,2.483192134831461,947.4819,0.1064586404494382,10.0916
16,0.048,195.5358,2.197031460674157,929.7013,0.1044608202247191,9.993038
16,0.04825,170.5289,1.9160550561797751,915.0404,0.10281352808988763,9.907219
16,0.0485,145.3832,1.6335191011235954,898.9214,0.10100240449438201,9.822541
16,0.04875,120.3828,1.3526157303370787,882.7758,0.09918829213483146,9.735558
16,0.049,94.89373,1.0662216853932585,865.7791,0.09727855056179775,9.639811
16,0.04925,69.95114,0.7859678651685393,848.5734,0.09534532584269663,9.537933
16,0.0495,44.82064,0.5036026966292135,832.6917,0.09356086516853933,9.439934
16,0.04975,20.09685,0.22580730337078653,817.5559,0.09186021348314606,9.344935
16,0.05,-4.922225,-0.0553058988764045,803.3629,0.09026549438202247,9.243978
16,0.05025,-29.98992,-0.336965393258427,788.2094,0.08856285393258426,9.135918
16,0.0505,-55.10675,-0.6191769662921348,772.4618,0.08679346067415732,9.025999
16,0.05075,-79.84776,-0.8971658426966291,757.5637,0.08511951685393258,8.914036
16,0.051,-104.8182,-1.177732584269663,742.4134,0.08341723595505618,8.799781
16,0.05125,-130.0536,-1.461276404494382,727.1282,0.08169979775280899,8.683356
16,0.0515,-155.0584,-1.742229213483146,710.0103,0.0797764382022472,8.564848
16,0.05175,-179.9656,-2.0220853932584273,692.3199,0.07778875280898875,8.444222
16,0.052,-204.9345,-2.3026348314606744,674.2549,0.07575897752808988,8.321368
16,0.05225,-229.5909,-2.579673033707865,656.5884,0.0737739775280899,8.196164
16,0.0525,-254.4636,-2.859141573033708,636.8621,0.0715575393258427,8.068703
16,0.05275,-279.2857,-3.138041573033708,616.7186,0.06929422471910113,7.93904
16,0.053,-303.968,-3.4153707865168546,597.7033,0.06715767415730337,7.807028
16,0.05325,-328.5378,-3.6914359550561797,578.2195,0.06496848314606742,7.67269
16,0.0535,-352.9906,-3.9661865168539325,559.0219,0.06281144943820224,7.536216
16,0.05375,-377.4621,-4.241147191011237,539.4054,0.060607348314606735,7.397326
16,0.054,-401.9134,-4.5158808988764045,521.9016,0.05864062921348315,7.255762
16,0.05425,-426.0857,-4.787479775280899,504.5198,0.05668761797752808,7.111663
16,0.0545,-450.6195,-5.063140449438202,488.0087,0.05483243820224719,6.965118
16,0.05475,-474.2574,-5.328734831460674,470.6186,0.05287849438202247,6.816123
16,0.055,-497.8887,-5.594255056179775,453.6988,0.05097739325842697,6.664496
16,0.05525,-522.221,-5.867651685393259,437.472,0.04915415730337078,6.510165
16,0.0555,-545.6947,-6.131401123595506,420.891,0.04729112359550562,6.353236
16,0.05575,-569.2592,-6.396170786516854,402.677,0.04524460674157303,6.19361
16,0.056,-592.9229,-6.662055056179776,385.4226,0.04330591011235955,6.031196
16,0.05625,-616.4215,-6.926084269662923,365.9388,0.04111671910112359,5.865981
16,0.0565,-639.1021,-7.180922471910112,346.3051,0.038910685393258426,5.698023
16,0.05675,-662.0871,-7.439180898876404,326.3325,0.036666573033707864,5.527442
16,0.057,-684.7687,-7.694030337078652,305.7752,0.03435676404494382,5.354134
16,0.05725,-707.1206,-7.9451752808988765,285.0011,0.03202259550561798,5.177964
16,0.0575,-729.1823,-8.193059550561799,264.6999,0.02974156179775281,4.998989
16,0.05775,-751.4613,-8.443385393258428,244.6273,0.027486213483146067,4.817178
16,0.058,-773.3371,-8.689180898876405,225.0869,0.025290662921348312,4.632315
16,0.05825,-795.4737,-8.937906741573036,206.0878,0.02315593258426966,4.44437
16,0.0585,-816.6738,-9.17611011235955,188.9276,0.021227820224719102,4.25349
16,0.05875,-837.8127,-9.413625842696629,171.7309,0.019295606741573032,4.059598
16,0.059,-858.9804,-9.651465168539328,155.7213,0.017496775280898876,3.862494
16,0.05925,-880.5574,-9.893903370786518,139.5521,0.015680011235955055,3.662192
16,0.0595,-900.8919,-10.122380898876404,123.4257,0.013868056179775282,3.458793
16,0.05975,-921.3369,-10.3521,107.2628,0.012052,3.252264
16,0.06,-941.7495,-10.581455056179776,92.18306,0.010357647191011236,3.04245
16,0.06025,-962.0359,-10.809392134831462,74.89028,0.008414638202247192,2.829274
16,0.0605,-982.65,-11.041011235955057,57.51161,0.0064619786516853924,2.612822
16,0.06075,-1002.088,-11.259415730337079,40.54552,0.004555676404494382,2.393068
16,0.061,-1021.068,-11.47267415730337,22.23856,0.002498714606741573,2.169805
16,0.06125,-1040.965,-11.69623595505618,3.783752,0.00042514067415730334,1.943023
16,0.0615,-1059.785,-11.907696629213484,-13.83336,-0.0015543101123595506,1.712895
16,0.06175,-1078.232,-12.114966292134831,-31.3391,-0.0035212471910112363,1.479354
16,0.062,-1096.65,-12.321910112359552,-49.26721,-0.005535641573033707,1.242167
16,0.06225,-1114.378,-12.521101123595505,-65.90073,-0.007404576404494382,1.00134
16,0.0625,-1132.466,-12.724337078651685,-82.42249,-0.009260953932584269,0.7570497
16,0.06275,-1149.831,-12.919449438202248,-97.53397,-0.010958873033707866,0.5091887
16,0.063,-1166.908,-13.11132584269663,-112.1497,-0.012601089887640448,0.2576119
16,0.06325,-1183.999,-13.3033595505618,-126.0109,-0.01415852808988764,0.002337142
16,0.0635,-1200.162,-13.484966292134832,-140.1153,-0.015743292134831458,-0.2565859
16,0.06375,-1216.783,-13.671719101123596,-152.7772,-0.017165977528089887,-0.519062
16,0.064,-1232.852,-13.85226966292135,-165.2081,-0.01856270786516854,-0.7850876
16,0.06425,-1248.902,-14.032606741573034,-176.0437,-0.019780191011235956,-1.054649
16,0.0645,-1264.019,-14.202460674157305,-187.153,-0.021028426966292132,-1.32754
16,0.06475,-1279.246,-14.373550561797755,-198.8482,-0.02234249438202247,-1.603649
16,0.065,-1293.757,-14.53659550561798,-209.47,-0.023535955056179773,-1.882974
16,0.06525,-1308.24,-14.699325842696629,-219.9525,-0.02471376404494382,-2.165359
16,0.0655,-1321.937,-14.853224719101123,-230.6375,-0.025914325842696626,-2.450499
16,0.06575,-1335.945,-15.01061797752809,-240.8745,-0.027064550561797754,-2.738098
16,0.066,-1349.371,-15.161471910112361,-250.9065,-0.028191741573033707,-3.02798
16,0.06625,-1362.639,-15.310550561797752,-260.271,-0.029243932584269664,-3.319913
16,0.0665,-1375.194,-15.451617977528091,-270.001,-0.030337191011235953,-3.613609
16,0.06675,-1387.561,-15.590573033707866,-279.8223,-0.03144070786516854,-3.908762
16,0.067,-1400.029,-15.730662921348316,-289.084,-0.03248134831460674,-4.205012
16,0.06725,-1411.837,-15.863337078651686,-297.5339,-0.03343077528089888,-4.50197
16,0.0675,-1423.677,-15.996370786516854,-306.5121,-0.0344395617977528,-4.799099
16,0.06775,-1434.679,-16.119988764044944,-313.5043,-0.035225202247191015,-5.095966
16,0.068,-1446.234,-16.2498202247191,-320.8365,-0.036049044943820226,-5.392319
16,0.06825,-1456.992,-16.370696629213484,-327.7118,-0.036821550561797756,-5.687633
16,0.0685,-1467.042,-16.48361797752809,-334.0243,-0.0375308202247191,-5.981224
16,0.06875,-1476.862,-16.593955056179777,-339.6913,-0.03816756179775281,-6.272594
16,0.069,-1486.242,-16.69934831460674,-345.3501,-0.03880338202247191,-6.561405
16,0.06925,-1495.399,-16.80223595505618,-349.7143,-0.039293741573033704,-6.847248
16,0.0695,-1503.726,-16.895797752808992,-355.3138,-0.039922898876404496,-7.129525
16,0.06975,-1512.303,-16.992168539325846,-359.2423,-0.04036430337078652,-7.407662
16,0.07,-1520.343,-17.08250561797753,-362.9099,-0.04077639325842696,-7.681337
16,0.07025,-1527.838,-17.166719101123597,-365.7576,-0.041096359550561797,-7.950307
16,0.0705,-1534.669,-17.243471910112362,-368.8809,-0.04144729213483146,-8.214069
16,0.07075,-1541.334,-17.318359550561798,-371.2877,-0.041717719101123596,-8.4722
16,0.071,-1547.737,-17.39030337078652,-372.5415,-0.041858595505617976,-8.724404
16,0.07125,-1553.887,-17.459404494382024,-374.9703,-0.042131494382022475,-8.970258
16,0.0715,-1559.051,-17.517426966292135,-377.2547,-0.042388168539325845,-9.209373
16,0.07175,-1564.555,-17.579269662921348,-378.6681,-0.04254697752808989,-9.441447
16,0.072,-1569.099,-17.630325842696628,-379.0164,-0.04258611235955056,-9.666234
16,0.07225,-1574.12,-17.686741573033707,-380.0129,-0.042698078651685394,-9.883526
16,0.0725,-1578.26,-17.73325842696629,-380.7777,-0.04278401123595506,-10.09305
16,0.07275,-1581.815,-17.773202247191012,-381.322,-0.042845168539325844,-10.29461
16,0.073,-1585.409,-17.813584269662922,-381.895,-0.04290955056179775,-10.48812
16,0.07325,-1588.126,-17.844112359550564,-381.9722,-0.042918224719101124,-10.67335
16,0.0735,-1590.678,-17.872786516853935,-382.3762,-0.04296361797752809,-10.85009
16,0.07375,-1592.709,-17.895606741573037,-382.775,-0.04300842696629213,-11.01831
16,0.074,-1594.912,-17.9203595505618,-381.8499,-0.042904483146067415,-11.17812
16,0.07425,-1596.347,-17.936483146067417,-380.6353,-0.042768011235955056,-11.3295
16,0.0745,-1596.386,-17.93692134831461,-380.1086,-0.04270883146067416,-11.47236
16,0.07475,-1597.379,-17.948078651685393,-379.8541,-0.04268023595505618,-11.60682
16,0.075,-1597.524,-17.94970786516854,-378.8591,-0.04256843820224719,-11.73302
16,0.07525,-1597.135,-17.945337078651686,-377.8587,-0.04245603370786517,-11.851
16,0.0755,-1596.763,-17.941157303370787,-377.0139,-0.042361112359550555,-11.96079
16,0.07575,-1595.327,-17.925022471910115,-375.4632,-0.04218687640449438,-12.0625
16,0.076,-1594.078,-17.910988764044944,-374.744,-0.04210606741573034,-12.15635
16,0.07625,-1592.493,-17.8931797752809,-372.9525,-0.04190477528089887,-12.24244
16,0.0765,-1590.326,-17.86883146067416,-372.4556,-0.04184894382022472,-12.32076
16,0.07675,-1587.561,-17.837764044943818,-370.9787,-0.041683,-12.39154
16,0.077,-1583.847,-17.796033707865167,-369.7429,-0.04154414606741573,-12.45511
16,0.07725,-1580.677,-17.760415730337076,-367.9032,-0.04133743820224719,-12.51148
16,0.0775,-1576.434,-17.71274157303371,-366.8059,-0.04121414606741573,-12.56067
16,0.07775,-1572.383,-17.667224719101128,-364.7983,-0.04098857303370786,-12.60173
16,0.078,-1567.497,-17.61232584269663,-363.4084,-0.040832404494382024,-12.63527
16,0.07825,-1562.2,-17.552808988764045,-362.3809,-0.040716955056179775,-12.6675
16,0.0785,-1556.684,-17.49083146067416,-360.6318,-0.040520426966292135,-12.69657
16,0.07875,-1550.517,-17.421539325842698,-359.238,-0.0403638202247191,-12.71788
16,0.079,-1544.352,-17.35226966292135,-357.3688,-0.040153797752808994,-12.7369
16,0.07925,-1537.82,-17.278876404494383,-356.4245,-0.04004769662921349,-12.75413
16,0.0795,-1531.124,-17.203640449438204,-354.4718,-0.03982829213483145,-12.76647
16,0.07975,-1524.436,-17.128494382022474,-353.3294,-0.03969993258426967,-12.77475
16,0.08,-1516.672,-17.041258426966294,-351.2708,-0.039468629213483146,-12.78047
16,0.08025,-1507.394,-16.937011235955058,-350.0963,-0.03933666292134831,-12.78477
16,0.0805,-1498.645,-16.83870786516854,-348.293,-0.03913404494382022,-12.78825
16,0.08075,-1489.798,-16.73930337078652,-347.7655,-0.03907477528089887,-12.79105
16,0.081,-1481.034,-16.640831460674157,-346.1195,-0.03888983146067416,-12.79327
16,0.08125,-1471.271,-16.531134831460673,-344.765,-0.0387376404494382,-12.79496
16,0.0815,-1461.428,-16.4205393258427,-344.9697,-0.0387606404494382,-12.79618
16,0.08175,-1451.352,-16.30732584269663,-343.148,-0.03855595505617978,-12.797
16,0.082,-1440.869,-16.189539325842695,-341.6452,-0.0383871011235955,-12.79745
16,0.08225,-1429.711,-16.06416853932584,-341.6718,-0.03839008988764045,-12.79758
16,0.0825,-1418.836,-15.941977528089888,-340.7694,-0.038288696629213484,-12.79747
16,0.08275,-1406.633,-15.804865168539328,-339.9353,-0.03819497752808988,-12.79717
16,0.083,-1394.455,-15.668033707865169,-338.5066,-0.03803444943820225,-12.79668
16,0.08325,-1382.02,-15.528314606741572,-337.6159,-0.037934370786516854,-12.79593
16,0.0835,-1369.286,-15.385235955056181,-336.8206,-0.03784501123595506,-12.79481
16,0.08375,-1356.254,-15.238808988764045,-335.9664,-0.03774903370786517,-12.7931
16,0.084,-1343.181,-15.091921348314608,-334.9495,-0.037634775280898876,-12.79021
16,0.08425,-1328.989,-14.932460674157305,-334.564,-0.037591460674157307,-12.78576
16,0.0845,-1315.294,-14.778584269662922,-333.5584,-0.03747847191011236,-12.77719
16,0.08475,-1301.289,-14.621224719101125,-330.9591,-0.037186415730337076,-12.75601
16,0.085,-1293.578,-14.534584269662922,-326.9682,-0.03673800000000001,-12.72742
16,0.08525,-1269.242,-14.26114606741573,-325.1995,-0.03653926966292135,-12.70787
16,0.0855,-1252.962,-14.078224719101124,-324.3645,-0.03644544943820225,-12.69455
16,0.08575,-1239.792,-13.930247191011237,-321.4526,-0.03611826966292135,-12.67071
16,0.086,-1226.246,-13.778044943820227,-317.6457,-0.03569052808988764,-12.64017
16,0.08625,-1207.195,-13.563988764044943,-316.2911,-0.03553832584269662,-12.61884
16,0.0865,-1190.63,-13.377865168539326,-313.8424,-0.035263191011235956,-12.59393
16,0.08675,-1174.978,-13.202000000000002,-308.984,-0.03471730337078652,-12.55135
16,0.087,-1157.793,-13.00891011235955,-305.5489,-0.034331337078651686,-12.51473
16,0.08725,-1139.84,-12.807191011235954,-303.4288,-0.03409312359550562,-12.49204
16,0.0875,-1122.302,-12.610134831460673,-300.782,-0.03379573033707865,-12.46105
16,0.08775,-1105.018,-12.415932584269664,-296.4609,-0.03331021348314606,-12.42309
16,0.088,-1086.552,-12.208449438202248,-294.0549,-0.03303987640449438,-12.39183
16,0.08825,-1068.024,-12.000269662921347,-291.1473,-0.0327131797752809,-12.36099
16,0.0885,-1050.074,-11.798584269662923,-287.1608,-0.032265258426966294,-12.3209
16,0.08875,-1030.962,-11.583842696629214,-283.0727,-0.03180592134831461,-12.28315
16,0.089,-1011.526,-11.365460674157303,-280.431,-0.0315091011235955,-12.25043
16,0.08925,-992.0145,-11.146230337078652,-276.1354,-0.03102644943820225,-12.20901
16,0.0895,-972.1581,-10.923124719101125,-273.0886,-0.03068411235955056,-12.16638
16,0.08975,-951.7714,-10.694060674157303,-269.9492,-0.030331370786516855,-12.12979
16,0.09,-931.3492,-10.46459775280899,-265.5478,-0.029836831460674156,-12.08666
16,0.09025,-911.0217,-10.236198876404494,-260.8887,-0.029313337078651684,-12.04083
16,0.0905,-890.2709,-10.003043820224718,-257.8038,-0.028966719101123597,-11.99997
16,0.09075,-869.3549,-9.768032584269664,-254.1071,-0.0285513595505618,-11.95418
16,0.091,-847.9141,-9.527124719101124,-249.5052,-0.028034292134831457,-11.90588
16,0.09125,-826.6385,-9.288073033707866,-245.5838,-0.027593685393258426,-11.86018
16,0.0915,-804.8184,-9.042903370786517,-241.3907,-0.027122550561797756,-11.81078
16,0.09175,-783.0211,-8.79798988764045,-236.972,-0.02662606741573034,-11.76002
16,0.092,-761.4158,-8.555233707865169,-233.2317,-0.026205808988764043,-11.70964
16,0.09225,-739.1277,-8.304805617977529,-228.6272,-0.025688449438202244,-11.65694
16,0.0925,-716.8412,-8.054395505617977,-225.0571,-0.025287314606741572,-11.60313
16,0.09275,-694.2624,-7.8007011235955055,-219.7557,-0.024691651685393255,-11.54824
16,0.093,-671.8745,-7.549151685393259,-215.8562,-0.02425350561797753,-11.49174
16,0.09325,-649.1123,-7.2933966292134835,-211.0924,-0.023718247191011236,-11.43391
16,0.0935,-625.7931,-7.031383146067416,-206.1254,-0.023160157303370787,-11.37452
16,0.09375,-602.3056,-6.767478651685393,-201.8546,-0.02268029213483146,-11.31358
16,0.094,-579.3596,-6.5096584269662925,-196.2817,-0.02205412359550562,-11.25133
16,0.09425,-555.9046,-6.246119101123595,-191.0273,-0.021463741573033705,-11.1875
16,0.0945,-532.4708,-5.98281797752809,-185.856,-0.020882696629213483,-11.12186
16,0.09475,-508.4617,-5.713052808988765,-180.5283,-0.020284078651685394,-11.05458
16,0.095,-484.7478,-5.446604494382022,-174.9554,-0.01965791011235955,-10.98563
16,0.09525,-461.8925,-5.189803370786517,-169.5727,-0.019053112359550563,-10.91482
16,0.0955,-437.0836,-4.911051685393258,-163.8422,-0.01840923595505618,-10.84213
16,0.09575,-413.0745,-4.641286516853933,-159.0948,-0.017875820224719098,-10.76751
16,0.096,-388.9037,-4.369704494382023,-152.3454,-0.017117460674157304,-10.69091
16,0.09625,-364.4302,-4.094721348314607,-146.56,-0.016467415730337078,-10.61228
16,0.0965,-340.4084,-3.8248134831460674,-140.2529,-0.015758752808988766,-10.53134
16,0.09675,-315.4242,-3.5440921348314607,-133.4914,-0.014999033707865168,-10.44812
16,0.097,-291.2034,-3.2719483146067416,-126.6835,-0.014234101123595504,-10.36268
16,0.09725,-266.3895,-2.993140449438202,-119.3015,-0.013404662921348315,-10.2748
16,0.0975,-240.8674,-2.7063752808988766,-112.236,-0.012610786516853933,-10.18433
16,0.09775,-216.0413,-2.427430337078652,-103.7845,-0.0116611797752809,-10.09118
16,0.098,-191.2684,-2.1490831460674156,-96.68686,-0.01086369213483146,-9.995297
16,0.09825,-166.2924,-1.8684539325842695,-88.85816,-0.009984062921348315,-9.896663
16,0.0985,-141.2434,-1.5870044943820225,-80.70749,-0.009068257303370787,-9.795121
16,0.09875,-115.494,-1.297685393258427,-71.57754,-0.0080424202247191,-9.690555
16,0.099,-90.74235,-1.0195769662921348,-61.46596,-0.006906287640449439,-9.582968
16,0.09925,-65.3814,-0.7346224719101124,-51.41557,-0.005777030337078652,-9.472182
16,0.0995,-40.67078,-0.4569750561797753,-43.06449,-0.004838706741573034,-9.357924
16,0.09975,-15.42632,-0.17332943820224722,-32.20424,-0.00361845393258427,-9.240167
16,0.1,6.069109,0.06819223595505619,-23.1994,-0.0026066741573033706,-9.132163
17,0.0,9.585963,0.10770744943820225,0.0,0.0,-4.74868
17,0.00025,30.31579,0.3406268539325843,11.23164,0.0012619820224719102,-4.659933
17,0.0005,51.02159,0.5732762921348316,22.36602,0.00251303595505618,-4.569063
17,0.00075,66.18843,0.7436902247191012,33.34,0.003746067415730338,-4.475947
17,0.001,95.24676,1.0701883146067417,44.49673,0.0049996325842696625,-4.380672
17,0.00125,118.1882,1.3279573033707865,55.37149,0.0062215157303370785,-4.283245
17,0.0015,133.9725,1.505308988764045,66.32586,0.00745234382022472,-4.183611
17,0.00175,157.0157,1.764221348314607,76.49038,0.008594424719101124,-4.081694
17,0.002,180.3558,2.0264696629213486,88.12322,0.009901485393258427,-3.977507
17,0.00225,200.5201,2.2530348314606745,98.796,0.011100674157303371,-3.871127
17,0.0025,221.2128,2.4855370786516855,108.5366,0.01219512359550562,-3.762414
17,0.00275,242.34,2.722921348314607,117.8822,0.013245191011235953,-3.651218
17,0.003,263.4961,2.9606303370786518,129.4794,0.014548247191011237,-3.537667
17,0.00325,284.6947,3.198816853932585,138.5901,0.015571921348314609,-3.421718
17,0.0035,305.8629,3.4366617977528096,148.204,0.016652134831460674,-3.303119
17,0.00375,326.943,3.673516853932584,158.5681,0.0178166404494382,-3.181792
17,0.004,347.9801,3.909888764044944,170.5022,0.01915755056179775,-3.057884
17,0.00425,368.7786,4.143579775280899,181.7585,0.02042230337078652,-2.931509
17,0.0045,389.5533,4.377003370786517,193.729,0.021767303370786518,-2.802476
17,0.00475,410.372,4.610921348314607,206.4278,0.023194134831460673,-2.6707
17,0.005,430.5779,4.83795393258427,219.48,0.02466067415730337,-2.536241
17,0.00525,451.4493,5.07246404494382,233.7635,0.026265561797752808,-2.399135
17,0.0055,472.068,5.304134831460674,247.6765,0.0278288202247191,-2.259407
17,0.00575,492.3084,5.5315550561797755,261.7801,0.02941349438202247,-2.117113
17,0.006,512.178,5.7548089887640455,276.7896,0.031099955056179778,-1.972347
17,0.00625,531.9711,5.977203370786516,292.5199,0.032867404494382024,-1.825149
17,0.0065,551.9374,6.201543820224719,308.2385,0.03463353932584269,-1.675479
17,0.00675,571.6728,6.4232898876404505,323.7586,0.03637737078651685,-1.523278
17,0.007,590.8166,6.638388764044944,339.3968,0.03813447191011236,-1.368771
17,0.00725,609.9953,6.8538797752809,355.1605,0.039905674157303374,-1.212148
17,0.0075,629.3726,7.071602247191012,370.5312,0.0416327191011236,-1.053275
17,0.00775,648.3275,7.284578651685393,384.1414,0.04316195505617977,-0.8920881
17,0.008,667.2119,7.496762921348315,399.0901,0.04484158426966292,-0.72879
17,0.00825,685.05,7.6971910112359545,412.9235,0.04639589887640449,-0.5635888
17,0.0085,703.9497,7.909547191011236,427.1102,0.047989910112359556,-0.3963666
17,0.00875,722.3697,8.116513483146067,439.2285,0.04935151685393259,-0.2271181
17,0.009,740.6297,8.32168202247191,452.4772,0.05084013483146068,-0.05617262
17,0.00925,758.842,8.526314606741574,466.0274,0.05236262921348314,0.1161782
17,0.0095,776.7824,8.727892134831462,480.0588,0.053939191011235954,0.289882
17,0.00975,793.9884,8.921217977528089,494.4341,0.05555439325842697,0.4649026
17,0.01,811.4015,9.116870786516854,508.2016,0.05710130337078652,0.6409969
17,0.01025,829.0131,9.31475393258427,523.0252,0.05876687640449439,0.8178955
17,0.0105,846.1431,9.507225842696629,539.3082,0.06059642696629214,0.9953689
17,0.01075,863.2772,9.69974382022472,555.5785,0.06242455056179774,1.173188
17,0.011,879.9756,9.887366292134832,573.0466,0.06438725842696628,1.351119
17,0.01125,896.6295,10.074488764044945,590.0758,0.06630065168539326,1.528948
17,0.0115,912.82,10.256404494382023,607.0298,0.06820559550561799,1.706606
17,0.01175,928.7217,10.435075280898879,624.6336,0.07018355056179776,1.883962
17,0.012,944.6908,10.614503370786517,641.1243,0.07203643820224719,2.060703
17,0.01225,960.1362,10.788047191011238,657.8943,0.07392070786516854,2.236415
17,0.0125,975.259,10.95796629213483,673.9627,0.07572614606741573,2.41094
17,0.01275,990.6208,11.130570786516856,690.188,0.07754921348314607,2.584328
17,0.013,1005.254,11.294988764044945,705.9791,0.07932349438202248,2.756201
17,0.01325,1019.772,11.458112359550563,720.5302,0.08095844943820225,2.926074
17,0.0135,1034.292,11.62125842696629,734.0902,0.08248204494382022,3.093885
17,0.01375,1048.324,11.778921348314608,746.765,0.0839061797752809,3.259656
17,0.014,1061.729,11.929539325842697,759.9607,0.0853888426966292,3.423156
17,0.01425,1075.432,12.08350561797753,770.6919,0.08659459550561797,3.584104
17,0.0145,1089.098,12.237056179775282,782.5707,0.08792929213483146,3.742338
17,0.01475,1101.776,12.379505617977529,794.8294,0.08930667415730337,3.897783
17,0.015,1113.901,12.51574157303371,807.6094,0.09074262921348315,4.050166
17,0.01525,1127.096,12.664,819.8093,0.09211340449438203,4.19926
17,0.0155,1139.321,12.801359550561799,831.3233,0.09340711235955057,4.345197
17,0.01575,1150.613,12.92823595505618,843.4103,0.09476520224719101,4.488071
17,0.016,1162.341,13.060011235955056,857.1139,0.09630493258426966,4.627656
17,0.01625,1173.474,13.185101123595505,869.3573,0.09768059550561799,4.763706
17,0.0165,1184.155,13.305112359550561,882.4181,0.09914810112359551,4.896303
17,0.01675,1195.291,13.43023595505618,894.5698,0.1005134606741573,5.025558
17,0.017,1205.83,13.548651685393258,907.8627,0.10200704494382022,5.151343
17,0.01725,1216.177,13.66491011235955,920.6145,0.10343983146067416,5.273513
17,0.0175,1226.257,13.778168539325845,932.8419,0.1048136966292135,5.392114
17,0.01775,1236.194,13.889820224719102,943.8896,0.10605501123595504,5.50723
17,0.018,1245.487,13.994235955056181,955.06,0.10731011235955056,5.61869
17,0.01825,1254.304,14.093303370786519,966.6744,0.10861510112359551,5.726407
17,0.0185,1262.954,14.190494382022473,977.5264,0.10983442696629213,5.830544
17,0.01875,1271.285,14.284101123595507,986.5697,0.11085052808988766,5.931146
17,0.019,1279.129,14.37223595505618,996.8758,0.11200851685393258,6.02801
17,0.01925,1287.072,14.461483146067415,1004.713,0.1128891011235955,6.121081
17,0.0195,1294.295,14.542640449438204,1014.027,0.1139356179775281,6.210593
17,0.01975,1301.142,14.619573033707866,1020.533,0.11466662921348315,6.296803
17,0.02,1307.908,14.695595505617977,1028.54,0.11556629213483145,6.379355
17,0.02025,1314.123,14.765426966292136,1035.945,0.11639831460674158,6.458146
17,0.0205,1320.103,14.832617977528091,1042.76,0.11716404494382023,6.533692
17,0.02075,1325.745,14.896011235955054,1048.244,0.1177802247191011,6.60602
17,0.021,1331.271,14.958101123595506,1054.296,0.11846022471910113,6.674823
17,0.02125,1335.967,15.010865168539327,1059.367,0.11903,6.74017
17,0.0215,1340.638,15.06334831460674,1064.033,0.11955426966292135,6.802286
17,0.02175,1345.265,15.115337078651688,1067.98,0.11999775280898876,6.861277
17,0.022,1349.321,15.16091011235955,1073.404,0.12060719101123596,6.917003
17,0.02225,1353.127,15.20367415730337,1077.864,0.12110831460674157,6.969486
17,0.0225,1356.52,15.241797752808989,1080.488,0.12140314606741574,7.018943
17,0.02275,1359.939,15.28021348314607,1082.709,0.12165269662921349,7.065504
17,0.023,1362.842,15.31283146067416,1086.613,0.12209134831460676,7.108775
17,0.02325,1364.805,15.334887640449441,1089.188,0.12238067415730339,7.148575
17,0.0235,1367.34,15.363370786516855,1091.367,0.12262550561797754,7.186123
17,0.02375,1368.272,15.373842696629213,1093.434,0.12285775280898875,7.22151
17,0.024,1370.211,15.395629213483147,1097.016,0.12326022471910113,7.253072
17,0.02425,1371.231,15.40708988764045,1098.203,0.12339359550561797,7.28059
17,0.0245,1372.252,15.418561797752808,1099.843,0.12357786516853933,7.307414
17,0.02475,1371.579,15.411,1101.376,0.12375011235955055,7.335543
17,0.025,1372.515,15.421516853932586,1103.902,0.12403393258426966,7.360279
17,0.02525,1373.236,15.429617977528093,1104.756,0.12412988764044944,7.378041
17,0.0255,1372.295,15.419044943820227,1104.774,0.12413191011235955,7.392538
17,0.02575,1370.238,15.395932584269664,1104.245,0.12407247191011234,7.409154
17,0.026,1368.728,15.378966292134834,1106.918,0.12437280898876402,7.428576
17,0.02625,1367.968,15.370426966292136,1109.238,0.12463348314606741,7.446728
17,0.0265,1366.82,15.35752808988764,1109.855,0.12470280898876404,7.459757
17,0.02675,1364.442,15.330808988764046,1108.998,0.12460651685393259,7.468622
17,0.027,1361.43,15.296966292134833,1108.703,0.12457337078651685,7.4763
17,0.02725,1358.061,15.259112359550562,1109.353,0.12464640449438202,7.483523
17,0.0275,1353.871,15.21203370786517,1108.225,0.1245196629213483,7.490315
17,0.02775,1350.51,15.17426966292135,1107.949,0.12448865168539326,7.496551
17,0.028,1346.246,15.1263595505618,1108.398,0.12453910112359548,7.502139
17,0.02825,1341.862,15.077101123595506,1108.488,0.12454921348314608,7.507039
17,0.0285,1337.561,15.028775280898877,1108.36,0.12453483146067415,7.511308
17,0.02875,1332.05,14.96685393258427,1107.268,0.12441213483146067,7.515015
17,0.029,1326.829,14.908191011235955,1107.732,0.12446426966292136,7.518189
17,0.02925,1321.345,14.846573033707866,1107.362,0.12442269662921349,7.520881
17,0.0295,1315.593,14.78194382022472,1106.702,0.12434853932584271,7.523142
17,0.02975,1309.346,14.711752808988766,1105.966,0.1242658426966292,7.525026
17,0.03,1302.796,14.638157303370788,1106.409,0.1243156179775281,7.526577
17,0.03025,1295.553,14.55677528089888,1106.33,0.12430674157303369,7.527816
17,0.0305,1288.784,14.480719101123597,1105.89,0.12425730337078654,7.528771
17,0.03075,1281.37,14.397415730337077,1105.021,0.12415966292134832,7.529479
17,0.031,1273.575,14.30983146067416,1105.051,0.12416303370786515,7.529983
17,0.03125,1265.566,14.219842696629213,1104.488,0.12409977528089887,7.530329
17,0.0315,1256.952,14.123056179775281,1104.584,0.12411056179775283,7.530562
17,0.03175,1248.368,14.026606741573033,1103.555,0.12399494382022472,7.530699
17,0.032,1239.044,13.921842696629215,1104.496,0.12410067415730339,7.530723
17,0.03225,1229.638,13.816157303370787,1103.713,0.12401269662921349,7.530533
17,0.0325,1219.559,13.70291011235955,1103.596,0.12399955056179776,7.53
17,0.03275,1209.637,13.591426966292135,1102.453,0.12387112359550563,7.528968
17,0.033,1199.564,13.478247191011238,1103.032,0.12393617977528089,7.527235
17,0.03325,1188.966,13.359168539325841,1101.824,0.12380044943820226,7.524532
17,0.0335,1178.097,13.237044943820225,1100.996,0.1237074157303371,7.520378
17,0.03375,1167.202,13.114629213483147,1099.319,0.12351898876404495,7.513849
17,0.034,1156.915,12.999044943820225,1097.708,0.12333797752808989,7.502339
17,0.03425,1146.703,12.884303370786517,1093.894,0.12290943820224719,7.479734
17,0.0345,1128.058,12.674808988764045,1089.616,0.12242876404494382,7.453463
17,0.03475,1117.558,12.556831460674157,1085.156,0.1219276404494382,7.437941
17,0.035,1106.658,12.434359550561798,1085.421,0.12195741573033708,7.428599
17,0.03525,1096.947,12.325247191011234,1082.597,0.12164011235955055,7.41312
17,0.0355,1081.796,12.155011235955056,1077.873,0.12110932584269664,7.383874
17,0.03575,1063.0,11.943820224719103,1071.451,0.12038775280898877,7.354192
17,0.036,1052.0,11.820224719101125,1070.03,0.12022808988764046,7.338557
17,0.03625,1040.259,11.688303370786517,1068.398,0.12004471910112358,7.325441
17,0.0365,1031.066,11.585011235955056,1064.361,0.11959112359550562,7.300557
17,0.03675,1006.301,11.306752808988765,1056.571,0.1187158426966292,7.266234
17,0.037,993.717,11.165359550561798,1051.816,0.11818157303370787,7.240519
17,0.03725,981.5486,11.02863595505618,1050.541,0.11803831460674157,7.224289
17,0.0375,973.2802,10.935732584269665,1046.202,0.11755078651685394,7.199767
17,0.03775,947.1159,10.64175168539326,1039.369,0.11678303370786516,7.165957
17,0.038,932.5315,10.477882022471912,1033.361,0.11610797752808989,7.135336
17,0.03825,920.2127,10.339468539325845,1029.551,0.11567988764044942,7.11211
17,0.0385,911.3309,10.239673033707867,1025.432,0.11521707865168539,7.085378
17,0.03875,883.1371,9.922888764044945,1018.303,0.11441606741573034,7.052229
17,0.039,868.1977,9.755030337078653,1011.38,0.11363820224719103,7.01882
17,0.03925,856.0997,9.61909775280899,1005.693,0.11299921348314607,6.98867
17,0.0395,844.1288,9.484593258426967,999.9191,0.1123504606741573,6.958292
17,0.03975,814.251,9.148887640449438,992.432,0.11150921348314607,6.924535
17,0.04,800.0009,8.988774157303371,984.4272,0.11060979775280898,6.888407
17,0.04025,791.193,8.889808988764045,977.5312,0.10983496629213482,6.85194
17,0.0405,767.3774,8.62221797752809,969.8719,0.10897437078651687,6.818608
17,0.04075,744.0358,8.359952808988764,963.3919,0.10824628089887639,6.783234
17,0.041,729.9422,8.201597752808988,954.1455,0.10720735955056179,6.742447
17,0.04125,720.3837,8.094198876404494,945.252,0.10620808988764045,6.701478
17,0.0415,689.7791,7.750326966292135,938.1194,0.10540667415730337,6.666315
17,0.04175,671.901,7.549449438202247,929.9425,0.10448792134831461,6.627599
17,0.042,662.2519,7.441032584269663,919.2097,0.10328198876404493,6.580998
17,0.04225,638.6211,7.17551797752809,909.7166,0.10221534831460674,6.538208
17,0.0425,613.6375,6.8948033707865175,902.7279,0.1014301011235955,6.500509
17,0.04275,599.7936,6.73925393258427,892.6615,0.10029904494382022,6.454706
17,0.043,584.8744,6.571622471910112,882.7628,0.09918683146067417,6.403579
17,0.04325,556.9582,6.257957303370787,874.4769,0.09825583146067417,6.361552
17,0.0435,538.484,6.050382022471911,865.8238,0.09728357303370787,6.317518
17,0.04375,525.2809,5.902032584269663,854.913,0.0960576404494382,6.263236
17,0.044,499.8343,5.6161157303370794,845.6975,0.09502219101123595,6.212868
17,0.04425,478.9467,5.381423595505618,838.2732,0.094188,6.167411
17,0.0445,462.072,5.191820224719101,829.1546,0.09316343820224719,6.113549
17,0.04475,440.1541,4.945551685393259,818.2736,0.09194085393258428,6.05696
17,0.045,419.3379,4.711661797752809,809.9127,0.09100142696629214,6.00643
17,0.04525,400.2523,4.497216853932584,801.4843,0.09005441573033707,5.952257
17,0.0455,378.9646,4.258029213483146,791.7865,0.08896477528089888,5.893235
17,0.04575,358.2421,4.025192134831461,783.2421,0.08800473033707866,5.836714
17,0.046,337.9283,3.796947191011236,775.0663,0.0870861011235955,5.779329
17,0.04625,316.6603,3.557980898876405,766.2827,0.08609917977528089,5.718268
17,0.0465,296.154,3.3275730337078655,756.3472,0.08498283146067416,5.657047
17,0.04675,274.5497,3.08482808988764,748.6867,0.0841221011235955,5.595534
17,0.047,253.384,2.847011235955056,738.6901,0.08299888764044944,5.531674
17,0.04725,232.0856,2.607703370786517,729.0518,0.08191593258426966,5.466264
17,0.0475,211.0607,2.371468539325843,718.3198,0.08071008988764045,5.400161
17,0.04775,189.4412,2.1285528089887644,706.8427,0.07942052808988764,5.332782
17,0.048,167.9017,1.88653595505618,694.7349,0.07806010112359552,5.263677
17,0.04825,146.2037,1.642738202247191,682.8193,0.07672126966292135,5.193141
17,0.0485,124.8065,1.4023202247191011,670.8535,0.07537679775280899,5.121459
17,0.04875,103.1622,1.159125842696629,657.4104,0.07386633707865169,5.048446
17,0.049,81.73108,0.9183267415730338,644.0139,0.07236111235955056,4.973876
17,0.04925,60.46965,0.6794342696629214,629.7899,0.07076291011235955,4.897836
17,0.0495,39.07806,0.43907932584269665,615.7809,0.06918886516853932,4.820489
17,0.04975,17.22252,0.1935114606741573,601.4585,0.06757960674157304,4.741787
17,0.05,-4.013582,-0.045096426966292145,587.8949,0.06605560674157303,4.661301
17,0.05025,-25.4305,-0.28573595505617977,573.7219,0.06446313483146067,4.579145
17,0.0505,-46.58759,-0.5234560674157304,560.1686,0.06294029213483145,4.495796
17,0.05075,-68.21724,-0.7664858426966293,546.3748,0.06139042696629214,4.41102
17,0.051,-89.74761,-1.0084001123595505,533.4678,0.059940202247191016,4.324461
17,0.05125,-111.3914,-1.251588764044944,521.1369,0.05855470786516854,4.236178
17,0.0515,-132.5009,-1.4887741573033708,508.5173,0.05713677528089888,4.146528
17,0.05175,-153.58,-1.72561797752809,496.1841,0.05575102247191012,4.055668
17,0.052,-175.1712,-1.9682157303370786,485.5521,0.05455641573033707,3.96311
17,0.05225,-196.6017,-2.209007865168539,473.3666,0.05318725842696629,3.868638
17,0.0525,-218.0865,-2.4504101123595508,462.195,0.051932022471910116,3.772629
17,0.05275,-238.7331,-2.6823943820224723,450.5555,0.05062421348314606,3.675204
17,0.053,-260.1885,-2.9234662921348313,439.8427,0.04942052808988764,3.576026
17,0.05325,-281.5892,-3.163923595505618,427.5894,0.04804375280898877,3.475051
17,0.0535,-302.4262,-3.398047191011236,415.2483,0.04665711235955056,3.3727
17,0.05375,-323.1072,-3.63041797752809,400.7902,0.045032606741573035,3.268936
17,0.054,-344.3686,-3.869310112359551,387.7302,0.04356519101123595,3.163417
17,0.05425,-365.1468,-4.102773033707866,373.018,0.04191213483146067,3.056091
17,0.0545,-385.4723,-4.331149438202248,357.261,0.04014168539325843,2.947199
17,0.05475,-406.3549,-4.565785393258427,341.7056,0.03839388764044944,2.83687
17,0.055,-426.7188,-4.794593258426967,327.353,0.03678123595505618,2.724696
17,0.05525,-447.265,-5.025449438202248,310.6692,0.03490665168539326,2.610725
17,0.0555,-467.5155,-5.2529831460674155,294.651,0.03310685393258427,2.495424
17,0.05575,-487.7766,-5.48063595505618,279.214,0.0313723595505618,2.378527
17,0.056,-507.9202,-5.706968539325843,263.6676,0.02962557303370786,2.259604
17,0.05625,-528.0405,-5.933039325842697,248.4036,0.027910516853932588,2.138804
17,0.0565,-547.6214,-6.153049438202247,233.8384,0.026273977528089888,2.016584
17,0.05675,-567.2798,-6.373930337078652,219.5764,0.02467150561797753,1.893033
17,0.057,-586.4758,-6.589615730337079,206.3023,0.02318003370786517,1.767907
17,0.05725,-606.4188,-6.813694382022472,192.7788,0.021660539325842696,1.641199
17,0.0575,-624.8444,-7.0207235955056175,179.9235,0.020216123595505616,1.513075
17,0.05775,-643.6093,-7.231565168539326,167.3761,0.018806303370786516,1.383446
17,0.058,-662.0481,-7.438742696629213,155.4331,0.017464393258426966,1.252111
17,0.05825,-680.9503,-7.651126966292135,143.5841,0.016133044943820226,1.119146
17,0.0585,-699.3723,-7.858115730337079,132.2415,0.014858595505617977,0.9849411
17,0.05875,-717.9073,-8.06637415730337,120.24,0.013510112359550562,0.8495437
17,0.059,-735.4871,-8.263900000000001,107.6153,0.012091606741573033,0.7127239
17,0.05925,-753.7303,-8.4688797752809,94.9244,0.010665662921348316,0.5743969
17,0.0595,-771.9143,-8.673194382022473,81.33458,0.009138716853932584,0.434637
17,0.05975,-789.4181,-8.869866292134832,67.12983,0.007542677528089888,0.293654
17,0.06,-806.8687,-9.065940449438203,53.97886,0.006065040449438202,0.151202
17,0.06025,-824.3553,-9.262419101123596,39.24701,0.004409776404494382,0.007280285
17,0.0605,-841.6559,-9.456807865168539,24.41594,0.00274336404494382,-0.1376667
17,0.06075,-858.3387,-9.644255056179777,8.738553,0.0009818598876404495,-0.283593
17,0.061,-874.8893,-9.830216853932585,-4.826558,-0.0005423098876404495,-0.430518
17,0.06125,-891.7772,-10.019968539325843,-18.80032,-0.0021123955056179776,-0.5785292
17,0.0615,-908.1028,-10.203402247191011,-33.87219,-0.0038058640449438207,-0.7276191
17,0.06175,-923.8597,-10.38044606741573,-48.55893,-0.005456059550561798,-0.8775787
17,0.062,-939.605,-10.557359550561797,-61.88756,-0.006953658426966292,-1.028323
17,0.06225,-955.1152,-10.731631460674159,-74.12318,-0.008328447191011237,-1.17977
17,0.0625,-969.9614,-10.898442696629214,-85.93446,-0.009655557303370787,-1.331924
17,0.06275,-985.3086,-11.070883146067416,-98.4148,-0.011057842696629214,-1.484922
17,0.063,-999.976,-11.235685393258427,-109.8112,-0.012338337078651685,-1.63873
17,0.06325,-1015.284,-11.407685393258427,-120.3275,-0.013519943820224718,-1.79308
17,0.0635,-1029.035,-11.562191011235956,-129.9021,-0.014595741573033706,-1.947681
17,0.06375,-1042.739,-11.716168539325842,-140.7126,-0.015810404494382025,-2.102539
17,0.064,-1056.696,-11.872988764044944,-149.4033,-0.016786887640449437,-2.257791
17,0.06425,-1069.982,-12.022269662921348,-158.3595,-0.01779320224719101,-2.413491
17,0.0645,-1083.238,-12.171213483146069,-167.0235,-0.018766685393258428,-2.569281
17,0.06475,-1096.123,-12.315988764044945,-175.6958,-0.019741101123595506,-2.724739
17,0.065,-1108.866,-12.459168539325843,-183.919,-0.020665056179775283,-2.880091
17,0.06525,-1121.679,-12.603134831460675,-192.8411,-0.0216675393258427,-3.035419
17,0.0655,-1133.507,-12.73603370786517,-201.1197,-0.022597719101123594,-3.190204
17,0.06575,-1145.122,-12.866539325842698,-210.0602,-0.02360226966292135,-3.343997
17,0.066,-1157.11,-13.00123595505618,-217.7426,-0.0244654606741573,-3.497157
17,0.06625,-1167.914,-13.122629213483147,-226.1152,-0.025406202247191013,-3.649744
17,0.0665,-1179.323,-13.250820224719103,-234.6208,-0.02636188764044944,-3.801142
17,0.06675,-1190.309,-13.374258426966293,-242.9398,-0.02729660674157303,-3.95112
17,0.067,-1200.034,-13.483528089887642,-250.5975,-0.028157022471910112,-4.099846
17,0.06725,-1210.763,-13.604078651685393,-258.6603,-0.029062955056179774,-4.247452
17,0.0675,-1220.782,-13.71665168539326,-266.6855,-0.02996466292134831,-4.393467
17,0.06775,-1230.322,-13.823842696629214,-274.4232,-0.03083406741573034,-4.537518
17,0.068,-1240.239,-13.93526966292135,-281.5236,-0.03163186516853932,-4.679719
17,0.06825,-1248.791,-14.031359550561797,-288.6272,-0.03243002247191012,-4.820312
17,0.0685,-1258.703,-14.142730337078651,-295.6229,-0.03321605617977528,-4.958904
17,0.06875,-1266.075,-14.22556179775281,-303.0178,-0.03404694382022472,-5.094994
17,0.069,-1274.371,-14.31877528089888,-308.9534,-0.034713865168539325,-5.228723
17,0.06925,-1281.722,-14.401370786516855,-315.082,-0.03540247191011236,-5.360059
17,0.0695,-1289.12,-14.48449438202247,-321.4981,-0.03612338202247191,-5.488602
17,0.06975,-1296.437,-14.566707865168539,-328.8801,-0.0369528202247191,-5.613968
17,0.07,-1302.746,-14.637595505617979,-333.1737,-0.03743524719101123,-5.73636
17,0.07025,-1309.215,-14.710280898876405,-338.1469,-0.03799403370786517,-5.855938
17,0.0705,-1315.039,-14.775719101123595,-342.8456,-0.03852197752808988,-5.972268
17,0.07075,-1320.967,-14.842325842696631,-347.7714,-0.039075438202247195,-6.085095
17,0.071,-1326.393,-14.903292134831462,-351.6379,-0.03950987640449438,-6.194533
17,0.07125,-1331.451,-14.960123595505618,-355.8323,-0.03998115730337078,-6.300634
17,0.0715,-1336.013,-15.01138202247191,-359.087,-0.04034685393258427,-6.403048
17,0.07175,-1340.52,-15.062022471910113,-363.6739,-0.040862235955056184,-6.501424
17,0.072,-1344.441,-15.106078651685396,-366.3725,-0.041165449438202245,-6.596263
17,0.07225,-1348.851,-15.155629213483147,-368.737,-0.041431123595505624,-6.687726
17,0.0725,-1352.076,-15.191865168539326,-371.9093,-0.0417875617977528,-6.77527
17,0.07275,-1355.104,-15.22588764044944,-375.1746,-0.04215444943820224,-6.858658
17,0.073,-1357.816,-15.2563595505618,-377.5755,-0.04242421348314606,-6.93803
17,0.07325,-1360.353,-15.284865168539326,-379.4348,-0.04263312359550562,-7.013442
17,0.0735,-1362.468,-15.308629213483147,-381.1577,-0.04282670786516853,-7.084582
17,0.07375,-1364.391,-15.330235955056182,-383.6645,-0.04310837078651685,-7.151349
17,0.074,-1365.206,-15.339393258426966,-384.172,-0.04316539325842697,-7.214252
17,0.07425,-1366.886,-15.358269662921348,-385.8019,-0.043348528089887636,-7.273149
17,0.0745,-1367.487,-15.365022471910113,-386.5094,-0.04342802247191012,-7.327612
17,0.07475,-1368.075,-15.371629213483148,-387.9808,-0.04359334831460674,-7.378041
17,0.075,-1368.046,-15.371303370786517,-388.3079,-0.043630101123595506,-7.424611
17,0.07525,-1367.949,-15.370213483146069,-388.5671,-0.04365922471910112,-7.467134
17,0.0755,-1367.825,-15.368820224719101,-389.0221,-0.04371034831460674,-7.505517
17,0.07575,-1366.49,-15.353820224719103,-389.1656,-0.043726471910112356,-7.540538
17,0.076,-1364.467,-15.331089887640452,-389.0095,-0.04370893258426966,-7.572875
17,0.07625,-1363.915,-15.324887640449438,-388.7491,-0.04367967415730337,-7.601757
17,0.0765,-1362.38,-15.307640449438203,-388.4562,-0.043646764044943824,-7.626168
17,0.07675,-1359.421,-15.274393258426969,-388.0055,-0.04359612359550562,-7.646985
17,0.077,-1356.311,-15.239449438202248,-387.6714,-0.04355858426966292,-7.666258
17,0.07725,-1352.789,-15.199876404494383,-387.7675,-0.04356938202247191,-7.684756
17,0.0775,-1350.88,-15.178426966292136,-387.0914,-0.043493415730337076,-7.701757
17,0.07775,-1346.905,-15.13376404494382,-386.8145,-0.04346230337078652,-7.715871
17,0.078,-1341.949,-15.078078651685395,-386.1121,-0.04338338202247191,-7.727072
17,0.07825,-1337.206,-15.024786516853933,-384.7732,-0.04323294382022472,-7.736692
17,0.0785,-1332.362,-14.970359550561799,-384.3304,-0.04318319101123595,-7.745314
17,0.07875,-1327.418,-14.914808988764046,-383.0174,-0.04303566292134831,-7.753025
17,0.079,-1322.038,-14.854359550561798,-383.0029,-0.04303403370786517,-7.759834
17,0.07925,-1316.566,-14.792876404494384,-382.5601,-0.0429842808988764,-7.765783
17,0.0795,-1310.921,-14.729449438202249,-381.5299,-0.04286852808988764,-7.77094
17,0.07975,-1304.429,-14.65650561797753,-381.7052,-0.04288822471910112,-7.775375
17,0.08,-1297.942,-14.58361797752809,-380.0521,-0.042702483146067415,-7.779162
17,0.08025,-1291.043,-14.506101123595505,-379.425,-0.042632022471910114,-7.782376
17,0.0805,-1283.862,-14.425415730337079,-378.5595,-0.04253477528089888,-7.785077
17,0.08075,-1276.614,-14.343977528089889,-377.7877,-0.042448056179775276,-7.787331
17,0.081,-1268.578,-14.253685393258428,-376.5723,-0.042311494382022474,-7.789187
17,0.08125,-1260.82,-14.166516853932585,-376.2652,-0.04227698876404495,-7.790688
17,0.0815,-1252.36,-14.071460674157303,-375.2585,-0.042163876404494385,-7.791889
17,0.08175,-1243.13,-13.967752808988765,-375.2848,-0.04216683146067416,-7.79283
17,0.082,-1234.279,-13.868303370786517,-374.0557,-0.04202873033707866,-7.793577
17,0.08225,-1224.784,-13.761617977528093,-373.4035,-0.04195544943820225,-7.7942
17,0.0825,-1215.155,-13.653426966292136,-372.1928,-0.04181941573033708,-7.794719
17,0.08275,-1204.981,-13.539112359550563,-372.4129,-0.041844146067415725,-7.795081
17,0.083,-1194.978,-13.426719101123597,-371.4304,-0.04173375280898877,-7.795179
17,0.08325,-1184.336,-13.307146067415731,-370.4163,-0.041619808988764044,-7.794892
17,0.0835,-1173.139,-13.181337078651683,-369.4833,-0.041514977528089886,-7.794056
17,0.08375,-1162.493,-13.061719101123595,-368.8515,-0.041443988764044946,-7.792442
17,0.084,-1150.719,-12.929426966292136,-368.2071,-0.04137158426966293,-7.789662
17,0.08425,-1139.564,-12.804089887640451,-366.5106,-0.04118096629213483,-7.784852
17,0.0845,-1127.36,-12.666966292134832,-365.3701,-0.0410528202247191,-7.77406
17,0.08475,-1115.305,-12.531516853932587,-360.7608,-0.04053492134831461,-7.744422
17,0.085,-1110.574,-12.4783595505618,-355.2899,-0.03992021348314606,-7.709932
17,0.08525,-1082.933,-12.167786516853933,-352.7235,-0.03963185393258427,-7.693896
17,0.0855,-1072.076,-12.04579775280899,-352.2085,-0.03957398876404495,-7.687247
17,0.08575,-1061.501,-11.926977528089889,-350.972,-0.03943505617977528,-7.673347
17,0.086,-1049.278,-11.789640449438203,-344.5991,-0.038719,-7.638975
17,0.08625,-1044.804,-11.739370786516856,-338.6477,-0.03805030337078651,-7.600483
17,0.0865,-1013.766,-11.390629213483146,-336.0354,-0.03775678651685393,-7.581392
17,0.08675,-1002.343,-11.262280898876405,-335.4691,-0.03769315730337079,-7.571561
17,0.087,-990.5133,-11.129362921348315,-331.1551,-0.037208438202247195,-7.546806
17,0.08725,-982.3107,-11.037198876404494,-324.2489,-0.0364324606741573,-7.504498
17,0.0875,-964.5126,-10.837220224719102,-319.4462,-0.03589283146067415,-7.470473
17,0.08775,-939.5766,-10.557040449438201,-317.8814,-0.035717011235955054,-7.454513
17,0.088,-928.5443,-10.43308202247191,-314.4946,-0.03533647191011236,-7.43379
17,0.08825,-915.8238,-10.290155056179776,-308.7479,-0.03469077528089888,-7.3948
17,0.0885,-910.655,-10.232078651685393,-303.2366,-0.03407152808988764,-7.353119
17,0.08875,-876.8286,-9.852006741573035,-299.689,-0.03367292134831461,-7.327362
17,0.089,-862.2534,-9.688240449438203,-296.6249,-0.03332864044943821,-7.305409
17,0.08925,-849.2047,-9.54162584269663,-290.5033,-0.032640820224719105,-7.268396
17,0.0895,-843.9301,-9.482360674157304,-284.2151,-0.031934280898876406,-7.223611
17,0.08975,-810.795,-9.110056179775281,-280.5957,-0.03152760674157304,-7.190497
17,0.09,-792.4555,-8.903994382022473,-276.9849,-0.031121898876404493,-7.163887
17,0.09025,-779.7143,-8.760834831460674,-270.7406,-0.03042029213483146,-7.125585
17,0.0905,-773.2586,-8.688298876404495,-264.674,-0.029738651685393254,-7.079412
17,0.09075,-739.6722,-8.310923595505617,-260.2035,-0.029236348314606746,-7.041936
17,0.091,-721.1473,-8.102778651685393,-256.2456,-0.028791640449438202,-7.009559
17,0.09125,-708.7632,-7.963631460674157,-250.599,-0.028157191011235955,-6.968201
17,0.0915,-698.1836,-7.844759550561798,-244.401,-0.027460786516853936,-6.920973
17,0.09175,-665.0875,-7.472893258426966,-240.1996,-0.026988719101123597,-6.87967
17,0.092,-647.834,-7.279033707865168,-235.3381,-0.026442483146067414,-6.840691
17,0.09225,-639.3062,-7.1832157303370785,-229.1821,-0.025750797752808988,-6.795211
17,0.0925,-616.9665,-6.9322078651685395,-222.5915,-0.025010280898876403,-6.746848
17,0.09275,-589.3177,-6.621547191011236,-217.5191,-0.024440348314606744,-6.700672
17,0.093,-572.6694,-6.434487640449439,-212.1113,-0.02383273033707865,-6.656344
17,0.09325,-564.2591,-6.339989887640449,-206.6447,-0.023218505617977527,-6.606994
17,0.0935,-534.4117,-6.00462584269663,-200.8671,-0.022569337078651684,-6.555362
17,0.09375,-512.2887,-5.7560528089887635,-196.1025,-0.022033988764044943,-6.505023
17,0.094,-498.9275,-5.605926966292135,-190.3265,-0.021385,-6.45499
17,0.09425,-477.5359,-5.365571910112361,-184.7693,-0.020760595505617974,-6.401674
17,0.0945,-453.3176,-5.0934561797752815,-179.7729,-0.02019920224719101,-6.346189
17,0.09475,-435.3813,-4.891924719101124,-174.5103,-0.019607898876404496,-6.291856
17,0.095,-416.7273,-4.682329213483146,-168.9652,-0.01898485393258427,-6.236504
17,0.09525,-394.0689,-4.427740449438202,-162.9272,-0.018306426966292134,-6.178742
17,0.0955,-373.8797,-4.200895505617978,-157.4218,-0.01768784269662921,-6.119944
17,0.09575,-353.2707,-3.9693337078651685,-151.252,-0.016994606741573035,-6.060547
17,0.096,-332.7548,-3.73881797752809,-144.1477,-0.016196370786516853,-5.999574
17,0.09625,-311.7264,-3.502543820224719,-136.9433,-0.015386887640449437,-5.937127
17,0.0965,-290.7607,-3.2669741573033706,-130.7645,-0.014692640449438202,-5.873544
17,0.09675,-269.8787,-3.032344943820225,-124.5575,-0.013995224719101125,-5.808588
17,0.097,-248.7337,-2.7947606741573034,-117.0026,-0.013146359550561797,-5.742044
17,0.09725,-227.4758,-2.5559078651685394,-110.1076,-0.012371640449438203,-5.673844
17,0.0975,-206.0559,-2.3152348314606743,-102.197,-0.011482808988764045,-5.604103
17,0.09775,-184.482,-2.0728314606741574,-94.3828,-0.010604808988764045,-5.532881
17,0.098,-163.1294,-1.8329146067415731,-85.27717,-0.009581704494382023,-5.460047
17,0.09825,-141.8254,-1.5935438202247192,-76.4841,-0.008593719101123595,-5.385435
17,0.0985,-120.0205,-1.3485449438202246,-66.84746,-0.007510950561797753,-5.309031
17,0.09875,-98.13052,-1.1025901123595507,-57.46338,-0.006456559550561798,-5.230937
17,0.099,-77.27378,-0.8682447191011237,-47.50318,-0.00533743595505618,-5.151084
17,0.09925,-55.64971,-0.6252776404494382,-36.71549,-0.00412533595505618,-5.069395
17,0.0995,-34.04437,-0.3825210112359551,-27.55848,-0.003096458426966292,-4.985813
17,0.09975,-12.38029,-0.1391043820224719,-16.63509,-0.0018691112359550562,-4.900202
17,0.1,6.370977,0.07158401123595506,-7.289056,-0.0008189950561797752,-4.824701
18,0.0,9.725369,0.10927380898876406,0.0,0.0,-4.434447
18,0.00025,30.17093,0.3389992134831461,8.4503,0.0009494719101123595,-4.345266
18,0.0005,51.35841,0.5770607865168539,16.4241,0.0018454044943820224,-4.254074
18,0.00075,65.95899,0.7411122471910113,24.78734,0.002785094382022472,-4.16078
18,0.001,90.5982,1.0179573033707865,34.14867,0.0038369292134831467,-4.065469
18,0.00125,122.6752,1.3783730337078652,44.42143,0.00499117191011236,-3.968171
18,0.0015,139.012,1.561932584269663,54.62125,0.006137219101123596,-3.868735
18,0.00175,147.91,1.6619101123595506,64.90224,0.007292386516853933,-3.767069
18,0.002,180.8957,2.03253595505618,76.60881,0.008607731460674157,-3.663291
18,0.00225,203.8316,2.2902426966292135,88.92052,0.009991069662921348,-3.557345
18,0.0025,220.4429,2.476886516853933,100.6259,0.011306280898876406,-3.449001
18,0.00275,240.7309,2.7048415730337076,112.6921,0.012662033707865167,-3.338274
18,0.003,263.4505,2.96011797752809,126.2996,0.014190966292134831,-3.225244
18,0.00325,284.7347,3.1992662921348316,140.0176,0.01573231460674157,-3.109815
18,0.0035,305.4425,3.431938202247191,153.88,0.017289887640449437,-2.991838
18,0.00375,327.1831,3.6762146067415733,167.4691,0.018816752808988764,-2.871333
18,0.004,347.2051,3.901180898876405,181.9562,0.020444516853932584,-2.748398
18,0.00425,368.4706,4.140119101123596,195.8088,0.022000988764044944,-2.623009
18,0.0045,388.8492,4.369092134831461,210.7563,0.023680483146067417,-2.495087
18,0.00475,409.4431,4.600484269662922,224.2971,0.025201921348314605,-2.364623
18,0.005,430.3399,4.835279775280899,238.2473,0.026769359550561797,-2.231721
18,0.00525,450.7995,5.065162921348315,252.2007,0.02833715730337079,-2.096455
18,0.0055,471.3752,5.2963505617977535,265.0481,0.02978068539325842,-1.958711
18,0.00575,492.2238,5.530604494382023,277.1484,0.031140269662921348,-1.818486
18,0.006,512.2317,5.755412359550562,289.5131,0.032529561797752814,-1.675889
18,0.00625,532.2188,5.979986516853932,301.5989,0.033887516853932584,-1.530967
18,0.0065,552.2246,6.204770786516854,314.1957,0.035302887640449435,-1.383756
18,0.00675,572.0516,6.427546067415731,326.7745,0.03671623595505618,-1.234275
18,0.007,591.3712,6.644620224719103,339.2093,0.03811340449438202,-1.082613
18,0.00725,610.6274,6.86098202247191,352.2956,0.03958377528089887,-0.9288338
18,0.0075,629.3843,7.07173370786517,365.7909,0.04110010112359551,-0.7729885
18,0.00775,648.6927,7.288682022471909,378.5979,0.04253908988764044,-0.6151103
18,0.008,667.4085,7.49897191011236,394.1192,0.04428305617977528,-0.4553108
18,0.00825,686.2605,7.710792134831461,409.5492,0.04601676404494382,-0.2937236
18,0.0085,704.5342,7.916114606741574,425.9838,0.047863348314606736,-0.1304238
18,0.00875,722.7663,8.120969662921349,443.5147,0.04983311235955057,0.03437885
18,0.009,741.7622,8.334406741573034,459.7517,0.05165749438202248,0.2004523
18,0.00925,758.8977,8.526940449438204,476.9308,0.05358773033707866,0.3676624
18,0.0095,776.9181,8.729416853932584,494.1526,0.05552276404494382,0.5359404
18,0.00975,794.8114,8.930465168539328,511.4744,0.057469033707865165,0.7050895
18,0.01,812.0488,9.124143820224718,528.3934,0.059370044943820234,0.8749066
18,0.01025,829.5303,9.320565168539327,544.87,0.061221348314606745,1.045231
18,0.0105,846.4784,9.510993258426966,560.5067,0.0629782808988764,1.215909
18,0.01075,863.7624,9.705195505617978,575.2597,0.0646359213483146,1.38676
18,0.011,880.4249,9.892414606741573,589.8311,0.06627315730337079,1.557506
18,0.01125,896.5201,10.073259550561797,603.1782,0.06777283146067416,1.728007
18,0.0115,912.8448,10.256683146067417,615.8479,0.06919639325842697,1.898211
18,0.01175,929.0038,10.438244943820225,628.7063,0.0706411573033708,2.067943
18,0.012,944.9172,10.617047191011235,642.435,0.07218370786516853,2.236873
18,0.01225,960.2046,10.78881573033708,654.302,0.0735170786516854,2.404634
18,0.0125,975.923,10.965426966292137,666.8066,0.07492208988764044,2.571113
18,0.01275,991.1213,11.136194382022474,679.9886,0.07640321348314606,2.73623
18,0.013,1005.544,11.298247191011237,694.7836,0.07806557303370787,2.899697
18,0.01325,1019.844,11.45892134831461,709.6676,0.07973793258426967,3.061185
18,0.0135,1034.487,11.623449438202249,724.9363,0.08145351685393258,3.220647
18,0.01375,1049.206,11.788831460674157,740.0772,0.08315474157303371,3.377933
18,0.014,1062.472,11.93788764044944,755.9566,0.08493894382022471,3.532699
18,0.01425,1076.282,12.09305617977528,771.6065,0.08669735955056179,3.684871
18,0.0145,1089.416,12.240629213483146,787.2368,0.08845357303370786,3.834343
18,0.01475,1102.066,12.382764044943821,802.2679,0.09014246067415731,3.981073
18,0.015,1115.029,12.528415730337079,818.1669,0.09192886516853933,4.124916
18,0.01525,1126.986,12.662764044943822,831.7493,0.09345497752808989,4.265666
18,0.0155,1139.278,12.800876404494383,845.3167,0.09497940449438201,4.403406
18,0.01575,1151.235,12.935224719101123,858.534,0.09646449438202247,4.538087
18,0.016,1162.751,13.06461797752809,871.9061,0.0979669775280899,4.669549
18,0.01625,1173.503,13.185426966292134,883.5966,0.09928051685393258,4.797623
18,0.0165,1184.298,13.306719101123596,894.6408,0.1005214382022472,4.922356
18,0.01675,1194.963,13.426550561797752,904.3755,0.10161522471910112,5.043831
18,0.017,1205.631,13.54641573033708,914.7804,0.10278431460674156,5.161807
18,0.01725,1215.618,13.658629213483145,923.8327,0.10380142696629215,5.276223
18,0.0175,1225.304,13.767460674157304,931.1363,0.1046220561797753,5.387304
18,0.01775,1235.55,13.882584269662921,939.6599,0.1055797640449438,5.494976
18,0.018,1244.81,13.986629213483145,948.6059,0.10658493258426965,5.599006
18,0.01825,1253.489,14.084146067415732,956.5072,0.1074727191011236,5.699442
18,0.0185,1262.171,14.181696629213484,964.3959,0.10835908988764045,5.796475
18,0.01875,1271.043,14.28138202247191,971.6022,0.10916878651685392,5.890229
18,0.019,1278.903,14.369696629213484,978.9289,0.10999201123595506,5.980595
18,0.01925,1286.374,14.453640449438204,986.0297,0.11078985393258428,6.067575
18,0.0195,1293.837,14.537494382022473,993.5435,0.1116341011235955,6.151309
18,0.01975,1300.542,14.612831460674157,1000.385,0.11240280898876405,6.231855
18,0.02,1307.361,14.68944943820225,1007.954,0.11325325842696629,6.309084
18,0.02025,1313.687,14.760528089887641,1014.218,0.11395707865168539,6.382909
18,0.0205,1319.769,14.828865168539327,1019.933,0.11459921348314607,6.453515
18,0.02075,1325.528,14.893573033707865,1026.213,0.11530483146067415,6.521028
18,0.021,1331.126,14.95647191011236,1033.667,0.11614235955056179,6.585133
18,0.02125,1336.191,15.01338202247191,1039.685,0.11681853932584269,6.645884
18,0.0215,1340.626,15.063213483146068,1045.117,0.11742887640449437,6.703681
18,0.02175,1345.323,15.115988764044944,1050.086,0.11798719101123595,6.758522
18,0.022,1349.461,15.162483146067416,1056.557,0.11871426966292135,6.809907
18,0.02225,1353.043,15.20273033707865,1060.885,0.11920056179775279,6.858115
18,0.0225,1356.172,15.237887640449438,1064.984,0.1196611235955056,6.90388
18,0.02275,1359.261,15.272595505617977,1068.858,0.12009640449438203,6.946678
18,0.023,1361.984,15.303191011235954,1073.216,0.12058606741573033,6.985792
18,0.02325,1364.418,15.330539325842695,1077.089,0.12102123595505616,7.022179
18,0.0235,1366.105,15.349494382022472,1079.94,0.12134157303370788,7.05755
18,0.02375,1368.167,15.372662921348313,1082.966,0.12168157303370786,7.089659
18,0.024,1369.643,15.389247191011236,1084.63,0.12186853932584271,7.115189
18,0.02425,1370.541,15.399337078651687,1086.985,0.12213314606741572,7.136915
18,0.0245,1371.17,15.406404494382025,1088.473,0.12230033707865168,7.164938
18,0.02475,1371.676,15.41208988764045,1093.136,0.12282426966292133,7.197123
18,0.025,1371.545,15.41061797752809,1095.161,0.12305179775280899,7.21907
18,0.02525,1372.042,15.416202247191011,1094.816,0.12301303370786518,7.233609
18,0.0255,1371.319,15.408078651685393,1095.405,0.12307921348314607,7.249522
18,0.02575,1370.374,15.397460674157305,1097.466,0.12331078651685393,7.265941
18,0.026,1369.515,15.387808988764046,1098.338,0.1234087640449438,7.281278
18,0.02625,1368.128,15.372224719101123,1100.101,0.12360685393258428,7.298632
18,0.0265,1366.25,15.351123595505618,1100.987,0.12370640449438203,7.312673
18,0.02675,1363.895,15.324662921348315,1099.922,0.12358674157303372,7.319688
18,0.027,1360.75,15.289325842696629,1099.894,0.12358359550561798,7.325534
18,0.02725,1358.403,15.262955056179777,1099.78,0.12357078651685392,7.331041
18,0.0275,1354.794,15.222404494382024,1100.021,0.12359786516853931,7.336116
18,0.02775,1350.694,15.176337078651686,1099.231,0.1235091011235955,7.340689
18,0.028,1346.78,15.132359550561798,1099.019,0.1234852808988764,7.344753
18,0.02825,1342.276,15.081752808988766,1098.383,0.12341382022471911,7.348327
18,0.0285,1337.659,15.029876404494384,1098.594,0.12343752808988764,7.351429
18,0.02875,1332.666,14.973775280898877,1097.816,0.12335011235955057,7.3541
18,0.029,1327.36,14.914157303370786,1096.914,0.12324876404494382,7.35637
18,0.02925,1321.381,14.846977528089889,1097.474,0.12331168539325842,7.358259
18,0.0295,1315.76,14.783820224719102,1096.437,0.12319516853932583,7.359819
18,0.02975,1309.742,14.716202247191012,1095.969,0.12314258426966293,7.361079
18,0.03,1302.887,14.6391797752809,1094.912,0.12302382022471911,7.362058
18,0.03025,1296.067,14.562550561797755,1094.967,0.12303000000000001,7.362803
18,0.0305,1288.796,14.480853932584271,1093.611,0.12287764044943822,7.363358
18,0.03075,1281.004,14.393303370786516,1093.076,0.12281752808988763,7.363749
18,0.031,1273.975,14.314325842696629,1092.77,0.12278314606741572,7.364001
18,0.03125,1265.132,14.214966292134834,1091.939,0.12268977528089887,7.364156
18,0.0315,1256.671,14.119898876404495,1091.753,0.12266887640449436,7.364236
18,0.03175,1248.021,14.022707865168538,1091.362,0.12262494382022472,7.364235
18,0.032,1238.936,13.920629213483146,1090.391,0.12251584269662923,7.36411
18,0.03225,1229.627,13.816033707865168,1089.938,0.12246494382022473,7.363765
18,0.0325,1219.976,13.707595505617979,1088.378,0.1222896629213483,7.363075
18,0.03275,1210.299,13.598865168539326,1088.079,0.12225606741573032,7.361894
18,0.033,1199.741,13.48023595505618,1087.686,0.12221191011235955,7.359968
18,0.03325,1189.712,13.367550561797755,1086.326,0.12205910112359551,7.356861
18,0.0335,1178.542,13.242044943820225,1084.15,0.12181460674157303,7.351518
18,0.03375,1167.979,13.1233595505618,1082.222,0.12159797752808987,7.339627
18,0.034,1159.17,13.024382022471912,1075.13,0.12080112359550563,7.312731
18,0.03425,1145.488,12.870651685393259,1068.458,0.12005146067415731,7.287203
18,0.0345,1128.17,12.676067415730339,1066.809,0.11986617977528088,7.277024
18,0.03475,1118.556,12.568044943820224,1065.148,0.11967955056179774,7.269112
18,0.035,1107.207,12.440528089887643,1061.435,0.1192623595505618,7.251012
18,0.03525,1098.267,12.340078651685396,1053.512,0.11837213483146067,7.218716
18,0.0355,1082.696,12.165123595505618,1047.947,0.11774685393258426,7.192916
18,0.03575,1062.282,11.935752808988763,1044.474,0.11735662921348314,7.181682
18,0.036,1051.657,11.816370786516854,1042.331,0.1171158426966292,7.167655
18,0.03625,1039.082,11.675078651685395,1036.383,0.11644752808988765,7.138832
18,0.0365,1032.836,11.604898876404496,1028.209,0.11552910112359552,7.105507
18,0.03675,1006.478,11.308741573033707,1024.656,0.11512988764044943,7.085043
18,0.037,991.8253,11.144104494382024,1021.801,0.1148091011235955,7.068798
18,0.03725,980.0615,11.011926966292137,1017.021,0.11427202247191011,7.041114
18,0.0375,970.8272,10.908170786516854,1008.84,0.11335280898876404,7.006596
18,0.03775,953.5306,10.713826966292135,1004.933,0.1129138202247191,6.980141
18,0.038,929.0606,10.438883146067417,1001.68,0.11254831460674156,6.959286
18,0.03825,917.5658,10.30972808988764,997.0205,0.11202477528089888,6.93042
18,0.0385,904.8529,10.166886516853932,988.7628,0.11109694382022471,6.894574
18,0.03875,894.8457,10.05444606741573,983.4491,0.1104998988764045,6.86353
18,0.039,864.7642,9.716451685393258,979.1438,0.11001615730337078,6.83802
18,0.03925,850.7841,9.55937191011236,974.7741,0.1095251797752809,6.806443
18,0.0395,837.8792,9.414373033707864,967.1415,0.10866758426966291,6.768854
18,0.03975,828.2159,9.305796629213484,961.3718,0.10801930337078652,6.734609
18,0.04,796.3719,8.947998876404494,956.8531,0.10751158426966292,6.705657
18,0.04025,781.3089,8.77875168539326,951.9767,0.10696367415730337,6.670238
18,0.0405,770.0035,8.651724719101125,943.8456,0.10605006741573034,6.628707
18,0.04075,755.836,8.492539325842698,937.637,0.10535247191011236,6.592109
18,0.041,724.8044,8.143869662921349,933.4482,0.10488182022471909,6.558758
18,0.04125,709.2212,7.968777528089888,926.8639,0.10414201123595504,6.518718
18,0.0415,700.4032,7.869698876404494,919.4509,0.10330908988764045,6.474298
18,0.04175,677.7393,7.615048314606741,912.916,0.10257483146067417,6.436547
18,0.042,650.5449,7.309493258426967,906.5031,0.10185428089887641,6.396766
18,0.04225,634.9212,7.133946067415731,898.2402,0.10092586516853932,6.35105
18,0.0425,626.6254,7.040734831460674,890.8163,0.10009171910112359,6.306476
18,0.04275,596.4766,6.701984269662921,883.7127,0.09929356179775282,6.265032
18,0.043,574.384,6.453752808988765,875.3126,0.09834973033707864,6.218821
18,0.04325,561.9061,6.31355168539326,866.0207,0.09730569662921348,6.1696
18,0.0435,545.1743,6.12555393258427,857.4296,0.09634040449438203,6.123815
18,0.04375,516.4016,5.802265168539327,847.3004,0.09520229213483146,6.075315
18,0.044,497.2765,5.587376404494382,838.1147,0.09417019101123594,6.024668
18,0.04425,484.8458,5.447705617977528,828.8189,0.09312571910112359,5.974249
18,0.0445,458.9251,5.156461797752809,817.1276,0.09181208988764046,5.922338
18,0.04475,437.4373,4.915025842696629,807.0082,0.09067507865168539,5.869502
18,0.045,421.2869,4.733560674157304,796.8747,0.08953648314606741,5.815483
18,0.04525,399.4749,4.488482022471911,785.9709,0.08831133707865169,5.759782
18,0.0455,377.3281,4.239641573033708,774.1584,0.08698408988764045,5.703465
18,0.04575,358.5424,4.0285662921348315,762.9213,0.08572149438202246,5.646345
18,0.046,338.0706,3.7985460674157308,751.6245,0.08445219101123597,5.587352
18,0.04625,316.3928,3.554975280898877,739.1215,0.0830473595505618,5.527163
18,0.0465,295.5341,3.32060786516854,727.4639,0.08173751685393257,5.466171
18,0.04675,275.039,3.090325842696629,716.5762,0.0805141797752809,5.403818
18,0.047,253.5506,2.8488831460674158,705.9442,0.07931957303370787,5.340045
18,0.04725,231.726,2.603662921348315,695.8401,0.0781842808988764,5.274976
18,0.0475,210.9305,2.370005617977528,683.5558,0.07680402247191011,5.208642
18,0.04775,189.4224,2.1283415730337083,674.442,0.07578,5.141113
18,0.048,168.3965,1.8920955056179776,664.2951,0.0746398988764045,5.072149
18,0.04825,146.4554,1.6455662921348315,654.2769,0.07351425842696628,5.001815
18,0.0485,124.9407,1.4038280898876405,643.45,0.07229775280898877,4.930427
18,0.04875,103.7396,1.1656134831460674,633.4019,0.07116875280898875,4.857479
18,0.049,81.75944,0.918645393258427,624.1331,0.07012731460674157,4.782755
18,0.04925,60.22299,0.6766628089887642,613.8259,0.06896920224719102,4.706621
18,0.0495,39.01171,0.4383338202247192,603.3233,0.06778913483146068,4.629315
18,0.04975,17.34154,0.1948487640449438,593.3651,0.06667023595505618,4.5506
18,0.05,-3.809973,-0.04280868539325843,582.2687,0.06542344943820225,4.470225
18,0.05025,-25.07292,-0.281718202247191,570.712,0.06412494382022471,4.388551
18,0.0505,-46.79373,-0.5257722471910112,557.1402,0.06260002247191013,4.305667
18,0.05075,-68.24256,-0.7667703370786516,544.7175,0.06120421348314606,4.221153
18,0.051,-89.5364,-1.0060269662921348,531.3038,0.059697056179775276,4.13499
18,0.05125,-110.9113,-1.246194382022472,517.1716,0.05810916853932585,4.047367
18,0.0515,-132.703,-1.4910449438202247,502.4566,0.056455797752808984,3.958436
18,0.05175,-153.8961,-1.7291696629213484,487.9051,0.05482079775280899,3.868102
18,0.052,-175.4593,-1.9714528089887642,474.3671,0.05329967415730336,3.776076
18,0.05225,-196.9365,-2.2127696629213482,459.2352,0.051599460674157306,3.682465
18,0.0525,-217.7138,-2.4462224719101124,443.979,0.0498852808988764,3.587532
18,0.05275,-239.2345,-2.6880280898876405,429.0158,0.048204022471910114,3.491185
18,0.053,-260.1652,-2.923204494382023,416.017,0.04674348314606742,3.39315
18,0.05325,-281.0584,-3.157959550561798,401.3467,0.04509513483146067,3.293531
18,0.0535,-301.8822,-3.3919348314606745,387.7396,0.04356624719101124,3.192628
18,0.05375,-322.9117,-3.628221348314607,375.3475,0.04217387640449439,3.090246
18,0.054,-343.4929,-3.8594707865168543,363.3625,0.04082724719101124,2.986037
18,0.05425,-364.4879,-4.095369662921349,350.0092,0.039326876404494386,2.880116
18,0.0545,-385.1086,-4.327062921348316,338.4234,0.03802510112359551,2.772752
18,0.05475,-405.8073,-4.5596325842696634,327.1522,0.03675867415730337,2.663966
18,0.055,-426.2523,-4.7893516853932585,316.5249,0.035564595505617976,2.55349
18,0.05525,-446.9034,-5.021386516853933,304.261,0.03418662921348315,2.441285
18,0.0555,-467.0293,-5.247520224719101,292.1211,0.03282259550561798,2.327526
18,0.05575,-487.5325,-5.477893258426967,279.2419,0.031375494382022466,2.212254
18,0.056,-508.371,-5.712033707865168,267.2365,0.03002657303370786,2.095275
18,0.05625,-527.8015,-5.9303539325842705,254.6757,0.028615247191011235,1.976591
18,0.0565,-547.7749,-6.154774157303371,240.038,0.026970561797752812,1.856506
18,0.05675,-567.1532,-6.372507865168539,225.1611,0.025299000000000002,1.734996
18,0.057,-586.8501,-6.5938213483146075,211.4944,0.02376341573033708,1.611881
18,0.05725,-606.0354,-6.809386516853932,195.6927,0.02198794382022472,1.487234
18,0.0575,-625.7556,-7.030961797752808,180.1592,0.020242606741573032,1.361158
18,0.05775,-644.1229,-7.23733595505618,164.4669,0.018479426966292137,1.233614
18,0.058,-662.8453,-7.4477,149.637,0.01681314606741573,1.10456
18,0.05825,-681.0637,-7.6524011235955065,133.9667,0.015052438202247193,0.9740566
18,0.0585,-699.6772,-7.861541573033708,119.0642,0.013378000000000001,0.8422334
18,0.05875,-718.2897,-8.070670786516855,103.852,0.011668764044943821,0.7091617
18,0.059,-736.5102,-8.275395505617979,90.07902,0.01012123820224719,0.5748075
18,0.05925,-754.3391,-8.475720224719101,76.75235,0.008623859550561799,0.4390568
18,0.0595,-772.0014,-8.674173033707866,62.97193,0.00707549775280899,0.3019688
18,0.05975,-789.8289,-8.87448202247191,49.00013,0.005505632584269662,0.1636633
18,0.06,-807.2886,-9.070658426966293,39.63919,0.004453841573033707,0.02420725
18,0.06025,-825.2599,-9.272583146067417,27.76359,0.0031195044943820227,-0.1164426
18,0.0605,-842.0044,-9.460723595505618,16.57352,0.0018621932584269663,-0.258178
18,0.06075,-858.6492,-9.64774382022472,5.98192,0.0006721258426966291,-0.4007969
18,0.061,-875.7169,-9.83951573033708,-4.092005,-0.00045977584269662927,-0.5443367
18,0.06125,-891.8962,-10.021305617977529,-15.95858,-0.0017930988764044945,-0.6887859
18,0.0615,-907.7853,-10.199834831460675,-26.22311,-0.0029464168539325842,-0.8340759
18,0.06175,-924.2178,-10.384469662921349,-37.57083,-0.0042214415730337075,-0.980277
18,0.062,-940.0841,-10.562742696629215,-47.75575,-0.005365814606741573,-1.127366
18,0.06225,-955.6146,-10.737242696629213,-58.82071,-0.006609068539325843,-1.275012
18,0.0625,-970.7283,-10.907059550561799,-70.76808,-0.007951469662921349,-1.423157
18,0.06275,-985.616,-11.074337078651686,-82.37386,-0.009255489887640448,-1.571965
18,0.063,-1000.472,-11.241258426966294,-94.73066,-0.010643894382022472,-1.721281
18,0.06325,-1015.098,-11.405595505617978,-106.6192,-0.011979685393258428,-1.870965
18,0.0635,-1029.143,-11.563404494382024,-118.9309,-0.01336302247191011,-2.020994
18,0.06375,-1043.559,-11.72538202247191,-131.1442,-0.01473530337078652,-2.171372
18,0.064,-1057.721,-11.88450561797753,-142.9539,-0.016062235955056178,-2.321967
18,0.06425,-1071.584,-12.04026966292135,-153.8867,-0.0172906404494382,-2.472545
18,0.0645,-1084.131,-12.181247191011238,-166.118,-0.018664943820224718,-2.622861
18,0.06475,-1097.161,-12.32765168539326,-177.5649,-0.01995111235955056,-2.772809
18,0.065,-1109.786,-12.469505617977529,-187.6816,-0.0210878202247191,-2.922494
18,0.06525,-1121.852,-12.605078651685394,-197.8159,-0.022226505617977527,-3.071736
18,0.0655,-1133.879,-12.740213483146066,-208.7421,-0.023454168539325842,-3.22032
18,0.06575,-1145.358,-12.869191011235955,-218.2999,-0.024528078651685395,-3.368132
18,0.066,-1157.208,-13.002337078651687,-227.72,-0.025586516853932588,-3.515201
18,0.06625,-1168.361,-13.12765168539326,-236.0021,-0.02651708988764045,-3.661302
18,0.0665,-1179.235,-13.249831460674157,-244.9811,-0.027525966292134833,-3.806098
18,0.06675,-1189.783,-13.368348314606742,-252.7168,-0.02839514606741573,-3.949652
18,0.067,-1200.32,-13.486741573033708,-260.4553,-0.029264640449438203,-4.092012
18,0.06725,-1210.172,-13.597438202247194,-266.4043,-0.029933067415730333,-4.232921
18,0.0675,-1220.556,-13.714112359550564,-273.9079,-0.03077616853932584,-4.372033
18,0.06775,-1230.096,-13.821303370786518,-280.4592,-0.03151226966292135,-4.509231
18,0.068,-1239.29,-13.924606741573035,-286.0686,-0.0321425393258427,-4.644512
18,0.06825,-1248.579,-14.028977528089888,-292.0913,-0.03281924719101123,-4.777714
18,0.0685,-1257.197,-14.125808988764044,-297.7124,-0.03345083146067415,-4.908625
18,0.06875,-1265.81,-14.22258426966292,-302.426,-0.03398044943820224,-5.037065
18,0.069,-1273.916,-14.313662921348314,-307.2141,-0.03451843820224719,-5.163081
18,0.06925,-1281.491,-14.398775280898876,-311.6842,-0.03502069662921348,-5.28657
18,0.0695,-1288.788,-14.48076404494382,-317.2712,-0.035648449438202244,-5.40708
18,0.06975,-1296.111,-14.563044943820227,-321.3448,-0.03610615730337079,-5.524668
18,0.07,-1302.916,-14.639505617977527,-324.7375,-0.0364873595505618,-5.639512
18,0.07025,-1309.269,-14.710887640449439,-329.579,-0.03703134831460674,-5.751385
18,0.0705,-1315.336,-14.779056179775282,-333.9871,-0.0375266404494382,-5.859934
18,0.07075,-1320.817,-14.840640449438203,-338.363,-0.03801831460674157,-5.965111
18,0.071,-1326.404,-14.903415730337079,-341.3459,-0.03835347191011236,-6.067175
18,0.07125,-1331.432,-14.959910112359552,-344.5395,-0.038712303370786516,-6.165909
18,0.0715,-1336.331,-15.014955056179774,-347.7781,-0.03907619101123595,-6.260894
18,0.07175,-1340.779,-15.064932584269663,-351.0794,-0.03944712359550562,-6.352098
18,0.072,-1345.093,-15.113404494382024,-353.8545,-0.03975893258426966,-6.439858
18,0.07225,-1348.886,-15.156022471910113,-356.417,-0.04004685393258427,-6.524102
18,0.0725,-1351.782,-15.18856179775281,-359.1521,-0.040354168539325844,-6.604406
18,0.07275,-1354.819,-15.222685393258427,-361.7424,-0.040645213483146064,-6.680742
18,0.073,-1357.69,-15.254943820224721,-363.6061,-0.040854617977528096,-6.753343
18,0.07325,-1359.7,-15.27752808988764,-365.4415,-0.04106084269662921,-6.822226
18,0.0735,-1361.838,-15.301550561797752,-367.4239,-0.04128358426966292,-6.887065
18,0.07375,-1363.536,-15.320629213483148,-369.4284,-0.041508808988764044,-6.947927
18,0.074,-1364.745,-15.334213483146065,-369.7794,-0.04154824719101124,-7.00517
18,0.07425,-1365.748,-15.345483146067417,-370.6763,-0.041649022471910116,-7.058597
18,0.0745,-1367.227,-15.362101123595506,-372.1944,-0.04181959550561798,-7.107952
18,0.07475,-1367.125,-15.360955056179776,-373.1996,-0.04193253932584269,-7.153474
18,0.075,-1367.719,-15.367629213483147,-374.715,-0.04210280898876404,-7.195476
18,0.07525,-1367.955,-15.370280898876404,-373.9777,-0.042019966292134836,-7.233609
18,0.0755,-1366.283,-15.351494382022471,-374.5985,-0.04208971910112359,-7.267514
18,0.07575,-1362.452,-15.308449438202247,-375.0832,-0.0421441797752809,-7.299032
18,0.076,-1367.436,-15.364449438202248,-374.8659,-0.042119764044943823,-7.328176
18,0.07625,-1365.819,-15.346280898876405,-375.2401,-0.042161808988764045,-7.353207
18,0.0765,-1362.418,-15.308067415730337,-374.7012,-0.04210125842696629,-7.374028
18,0.07675,-1358.475,-15.263764044943821,-374.593,-0.04208910112359551,-7.391113
18,0.077,-1350.334,-15.172292134831462,-374.0043,-0.04202295505617978,-7.407662
18,0.07725,-1355.366,-15.228831460674158,-373.7388,-0.041993123595505624,-7.42453
18,0.0775,-1353.31,-15.205730337078652,-373.4502,-0.041960696629213486,-7.439168
18,0.07775,-1346.912,-15.133842696629216,-372.8643,-0.04189486516853933,-7.451331
18,0.078,-1342.109,-15.079876404494382,-373.4012,-0.04195519101123595,-7.461421
18,0.07825,-1337.744,-15.030831460674158,-372.2548,-0.04182638202247191,-7.469522
18,0.0785,-1333.126,-14.97894382022472,-371.3779,-0.04172785393258427,-7.476219
18,0.07875,-1327.879,-14.919988764044943,-370.7696,-0.04165950561797753,-7.482112
18,0.079,-1322.547,-14.860078651685395,-370.7265,-0.04165466292134831,-7.487336
18,0.07925,-1316.52,-14.792359550561798,-369.8853,-0.041560146067415725,-7.491918
18,0.0795,-1310.972,-14.730022471910113,-370.4708,-0.041625932584269665,-7.495901
18,0.07975,-1304.927,-14.662101123595505,-369.9817,-0.041570977528089886,-7.499326
18,0.08,-1298.557,-14.590528089887641,-369.0311,-0.041464168539325844,-7.502264
18,0.08025,-1291.663,-14.513067415730339,-368.2499,-0.041376393258426965,-7.504767
18,0.0805,-1284.283,-14.43014606741573,-368.0757,-0.0413568202247191,-7.50686
18,0.08075,-1276.874,-14.346898876404495,-367.3749,-0.041278078651685396,-7.5086
18,0.081,-1269.072,-14.25923595505618,-367.0047,-0.04123648314606741,-7.510049
18,0.08125,-1260.667,-14.164797752808989,-365.9858,-0.041122,-7.511239
18,0.0815,-1252.489,-14.072910112359551,-365.845,-0.0411061797752809,-7.512214
18,0.08175,-1243.503,-13.971943820224718,-365.3732,-0.04105316853932584,-7.513015
18,0.082,-1234.476,-13.870516853932585,-365.4034,-0.04105656179775281,-7.513692
18,0.08225,-1224.911,-13.763044943820226,-364.8814,-0.04099791011235955,-7.514292
18,0.0825,-1214.679,-13.648078651685395,-364.143,-0.04091494382022472,-7.514795
18,0.08275,-1204.811,-13.537202247191011,-363.5727,-0.04085086516853932,-7.515137
18,0.083,-1195.256,-13.429842696629215,-363.5182,-0.04084474157303371,-7.515228
18,0.08325,-1184.809,-13.312460674157304,-363.3488,-0.04082570786516854,-7.514941
18,0.0835,-1173.648,-13.18705617977528,-363.1998,-0.040808966292134825,-7.514084
18,0.08375,-1162.969,-13.067067415730339,-361.8911,-0.04066192134831461,-7.512288
18,0.084,-1151.619,-12.939539325842695,-361.2149,-0.040585943820224714,-7.508711
18,0.08425,-1140.047,-12.809516853932585,-360.2839,-0.04048133707865168,-7.497643
18,0.0845,-1128.961,-12.684955056179778,-356.6206,-0.040069730337078655,-7.465044
18,0.08475,-1122.843,-12.616213483146067,-352.6556,-0.039624224719101125,-7.431213
18,0.085,-1095.912,-12.313617977528091,-350.319,-0.039361685393258426,-7.418981
18,0.08525,-1086.274,-12.205325842696627,-349.4194,-0.03926060674157303,-7.414133
18,0.0855,-1075.839,-12.088078651685393,-348.5358,-0.039161325842696625,-7.399537
18,0.08575,-1063.104,-11.944988764044945,-344.0084,-0.03865262921348315,-7.362166
18,0.086,-1059.538,-11.904921348314607,-339.5509,-0.038151786516853935,-7.325087
18,0.08625,-1028.001,-11.550573033707865,-338.525,-0.03803651685393258,-7.309789
18,0.0865,-1015.772,-11.413168539325843,-337.6147,-0.037934235955056184,-7.299925
18,0.08675,-1005.094,-11.293191011235956,-334.5016,-0.037584449438202244,-7.271694
18,0.087,-991.9689,-11.14571797752809,-329.4641,-0.03701843820224719,-7.230995
18,0.08725,-988.1439,-11.102740449438203,-326.2325,-0.036655337078651686,-7.2021
18,0.0875,-953.771,-10.71652808988764,-325.578,-0.03658179775280899,-7.185742
18,0.08775,-941.0019,-10.573055056179776,-323.0025,-0.03629241573033708,-7.161475
18,0.088,-929.6408,-10.445402247191012,-317.7787,-0.03570547191011236,-7.121017
18,0.08825,-922.1822,-10.36159775280899,-314.0867,-0.03529064044943821,-7.08541
18,0.0885,-902.2868,-10.138053932584269,-311.5975,-0.03501095505617978,-7.062128
18,0.08875,-874.3286,-9.823916853932586,-309.3131,-0.0347542808988764,-7.03454
18,0.089,-863.1488,-9.698301123595508,-304.2363,-0.034183853932584274,-6.994085
18,0.08925,-849.2999,-9.542695505617978,-300.4855,-0.03376241573033708,-6.957038
18,0.0895,-845.3999,-9.498875280898877,-298.1516,-0.03350017977528089,-6.928588
18,0.08975,-808.0063,-9.078722471910112,-294.1337,-0.03304873033707865,-6.8948
18,0.09,-792.4864,-8.90434157303371,-289.2178,-0.03249638202247191,-6.852926
18,0.09025,-779.182,-8.75485393258427,-284.5748,-0.031974696629213484,-6.814507
18,0.0905,-774.1363,-8.698160674157304,-282.8131,-0.03177675280898877,-6.781136
18,0.09075,-740.4654,-8.31983595505618,-277.7563,-0.031208573033707866,-6.742284
18,0.091,-719.8492,-8.088193258426967,-271.814,-0.030540898876404498,-6.698875
18,0.09125,-706.0129,-7.932729213483146,-267.7377,-0.03008288764044944,-6.658761
18,0.0915,-700.6988,-7.8730202247191015,-263.4347,-0.029599404494382024,-6.620101
18,0.09175,-667.4858,-7.499840449438203,-257.8799,-0.02897526966292135,-6.575973
18,0.092,-645.6966,-7.25501797752809,-252.114,-0.028327415730337077,-6.529975
18,0.09225,-631.4399,-7.094830337078651,-247.1059,-0.027764707865168537,-6.486389
18,0.0925,-625.1133,-7.023744943820224,-241.8856,-0.027178157303370785,-6.44186
18,0.09275,-590.6001,-6.635956179775281,-236.0719,-0.026524932584269665,-6.393827
18,0.093,-569.5094,-6.398982022471911,-229.3092,-0.025765078651685393,-6.34542
18,0.09325,-557.5324,-6.264408988764045,-222.3601,-0.0249842808988764,-6.297649
18,0.0935,-541.9275,-6.089073033707866,-217.0598,-0.024388741573033706,-6.247348
18,0.09375,-511.5082,-5.747283146067416,-209.5617,-0.023546258426966293,-6.196073
18,0.094,-492.3573,-5.532104494382023,-201.8173,-0.022676101123595502,-6.145084
18,0.09425,-480.2932,-5.396552808988765,-194.7938,-0.02188694382022472,-6.091713
18,0.0945,-455.6935,-5.1201516853932585,-187.369,-0.021052696629213483,-6.036878
18,0.09475,-432.745,-4.862303370786517,-180.2875,-0.02025702247191011,-5.981912
18,0.095,-415.1713,-4.664846067415731,-171.9399,-0.019319089887640452,-5.926017
18,0.09525,-396.0812,-4.4503505617977535,-164.2779,-0.018458191011235955,-5.868344
18,0.0955,-373.3034,-4.194420224719101,-154.882,-0.01740247191011236,-5.809319
18,0.09575,-352.9425,-3.965646067415731,-147.2318,-0.016542898876404494,-5.749333
18,0.096,-333.1595,-3.7433651685393254,-136.9829,-0.015391337078651686,-5.688163
18,0.09625,-312.3362,-3.5093955056179778,-128.7703,-0.014468573033707863,-5.625583
18,0.0965,-291.1031,-3.2708213483146067,-119.669,-0.013445955056179775,-5.561541
18,0.09675,-269.8741,-3.0322932584269666,-111.5007,-0.012528168539325844,-5.495936
18,0.097,-248.5868,-2.793110112359551,-102.1229,-0.011474483146067416,-5.428971
18,0.09725,-227.6754,-2.5581505617977527,-93.02507,-0.010452255056179775,-5.360761
18,0.0975,-206.4256,-2.3193887640449438,-83.98101,-0.009436068539325842,-5.290893
18,0.09775,-184.716,-2.0754606741573034,-74.80753,-0.008405340449438201,-5.2193
18,0.098,-163.5832,-1.8380134831460675,-65.70857,-0.007382985393258426,-5.146298
18,0.09825,-142.1303,-1.5969696629213483,-57.18179,-0.006424920224719102,-5.071792
18,0.0985,-120.5933,-1.3549808988764045,-48.70561,-0.0054725404494382025,-4.995473
18,0.09875,-99.18402,-1.1144271910112362,-40.12628,-0.004508570786516854,-4.917306
18,0.099,-77.72709,-0.8733380898876405,-31.61205,-0.0035519157303370787,-4.837402
18,0.09925,-56.33499,-0.6329774157303371,-24.08651,-0.0027063494382022473,-4.755836
18,0.0995,-34.562,-0.3883370786516854,-15.55189,-0.001747403370786517,-4.672384
18,0.09975,-13.0291,-0.1463943820224719,-7.010608,-0.0007877087640449439,-4.586959
18,0.1,5.774332,0.06488013483146068,-0.04980685,-5.596275280898877e-06,-4.511151
